sensor,target_source,feature_set,model_type,selected_features,coefficients,intercept,holdout_r2,holdout_mse,holdout_rmse,holdout_mae
FIT101,actual_next,local_support,ols,"[""FIT101"", ""MV101"", ""LIT101""]","{""FIT101"": 0.7722142436740975, ""LIT101"": -0.0004090434772202155, ""MV101"": 0.4723581921652195}",-0.1488916541606575,0.9778857996196773,0.028698778687438,0.1694071388325711,0.1020929648148494
FIT101,actual_next,local_support,ridge,"[""FIT101"", ""MV101"", ""LIT101""]","{""FIT101"": 0.7727813448820874, ""LIT101"": -0.0004102940161167408, ""MV101"": 0.47050293568530865}",-0.1460075330067769,0.9778787688760148,0.0287079028589164,0.1694340664061286,0.1021557242584347
FIT101,actual_next,self_only,ols,"[""FIT101""]","{""FIT101"": 0.9854289378397947}",0.0268654048140895,0.9734798845968088,0.0344165698796289,0.1855170339338923,0.1104329897467537
FIT101,actual_next,self_only,ridge,"[""FIT101""]","{""FIT101"": 0.9853299300462603}",0.027050044888021,0.9734797479904842,0.0344167471609511,0.1855175117366312,0.110475533308483
FIT101,actual_next,self_plus_local,ols,"[""FIT101"", ""MV101"", ""LIT101""]","{""FIT101"": 0.7722142436740975, ""LIT101"": -0.0004090434772202155, ""MV101"": 0.4723581921652195}",-0.1488916541606575,0.9778857996196773,0.028698778687438,0.1694071388325711,0.1020929648148494
FIT101,actual_next,self_plus_local,ridge,"[""FIT101"", ""MV101"", ""LIT101""]","{""FIT101"": 0.7727813448820874, ""LIT101"": -0.0004102940161167408, ""MV101"": 0.47050293568530865}",-0.1460075330067769,0.9778787688760148,0.0287079028589164,0.1694340664061286,0.1021557242584347
FIT101,actual_next,all51,ols,"[""FIT101"", ""LIT101"", ""MV101"", ""P101"", ""P102"", ""AIT201"", ""AIT202"", ""AIT203"", ""FIT201"", ""MV201"", ""P201"", ""P202"", ""P203"", ""P204"", ""P205"", ""P206"", ""DPIT301"", ""FIT301"", ""LIT301"", ""MV301"", ""MV302"", ""MV303"", ""MV304"", ""P301"", ""P302"", ""AIT401"", ""AIT402"", ""FIT401"", ""LIT401"", ""P401"", ""P402"", ""P403"", ""P404"", ""UV401"", ""AIT501"", ""AIT502"", ""AIT503"", ""AIT504"", ""FIT501"", ""FIT502"", ""FIT503"", ""FIT504"", ""P501"", ""P502"", ""PIT501"", ""PIT502"", ""PIT503"", ""FIT601"", ""P601"", ""P602"", ""P603""]","{""AIT201"": -0.002114585190248014, ""AIT202"": -0.21778611672070525, ""AIT203"": -0.006238923620112247, ""AIT401"": 0.02061305593703965, ""AIT402"": 0.004691949657435128, ""AIT501"": -0.3029040194668534, ""AIT502"": -0.0018412160441092645, ""AIT503"": 0.001048927476141881, ""AIT504"": -0.011723290346524414, ""DPIT301"": 0.0031045287922103343, ""FIT101"": 0.7513469211112165, ""FIT201"": 0.02881017054084148, ""FIT301"": -0.016245806050610094, ""FIT401"": -0.10609295549065052, ""FIT501"": 0.6404406813880028, ""FIT502"": -0.0017997255810407273, ""FIT503"": 1.0230386642348925, ""FIT504"": -2.2058085571797914, ""FIT601"": -0.009683742068020713, ""LIT101"": -0.0007270145765469601, ""LIT301"": 8.871624772077702e-05, ""LIT401"": -8.221159294719005e-07, ""MV101"": 0.46237669130589, ""MV201"": 0.05005698368707175, ""MV301"": -0.05266307219502322, ""MV302"": -0.015134953510958725, ""MV303"": 0.014360020160763296, ""MV304"": -0.0050285920269344045, ""P101"": -0.17102601431176837, ""P102"": -2.615685446016869e-13, ""P201"": -2.932376563791195e-14, ""P202"": -5.355438315035599e-14, ""P203"": 0.015916750537177324, ""P204"": -3.745614929329122e-14, ""P205"": 0.01591675053717731, ""P206"": -3.2612801348363973e-15, ""P301"": -3.9065972678997696e-15, ""P302"": 0.003350730071499358, ""P401"": -1.1102230246251565e-16, ""P402"": -3.1363800445660672e-15, ""P403"": -1.2038980923279041e-15, ""P404"": -1.7208456881689926e-15, ""P501"": 0.0, ""P502"": 0.0, ""P601"": 0.0, ""P602"": 0.057498440226309455, ""P603"": 0.0, ""PIT501"": 0.028862752796618804, ""PIT502"": -0.05786264581801168, ""PIT503"": -0.034446254615051124, ""UV401"": 0.0}",1.602866894186091,0.9777821004310764,0.0288333546618136,0.1698038711626258,0.1038506043900636
FIT101,actual_next,all51,ridge,"[""FIT101"", ""LIT101"", ""MV101"", ""P101"", ""P102"", ""AIT201"", ""AIT202"", ""AIT203"", ""FIT201"", ""MV201"", ""P201"", ""P202"", ""P203"", ""P204"", ""P205"", ""P206"", ""DPIT301"", ""FIT301"", ""LIT301"", ""MV301"", ""MV302"", ""MV303"", ""MV304"", ""P301"", ""P302"", ""AIT401"", ""AIT402"", ""FIT401"", ""LIT401"", ""P401"", ""P402"", ""P403"", ""P404"", ""UV401"", ""AIT501"", ""AIT502"", ""AIT503"", ""AIT504"", ""FIT501"", ""FIT502"", ""FIT503"", ""FIT504"", ""P501"", ""P502"", ""PIT501"", ""PIT502"", ""PIT503"", ""FIT601"", ""P601"", ""P602"", ""P603""]","{""AIT201"": -0.0016940822855594003, ""AIT202"": -0.050466670601897946, ""AIT203"": -0.004792485549631912, ""AIT401"": 0.0010267427921731105, ""AIT402"": 0.002310539003710304, ""AIT501"": -0.03513737869043203, ""AIT502"": 0.00011946963047916721, ""AIT503"": 0.0008583347411920053, ""AIT504"": -0.0031076501975761915, ""DPIT301"": 0.0028407658932478154, ""FIT101"": 0.7519544915727875, ""FIT201"": 0.02267479950150332, ""FIT301"": -0.01383785932947277, ""FIT401"": 0.04161017075247536, ""FIT501"": 0.05249868481447508, ""FIT502"": 0.013480297526435673, ""FIT503"": -0.00017815806350256983, ""FIT504"": -0.018691665025383806, ""FIT601"": -0.0060387097620574, ""LIT101"": -0.0007424474544197902, ""LIT301"": 9.408277020053304e-05, ""LIT401"": 1.9147502625076818e-05, ""MV101"": 0.46097728034376234, ""MV201"": 0.04371020675310755, ""MV301"": -0.04839444268966022, ""MV302"": -0.01336315815833465, ""MV303"": 0.013249918512626134, ""MV304"": -0.0041680344969063695, ""P101"": -0.15692977192139587, ""P102"": 0.0, ""P201"": 0.0, ""P202"": 0.0, ""P203"": 0.01594207593274325, ""P204"": 0.0, ""P205"": 0.015942075932737186, ""P206"": 0.0, ""P301"": 0.0, ""P302"": 0.0008053540124264843, ""P401"": 0.0, ""P402"": 0.0, ""P403"": 0.0, ""P404"": 0.0, ""P501"": 0.0, ""P502"": 0.0, ""P601"": 0.0, ""P602"": 0.048953434825819285, ""P603"": 0.0, ""PIT501"": 0.026839494777044254, ""PIT502"": -0.0412004179131666, ""PIT503"": -0.032058217403212186, ""UV401"": 0.0}",1.3051254039225202,0.9779880447914188,0.0285660896683819,0.1690150575196836,0.1033024604071531
LIT101,actual_next,local_support,ols,"[""LIT101"", ""FIT101"", ""FIT201"", ""MV101"", ""P101""]","{""FIT101"": 1.8971363918351414, ""FIT201"": -1.5844490530437376, ""LIT101"": 0.998690825909252, ""MV101"": -0.09581538244093585, ""P101"": -1.1191856100400244}",2.3036242525662374,0.9998126197037014,2.3321646260399675,1.5271426344778565,1.1582296824976253
LIT101,actual_next,local_support,ridge,"[""LIT101"", ""FIT101"", ""FIT201"", ""MV101"", ""P101""]","{""FIT101"": 1.8935346437689968, ""FIT201"": -1.5911662702105214, ""LIT101"": 0.9986920130113415, ""MV101"": -0.08697442515367106, ""P101"": -1.1021041952457695}",2.2767814786054714,0.9998126196836216,2.332164875956605,1.5271427163027709,1.1582066242396902
LIT101,actual_next,self_only,ols,"[""LIT101""]","{""LIT101"": 0.9998186329561924}",0.147458657607217,0.9992803639101036,8.956703909802625,2.992775285550625,2.22361803093725
LIT101,actual_next,self_only,ridge,"[""LIT101""]","{""LIT101"": 0.999818622768219}",0.1474646826630987,0.9992803639318094,8.95670363964842,2.9927752404162296,2.2236179789791604
LIT101,actual_next,self_plus_local,ols,"[""LIT101"", ""FIT101"", ""FIT201"", ""MV101"", ""P101""]","{""FIT101"": 1.8971363918351414, ""FIT201"": -1.5844490530437376, ""LIT101"": 0.998690825909252, ""MV101"": -0.09581538244093585, ""P101"": -1.1191856100400244}",2.3036242525662374,0.9998126197037014,2.3321646260399675,1.5271426344778565,1.1582296824976253
LIT101,actual_next,self_plus_local,ridge,"[""LIT101"", ""FIT101"", ""FIT201"", ""MV101"", ""P101""]","{""FIT101"": 1.8935346437689968, ""FIT201"": -1.5911662702105214, ""LIT101"": 0.9986920130113415, ""MV101"": -0.08697442515367106, ""P101"": -1.1021041952457695}",2.2767814786054714,0.9998126196836216,2.332164875956605,1.5271427163027709,1.1582066242396902
LIT101,actual_next,all51,ols,"[""FIT101"", ""LIT101"", ""MV101"", ""P101"", ""P102"", ""AIT201"", ""AIT202"", ""AIT203"", ""FIT201"", ""MV201"", ""P201"", ""P202"", ""P203"", ""P204"", ""P205"", ""P206"", ""DPIT301"", ""FIT301"", ""LIT301"", ""MV301"", ""MV302"", ""MV303"", ""MV304"", ""P301"", ""P302"", ""AIT401"", ""AIT402"", ""FIT401"", ""LIT401"", ""P401"", ""P402"", ""P403"", ""P404"", ""UV401"", ""AIT501"", ""AIT502"", ""AIT503"", ""AIT504"", ""FIT501"", ""FIT502"", ""FIT503"", ""FIT504"", ""P501"", ""P502"", ""PIT501"", ""PIT502"", ""PIT503"", ""FIT601"", ""P601"", ""P602"", ""P603""]","{""AIT201"": 0.0122992752201182, ""AIT202"": 2.3038253674670575, ""AIT203"": -0.021358940902582058, ""AIT401"": 4.199524763563764, ""AIT402"": -0.019601274788413683, ""AIT501"": -2.979666133580088, ""AIT502"": 0.0338422887079875, ""AIT503"": 0.004211798823116952, ""AIT504"": -0.09263247783516187, ""DPIT301"": 0.03488769659462765, ""FIT101"": 1.8850997288466755, ""FIT201"": -0.929443005135887, ""FIT301"": -0.36901554655058066, ""FIT401"": -10.018123896405987, ""FIT501"": 13.381407491451567, ""FIT502"": -0.45440651469015436, ""FIT503"": 2.646407249924986, ""FIT504"": -10.455192677331942, ""FIT601"": 0.029601443548597173, ""LIT101"": 0.9986585217879871, ""LIT301"": 0.0005168165038753614, ""LIT401"": -0.0004583521823885439, ""MV101"": -0.11693836151770565, ""MV201"": 0.37956048641201784, ""MV301"": -0.27165607572607164, ""MV302"": -0.25114685713657464, ""MV303"": 0.24006405176964063, ""MV304"": -0.02420907468822523, ""P101"": -1.18062055560116, ""P102"": 5.083378162851204e-12, ""P201"": -8.490430580820885e-13, ""P202"": -1.7118528816695289e-12, ""P203"": -0.7540302711752768, ""P204"": 5.4088955536713e-12, ""P205"": -0.7540302711778181, ""P206"": 2.008393451546908e-12, ""P301"": -6.994405055138486e-15, ""P302"": 0.5229271289800581, ""P401"": -2.6645352591003757e-15, ""P402"": 0.0, ""P403"": -2.6645352591003757e-15, ""P404"": -7.105427357601002e-15, ""P501"": 0.0, ""P502"": 0.0, ""P601"": 0.0, ""P602"": 0.33874819545430523, ""P603"": 0.0, ""PIT501"": -0.0750427792797751, ""PIT502"": -0.11992541982452092, ""PIT503"": 0.07079311269214628, ""UV401"": 8.881784197001252e-16}",-614.8494743847438,0.9998124001415668,2.3348973308825416,1.5280370842628597,1.1608265703380665
LIT101,actual_next,all51,ridge,"[""FIT101"", ""LIT101"", ""MV101"", ""P101"", ""P102"", ""AIT201"", ""AIT202"", ""AIT203"", ""FIT201"", ""MV201"", ""P201"", ""P202"", ""P203"", ""P204"", ""P205"", ""P206"", ""DPIT301"", ""FIT301"", ""LIT301"", ""MV301"", ""MV302"", ""MV303"", ""MV304"", ""P301"", ""P302"", ""AIT401"", ""AIT402"", ""FIT401"", ""LIT401"", ""P401"", ""P402"", ""P403"", ""P404"", ""UV401"", ""AIT501"", ""AIT502"", ""AIT503"", ""AIT504"", ""FIT501"", ""FIT502"", ""FIT503"", ""FIT504"", ""P501"", ""P502"", ""PIT501"", ""PIT502"", ""PIT503"", ""FIT601"", ""P601"", ""P602"", ""P603""]","{""AIT201"": -0.00239494675796098, ""AIT202"": 0.16715809853423663, ""AIT203"": -0.029653921748202725, ""AIT401"": 0.27864692103756056, ""AIT402"": -0.023660010870319197, ""AIT501"": -0.27745052536128145, ""AIT502"": 0.05047688630963816, ""AIT503"": 0.0023907622739053457, ""AIT504"": -0.06656884854743496, ""DPIT301"": 0.034150071439136086, ""FIT101"": 1.8762625950831748, ""FIT201"": -0.9713435470244388, ""FIT301"": -0.35149548185926033, ""FIT401"": -0.0063644021413474675, ""FIT501"": 0.385965959409311, ""FIT502"": -0.2148297110721946, ""FIT503"": -0.02088567941782349, ""FIT504"": -0.08727312445408787, ""FIT601"": 0.05397199563672465, ""LIT101"": 0.9987289839433768, ""LIT301"": 0.0004279206019713649, ""LIT401"": -0.0004961394694036182, ""MV101"": -0.10415709653989719, ""MV201"": 0.3218501366655692, ""MV301"": -0.23981829924471298, ""MV302"": -0.23269501235979184, ""MV303"": 0.22088817325512972, ""MV304"": -0.013109435310874459, ""P101"": -1.1101182166013743, ""P102"": 0.0, ""P201"": 0.0, ""P202"": 0.0, ""P203"": -0.7314951261404277, ""P204"": 0.0, ""P205"": -0.7314951261506347, ""P206"": 0.0, ""P301"": 0.0, ""P302"": 0.478077669390653, ""P401"": 0.0, ""P402"": 0.0, ""P403"": 0.0, ""P404"": 0.0, ""P501"": 0.0, ""P502"": 0.0, ""P601"": 0.0, ""P602"": 0.28263804575911566, ""P603"": 0.0, ""PIT501"": -0.08037675575203337, ""PIT502"": -0.05063071373050625, ""PIT503"": 0.07510618930980482, ""UV401"": 0.0}",-25.523479423985464,0.9998122462812102,2.3368123010709025,1.5286635669992603,1.1605965927375046
AIT201,actual_next,self_only,ols,"[""AIT201""]","{""AIT201"": 0.9989319644554068}",0.2821233587745837,0.934463134825223,0.010308458184046,0.1015305775815644,0.0253702717671852
AIT201,actual_next,self_only,ridge,"[""AIT201""]","{""AIT201"": 0.9988884692628961}",0.2936408667819705,0.9344586700390368,0.010309160461483,0.1015340359755438,0.0255224175377661
AIT201,actual_next,self_plus_local,ols,"[""AIT201""]","{""AIT201"": 0.9989319644554068}",0.2821233587745837,0.934463134825223,0.010308458184046,0.1015305775815644,0.0253702717671852
AIT201,actual_next,self_plus_local,ridge,"[""AIT201""]","{""AIT201"": 0.9988884692628961}",0.2936408667819705,0.9344586700390368,0.010309160461483,0.1015340359755438,0.0255224175377661
AIT201,actual_next,all51,ols,"[""FIT101"", ""LIT101"", ""MV101"", ""P101"", ""P102"", ""AIT201"", ""AIT202"", ""AIT203"", ""FIT201"", ""MV201"", ""P201"", ""P202"", ""P203"", ""P204"", ""P205"", ""P206"", ""DPIT301"", ""FIT301"", ""LIT301"", ""MV301"", ""MV302"", ""MV303"", ""MV304"", ""P301"", ""P302"", ""AIT401"", ""AIT402"", ""FIT401"", ""LIT401"", ""P401"", ""P402"", ""P403"", ""P404"", ""UV401"", ""AIT501"", ""AIT502"", ""AIT503"", ""AIT504"", ""FIT501"", ""FIT502"", ""FIT503"", ""FIT504"", ""P501"", ""P502"", ""PIT501"", ""PIT502"", ""PIT503"", ""FIT601"", ""P601"", ""P602"", ""P603""]","{""AIT201"": 0.9793564065787111, ""AIT202"": -1.558097837819992, ""AIT203"": 0.004841547407084312, ""AIT401"": -0.4049298224487556, ""AIT402"": 0.031070521554749292, ""AIT501"": 1.8955747808449168, ""AIT502"": -0.024456810078283986, ""AIT503"": 0.0002632801129964779, ""AIT504"": -0.025784618153777195, ""DPIT301"": -0.0007610199942322815, ""FIT101"": -0.0123039539578631, ""FIT201"": -0.4162183604350127, ""FIT301"": 0.0064859421137115625, ""FIT401"": -0.1397173677148231, ""FIT501"": -0.2992637047306887, ""FIT502"": 0.04373699835812892, ""FIT503"": -0.3751208837749828, ""FIT504"": -0.8056944383447003, ""FIT601"": 0.018025791657941458, ""LIT101"": -6.346808745181021e-05, ""LIT301"": 8.185631150553485e-05, ""LIT401"": 4.87025755200321e-05, ""MV101"": 0.015482155653750995, ""MV201"": -0.4504904136534678, ""MV301"": 0.00959761980647385, ""MV302"": 0.0038105694585092165, ""MV303"": -0.006226519927943687, ""MV304"": -0.006605251100943191, ""P101"": 0.6558768168546465, ""P102"": -3.3813993272069354e-12, ""P201"": 7.477352070850429e-14, ""P202"": 7.735478924075778e-13, ""P203"": 0.31449270503180143, ""P204"": -2.4080737404119645e-13, ""P205"": 0.3144927050320674, ""P206"": 3.195776976383513e-13, ""P301"": -9.159339953157541e-16, ""P302"": -0.0055830707997485685, ""P401"": 1.3322676295501878e-15, ""P402"": -6.661338147750939e-16, ""P403"": -2.220446049250313e-16, ""P404"": 5.551115123125783e-17, ""P501"": 0.0, ""P502"": 0.0, ""P601"": 0.0, ""P602"": -0.02677359076644562, ""P603"": 0.0, ""PIT501"": -0.03755751502468252, ""PIT502"": 0.010545861750342401, ""PIT503"": 0.03356254232805317, ""UV401"": -5.551115123125783e-17}",64.65652243826545,0.938503325415086,0.0096729664552289,0.0983512402322863,0.0370174569812725
AIT201,actual_next,all51,ridge,"[""FIT101"", ""LIT101"", ""MV101"", ""P101"", ""P102"", ""AIT201"", ""AIT202"", ""AIT203"", ""FIT201"", ""MV201"", ""P201"", ""P202"", ""P203"", ""P204"", ""P205"", ""P206"", ""DPIT301"", ""FIT301"", ""LIT301"", ""MV301"", ""MV302"", ""MV303"", ""MV304"", ""P301"", ""P302"", ""AIT401"", ""AIT402"", ""FIT401"", ""LIT401"", ""P401"", ""P402"", ""P403"", ""P404"", ""UV401"", ""AIT501"", ""AIT502"", ""AIT503"", ""AIT504"", ""FIT501"", ""FIT502"", ""FIT503"", ""FIT504"", ""P501"", ""P502"", ""PIT501"", ""PIT502"", ""PIT503"", ""FIT601"", ""P601"", ""P602"", ""P603""]","{""AIT201"": 0.9889923546281048, ""AIT202"": -0.1834585303620305, ""AIT203"": 0.009930824028498582, ""AIT401"": -0.02437149839146659, ""AIT402"": 0.029620450315607262, ""AIT501"": 0.15790201985323707, ""AIT502"": -0.0335490327182056, ""AIT503"": 0.000659031563180099, ""AIT504"": -0.013789399303112898, ""DPIT301"": -0.0016865094871245498, ""FIT101"": -0.009331723591512343, ""FIT201"": -0.3654385719146099, ""FIT301"": 0.011746668796177086, ""FIT401"": 0.011386694742000934, ""FIT501"": 0.0068397820659549845, ""FIT502"": 0.04117522218351179, ""FIT503"": -0.005033212929813606, ""FIT504"": -0.006836252466776554, ""FIT601"": 0.016585920900786782, ""LIT101"": -0.00013933361691137084, ""LIT301"": 9.503618196085107e-05, ""LIT401"": 0.00014528455320606117, ""MV101"": 0.014139057553027362, ""MV201"": -0.39348511084771254, ""MV301"": 0.007531990943969448, ""MV302"": 0.005932225250146189, ""MV303"": -0.005335500157827113, ""MV304"": -0.006195221206384724, ""P101"": 0.5846601692815864, ""P102"": 0.0, ""P201"": 0.0, ""P202"": 0.0, ""P203"": 0.27244364587440667, ""P204"": 0.0, ""P205"": 0.27244364587439523, ""P206"": 0.0, ""P301"": 0.0, ""P302"": -0.004048002122947635, ""P401"": 0.0, ""P402"": 0.0, ""P403"": 0.0, ""P404"": 0.0, ""P501"": 0.0, ""P502"": 0.0, ""P601"": 0.0, ""P602"": -0.02356491489462591, ""P603"": 0.0, ""PIT501"": -0.03578265930881091, ""PIT502"": 0.014305069619640714, ""PIT503"": 0.034970531900165094, ""UV401"": 0.0}",5.28892217704788,0.939754529325134,0.0094761614485803,0.0973455774474648,0.031477184982419
AIT202,actual_next,self_only,ols,"[""AIT202""]","{""AIT202"": 0.9933060069160238}",0.0561222303510966,0.984401450284742,1.4097301998097993e-05,0.0037546373990171,0.0020344290874229
AIT202,actual_next,self_only,ridge,"[""AIT202""]","{""AIT202"": 0.8851400068323875}",0.9628438345546212,0.9699574860661232,2.715113901221616e-05,0.0052106754852145,0.0033469778751206
AIT202,actual_next,self_plus_local,ols,"[""AIT202""]","{""AIT202"": 0.9933060069160238}",0.0561222303510966,0.984401450284742,1.4097301998097993e-05,0.0037546373990171,0.0020344290874229
AIT202,actual_next,self_plus_local,ridge,"[""AIT202""]","{""AIT202"": 0.8851400068323875}",0.9628438345546212,0.9699574860661232,2.715113901221616e-05,0.0052106754852145,0.0033469778751206
AIT202,actual_next,all51,ols,"[""FIT101"", ""LIT101"", ""MV101"", ""P101"", ""P102"", ""AIT201"", ""AIT202"", ""AIT203"", ""FIT201"", ""MV201"", ""P201"", ""P202"", ""P203"", ""P204"", ""P205"", ""P206"", ""DPIT301"", ""FIT301"", ""LIT301"", ""MV301"", ""MV302"", ""MV303"", ""MV304"", ""P301"", ""P302"", ""AIT401"", ""AIT402"", ""FIT401"", ""LIT401"", ""P401"", ""P402"", ""P403"", ""P404"", ""UV401"", ""AIT501"", ""AIT502"", ""AIT503"", ""AIT504"", ""FIT501"", ""FIT502"", ""FIT503"", ""FIT504"", ""P501"", ""P502"", ""PIT501"", ""PIT502"", ""PIT503"", ""FIT601"", ""P601"", ""P602"", ""P603""]","{""AIT201"": -0.0010952123356971868, ""AIT202"": 0.7754452349331566, ""AIT203"": 0.0007002630182992116, ""AIT401"": -0.020928226732393817, ""AIT402"": 0.0010153152606292987, ""AIT501"": 0.19564858815515476, ""AIT502"": -0.0011680433071231955, ""AIT503"": -5.977268448897899e-05, ""AIT504"": -0.0026249265345214406, ""DPIT301"": 8.994759236319316e-05, ""FIT101"": -0.0005812834990073832, ""FIT201"": -0.010812044373634776, ""FIT301"": -0.0004129362133760278, ""FIT401"": 0.011669599588627165, ""FIT501"": -0.05994731262289119, ""FIT502"": -0.0045611331822233234, ""FIT503"": 0.07255460671898975, ""FIT504"": 0.056293111377788134, ""FIT601"": -0.000146661106772486, ""LIT101"": -8.727486149295285e-06, ""LIT301"": 1.1488058751618624e-05, ""LIT401"": 1.6102820751841967e-05, ""MV101"": -0.00025893552005150063, ""MV201"": -0.003840927885912823, ""MV301"": 0.0008248083663438101, ""MV302"": -6.359929854376362e-05, ""MV303"": -0.00013732846964283063, ""MV304"": 0.00010331906278685096, ""P101"": -0.009662571978852265, ""P102"": 8.303470758197484e-13, ""P201"": -5.1595012984240185e-14, ""P202"": -4.167898665086156e-13, ""P203"": 0.007460048377825747, ""P204"": 2.5493496202955157e-13, ""P205"": 0.007460048377564435, ""P206"": -1.7386092565629951e-13, ""P301"": 9.71445146547012e-16, ""P302"": -0.0006804692699238987, ""P401"": 1.1102230246251565e-16, ""P402"": -2.498001805406602e-16, ""P403"": -1.3877787807814457e-17, ""P404"": -3.469446951953614e-17, ""P501"": 0.0, ""P502"": 0.0, ""P601"": 0.0, ""P602"": -0.0011529416667068002, ""P603"": 0.0, ""PIT501"": -0.0019385796567830127, ""PIT502"": -0.0006731275974156195, ""PIT503"": 0.0016051570825604544, ""UV401"": 6.938893903907228e-18}",3.774378931917683,0.9853697185084646,1.3222222595579864e-05,0.0036362374228836,0.0028596960441445
AIT202,actual_next,all51,ridge,"[""FIT101"", ""LIT101"", ""MV101"", ""P101"", ""P102"", ""AIT201"", ""AIT202"", ""AIT203"", ""FIT201"", ""MV201"", ""P201"", ""P202"", ""P203"", ""P204"", ""P205"", ""P206"", ""DPIT301"", ""FIT301"", ""LIT301"", ""MV301"", ""MV302"", ""MV303"", ""MV304"", ""P301"", ""P302"", ""AIT401"", ""AIT402"", ""FIT401"", ""LIT401"", ""P401"", ""P402"", ""P403"", ""P404"", ""UV401"", ""AIT501"", ""AIT502"", ""AIT503"", ""AIT504"", ""FIT501"", ""FIT502"", ""FIT503"", ""FIT504"", ""P501"", ""P502"", ""PIT501"", ""PIT502"", ""PIT503"", ""FIT601"", ""P601"", ""P602"", ""P603""]","{""AIT201"": -0.004004124174895414, ""AIT202"": 0.1085660677821492, ""AIT203"": -0.00333681712497435, ""AIT401"": -0.0016007352971644656, ""AIT402"": 0.003700569251588957, ""AIT501"": 0.0309204994146508, ""AIT502"": -0.0021876392306793982, ""AIT503"": -0.00026078815092704584, ""AIT504"": -0.008417316789190518, ""DPIT301"": 0.00035198790985765493, ""FIT101"": -0.0015208047092167274, ""FIT201"": -0.006946061568273631, ""FIT301"": -0.002444694058949861, ""FIT401"": -0.019508869613540914, ""FIT501"": -0.020636005577771895, ""FIT502"": -0.009932720392916795, ""FIT503"": 0.0038403972442472237, ""FIT504"": 0.004263385293797496, ""FIT601"": -0.00014711864662411993, ""LIT101"": 2.454915096880273e-05, ""LIT301"": -1.3498542527202296e-05, ""LIT401"": -5.960487828210959e-06, ""MV101"": -0.0008890871606064451, ""MV201"": -0.003193782806536289, ""MV301"": 0.0017374867195993687, ""MV302"": -0.0008917972098942447, ""MV303"": -0.0002679294441573819, ""MV304"": -0.00015970484320350386, ""P101"": -0.011048809243934324, ""P102"": 0.0, ""P201"": 0.0, ""P202"": 0.0, ""P203"": 0.005837959880283697, ""P204"": 0.0, ""P205"": 0.005837959880282006, ""P206"": 0.0, ""P301"": 0.0, ""P302"": -0.00035466950850770865, ""P401"": 0.0, ""P402"": 0.0, ""P403"": 0.0, ""P404"": 0.0, ""P501"": 0.0, ""P502"": 0.0, ""P601"": 0.0, ""P602"": -0.003015513973248939, ""P603"": 0.0, ""PIT501"": -0.0004088865300289487, ""PIT502"": -0.007443074244411182, ""PIT503"": 0.0017832605850982134, ""UV401"": 0.0}",9.409460803781094,0.9524641514656628,4.296086653933635e-05,0.0065544539466942,0.0055165334233904
AIT203,actual_next,self_only,ols,"[""AIT203""]","{""AIT203"": 0.9944365499554483}",1.819739602801917,0.9884235268896496,0.3182033141020551,0.5640951285927358,0.1270840502770174
AIT203,actual_next,self_only,ridge,"[""AIT203""]","{""AIT203"": 0.9944320663117306}",1.8212071187559216,0.988423529443816,0.3182032438955007,0.5640950663633753,0.1270913902101879
AIT203,actual_next,self_plus_local,ols,"[""AIT203""]","{""AIT203"": 0.9944365499554483}",1.819739602801917,0.9884235268896496,0.3182033141020551,0.5640951285927358,0.1270840502770174
AIT203,actual_next,self_plus_local,ridge,"[""AIT203""]","{""AIT203"": 0.9944320663117306}",1.8212071187559216,0.988423529443816,0.3182032438955007,0.5640950663633753,0.1270913902101879
AIT203,actual_next,all51,ols,"[""FIT101"", ""LIT101"", ""MV101"", ""P101"", ""P102"", ""AIT201"", ""AIT202"", ""AIT203"", ""FIT201"", ""MV201"", ""P201"", ""P202"", ""P203"", ""P204"", ""P205"", ""P206"", ""DPIT301"", ""FIT301"", ""LIT301"", ""MV301"", ""MV302"", ""MV303"", ""MV304"", ""P301"", ""P302"", ""AIT401"", ""AIT402"", ""FIT401"", ""LIT401"", ""P401"", ""P402"", ""P403"", ""P404"", ""UV401"", ""AIT501"", ""AIT502"", ""AIT503"", ""AIT504"", ""FIT501"", ""FIT502"", ""FIT503"", ""FIT504"", ""P501"", ""P502"", ""PIT501"", ""PIT502"", ""PIT503"", ""FIT601"", ""P601"", ""P602"", ""P603""]","{""AIT201"": 0.016649688690861697, ""AIT202"": 5.368480357034958, ""AIT203"": 0.696357854708288, ""AIT401"": 3.6844043406030305, ""AIT402"": -0.07789807582654995, ""AIT501"": -28.847879865415166, ""AIT502"": 0.22273245229020677, ""AIT503"": -0.002821604889327922, ""AIT504"": 0.30359598480298766, ""DPIT301"": 0.002586659357845189, ""FIT101"": 0.0774618169701366, ""FIT201"": 1.5263609551569564, ""FIT301"": 0.008101209924432196, ""FIT401"": -3.6945681461859965, ""FIT501"": 0.17816458375387, ""FIT502"": 0.5772043275271527, ""FIT503"": -15.411829997527134, ""FIT504"": -12.38245666633206, ""FIT601"": 0.013237719795816727, ""LIT101"": 0.0031061682261527895, ""LIT301"": -0.0030703834378091877, ""LIT401"": -0.003863286464978799, ""MV101"": -0.02683097467672424, ""MV201"": 0.8675183790176366, ""MV301"": -0.05136931304169369, ""MV302"": -0.013164328140367498, ""MV303"": 0.0116715955958452, ""MV304"": 0.04078143677897604, ""P101"": 3.4944781956791733, ""P102"": 6.757039372473628e-12, ""P201"": -1.1225152751759282e-12, ""P202"": -4.7583048612409584e-12, ""P203"": -1.9161024878470647, ""P204"": 2.3111512703621884e-12, ""P205"": -1.9161024878495947, ""P206"": -8.259226635942696e-13, ""P301"": 3.197442310920451e-14, ""P302"": -0.010916077061774221, ""P401"": -2.1316282072803006e-14, ""P402"": 2.4868995751603507e-14, ""P403"": -1.7763568394002505e-15, ""P404"": 5.329070518200751e-15, ""P501"": 0.0, ""P502"": 0.0, ""P601"": 0.0, ""P602"": 0.19274255924548472, ""P603"": 0.0, ""PIT501"": 0.35392031768092314, ""PIT502"": -0.03007119519549313, ""PIT503"": -0.2504247487131648, ""UV401"": 0.0}",-314.17825865648894,0.9928810306918634,0.1956795999305248,0.4423568694284343,0.2992783202248196
AIT203,actual_next,all51,ridge,"[""FIT101"", ""LIT101"", ""MV101"", ""P101"", ""P102"", ""AIT201"", ""AIT202"", ""AIT203"", ""FIT201"", ""MV201"", ""P201"", ""P202"", ""P203"", ""P204"", ""P205"", ""P206"", ""DPIT301"", ""FIT301"", ""LIT301"", ""MV301"", ""MV302"", ""MV303"", ""MV304"", ""P301"", ""P302"", ""AIT401"", ""AIT402"", ""FIT401"", ""LIT401"", ""P401"", ""P402"", ""P403"", ""P404"", ""UV401"", ""AIT501"", ""AIT502"", ""AIT503"", ""AIT504"", ""FIT501"", ""FIT502"", ""FIT503"", ""FIT504"", ""P501"", ""P502"", ""PIT501"", ""PIT502"", ""PIT503"", ""FIT601"", ""P601"", ""P602"", ""P603""]","{""AIT201"": -0.06230983618068464, ""AIT202"": 0.22602829987984624, ""AIT203"": 0.7028734183059039, ""AIT401"": 0.22280314148198674, ""AIT402"": -0.0942950397738918, ""AIT501"": -2.6544462368952435, ""AIT502"": 0.360998533687226, ""AIT503"": -0.0024120462315762405, ""AIT504"": 0.2342487207921739, ""DPIT301"": 0.011001798794574814, ""FIT101"": 0.06912896017708091, ""FIT201"": 1.3017957026493514, ""FIT301"": -0.029062519593059215, ""FIT401"": -0.028240145692054512, ""FIT501"": 0.08269405165221547, ""FIT502"": 0.2401075226747242, ""FIT503"": -0.1239691903292587, ""FIT504"": -0.06982647578455922, ""FIT601"": 0.009636280808432969, ""LIT101"": 0.003494675102513472, ""LIT301"": -0.0028952758194308688, ""LIT401"": -0.00483304239237708, ""MV101"": -0.023696810824666167, ""MV201"": 0.9127970357176252, ""MV301"": -0.06891458943432113, ""MV302"": -0.03590514813146509, ""MV303"": 0.015507903824658125, ""MV304"": 0.04701259911198764, ""P101"": 3.273287006860904, ""P102"": 0.0, ""P201"": 0.0, ""P202"": 0.0, ""P203"": -1.763766174210879, ""P204"": 0.0, ""P205"": -1.7637661742092792, ""P206"": 0.0, ""P301"": 0.0, ""P302"": -0.013331687760700825, ""P401"": 0.0, ""P402"": 0.0, ""P403"": 0.0, ""P404"": 0.0, ""P501"": 0.0, ""P502"": 0.0, ""P601"": 0.0, ""P602"": 0.23885310726279582, ""P603"": 0.0, ""PIT501"": 0.3188478206390996, ""PIT502"": 0.015695399559961763, ""PIT503"": -0.30229120848929397, ""UV401"": 0.0}",37.84493731034655,0.9950197365763724,0.1368928439079254,0.3699903294789277,0.196707950085896
FIT201,actual_next,local_support,ols,"[""FIT201"", ""P101"", ""P102"", ""LIT101""]","{""FIT201"": 0.04523270937812133, ""LIT101"": 7.753814162273536e-05, ""P101"": 2.3358076127997713, ""P102"": 0.0}",-2.386300044027091,0.997971036257349,0.0020578130281397,0.0453631241003053,0.0085553191320947
FIT201,actual_next,local_support,ridge,"[""FIT201"", ""P101"", ""P102"", ""LIT101""]","{""FIT201"": 0.07901497963772142, ""LIT101"": 7.938463419202265e-05, ""P101"": 2.25311049376067, ""P102"": 0.0}",-2.304504370042304,0.9979735745440996,0.0020552386501778,0.0453347399923923,0.0086007605217456
FIT201,actual_next,self_only,ols,"[""FIT201""]","{""FIT201"": 0.989788289976159}",0.0183966237290233,0.9803112237120792,0.019968725661146,0.14131074149245,0.0200638832046363
FIT201,actual_next,self_only,ridge,"[""FIT201""]","{""FIT201"": 0.9896750130182093}",0.0186041326835801,0.9803112904366956,0.0199686579877904,0.1413105020435155,0.0201600477526173
FIT201,actual_next,self_plus_local,ols,"[""FIT201"", ""P101"", ""P102"", ""LIT101""]","{""FIT201"": 0.04523270937812133, ""LIT101"": 7.753814162273536e-05, ""P101"": 2.3358076127997713, ""P102"": 0.0}",-2.386300044027091,0.997971036257349,0.0020578130281397,0.0453631241003053,0.0085553191320947
FIT201,actual_next,self_plus_local,ridge,"[""FIT201"", ""P101"", ""P102"", ""LIT101""]","{""FIT201"": 0.07901497963772142, ""LIT101"": 7.938463419202265e-05, ""P101"": 2.25311049376067, ""P102"": 0.0}",-2.304504370042304,0.9979735745440996,0.0020552386501778,0.0453347399923923,0.0086007605217456
FIT201,actual_next,all51,ols,"[""FIT101"", ""LIT101"", ""MV101"", ""P101"", ""P102"", ""AIT201"", ""AIT202"", ""AIT203"", ""FIT201"", ""MV201"", ""P201"", ""P202"", ""P203"", ""P204"", ""P205"", ""P206"", ""DPIT301"", ""FIT301"", ""LIT301"", ""MV301"", ""MV302"", ""MV303"", ""MV304"", ""P301"", ""P302"", ""AIT401"", ""AIT402"", ""FIT401"", ""LIT401"", ""P401"", ""P402"", ""P403"", ""P404"", ""UV401"", ""AIT501"", ""AIT502"", ""AIT503"", ""AIT504"", ""FIT501"", ""FIT502"", ""FIT503"", ""FIT504"", ""P501"", ""P502"", ""PIT501"", ""PIT502"", ""PIT503"", ""FIT601"", ""P601"", ""P602"", ""P603""]","{""AIT201"": -0.0014821635054698273, ""AIT202"": 0.003283286039266413, ""AIT203"": -0.0016663055369794122, ""AIT401"": -0.0673196124469673, ""AIT402"": 0.004449857607280672, ""AIT501"": -0.042914283114412734, ""AIT502"": 0.0003857065769365675, ""AIT503"": 1.1187827717695775e-05, ""AIT504"": 0.002907482401775713, ""DPIT301"": 0.00034206853667567705, ""FIT101"": -0.001516104671118723, ""FIT201"": -0.12973767205407422, ""FIT301"": 0.0017582130137722488, ""FIT401"": -0.22468937864304267, ""FIT501"": 0.6041068508032696, ""FIT502"": 0.08180872908670155, ""FIT503"": -0.01969975279387946, ""FIT504"": -0.9893580109009839, ""FIT601"": 0.007597066157068878, ""LIT101"": 7.023868108345897e-05, ""LIT301"": -9.403179900940861e-05, ""LIT401"": -2.88428642853944e-05, ""MV101"": 0.003525936338336361, ""MV201"": -0.48786910697315294, ""MV301"": -0.0017217247155478024, ""MV302"": -0.000599978982784982, ""MV303"": 0.0027196031561915, ""MV304"": 0.0024074656131522886, ""P101"": 2.7380374857317444, ""P102"": -3.1005892298097137e-12, ""P201"": -1.0350054147068022e-13, ""P202"": -1.386113446244508e-13, ""P203"": 0.25869365653241955, ""P204"": 2.3447910280083306e-13, ""P205"": 0.2586936565320223, ""P206"": -4.6074255521943996e-14, ""P301"": 9.992007221626409e-16, ""P302"": -0.00023381160570351903, ""P401"": 1.1102230246251565e-16, ""P402"": -4.996003610813204e-16, ""P403"": -2.7755575615628914e-16, ""P404"": -3.5388358909926865e-16, ""P501"": 0.0, ""P502"": 0.0, ""P601"": 0.0, ""P602"": 0.005859479259201596, ""P603"": 0.0, ""PIT501"": 0.0013440171583308513, ""PIT502"": 0.0007103222980039455, ""PIT503"": 0.00141071716030991, ""UV401"": -2.7755575615628914e-17}",6.6903276496835975,0.998147883347125,0.00187845139753,0.0433411051719963,0.0109817276215825
FIT201,actual_next,all51,ridge,"[""FIT101"", ""LIT101"", ""MV101"", ""P101"", ""P102"", ""AIT201"", ""AIT202"", ""AIT203"", ""FIT201"", ""MV201"", ""P201"", ""P202"", ""P203"", ""P204"", ""P205"", ""P206"", ""DPIT301"", ""FIT301"", ""LIT301"", ""MV301"", ""MV302"", ""MV303"", ""MV304"", ""P301"", ""P302"", ""AIT401"", ""AIT402"", ""FIT401"", ""LIT401"", ""P401"", ""P402"", ""P403"", ""P404"", ""UV401"", ""AIT501"", ""AIT502"", ""AIT503"", ""AIT504"", ""FIT501"", ""FIT502"", ""FIT503"", ""FIT504"", ""P501"", ""P502"", ""PIT501"", ""PIT502"", ""PIT503"", ""FIT601"", ""P601"", ""P602"", ""P603""]","{""AIT201"": -0.0014348418774183533, ""AIT202"": -0.021025325494341978, ""AIT203"": -0.002284333141655429, ""AIT401"": -0.0030736513438462862, ""AIT402"": 0.0019743013922224125, ""AIT501"": -0.003871847655985432, ""AIT502"": 0.003213484430087872, ""AIT503"": -7.519937158063339e-05, ""AIT504"": 0.00986717580565247, ""DPIT301"": 0.00024683404031531687, ""FIT101"": 0.0007211569471915686, ""FIT201"": -0.05452173270046116, ""FIT301"": 0.003582969210740121, ""FIT401"": 0.021185160937404468, ""FIT501"": 0.03106232895813188, ""FIT502"": 0.06241257170601243, ""FIT503"": -0.004285906984395704, ""FIT504"": -0.009252615200355911, ""FIT601"": 0.005393051624008136, ""LIT101"": 6.93745740853712e-05, ""LIT301"": -0.00013575931267943632, ""LIT401"": -8.592727043718778e-06, ""MV101"": -0.0008660789276659009, ""MV201"": -0.35400983001420233, ""MV301"": -0.004352968422934462, ""MV302"": -0.0003896959282423799, ""MV303"": 0.00398062412693927, ""MV304"": 0.0034881673186151064, ""P101"": 2.507065893356738, ""P102"": 0.0, ""P201"": 0.0, ""P202"": 0.0, ""P203"": 0.2146883119801246, ""P204"": 0.0, ""P205"": 0.21468831197968974, ""P206"": 0.0, ""P301"": 0.0, ""P302"": 0.00041121282577986885, ""P401"": 0.0, ""P402"": 0.0, ""P403"": 0.0, ""P404"": 0.0, ""P501"": 0.0, ""P502"": 0.0, ""P601"": 0.0, ""P602"": 0.009555403440114843, ""P603"": 0.0, ""PIT501"": 0.0017012677722741956, ""PIT502"": 0.007657034478886204, ""PIT503"": 0.001493831308284986, ""UV401"": 0.0}",-2.4932425871078334,0.998143930508083,0.0018824604409188,0.0433873304193613,0.0108576794897167
DPIT301,actual_next,local_support,ols,"[""DPIT301"", ""P302"", ""P301"", ""MV301"", ""MV302"", ""FIT301"", ""LIT301""]","{""DPIT301"": 0.5113607174029992, ""FIT301"": -0.8605034511677322, ""LIT301"": -0.00011235834553400797, ""MV301"": -0.6764105038110617, ""MV302"": 2.5371092585779924, ""P301"": -3.1086244689504383e-15, ""P302"": 7.9230680904089015}",-8.59177696229381,0.9820954394694524,0.7659881059836458,0.8752074645383492,0.212052919738844
DPIT301,actual_next,local_support,ridge,"[""DPIT301"", ""P302"", ""P301"", ""MV301"", ""MV302"", ""FIT301"", ""LIT301""]","{""DPIT301"": 0.5083046652285783, ""FIT301"": -0.7596754513426888, ""LIT301"": -0.00010196631626298213, ""MV301"": -0.6718105983037571, ""MV302"": 2.575956042460773, ""P301"": 0.0, ""P302"": 7.716146581651384}",-8.432772086207546,0.9818934530482868,0.7746294348740793,0.8801303510697034,0.2120905516958729
DPIT301,actual_next,self_only,ols,"[""DPIT301""]","{""DPIT301"": 0.9848539679786279}",0.2511004512713022,0.964588290875206,1.514974241108343,1.2308428986301798,0.264021867746392
DPIT301,actual_next,self_only,ridge,"[""DPIT301""]","{""DPIT301"": 0.9848512070611207}",0.2511462226097087,0.9645883057643748,1.514973604123922,1.2308426398707195,0.264030507562805
DPIT301,actual_next,self_plus_local,ols,"[""DPIT301"", ""P302"", ""P301"", ""MV301"", ""MV302"", ""FIT301"", ""LIT301""]","{""DPIT301"": 0.5113607174029992, ""FIT301"": -0.8605034511677322, ""LIT301"": -0.00011235834553400797, ""MV301"": -0.6764105038110617, ""MV302"": 2.5371092585779924, ""P301"": -3.1086244689504383e-15, ""P302"": 7.9230680904089015}",-8.59177696229381,0.9820954394694524,0.7659881059836458,0.8752074645383492,0.212052919738844
DPIT301,actual_next,self_plus_local,ridge,"[""DPIT301"", ""P302"", ""P301"", ""MV301"", ""MV302"", ""FIT301"", ""LIT301""]","{""DPIT301"": 0.5083046652285783, ""FIT301"": -0.7596754513426888, ""LIT301"": -0.00010196631626298213, ""MV301"": -0.6718105983037571, ""MV302"": 2.575956042460773, ""P301"": 0.0, ""P302"": 7.716146581651384}",-8.432772086207546,0.9818934530482868,0.7746294348740793,0.8801303510697034,0.2120905516958729
DPIT301,actual_next,all51,ols,"[""FIT101"", ""LIT101"", ""MV101"", ""P101"", ""P102"", ""AIT201"", ""AIT202"", ""AIT203"", ""FIT201"", ""MV201"", ""P201"", ""P202"", ""P203"", ""P204"", ""P205"", ""P206"", ""DPIT301"", ""FIT301"", ""LIT301"", ""MV301"", ""MV302"", ""MV303"", ""MV304"", ""P301"", ""P302"", ""AIT401"", ""AIT402"", ""FIT401"", ""LIT401"", ""P401"", ""P402"", ""P403"", ""P404"", ""UV401"", ""AIT501"", ""AIT502"", ""AIT503"", ""AIT504"", ""FIT501"", ""FIT502"", ""FIT503"", ""FIT504"", ""P501"", ""P502"", ""PIT501"", ""PIT502"", ""PIT503"", ""FIT601"", ""P601"", ""P602"", ""P603""]","{""AIT201"": -0.02584951002684266, ""AIT202"": -0.48223534859582684, ""AIT203"": -0.005064853998547059, ""AIT401"": -0.2590564433676357, ""AIT402"": -0.03320092845994653, ""AIT501"": 2.0395360537438423, ""AIT502"": 0.11340500676577875, ""AIT503"": 0.0032922299736621308, ""AIT504"": 0.05208304819929588, ""DPIT301"": 0.5492356230828235, ""FIT101"": -0.060499986464134646, ""FIT201"": -0.053667104149759955, ""FIT301"": -1.7712147941200878, ""FIT401"": 3.666199758265284, ""FIT501"": -3.6911537740349187, ""FIT502"": 0.2596468196434069, ""FIT503"": 3.4608851919526873, ""FIT504"": 9.68382278097032, ""FIT601"": -0.5057569853025268, ""LIT101"": -0.00023693080962431702, ""LIT301"": 0.0007933619405890435, ""LIT401"": -0.0025931668440739436, ""MV101"": 0.0751060067296992, ""MV201"": -0.025900607500637253, ""MV301"": -0.05815098862784647, ""MV302"": 1.2247218477764397, ""MV303"": 2.2178793466137963, ""MV304"": -1.5705745893447558, ""P101"": 0.0590120778446499, ""P102"": -4.360956040727615e-12, ""P201"": 6.689648834878881e-13, ""P202"": 2.0264900868482982e-12, ""P203"": 0.06450038228703285, ""P204"": -2.014388655879884e-12, ""P205"": 0.06450038228788217, ""P206"": -3.204103649068202e-13, ""P301"": -6.217248937900877e-15, ""P302"": 10.624009189764426, ""P401"": 8.881784197001252e-16, ""P402"": -8.881784197001252e-16, ""P403"": 1.7763568394002505e-15, ""P404"": 6.661338147750939e-16, ""P501"": 0.0, ""P502"": 0.0, ""P601"": 0.0, ""P602"": -2.2679671301402577, ""P603"": 0.0, ""PIT501"": -0.10900077799904226, ""PIT502"": -0.05403529847894406, ""PIT503"": 0.13793360046613326, ""UV401"": 2.220446049250313e-16}",10.063022145129786,0.986690690074355,0.5693953272128939,0.754582882931288,0.2003740790016198
DPIT301,actual_next,all51,ridge,"[""FIT101"", ""LIT101"", ""MV101"", ""P101"", ""P102"", ""AIT201"", ""AIT202"", ""AIT203"", ""FIT201"", ""MV201"", ""P201"", ""P202"", ""P203"", ""P204"", ""P205"", ""P206"", ""DPIT301"", ""FIT301"", ""LIT301"", ""MV301"", ""MV302"", ""MV303"", ""MV304"", ""P301"", ""P302"", ""AIT401"", ""AIT402"", ""FIT401"", ""LIT401"", ""P401"", ""P402"", ""P403"", ""P404"", ""UV401"", ""AIT501"", ""AIT502"", ""AIT503"", ""AIT504"", ""FIT501"", ""FIT502"", ""FIT503"", ""FIT504"", ""P501"", ""P502"", ""PIT501"", ""PIT502"", ""PIT503"", ""FIT601"", ""P601"", ""P602"", ""P603""]","{""AIT201"": -0.021520633675997804, ""AIT202"": 0.026027533082707745, ""AIT203"": -0.005507920909249424, ""AIT401"": -0.01080418929136042, ""AIT402"": -0.026884747883449762, ""AIT501"": 0.208455794740297, ""AIT502"": 0.10138229640063788, ""AIT503"": 0.004285614607667594, ""AIT504"": 0.03737057689534152, ""DPIT301"": 0.5409356239655401, ""FIT101"": -0.06191613218260585, ""FIT201"": -0.03160376972825578, ""FIT301"": -1.5577507734527565, ""FIT401"": -0.04758241080463934, ""FIT501"": -0.18131027021995702, ""FIT502"": 0.1299270901867875, ""FIT503"": 0.04281053238265162, ""FIT504"": 0.06937171979912023, ""FIT601"": -0.5226890941420723, ""LIT101"": -0.00026405797569549596, ""LIT301"": 0.0008569665206383442, ""LIT401"": -0.0026498886031800528, ""MV101"": 0.07404014969189125, ""MV201"": -0.032545394121594164, ""MV301"": -0.1339860280701661, ""MV302"": 1.3919359076886177, ""MV303"": 2.0759596796605284, ""MV304"": -1.4610256502227459, ""P101"": 0.06451632060854949, ""P102"": 0.0, ""P201"": 0.0, ""P202"": 0.0, ""P203"": 0.059448147335345924, ""P204"": 0.0, ""P205"": 0.0594481473355826, ""P206"": 0.0, ""P301"": 0.0, ""P302"": 10.12888272869091, ""P401"": 0.0, ""P402"": 0.0, ""P403"": 0.0, ""P404"": 0.0, ""P501"": 0.0, ""P502"": 0.0, ""P601"": 0.0, ""P602"": -2.0151873531727458, ""P603"": 0.0, ""PIT501"": -0.1019418539396488, ""PIT502"": -0.0854668982346441, ""PIT503"": 0.13588894911081018, ""UV401"": 0.0}",-12.244173732473488,0.986322118866418,0.5851634417670608,0.7649597648027384,0.2020134829549357
FIT301,actual_next,self_only,ols,"[""FIT301""]","{""FIT301"": 0.974793748380891}",0.0465139083912771,0.9513216399721272,0.0300992188730227,0.173491264543846,0.0349767482756848
FIT301,actual_next,self_only,ridge,"[""FIT301""]","{""FIT301"": 0.9746094593075717}",0.04685396856022,0.9513213859564258,0.0300993759381784,0.1734917172033825,0.0350771092644091
FIT301,actual_next,self_plus_local,ols,"[""FIT301""]","{""FIT301"": 0.974793748380891}",0.0465139083912771,0.9513216399721272,0.0300992188730227,0.173491264543846,0.0349767482756848
FIT301,actual_next,self_plus_local,ridge,"[""FIT301""]","{""FIT301"": 0.9746094593075717}",0.04685396856022,0.9513213859564258,0.0300993759381784,0.1734917172033825,0.0350771092644091
FIT301,actual_next,all51,ols,"[""FIT101"", ""LIT101"", ""MV101"", ""P101"", ""P102"", ""AIT201"", ""AIT202"", ""AIT203"", ""FIT201"", ""MV201"", ""P201"", ""P202"", ""P203"", ""P204"", ""P205"", ""P206"", ""DPIT301"", ""FIT301"", ""LIT301"", ""MV301"", ""MV302"", ""MV303"", ""MV304"", ""P301"", ""P302"", ""AIT401"", ""AIT402"", ""FIT401"", ""LIT401"", ""P401"", ""P402"", ""P403"", ""P404"", ""UV401"", ""AIT501"", ""AIT502"", ""AIT503"", ""AIT504"", ""FIT501"", ""FIT502"", ""FIT503"", ""FIT504"", ""P501"", ""P502"", ""PIT501"", ""PIT502"", ""PIT503"", ""FIT601"", ""P601"", ""P602"", ""P603""]","{""AIT201"": -0.003339069737980635, ""AIT202"": -0.5185539923272978, ""AIT203"": -0.0026597278725966136, ""AIT401"": -0.18195124791801642, ""AIT402"": 0.0008224387350633938, ""AIT501"": -0.0410938386622353, ""AIT502"": 0.005291035420451819, ""AIT503"": 2.202152400754276e-05, ""AIT504"": -0.006915318272376479, ""DPIT301"": -0.009442307605291023, ""FIT101"": -0.009262727309461887, ""FIT201"": -0.008291516323304396, ""FIT301"": 0.06535932760115482, ""FIT401"": -0.05081913201362535, ""FIT501"": 0.21774589321843152, ""FIT502"": -0.014206641068072323, ""FIT503"": -0.23073958350694843, ""FIT504"": 0.8061638414236484, ""FIT601"": -0.03593281292361504, ""LIT101"": 7.544790577351367e-06, ""LIT301"": 6.799867248757918e-05, ""LIT401"": -0.00026592694098239583, ""MV101"": 0.012718142085746311, ""MV201"": -0.01488004252689214, ""MV301"": -0.1459788237663645, ""MV302"": -0.004866771830166285, ""MV303"": 0.27208175857991496, ""MV304"": -0.02894396394433043, ""P101"": 0.03500446778215943, ""P102"": -1.1715489689478886e-12, ""P201"": 9.358139263504484e-14, ""P202"": 5.34565447463109e-13, ""P203"": 0.011717925440999085, ""P204"": -1.978417429882029e-13, ""P205"": 0.011717925441153212, ""P206"": 2.1832535779253703e-13, ""P301"": 1.4432899320127035e-15, ""P302"": 2.1958961771786534, ""P401"": 5.551115123125783e-17, ""P402"": 1.2212453270876722e-15, ""P403"": 4.163336342344337e-16, ""P404"": 5.828670879282072e-16, ""P501"": 0.0, ""P502"": 0.0, ""P601"": 0.0, ""P602"": -0.09576307272367393, ""P603"": 0.0, ""PIT501"": -0.00025330928816308385, ""PIT502"": 0.005970727195692305, ""PIT503"": -8.269934121091227e-06, ""UV401"": 2.7755575615628914e-17}",30.36582814042521,0.986521251168308,0.0083342949718786,0.0912923598768192,0.0210325003140109
FIT301,actual_next,all51,ridge,"[""FIT101"", ""LIT101"", ""MV101"", ""P101"", ""P102"", ""AIT201"", ""AIT202"", ""AIT203"", ""FIT201"", ""MV201"", ""P201"", ""P202"", ""P203"", ""P204"", ""P205"", ""P206"", ""DPIT301"", ""FIT301"", ""LIT301"", ""MV301"", ""MV302"", ""MV303"", ""MV304"", ""P301"", ""P302"", ""AIT401"", ""AIT402"", ""FIT401"", ""LIT401"", ""P401"", ""P402"", ""P403"", ""P404"", ""UV401"", ""AIT501"", ""AIT502"", ""AIT503"", ""AIT504"", ""FIT501"", ""FIT502"", ""FIT503"", ""FIT504"", ""P501"", ""P502"", ""PIT501"", ""PIT502"", ""PIT503"", ""FIT601"", ""P601"", ""P602"", ""P603""]","{""AIT201"": -0.0013910604506823384, ""AIT202"": -0.07058684884866445, ""AIT203"": -0.00010773560470956965, ""AIT401"": -0.011214299143934946, ""AIT402"": -0.00047427866091250416, ""AIT501"": -0.011294252063108294, ""AIT502"": 0.005463095078974217, ""AIT503"": 0.0001394189450083254, ""AIT504"": -0.002816268314414413, ""DPIT301"": -0.011125882295436368, ""FIT101"": -0.00916049380129684, ""FIT201"": -0.007046921201880767, ""FIT301"": 0.10647092102868908, ""FIT401"": 0.009943120624234346, ""FIT501"": 0.013046307207342555, ""FIT502"": -0.0034770214586163526, ""FIT503"": -0.004249480924310038, ""FIT504"": 0.0012611909489822957, ""FIT601"": -0.02310032302109943, ""LIT101"": -1.641954197580304e-05, ""LIT301"": 9.442500701861309e-05, ""LIT401"": -0.00026286666293164247, ""MV101"": 0.013375589908122081, ""MV201"": -0.013479688989529599, ""MV301"": -0.13985196961062357, ""MV302"": 0.028473559370442655, ""MV303"": 0.24604821208047487, ""MV304"": -0.007977501605090524, ""P101"": 0.033811428164558975, ""P102"": 0.0, ""P201"": 0.0, ""P202"": 0.0, ""P203"": 0.009540573398962601, ""P204"": 0.0, ""P205"": 0.00954057339897582, ""P206"": 0.0, ""P301"": 0.0, ""P302"": 2.1006854155019763, ""P401"": 0.0, ""P402"": 0.0, ""P403"": 0.0, ""P404"": 0.0, ""P501"": 0.0, ""P502"": 0.0, ""P601"": 0.0, ""P602"": -0.09662759071617902, ""P603"": 0.0, ""PIT501"": -0.001677358065520135, ""PIT502"": 0.010926864287855791, ""PIT503"": 9.478243266938352e-05, ""UV401"": 0.0}",0.4185221827965104,0.98678248055714,0.0081727693874912,0.0904033704432043,0.0212186356277999
LIT301,actual_next,local_support,ols,"[""LIT301"", ""FIT301"", ""DPIT301"", ""MV301"", ""MV302"", ""MV303"", ""MV304"", ""P301"", ""P302""]","{""DPIT301"": 0.12357781881993384, ""FIT301"": -1.3124963048511096, ""LIT301"": 0.9954256686789038, ""MV301"": 0.1749427313441221, ""MV302"": 0.027054646850167313, ""MV303"": 2.0947833045794817, ""MV304"": 0.276221576781678, ""P301"": 0.0, ""P302"": -1.078271542021749}",3.8535635473068623,0.9993397680056956,3.267887876512196,1.8077300341898943,1.3447334610726522
LIT301,actual_next,local_support,ridge,"[""LIT301"", ""FIT301"", ""DPIT301"", ""MV301"", ""MV302"", ""MV303"", ""MV304"", ""P301"", ""P302""]","{""DPIT301"": 0.12176619506426604, ""FIT301"": -1.3028737207616021, ""LIT301"": 0.9954198500218545, ""MV301"": 0.17737149414818654, ""MV302"": 0.03143098468538729, ""MV303"": 2.082763629238946, ""MV304"": 0.2719245862842333, ""P301"": 0.0, ""P302"": -1.0730405186293166}",3.867887707081536,0.9993397562483232,3.2679460708667443,1.8077461300931457,1.3449311029319542
LIT301,actual_next,self_only,ols,"[""LIT301""]","{""LIT301"": 0.9995885023419289}",0.3720158643510558,0.999238172707807,3.770744516519385,1.941840497188012,1.3118385622848396
LIT301,actual_next,self_only,ridge,"[""LIT301""]","{""LIT301"": 0.9995884767940577}",0.3720390563919409,0.9992381727210428,3.770744451006785,1.9418404803193243,1.3118384860882055
LIT301,actual_next,self_plus_local,ols,"[""LIT301"", ""FIT301"", ""DPIT301"", ""MV301"", ""MV302"", ""MV303"", ""MV304"", ""P301"", ""P302""]","{""DPIT301"": 0.12357781881993384, ""FIT301"": -1.3124963048511096, ""LIT301"": 0.9954256686789038, ""MV301"": 0.1749427313441221, ""MV302"": 0.027054646850167313, ""MV303"": 2.0947833045794817, ""MV304"": 0.276221576781678, ""P301"": 0.0, ""P302"": -1.078271542021749}",3.8535635473068623,0.9993397680056956,3.267887876512196,1.8077300341898943,1.3447334610726522
LIT301,actual_next,self_plus_local,ridge,"[""LIT301"", ""FIT301"", ""DPIT301"", ""MV301"", ""MV302"", ""MV303"", ""MV304"", ""P301"", ""P302""]","{""DPIT301"": 0.12176619506426604, ""FIT301"": -1.3028737207616021, ""LIT301"": 0.9954198500218545, ""MV301"": 0.17737149414818654, ""MV302"": 0.03143098468538729, ""MV303"": 2.082763629238946, ""MV304"": 0.2719245862842333, ""P301"": 0.0, ""P302"": -1.0730405186293166}",3.867887707081536,0.9993397562483232,3.2679460708667443,1.8077461300931457,1.3449311029319542
LIT301,actual_next,all51,ols,"[""FIT101"", ""LIT101"", ""MV101"", ""P101"", ""P102"", ""AIT201"", ""AIT202"", ""AIT203"", ""FIT201"", ""MV201"", ""P201"", ""P202"", ""P203"", ""P204"", ""P205"", ""P206"", ""DPIT301"", ""FIT301"", ""LIT301"", ""MV301"", ""MV302"", ""MV303"", ""MV304"", ""P301"", ""P302"", ""AIT401"", ""AIT402"", ""FIT401"", ""LIT401"", ""P401"", ""P402"", ""P403"", ""P404"", ""UV401"", ""AIT501"", ""AIT502"", ""AIT503"", ""AIT504"", ""FIT501"", ""FIT502"", ""FIT503"", ""FIT504"", ""P501"", ""P502"", ""PIT501"", ""PIT502"", ""PIT503"", ""FIT601"", ""P601"", ""P602"", ""P603""]","{""AIT201"": -0.02635188899566593, ""AIT202"": -4.453726955049431, ""AIT203"": 0.10553768732371249, ""AIT401"": -3.1318305271482503, ""AIT402"": 0.06316485899108314, ""AIT501"": 10.597433928774738, ""AIT502"": -0.11473239682145431, ""AIT503"": 0.0015107614861622487, ""AIT504"": -0.18368653978058436, ""DPIT301"": -0.045222046105550584, ""FIT101"": -0.03269615334143342, ""FIT201"": 1.2858846019700074, ""FIT301"": -1.4681581593095943, ""FIT401"": -1.3022822045257751, ""FIT501"": 9.228165551522938, ""FIT502"": -0.7295516796249523, ""FIT503"": 10.738987348224809, ""FIT504"": 16.23061073100841, ""FIT601"": 0.36516778221843244, ""LIT101"": -0.0010793957578665858, ""LIT301"": 1.0010195982650556, ""LIT401"": 0.0014038891294194111, ""MV101"": 0.012726997129695827, ""MV201"": -0.007281553632753027, ""MV301"": 0.46537460288315946, ""MV302"": 0.312434287234836, ""MV303"": 0.06085569227474916, ""MV304"": -0.10569359550995866, ""P101"": 0.1528007828764902, ""P102"": -1.7182644196367391e-12, ""P201"": 7.431277815328485e-13, ""P202"": 4.652500606994181e-12, ""P203"": -0.08659900762802272, ""P204"": -7.401856905175919e-13, ""P205"": -0.0865990076259339, ""P206"": 2.3072654897760003e-12, ""P301"": 1.3322676295501878e-15, ""P302"": -0.5777687022589484, ""P401"": 8.881784197001252e-15, ""P402"": -1.7763568394002505e-15, ""P403"": 3.552713678800501e-15, ""P404"": -1.7763568394002505e-15, ""P501"": 0.0, ""P502"": 0.0, ""P601"": 0.0, ""P602"": -1.0607899754823986, ""P603"": 0.0, ""PIT501"": -0.1989411598622255, ""PIT502"": -0.2460430523659351, ""PIT503"": 0.1716848726783763, ""UV401"": 0.0}",393.4850454492524,0.9998335679089996,0.823773184479512,0.907619515259292,0.7088197977105041
LIT301,actual_next,all51,ridge,"[""FIT101"", ""LIT101"", ""MV101"", ""P101"", ""P102"", ""AIT201"", ""AIT202"", ""AIT203"", ""FIT201"", ""MV201"", ""P201"", ""P202"", ""P203"", ""P204"", ""P205"", ""P206"", ""DPIT301"", ""FIT301"", ""LIT301"", ""MV301"", ""MV302"", ""MV303"", ""MV304"", ""P301"", ""P302"", ""AIT401"", ""AIT402"", ""FIT401"", ""LIT401"", ""P401"", ""P402"", ""P403"", ""P404"", ""UV401"", ""AIT501"", ""AIT502"", ""AIT503"", ""AIT504"", ""FIT501"", ""FIT502"", ""FIT503"", ""FIT504"", ""P501"", ""P502"", ""PIT501"", ""PIT502"", ""PIT503"", ""FIT601"", ""P601"", ""P602"", ""P603""]","{""AIT201"": 0.01502538754966791, ""AIT202"": -0.4672072369283026, ""AIT203"": 0.11589101331793156, ""AIT401"": -0.19974610152533043, ""AIT402"": 0.053286724297598266, ""AIT501"": 0.9287433484635924, ""AIT502"": -0.16206770194025338, ""AIT503"": 0.0009021791239740864, ""AIT504"": -0.10589740894304542, ""DPIT301"": -0.051151899692914574, ""FIT101"": -0.026082610427745977, ""FIT201"": 1.3098928652608264, ""FIT301"": -1.4328409784256935, ""FIT401"": 0.16388000098915767, ""FIT501"": 0.3059189267408565, ""FIT502"": -0.3099145500420212, ""FIT503"": 0.04767861733295943, ""FIT504"": 0.04097796920247387, ""FIT601"": 0.29664836673989275, ""LIT101"": -0.0013488803415365406, ""LIT301"": 1.0009949491966783, ""LIT401"": 0.001966344503059408, ""MV101"": 0.01296557101279152, ""MV201"": -0.036669507125906, ""MV301"": 0.39578803867032414, ""MV302"": 0.3263532843699743, ""MV303"": 0.0625154834317511, ""MV304"": -0.1134896138227924, ""P101"": 0.17028830443217713, ""P102"": 0.0, ""P201"": 0.0, ""P202"": 0.0, ""P203"": -0.04447788988094622, ""P204"": 0.0, ""P205"": -0.04447788987176187, ""P206"": 0.0, ""P301"": 0.0, ""P302"": -0.5782070053455759, ""P401"": 0.0, ""P402"": 0.0, ""P403"": 0.0, ""P404"": 0.0, ""P501"": 0.0, ""P502"": 0.0, ""P601"": 0.0, ""P602"": -0.8904137662332269, ""P603"": 0.0, ""PIT501"": -0.19756711412236663, ""PIT502"": -0.18267504326847947, ""PIT503"": 0.1991725622137685, ""UV401"": 0.0}",12.320777318997216,0.9998396583134234,0.7936280855572692,0.8908580613977005,0.6930724550019726
AIT401,actual_next,self_only,ols,"[""AIT401""]","{""AIT401"": 0.5950380513475633}",60.25947186557861,0.3017756778293937,1.1337429810665696e-05,0.0033671100086967,0.001603549249413
AIT401,actual_next,self_only,ridge,"[""AIT401""]","{""AIT401"": 0.04099895698030838}",142.70204043418315,-0.2389091672648255,2.011680956915046e-05,0.0044851766486004,0.0030800478774317
AIT401,actual_next,self_plus_local,ols,"[""AIT401""]","{""AIT401"": 0.5950380513475633}",60.25947186557861,0.3017756778293937,1.1337429810665696e-05,0.0033671100086967,0.001603549249413
AIT401,actual_next,self_plus_local,ridge,"[""AIT401""]","{""AIT401"": 0.04099895698030838}",142.70204043418315,-0.2389091672648255,2.011680956915046e-05,0.0044851766486004,0.0030800478774317
AIT401,actual_next,all51,ols,"[""FIT101"", ""LIT101"", ""MV101"", ""P101"", ""P102"", ""AIT201"", ""AIT202"", ""AIT203"", ""FIT201"", ""MV201"", ""P201"", ""P202"", ""P203"", ""P204"", ""P205"", ""P206"", ""DPIT301"", ""FIT301"", ""LIT301"", ""MV301"", ""MV302"", ""MV303"", ""MV304"", ""P301"", ""P302"", ""AIT401"", ""AIT402"", ""FIT401"", ""LIT401"", ""P401"", ""P402"", ""P403"", ""P404"", ""UV401"", ""AIT501"", ""AIT502"", ""AIT503"", ""AIT504"", ""FIT501"", ""FIT502"", ""FIT503"", ""FIT504"", ""P501"", ""P502"", ""PIT501"", ""PIT502"", ""PIT503"", ""FIT601"", ""P601"", ""P602"", ""P603""]","{""AIT201"": 8.889376890122493e-06, ""AIT202"": 0.0007559401950544252, ""AIT203"": -7.098201071880604e-06, ""AIT401"": 0.5881502492864344, ""AIT402"": -0.00014061252359334978, ""AIT501"": 0.0020971631693229627, ""AIT502"": 0.00015366029050306834, ""AIT503"": 3.678449151737795e-05, ""AIT504"": -4.684016266150984e-05, ""DPIT301"": -5.396891968619959e-05, ""FIT101"": -4.873820249326537e-05, ""FIT201"": -0.0002557221187919046, ""FIT301"": 0.0005985558481207219, ""FIT401"": 0.0075669904015957055, ""FIT501"": 0.009178010779398853, ""FIT502"": -0.0008202408455483529, ""FIT503"": 0.03042336030041172, ""FIT504"": -0.005599250810232036, ""FIT601"": -8.680283927584376e-05, ""LIT101"": -1.1165311080918914e-06, ""LIT301"": -2.6595718154653284e-06, ""LIT401"": -5.642985151496551e-07, ""MV101"": 0.00010871809866623608, ""MV201"": -0.0006377190013681172, ""MV301"": 0.0007054439133549263, ""MV302"": 0.0004626003892121366, ""MV303"": -0.00030395862360854735, ""MV304"": 1.0155745384684185e-05, ""P101"": 0.0008994538649573023, ""P102"": 4.154635619910141e-15, ""P201"": -2.8264337485067736e-15, ""P202"": -5.285729536355643e-15, ""P203"": 0.00012212517870311963, ""P204"": -3.092957747558023e-14, ""P205"": 0.00012212517870688057, ""P206"": -1.1028721338957048e-14, ""P301"": -2.8076499458684623e-15, ""P302"": -0.000937025183869033, ""P401"": -9.71445146547012e-17, ""P402"": -3.885780586188048e-16, ""P403"": 0.0, ""P404"": -4.996003610813204e-16, ""P501"": 0.0, ""P502"": 0.0, ""P601"": 0.0, ""P602"": -0.0006569553223413687, ""P603"": 0.0, ""PIT501"": 0.00013720867581479054, ""PIT502"": 0.0007642226420487331, ""PIT503"": -4.824086428257442e-05, ""UV401"": 0.0}",61.18167843719881,0.3458860944795947,1.0621186138236484e-05,0.0032590161304044,0.0014149723380618
AIT401,actual_next,all51,ridge,"[""FIT101"", ""LIT101"", ""MV101"", ""P101"", ""P102"", ""AIT201"", ""AIT202"", ""AIT203"", ""FIT201"", ""MV201"", ""P201"", ""P202"", ""P203"", ""P204"", ""P205"", ""P206"", ""DPIT301"", ""FIT301"", ""LIT301"", ""MV301"", ""MV302"", ""MV303"", ""MV304"", ""P301"", ""P302"", ""AIT401"", ""AIT402"", ""FIT401"", ""LIT401"", ""P401"", ""P402"", ""P403"", ""P404"", ""UV401"", ""AIT501"", ""AIT502"", ""AIT503"", ""AIT504"", ""FIT501"", ""FIT502"", ""FIT503"", ""FIT504"", ""P501"", ""P502"", ""PIT501"", ""PIT502"", ""PIT503"", ""FIT601"", ""P601"", ""P602"", ""P603""]","{""AIT201"": -1.9489730149659844e-06, ""AIT202"": -0.00035632631311265713, ""AIT203"": -1.9176371602359405e-05, ""AIT401"": 0.039872647020901236, ""AIT402"": -0.0002907071933105571, ""AIT501"": 0.0007723305905308941, ""AIT502"": 0.00022547717589188485, ""AIT503"": 7.503345396897631e-05, ""AIT504"": 8.250985035184497e-05, ""DPIT301"": -3.031520264103978e-05, ""FIT101"": -6.93180785567822e-05, ""FIT201"": -0.0003361664474540783, ""FIT301"": 0.00028353658014087705, ""FIT401"": 0.0014436059879570668, ""FIT501"": 0.0012226729575883393, ""FIT502"": 0.0002868736030218535, ""FIT503"": -0.00021563751734262539, ""FIT504"": -0.00015768715317734765, ""FIT601"": -0.0001975681260736381, ""LIT101"": -2.6031628814130775e-06, ""LIT301"": -6.669086863096388e-06, ""LIT401"": 5.72253961471481e-07, ""MV101"": 0.00020477255493173117, ""MV201"": -0.0008619259079249541, ""MV301"": 0.0007340477597067696, ""MV302"": 0.00033619158408674664, ""MV303"": -0.00037094028059837987, ""MV304"": -3.6791190336647574e-05, ""P101"": 0.0009471427530455478, ""P102"": 0.0, ""P201"": 0.0, ""P202"": 0.0, ""P203"": 0.0001880866150952042, ""P204"": 0.0, ""P205"": 0.00018808661509520683, ""P206"": 0.0, ""P301"": 0.0, ""P302"": -0.0006892041992767756, ""P401"": 0.0, ""P402"": 0.0, ""P403"": 0.0, ""P404"": 0.0, ""P501"": 0.0, ""P502"": 0.0, ""P601"": 0.0, ""P602"": -0.0007354064174416099, ""P603"": 0.0, ""PIT501"": -0.00012426879464155562, ""PIT502"": 0.0005448718039495818, ""PIT503"": 0.0004102183435805449, ""UV401"": 0.0}",142.8214961005397,-0.0823129800762096,1.7574076203246612e-05,0.0041921445828175,0.0027408798211114
AIT402,actual_next,self_only,ols,"[""AIT402""]","{""AIT402"": 0.9958890233093162}",0.6486458337779197,0.9648008216658616,0.0156788205549043,0.1252150971524774,0.0832018453605225
AIT402,actual_next,self_only,ridge,"[""AIT402""]","{""AIT402"": 0.9958211850904801}",0.6593608953966168,0.9647983192301632,0.0156799352184312,0.1252195480683078,0.0832560740687087
AIT402,actual_next,self_plus_local,ols,"[""AIT402""]","{""AIT402"": 0.9958890233093162}",0.6486458337779197,0.9648008216658616,0.0156788205549043,0.1252150971524774,0.0832018453605225
AIT402,actual_next,self_plus_local,ridge,"[""AIT402""]","{""AIT402"": 0.9958211850904801}",0.6593608953966168,0.9647983192301632,0.0156799352184312,0.1252195480683078,0.0832560740687087
AIT402,actual_next,all51,ols,"[""FIT101"", ""LIT101"", ""MV101"", ""P101"", ""P102"", ""AIT201"", ""AIT202"", ""AIT203"", ""FIT201"", ""MV201"", ""P201"", ""P202"", ""P203"", ""P204"", ""P205"", ""P206"", ""DPIT301"", ""FIT301"", ""LIT301"", ""MV301"", ""MV302"", ""MV303"", ""MV304"", ""P301"", ""P302"", ""AIT401"", ""AIT402"", ""FIT401"", ""LIT401"", ""P401"", ""P402"", ""P403"", ""P404"", ""UV401"", ""AIT501"", ""AIT502"", ""AIT503"", ""AIT504"", ""FIT501"", ""FIT502"", ""FIT503"", ""FIT504"", ""P501"", ""P502"", ""PIT501"", ""PIT502"", ""PIT503"", ""FIT601"", ""P601"", ""P602"", ""P603""]","{""AIT201"": 0.06798269184430758, ""AIT202"": 1.171358090755619, ""AIT203"": 0.010358646924500975, ""AIT401"": -0.445074807700972, ""AIT402"": 0.8208149731001534, ""AIT501"": 0.6229668450312168, ""AIT502"": 0.15724193028721892, ""AIT503"": 0.0035724658277970223, ""AIT504"": 0.0316647781984187, ""DPIT301"": 0.004583279592791034, ""FIT101"": 0.0003248037662846136, ""FIT201"": -0.004138468092301985, ""FIT301"": 0.0037343966385808836, ""FIT401"": -0.6784419143992627, ""FIT501"": -0.8687172051558294, ""FIT502"": -0.05517422816063252, ""FIT503"": -0.9374653638708453, ""FIT504"": 0.6145587071093385, ""FIT601"": 0.021080895585699422, ""LIT101"": -5.27797792815388e-05, ""LIT301"": -0.00019906902514282843, ""LIT401"": 9.762982550598487e-05, ""MV101"": 0.0010389259896667453, ""MV201"": -0.016846867866222012, ""MV301"": -0.02656183866251704, ""MV302"": 0.006229202961663901, ""MV303"": 0.007195462365733388, ""MV304"": 0.011957368590743173, ""P101"": -0.002804771891367982, ""P102"": 1.5035125922047143e-12, ""P201"": -1.220135104063047e-13, ""P202"": -6.840222832593668e-13, ""P203"": -0.013584106386311662, ""P204"": 8.347489366400396e-13, ""P205"": -0.013584106386806825, ""P206"": -7.240041899336802e-14, ""P301"": 6.661338147750939e-15, ""P302"": -0.06449841263228806, ""P401"": 2.220446049250313e-16, ""P402"": 2.220446049250313e-15, ""P403"": 6.106226635438361e-16, ""P404"": 9.992007221626409e-16, ""P501"": 0.0, ""P502"": 0.0, ""P601"": 0.0, ""P602"": 0.01601376129312244, ""P603"": 0.0, ""PIT501"": -0.009418721369596705, ""PIT502"": 0.039367613951278045, ""PIT503"": 0.038320663769112195, ""UV401"": 5.551115123125783e-17}",32.75217925448159,0.965048523202178,0.0155684865038588,0.1247737412433355,0.0939858052189099
AIT402,actual_next,all51,ridge,"[""FIT101"", ""LIT101"", ""MV101"", ""P101"", ""P102"", ""AIT201"", ""AIT202"", ""AIT203"", ""FIT201"", ""MV201"", ""P201"", ""P202"", ""P203"", ""P204"", ""P205"", ""P206"", ""DPIT301"", ""FIT301"", ""LIT301"", ""MV301"", ""MV302"", ""MV303"", ""MV304"", ""P301"", ""P302"", ""AIT401"", ""AIT402"", ""FIT401"", ""LIT401"", ""P401"", ""P402"", ""P403"", ""P404"", ""UV401"", ""AIT501"", ""AIT502"", ""AIT503"", ""AIT504"", ""FIT501"", ""FIT502"", ""FIT503"", ""FIT504"", ""P501"", ""P502"", ""PIT501"", ""PIT502"", ""PIT503"", ""FIT601"", ""P601"", ""P602"", ""P603""]","{""AIT201"": 0.0646943316994657, ""AIT202"": 0.19934013693460625, ""AIT203"": 0.004029296472299796, ""AIT401"": -0.031213037736567077, ""AIT402"": 0.8264380210689646, ""AIT501"": 0.08173459157571457, ""AIT502"": 0.15409675616665724, ""AIT503"": 0.0037159617444579313, ""AIT504"": 0.008917934951335934, ""DPIT301"": 0.0052379986961320095, ""FIT101"": -0.0011913931121838117, ""FIT201"": 0.0018491623970561268, ""FIT301"": -0.0023727816959186916, ""FIT401"": -0.11756859170488135, ""FIT501"": -0.11481458656779336, ""FIT502"": -0.07241487939927631, ""FIT503"": 0.010603805717673833, ""FIT504"": 0.022550810258335854, ""FIT601"": 0.02219365610713037, ""LIT101"": 3.585806958046719e-06, ""LIT301"": -0.00022406909201356487, ""LIT401"": 3.887260041912084e-05, ""MV101"": 0.00014849672567417746, ""MV201"": -0.01803974440095045, ""MV301"": -0.022855189863824222, ""MV302"": 0.002828441401855862, ""MV303"": 0.008268460995468067, ""MV304"": 0.01034688855113376, ""P101"": -0.003511971135274771, ""P102"": 0.0, ""P201"": 0.0, ""P202"": 0.0, ""P203"": -0.012655288569947644, ""P204"": 0.0, ""P205"": -0.012655288570032256, ""P206"": 0.0, ""P301"": 0.0, ""P302"": -0.05924640900800662, ""P401"": 0.0, ""P402"": 0.0, ""P403"": 0.0, ""P404"": 0.0, ""P501"": 0.0, ""P502"": 0.0, ""P601"": 0.0, ""P602"": 0.007984713676461808, ""P603"": 0.0, ""PIT501"": -0.003997265350684012, ""PIT502"": 0.005305414110042763, ""PIT503"": 0.03531616281934256, ""UV401"": 0.0}",-17.132179950731995,0.9662758279633176,0.0150218063815725,0.122563478987717,0.0925143829665785
FIT401,actual_next,self_only,ols,"[""FIT401""]","{""FIT401"": 0.9242263180970821}",0.1307444096507077,0.297961405617147,9.339745395886175e-06,0.0030560997031978,0.0024097000867351
FIT401,actual_next,self_only,ridge,"[""FIT401""]","{""FIT401"": 0.3194600767551383}",1.174237232750293,-1.527668640275798,3.3627469677923976e-05,0.0057989196992132,0.0050507617076027
FIT401,actual_next,self_plus_local,ols,"[""FIT401""]","{""FIT401"": 0.9242263180970821}",0.1307444096507077,0.297961405617147,9.339745395886175e-06,0.0030560997031978,0.0024097000867351
FIT401,actual_next,self_plus_local,ridge,"[""FIT401""]","{""FIT401"": 0.3194600767551383}",1.174237232750293,-1.527668640275798,3.3627469677923976e-05,0.0057989196992132,0.0050507617076027
FIT401,actual_next,all51,ols,"[""FIT101"", ""LIT101"", ""MV101"", ""P101"", ""P102"", ""AIT201"", ""AIT202"", ""AIT203"", ""FIT201"", ""MV201"", ""P201"", ""P202"", ""P203"", ""P204"", ""P205"", ""P206"", ""DPIT301"", ""FIT301"", ""LIT301"", ""MV301"", ""MV302"", ""MV303"", ""MV304"", ""P301"", ""P302"", ""AIT401"", ""AIT402"", ""FIT401"", ""LIT401"", ""P401"", ""P402"", ""P403"", ""P404"", ""UV401"", ""AIT501"", ""AIT502"", ""AIT503"", ""AIT504"", ""FIT501"", ""FIT502"", ""FIT503"", ""FIT504"", ""P501"", ""P502"", ""PIT501"", ""PIT502"", ""PIT503"", ""FIT601"", ""P601"", ""P602"", ""P603""]","{""AIT201"": -0.0005659447469938807, ""AIT202"": -0.04224908580062604, ""AIT203"": -0.00013846160633224818, ""AIT401"": 0.005607005773685501, ""AIT402"": 0.00024547709510704075, ""AIT501"": 0.059642001267631445, ""AIT502"": -2.617714325469679e-05, ""AIT503"": -3.7194779875744655e-05, ""AIT504"": 0.0007568397092341259, ""DPIT301"": -4.238421508945961e-05, ""FIT101"": -6.411086184780377e-06, ""FIT201"": 0.00017240207957582953, ""FIT301"": 0.0003815006340498234, ""FIT401"": 0.1739807031503854, ""FIT501"": 0.4041548067727439, ""FIT502"": 0.005280320234082636, ""FIT503"": -0.14190480126325153, ""FIT504"": -0.24252409012007176, ""FIT601"": -0.0002810998985184232, ""LIT101"": 2.5849157580178303e-06, ""LIT301"": -2.8752463739761813e-06, ""LIT401"": 1.2376308534590378e-05, ""MV101"": -0.00022191620050098269, ""MV201"": -0.0001259306912581755, ""MV301"": -0.00014085216426638024, ""MV302"": 0.00016274798922696215, ""MV303"": 3.49386916852993e-05, ""MV304"": 2.2422312770257227e-05, ""P101"": -0.0006114592217528976, ""P102"": -1.4465849579401585e-13, ""P201"": 1.6860102723670334e-14, ""P202"": 4.882292486962925e-14, ""P203"": -0.0003723370339449553, ""P204"": -1.769435292731103e-13, ""P205"": -0.0003723370339139714, ""P206"": -3.1504313047214794e-14, ""P301"": -3.469446951953614e-16, ""P302"": -0.00034719841673625114, ""P401"": 2.220446049250313e-16, ""P402"": -3.469446951953614e-17, ""P403"": 5.551115123125783e-17, ""P404"": 0.0, ""P501"": 0.0, ""P502"": 0.0, ""P601"": 0.0, ""P602"": 0.0002148862365855585, ""P603"": 0.0, ""PIT501"": -0.0011422989522825548, ""PIT502"": 0.0031901502940752816, ""PIT503"": 0.00014220269040909027, ""UV401"": -6.071532165918825e-18}",0.3519262784876837,0.370059431649211,8.380571338970683e-06,0.0028949216464302,0.0022928215664135
FIT401,actual_next,all51,ridge,"[""FIT101"", ""LIT101"", ""MV101"", ""P101"", ""P102"", ""AIT201"", ""AIT202"", ""AIT203"", ""FIT201"", ""MV201"", ""P201"", ""P202"", ""P203"", ""P204"", ""P205"", ""P206"", ""DPIT301"", ""FIT301"", ""LIT301"", ""MV301"", ""MV302"", ""MV303"", ""MV304"", ""P301"", ""P302"", ""AIT401"", ""AIT402"", ""FIT401"", ""LIT401"", ""P401"", ""P402"", ""P403"", ""P404"", ""UV401"", ""AIT501"", ""AIT502"", ""AIT503"", ""AIT504"", ""FIT501"", ""FIT502"", ""FIT503"", ""FIT504"", ""P501"", ""P502"", ""PIT501"", ""PIT502"", ""PIT503"", ""FIT601"", ""P601"", ""P602"", ""P603""]","{""AIT201"": -0.0001364419393405985, ""AIT202"": -0.017783919654523257, ""AIT203"": -2.5876141523509623e-06, ""AIT401"": 0.0010844102917682307, ""AIT402"": -0.0010211183599362903, ""AIT501"": 0.0030756340027933253, ""AIT502"": 0.0003553420346678959, ""AIT503"": -0.0002655073703829631, ""AIT504"": 0.007687091486075026, ""DPIT301"": -0.00019507242086090173, ""FIT101"": 9.943826480076028e-05, ""FIT201"": 0.0005839202740575322, ""FIT301"": 0.0013403409992871244, ""FIT401"": 0.037341556389322565, ""FIT501"": 0.03906290283022111, ""FIT502"": 0.0168430709295988, ""FIT503"": -0.006824298351805964, ""FIT504"": -0.00755170689507095, ""FIT601"": -0.0004365577951980542, ""LIT101"": -2.6937354345996546e-06, ""LIT301"": -9.398820035431893e-06, ""LIT401"": 3.214177394376028e-05, ""MV101"": -0.00024002657743940213, ""MV201"": 0.00046612217065656437, ""MV301"": -0.0001408721032375305, ""MV302"": 0.0007368408807277767, ""MV303"": -0.00010922013118357285, ""MV304"": 0.00026966717244050384, ""P101"": -0.001733528478082005, ""P102"": 0.0, ""P201"": 0.0, ""P202"": 0.0, ""P203"": -0.0009015911166361432, ""P204"": 0.0, ""P205"": -0.0009015911166357659, ""P206"": 0.0, ""P301"": 0.0, ""P302"": -0.0008571789066616519, ""P401"": 0.0, ""P402"": 0.0, ""P403"": 0.0, ""P404"": 0.0, ""P501"": 0.0, ""P502"": 0.0, ""P601"": 0.0, ""P602"": 0.0002467867526139101, ""P603"": 0.0, ""PIT501"": -0.0022955071997975817, ""PIT502"": 0.013159452702822419, ""PIT503"": 0.0014924224552924138, ""UV401"": 0.0}",1.9255934918616424,-3.6850090172835577,6.232818501570414e-05,0.0078948201382744,0.0063752458265942
LIT401,actual_next,self_only,ols,"[""LIT401""]","{""LIT401"": 0.9996384928808918}",0.3139310180779375,0.998986677141156,3.190202414724844,1.7861137742945838,1.3974527165680528
LIT401,actual_next,self_only,ridge,"[""LIT401""]","{""LIT401"": 0.9996384567157884}",0.3139632969057402,0.9989866771794952,3.1902022940225154,1.7861137405054908,1.3974526235003466
LIT401,actual_next,self_plus_local,ols,"[""LIT401""]","{""LIT401"": 0.9996384928808918}",0.3139310180779375,0.998986677141156,3.190202414724844,1.7861137742945838,1.3974527165680528
LIT401,actual_next,self_plus_local,ridge,"[""LIT401""]","{""LIT401"": 0.9996384567157884}",0.3139632969057402,0.9989866771794952,3.1902022940225154,1.7861137405054908,1.3974526235003466
LIT401,actual_next,all51,ols,"[""FIT101"", ""LIT101"", ""MV101"", ""P101"", ""P102"", ""AIT201"", ""AIT202"", ""AIT203"", ""FIT201"", ""MV201"", ""P201"", ""P202"", ""P203"", ""P204"", ""P205"", ""P206"", ""DPIT301"", ""FIT301"", ""LIT301"", ""MV301"", ""MV302"", ""MV303"", ""MV304"", ""P301"", ""P302"", ""AIT401"", ""AIT402"", ""FIT401"", ""LIT401"", ""P401"", ""P402"", ""P403"", ""P404"", ""UV401"", ""AIT501"", ""AIT502"", ""AIT503"", ""AIT504"", ""FIT501"", ""FIT502"", ""FIT503"", ""FIT504"", ""P501"", ""P502"", ""PIT501"", ""PIT502"", ""PIT503"", ""FIT601"", ""P601"", ""P602"", ""P603""]","{""AIT201"": -0.004372512718826105, ""AIT202"": 1.5276966241797136, ""AIT203"": 0.005437682756717771, ""AIT401"": 1.5588936345027498, ""AIT402"": 0.03605650412799194, ""AIT501"": -0.49986534777446806, ""AIT502"": -0.09504643531323803, ""AIT503"": 0.01440247406987305, ""AIT504"": 0.029695044169783524, ""DPIT301"": 0.5083672290191605, ""FIT101"": -0.06224573465435654, ""FIT201"": 0.01562514492018166, ""FIT301"": -1.735250264158363, ""FIT401"": -6.9195474310891525, ""FIT501"": 6.659801272502991, ""FIT502"": 0.44052461348397026, ""FIT503"": -13.876417658587645, ""FIT504"": 21.489719068394983, ""FIT601"": -0.20142969226161098, ""LIT101"": -0.00013249405495474598, ""LIT301"": -0.000716997412078868, ""LIT401"": 1.0007333070455229, ""MV101"": 0.16859794523985971, ""MV201"": -0.36746695613387104, ""MV301"": -1.0610406476947523, ""MV302"": -0.5792674125270194, ""MV303"": -0.0702691848921137, ""MV304"": 0.2415300623258831, ""P101"": 0.2874941577975094, ""P102"": 4.5240339252572426e-12, ""P201"": 6.245004513516506e-14, ""P202"": 1.7381096562019138e-12, ""P203"": 0.08949159204080562, ""P204"": 3.655908908939409e-12, ""P205"": 0.08949159203991908, ""P206"": 2.679689803386509e-12, ""P301"": 5.670464098272987e-14, ""P302"": -0.6541939498600521, ""P401"": -2.4702462297909733e-15, ""P402"": 4.085620730620576e-14, ""P403"": 1.2434497875801753e-14, ""P404"": 1.7319479184152442e-14, ""P501"": 0.0, ""P502"": 0.0, ""P601"": 0.0, ""P602"": 2.717126000142316, ""P603"": 0.0, ""PIT501"": 0.10760009278028959, ""PIT502"": 0.20230547323352394, ""PIT503"": -0.11122934754310781, ""UV401"": 4.440892098500626e-16}",-245.3961069072418,0.999742184008256,0.8116714157167035,0.9009280857630666,0.7041454865928781
LIT401,actual_next,all51,ridge,"[""FIT101"", ""LIT101"", ""MV101"", ""P101"", ""P102"", ""AIT201"", ""AIT202"", ""AIT203"", ""FIT201"", ""MV201"", ""P201"", ""P202"", ""P203"", ""P204"", ""P205"", ""P206"", ""DPIT301"", ""FIT301"", ""LIT301"", ""MV301"", ""MV302"", ""MV303"", ""MV304"", ""P301"", ""P302"", ""AIT401"", ""AIT402"", ""FIT401"", ""LIT401"", ""P401"", ""P402"", ""P403"", ""P404"", ""UV401"", ""AIT501"", ""AIT502"", ""AIT503"", ""AIT504"", ""FIT501"", ""FIT502"", ""FIT503"", ""FIT504"", ""P501"", ""P502"", ""PIT501"", ""PIT502"", ""PIT503"", ""FIT601"", ""P601"", ""P602"", ""P603""]","{""AIT201"": -0.012047640091157859, ""AIT202"": 0.23747709930092678, ""AIT203"": -0.0010089574559559644, ""AIT401"": 0.10946030735858693, ""AIT402"": 0.04444425367990825, ""AIT501"": -0.030827809014238355, ""AIT502"": -0.09395146192150713, ""AIT503"": 0.014845589677550435, ""AIT504"": -0.0027601826577296133, ""DPIT301"": 0.5056225191984423, ""FIT101"": -0.06344869547297934, ""FIT201"": 0.034474911673593345, ""FIT301"": -1.7150728438987513, ""FIT401"": -0.2628893023812913, ""FIT501"": -0.027698822678267298, ""FIT502"": 0.2117659257673076, ""FIT503"": -0.07954810928789413, ""FIT504"": 0.12244137415497387, ""FIT601"": -0.03915870999171832, ""LIT101"": -5.1419975172015414e-05, ""LIT301"": -0.0007631195465322928, ""LIT401"": 1.0006310194923076, ""MV101"": 0.16773180058708154, ""MV201"": -0.3362288185711325, ""MV301"": -0.8689229023207543, ""MV302"": -0.5628554367001738, ""MV303"": -0.08083132218556618, ""MV304"": 0.23680463347304553, ""P101"": 0.2501063934212865, ""P102"": 0.0, ""P201"": 0.0, ""P202"": 0.0, ""P203"": 0.06715782879328801, ""P204"": 0.0, ""P205"": 0.0671578287921811, ""P206"": 0.0, ""P301"": 0.0, ""P302"": -0.6715296912020902, ""P401"": 0.0, ""P402"": 0.0, ""P403"": 0.0, ""P404"": 0.0, ""P501"": 0.0, ""P502"": 0.0, ""P601"": 0.0, ""P602"": 2.245061060833838, ""P603"": 0.0, ""PIT501"": 0.09376967279568281, ""PIT502"": 0.16242716732211757, ""PIT503"": -0.11421770511125919, ""UV401"": 0.0}",-18.29559587626227,0.999745399745096,0.8015474445236132,0.8952918208738496,0.6996568660584273
AIT501,actual_next,self_only,ols,"[""AIT501""]","{""AIT501"": 0.9936918308691682}",0.0497398677257638,0.7928619317544214,1.0306464138106476e-06,0.0010152075717855,0.0005101859772746
AIT501,actual_next,self_only,ridge,"[""AIT501""]","{""AIT501"": 0.35011987381620846}",5.124594910477477,-8.85381524478361,4.902913033034765e-05,0.0070020804287259,0.0068238738746449
AIT501,actual_next,self_plus_local,ols,"[""AIT501""]","{""AIT501"": 0.9936918308691682}",0.0497398677257638,0.7928619317544214,1.0306464138106476e-06,0.0010152075717855,0.0005101859772746
AIT501,actual_next,self_plus_local,ridge,"[""AIT501""]","{""AIT501"": 0.35011987381620846}",5.124594910477477,-8.85381524478361,4.902913033034765e-05,0.0070020804287259,0.0068238738746449
AIT501,actual_next,all51,ols,"[""FIT101"", ""LIT101"", ""MV101"", ""P101"", ""P102"", ""AIT201"", ""AIT202"", ""AIT203"", ""FIT201"", ""MV201"", ""P201"", ""P202"", ""P203"", ""P204"", ""P205"", ""P206"", ""DPIT301"", ""FIT301"", ""LIT301"", ""MV301"", ""MV302"", ""MV303"", ""MV304"", ""P301"", ""P302"", ""AIT401"", ""AIT402"", ""FIT401"", ""LIT401"", ""P401"", ""P402"", ""P403"", ""P404"", ""UV401"", ""AIT501"", ""AIT502"", ""AIT503"", ""AIT504"", ""FIT501"", ""FIT502"", ""FIT503"", ""FIT504"", ""P501"", ""P502"", ""PIT501"", ""PIT502"", ""PIT503"", ""FIT601"", ""P601"", ""P602"", ""P603""]","{""AIT201"": 0.00011630499331430604, ""AIT202"": 0.009627835113287535, ""AIT203"": 2.0174904643303898e-05, ""AIT401"": 0.0026627097485861515, ""AIT402"": -5.3782420820620695e-05, ""AIT501"": 0.9675918196766133, ""AIT502"": -0.00011440191946609189, ""AIT503"": 3.963880563418506e-05, ""AIT504"": -0.0002467186080535664, ""DPIT301"": -2.6148010049392885e-05, ""FIT101"": -1.2885542321633989e-05, ""FIT201"": 0.00020641345988632945, ""FIT301"": 0.00014678227626036683, ""FIT401"": 0.002235290561747259, ""FIT501"": 0.005769117025669978, ""FIT502"": 7.922815615329389e-05, ""FIT503"": 0.0031858502024179106, ""FIT504"": 0.008063112433158054, ""FIT601"": -0.00011203202904366016, ""LIT101"": -6.991164044531131e-07, ""LIT301"": -5.600296084850784e-07, ""LIT401"": 2.042816891251859e-06, ""MV101"": 6.958295812258679e-05, ""MV201"": -0.00012499586656101699, ""MV301"": -0.0002817340492523488, ""MV302"": 7.78746636224965e-05, ""MV303"": -0.00010056085096970095, ""MV304"": -4.5578343358037996e-05, ""P101"": 0.00014178475865056495, ""P102"": -3.467737978279234e-14, ""P201"": 3.090843553321676e-15, ""P202"": -4.53933765576231e-15, ""P203"": -7.77889406148033e-05, ""P204"": -1.3423290257108533e-14, ""P205"": -7.778894063093536e-05, ""P206"": -1.7911019889460533e-15, ""P301"": -7.37257477290143e-16, ""P302"": 1.53588380533338e-05, ""P401"": 4.440892098500626e-16, ""P402"": -4.440892098500626e-16, ""P403"": 1.1102230246251565e-16, ""P404"": -8.326672684688674e-17, ""P501"": 0.0, ""P502"": 0.0, ""P601"": 0.0, ""P602"": 0.0004648881851391849, ""P603"": 0.0, ""PIT501"": -0.00021118538045962736, ""PIT502"": -0.00016772331003477557, ""PIT503"": 0.00028821806979552594, ""UV401"": 0.0}",-0.2625185004087589,0.7913547218820933,1.0381457617718024e-06,0.0010188943820493,0.0005843233211885
AIT501,actual_next,all51,ridge,"[""FIT101"", ""LIT101"", ""MV101"", ""P101"", ""P102"", ""AIT201"", ""AIT202"", ""AIT203"", ""FIT201"", ""MV201"", ""P201"", ""P202"", ""P203"", ""P204"", ""P205"", ""P206"", ""DPIT301"", ""FIT301"", ""LIT301"", ""MV301"", ""MV302"", ""MV303"", ""MV304"", ""P301"", ""P302"", ""AIT401"", ""AIT402"", ""FIT401"", ""LIT401"", ""P401"", ""P402"", ""P403"", ""P404"", ""UV401"", ""AIT501"", ""AIT502"", ""AIT503"", ""AIT504"", ""FIT501"", ""FIT502"", ""FIT503"", ""FIT504"", ""P501"", ""P502"", ""PIT501"", ""PIT502"", ""PIT503"", ""FIT601"", ""P601"", ""P602"", ""P603""]","{""AIT201"": 0.001965209821199817, ""AIT202"": 0.01635007786872205, ""AIT203"": -0.0010843101081715162, ""AIT401"": 0.0011750342411799486, ""AIT402"": 0.0010380961057619763, ""AIT501"": 0.0921477468762819, ""AIT502"": -0.00469167227801507, ""AIT503"": -3.492360533812921e-05, ""AIT504"": 0.001107943911674597, ""DPIT301"": -0.0002421451224102312, ""FIT101"": 6.382987830120202e-05, ""FIT201"": 0.00556073048708595, ""FIT301"": 0.0007576016728945711, ""FIT401"": -0.002256021587445823, ""FIT501"": -0.0030132292915201744, ""FIT502"": 0.003113159407059099, ""FIT503"": 0.00034887186084250026, ""FIT504"": 0.0005329212024609974, ""FIT601"": 0.0003862635920608471, ""LIT101"": -5.677405359703696e-06, ""LIT301"": -1.404079079802324e-05, ""LIT401"": 3.069501789174343e-05, ""MV101"": -0.0002210385792230495, ""MV201"": -0.0018047679009805307, ""MV301"": 0.0010801199290719145, ""MV302"": 0.000538360100697905, ""MV303"": -0.00019429067455254144, ""MV304"": -0.00030078964245781143, ""P101"": 0.000553878320043232, ""P102"": 0.0, ""P201"": 0.0, ""P202"": 0.0, ""P203"": 0.0008680476765956905, ""P204"": 0.0, ""P205"": 0.0008680476765949126, ""P206"": 0.0, ""P301"": 0.0, ""P302"": 0.0005035755121311732, ""P401"": 0.0, ""P402"": 0.0, ""P403"": 0.0, ""P404"": 0.0, ""P501"": 0.0, ""P502"": 0.0, ""P601"": 0.0, ""P602"": -0.0030092082069871945, ""P603"": 0.0, ""PIT501"": 0.0007506358141010616, ""PIT502"": -0.0018742168751481887, ""PIT503"": 0.00226985496797422, ""UV401"": 0.0}",6.569700365869524,-9.413150059202442,5.181218428794638e-05,0.0071980680941448,0.0061172357781636
AIT502,actual_next,self_only,ols,"[""AIT502""]","{""AIT502"": 0.9919183802452942}",1.1751298421729928,0.9715404557532928,0.0149638332905265,0.1223267480583317,0.0817596050901075
AIT502,actual_next,self_only,ridge,"[""AIT502""]","{""AIT502"": 0.9917882161734457}",1.194062943449751,0.971540133248009,0.0149640028615941,0.1223274411634369,0.0818013387378756
AIT502,actual_next,self_plus_local,ols,"[""AIT502""]","{""AIT502"": 0.9919183802452942}",1.1751298421729928,0.9715404557532928,0.0149638332905265,0.1223267480583317,0.0817596050901075
AIT502,actual_next,self_plus_local,ridge,"[""AIT502""]","{""AIT502"": 0.9917882161734457}",1.194062943449751,0.971540133248009,0.0149640028615941,0.1223274411634369,0.0818013387378756
AIT502,actual_next,all51,ols,"[""FIT101"", ""LIT101"", ""MV101"", ""P101"", ""P102"", ""AIT201"", ""AIT202"", ""AIT203"", ""FIT201"", ""MV201"", ""P201"", ""P202"", ""P203"", ""P204"", ""P205"", ""P206"", ""DPIT301"", ""FIT301"", ""LIT301"", ""MV301"", ""MV302"", ""MV303"", ""MV304"", ""P301"", ""P302"", ""AIT401"", ""AIT402"", ""FIT401"", ""LIT401"", ""P401"", ""P402"", ""P403"", ""P404"", ""UV401"", ""AIT501"", ""AIT502"", ""AIT503"", ""AIT504"", ""FIT501"", ""FIT502"", ""FIT503"", ""FIT504"", ""P501"", ""P502"", ""PIT501"", ""PIT502"", ""PIT503"", ""FIT601"", ""P601"", ""P602"", ""P603""]","{""AIT201"": -0.029599188586362568, ""AIT202"": 1.3008048271892643, ""AIT203"": 0.011858762615458408, ""AIT401"": -0.08732493763600982, ""AIT402"": 0.12720394471049606, ""AIT501"": -3.501517184757279, ""AIT502"": 0.824938417108676, ""AIT503"": 0.004416975486991492, ""AIT504"": -0.01606634380771471, ""DPIT301"": -0.0027221570239965853, ""FIT101"": 0.0005478683620228776, ""FIT201"": -0.03688138472201885, ""FIT301"": 0.018899684109514113, ""FIT401"": 1.6194651073947044, ""FIT501"": -0.22930445379036152, ""FIT502"": 0.07987621021349266, ""FIT503"": -1.0901906173247897, ""FIT504"": -0.11940730134288828, ""FIT601"": -0.005978027219133559, ""LIT101"": -0.0001774700208756301, ""LIT301"": -0.00013224040333748022, ""LIT401"": 0.0005619394740290912, ""MV101"": 0.01214201716137712, ""MV201"": -0.03622729450403504, ""MV301"": -0.002219436326492346, ""MV302"": 0.018489727518338942, ""MV303"": -0.0006081088584156229, ""MV304"": 0.0068392722189318635, ""P101"": 0.06074575957164577, ""P102"": 9.87817466713281e-13, ""P201"": 2.220446049250313e-15, ""P202"": -6.238759509002989e-13, ""P203"": 0.009567698239018811, ""P204"": -5.767331057171532e-13, ""P205"": 0.009567698238856677, ""P206"": -7.122497036604614e-13, ""P301"": 3.774758283725532e-15, ""P302"": -0.004754250069153795, ""P401"": -2.6645352591003757e-15, ""P402"": 2.1371793224034263e-15, ""P403"": -4.440892098500626e-16, ""P404"": 8.881784197001252e-16, ""P501"": 0.0, ""P502"": 0.0, ""P601"": 0.0, ""P602"": 0.03896176929129442, ""P603"": 0.0, ""PIT501"": 0.01692663021679991, ""PIT502"": -0.10479061611759345, ""PIT503"": -0.026519901962629128, ""UV401"": 0.0}",36.908430933830246,0.9722441426891144,0.0145938395230551,0.1208049648112823,0.091153231345135
AIT502,actual_next,all51,ridge,"[""FIT101"", ""LIT101"", ""MV101"", ""P101"", ""P102"", ""AIT201"", ""AIT202"", ""AIT203"", ""FIT201"", ""MV201"", ""P201"", ""P202"", ""P203"", ""P204"", ""P205"", ""P206"", ""DPIT301"", ""FIT301"", ""LIT301"", ""MV301"", ""MV302"", ""MV303"", ""MV304"", ""P301"", ""P302"", ""AIT401"", ""AIT402"", ""FIT401"", ""LIT401"", ""P401"", ""P402"", ""P403"", ""P404"", ""UV401"", ""AIT501"", ""AIT502"", ""AIT503"", ""AIT504"", ""FIT501"", ""FIT502"", ""FIT503"", ""FIT504"", ""P501"", ""P502"", ""PIT501"", ""PIT502"", ""PIT503"", ""FIT601"", ""P601"", ""P602"", ""P603""]","{""AIT201"": -0.042269055940950886, ""AIT202"": 0.0877761752053198, ""AIT203"": 0.009319697402332534, ""AIT401"": -0.007556659909592111, ""AIT402"": 0.12590872152017665, ""AIT501"": -0.32007259558782614, ""AIT502"": 0.841476893562863, ""AIT503"": 0.0037539808572696603, ""AIT504"": -0.01397787457705391, ""DPIT301"": -0.0017282008863280945, ""FIT101"": -0.0009828259862390723, ""FIT201"": -0.05033470776305997, ""FIT301"": 0.014577183478442765, ""FIT401"": 0.09790149697399478, ""FIT501"": 0.06379182508512245, ""FIT502"": 0.059613783461264565, ""FIT503"": -0.01847873753814392, ""FIT504"": -0.01251695935179481, ""FIT601"": -0.006235225602681072, ""LIT101"": -0.00010773790370720584, ""LIT301"": -0.00014087282824483676, ""LIT401"": 0.000455510216424107, ""MV101"": 0.01159031223635202, ""MV201"": -0.023242590850089062, ""MV301"": -0.003914798682320964, ""MV302"": 0.015859033403711087, ""MV303"": -0.00018871155501228257, ""MV304"": 0.007691847686183501, ""P101"": 0.047259750410127775, ""P102"": 0.0, ""P201"": 0.0, ""P202"": 0.0, ""P203"": 0.0018637721625628359, ""P204"": 0.0, ""P205"": 0.0018637721627199038, ""P206"": 0.0, ""P301"": 0.0, ""P302"": -0.006331510886541008, ""P401"": 0.0, ""P402"": 0.0, ""P403"": 0.0, ""P404"": 0.0, ""P501"": 0.0, ""P502"": 0.0, ""P601"": 0.0, ""P602"": 0.042817148575869365, ""P603"": 0.0, ""PIT501"": 0.01197201440426727, ""PIT502"": -0.07781370363743513, ""PIT503"": -0.03088419365930886, ""UV401"": 0.0}",15.718142278071412,0.9717266664067322,0.0148659250053188,0.1219258996494134,0.0919515057436947
AIT503,actual_next,self_only,ols,"[""AIT503""]","{""AIT503"": 0.994940268852066}",1.3531059452769796,0.9854494086544467,0.0615198109776463,0.2480318749226525,0.1021167284396447
AIT503,actual_next,self_only,ridge,"[""AIT503""]","{""AIT503"": 0.9949235700252216}",1.357572969822229,0.9854486847190508,0.0615228717720606,0.2480380450093506,0.1021689243421695
AIT503,actual_next,self_plus_local,ols,"[""AIT503""]","{""AIT503"": 0.994940268852066}",1.3531059452769796,0.9854494086544467,0.0615198109776463,0.2480318749226525,0.1021167284396447
AIT503,actual_next,self_plus_local,ridge,"[""AIT503""]","{""AIT503"": 0.9949235700252216}",1.357572969822229,0.9854486847190508,0.0615228717720606,0.2480380450093506,0.1021689243421695
AIT503,actual_next,all51,ols,"[""FIT101"", ""LIT101"", ""MV101"", ""P101"", ""P102"", ""AIT201"", ""AIT202"", ""AIT203"", ""FIT201"", ""MV201"", ""P201"", ""P202"", ""P203"", ""P204"", ""P205"", ""P206"", ""DPIT301"", ""FIT301"", ""LIT301"", ""MV301"", ""MV302"", ""MV303"", ""MV304"", ""P301"", ""P302"", ""AIT401"", ""AIT402"", ""FIT401"", ""LIT401"", ""P401"", ""P402"", ""P403"", ""P404"", ""UV401"", ""AIT501"", ""AIT502"", ""AIT503"", ""AIT504"", ""FIT501"", ""FIT502"", ""FIT503"", ""FIT504"", ""P501"", ""P502"", ""PIT501"", ""PIT502"", ""PIT503"", ""FIT601"", ""P601"", ""P602"", ""P603""]","{""AIT201"": 0.06492896694033304, ""AIT202"": -1.0762481643908617, ""AIT203"": -0.00028334693227083374, ""AIT401"": 0.6609650564565432, ""AIT402"": -0.10651969582182416, ""AIT501"": -2.64420167060056, ""AIT502"": 0.0858527956672708, ""AIT503"": 0.9964720260838511, ""AIT504"": -0.20205389691638603, ""DPIT301"": 0.00554506625045359, ""FIT101"": 0.003497555149099019, ""FIT201"": -0.03158942642922047, ""FIT301"": -0.030733022255933648, ""FIT401"": 0.5216938070232894, ""FIT501"": 2.643443197581838, ""FIT502"": -0.06332058658630181, ""FIT503"": 0.8773419167679924, ""FIT504"": -0.5884863788117531, ""FIT601"": -0.0011277894371145916, ""LIT101"": -7.203484204324796e-05, ""LIT301"": 0.0003928598058844379, ""LIT401"": -0.0002564047131506514, ""MV101"": 0.010373370651627573, ""MV201"": -0.013119637779507337, ""MV301"": 0.011171667093382728, ""MV302"": 0.00914185626525961, ""MV303"": -0.01769991232285649, ""MV304"": -0.0028733768028296244, ""P101"": 0.0644515235953517, ""P102"": -1.2811349203722955e-12, ""P201"": 1.2068124277675452e-13, ""P202"": 7.689352626849555e-13, ""P203"": -0.009893517454596431, ""P204"": -8.659878369954299e-13, ""P205"": -0.009893517454119573, ""P206"": 1.428301921180264e-13, ""P301"": -5.218048215738236e-15, ""P302"": -0.008974095259874047, ""P401"": -1.3322676295501878e-15, ""P402"": -8.881784197001252e-16, ""P403"": -3.3306690738754696e-16, ""P404"": -1.3322676295501878e-15, ""P501"": 0.0, ""P502"": 0.0, ""P601"": 0.0, ""P602"": -0.02544998652668467, ""P603"": 0.0, ""PIT501"": 0.025945265340523327, ""PIT502"": 0.09135978696717477, ""PIT503"": -0.044836187159405405, ""UV401"": 0.0}",-81.85823695386239,0.9857528482559736,0.0602368702032315,0.2454320072916968,0.1129142065269478
AIT503,actual_next,all51,ridge,"[""FIT101"", ""LIT101"", ""MV101"", ""P101"", ""P102"", ""AIT201"", ""AIT202"", ""AIT203"", ""FIT201"", ""MV201"", ""P201"", ""P202"", ""P203"", ""P204"", ""P205"", ""P206"", ""DPIT301"", ""FIT301"", ""LIT301"", ""MV301"", ""MV302"", ""MV303"", ""MV304"", ""P301"", ""P302"", ""AIT401"", ""AIT402"", ""FIT401"", ""LIT401"", ""P401"", ""P402"", ""P403"", ""P404"", ""UV401"", ""AIT501"", ""AIT502"", ""AIT503"", ""AIT504"", ""FIT501"", ""FIT502"", ""FIT503"", ""FIT504"", ""P501"", ""P502"", ""PIT501"", ""PIT502"", ""PIT503"", ""FIT601"", ""P601"", ""P602"", ""P603""]","{""AIT201"": 0.06483368302732893, ""AIT202"": -0.24825058614904377, ""AIT203"": 0.007731915890658485, ""AIT401"": 0.04485274230098616, ""AIT402"": -0.11856067967994346, ""AIT501"": -0.27893081151254, ""AIT502"": 0.10118200869307953, ""AIT503"": 0.9957635557712532, ""AIT504"": -0.16473759630468254, ""DPIT301"": 0.005117442792013661, ""FIT101"": 0.0048736811432690055, ""FIT201"": -0.045683612837819916, ""FIT301"": -0.025238927745081158, ""FIT401"": 0.19601526835031224, ""FIT501"": 0.22205945945591885, ""FIT502"": 0.025557614893601588, ""FIT503"": -0.025323267099488147, ""FIT504"": -0.03809366390762534, ""FIT601"": -0.00531041911578767, ""LIT101"": -0.0001226124632485193, ""LIT301"": 0.0004205956686647073, ""LIT401"": -0.00021754973831016812, ""MV101"": 0.011836354817948081, ""MV201"": -0.0027312610442556074, ""MV301"": 0.00421312107559121, ""MV302"": 0.011694652569677754, ""MV303"": -0.01813564182144685, ""MV304"": -0.0008730472938412989, ""P101"": 0.05364526913306803, ""P102"": 0.0, ""P201"": 0.0, ""P202"": 0.0, ""P203"": -0.015438087090009404, ""P204"": 0.0, ""P205"": -0.015438087090004236, ""P206"": 0.0, ""P301"": 0.0, ""P302"": -0.013676294057101334, ""P401"": 0.0, ""P402"": 0.0, ""P403"": 0.0, ""P404"": 0.0, ""P501"": 0.0, ""P502"": 0.0, ""P601"": 0.0, ""P602"": -0.00793740723761297, ""P603"": 0.0, ""PIT501"": 0.01532539273741319, ""PIT502"": 0.14425216691958356, ""PIT503"": -0.0416704368079769, ""UV401"": 0.0}",-11.846622369151987,0.9855129626504174,0.0612511050724267,0.2474896059886691,0.1161431500681288
AIT504,actual_next,self_only,ols,"[""AIT504""]","{""AIT504"": 0.974886250996052}",0.316869033382952,0.390792497458065,0.0124794005004648,0.1117112371270896,0.0675581426802027
AIT504,actual_next,self_only,ridge,"[""AIT504""]","{""AIT504"": 0.9743793406356356}",0.3232643087170661,0.3906517272623782,0.0124822841281995,0.1117241429960397,0.0677284116112968
AIT504,actual_next,self_plus_local,ols,"[""AIT504""]","{""AIT504"": 0.974886250996052}",0.316869033382952,0.390792497458065,0.0124794005004648,0.1117112371270896,0.0675581426802027
AIT504,actual_next,self_plus_local,ridge,"[""AIT504""]","{""AIT504"": 0.9743793406356356}",0.3232643087170661,0.3906517272623782,0.0124822841281995,0.1117241429960397,0.0677284116112968
AIT504,actual_next,all51,ols,"[""FIT101"", ""LIT101"", ""MV101"", ""P101"", ""P102"", ""AIT201"", ""AIT202"", ""AIT203"", ""FIT201"", ""MV201"", ""P201"", ""P202"", ""P203"", ""P204"", ""P205"", ""P206"", ""DPIT301"", ""FIT301"", ""LIT301"", ""MV301"", ""MV302"", ""MV303"", ""MV304"", ""P301"", ""P302"", ""AIT401"", ""AIT402"", ""FIT401"", ""LIT401"", ""P401"", ""P402"", ""P403"", ""P404"", ""UV401"", ""AIT501"", ""AIT502"", ""AIT503"", ""AIT504"", ""FIT501"", ""FIT502"", ""FIT503"", ""FIT504"", ""P501"", ""P502"", ""PIT501"", ""PIT502"", ""PIT503"", ""FIT601"", ""P601"", ""P602"", ""P603""]","{""AIT201"": -0.019123768685810075, ""AIT202"": -1.4550474382281064, ""AIT203"": -0.003199216654384149, ""AIT401"": 0.07231786111785014, ""AIT402"": 0.04151004121990185, ""AIT501"": 1.1933376466205916, ""AIT502"": -0.017892293262067455, ""AIT503"": 0.020523522653135062, ""AIT504"": 0.5445562522248822, ""DPIT301"": 0.0024956695839494225, ""FIT101"": -0.004379320044977106, ""FIT201"": -0.012601056639167352, ""FIT301"": -0.010683637908441165, ""FIT401"": 2.138623402147281, ""FIT501"": 5.432524379764073, ""FIT502"": 0.027835534496957262, ""FIT503"": -1.1993162518733522, ""FIT504"": -1.1890488592533033, ""FIT601"": 0.029005620512371093, ""LIT101"": 0.00023484401945933223, ""LIT301"": 0.00018093657613138525, ""LIT401"": 0.00014439783800876405, ""MV101"": -0.008900008187166542, ""MV201"": 0.01498804314693426, ""MV301"": 0.016416840513222876, ""MV302"": 0.007020105358058221, ""MV303"": -0.015216292351984698, ""MV304"": 0.016287795585417552, ""P101"": -0.032453697807526605, ""P102"": -2.514235347694793e-12, ""P201"": 3.1934112472431497e-13, ""P202"": 1.3206935545184706e-12, ""P203"": 0.0002114588689031624, ""P204"": -2.4584223545787154e-12, ""P205"": 0.00021145886967893074, ""P206"": -8.423817199343375e-14, ""P301"": -5.051514762044462e-15, ""P302"": -0.012087917021322218, ""P401"": 2.6645352591003757e-15, ""P402"": 2.220446049250313e-16, ""P403"": 0.0, ""P404"": 1.1102230246251565e-16, ""P501"": 0.0, ""P502"": 0.0, ""P601"": 0.0, ""P602"": -0.049564088876906734, ""P603"": 0.0, ""PIT501"": -0.08234982032289306, ""PIT502"": 0.020180040115840996, ""PIT503"": 0.005925147301380385, ""UV401"": 0.0}",1.5427009558920537,0.380142614284281,0.0126975595954436,0.1126834486313034,0.0849461249710181
AIT504,actual_next,all51,ridge,"[""FIT101"", ""LIT101"", ""MV101"", ""P101"", ""P102"", ""AIT201"", ""AIT202"", ""AIT203"", ""FIT201"", ""MV201"", ""P201"", ""P202"", ""P203"", ""P204"", ""P205"", ""P206"", ""DPIT301"", ""FIT301"", ""LIT301"", ""MV301"", ""MV302"", ""MV303"", ""MV304"", ""P301"", ""P302"", ""AIT401"", ""AIT402"", ""FIT401"", ""LIT401"", ""P401"", ""P402"", ""P403"", ""P404"", ""UV401"", ""AIT501"", ""AIT502"", ""AIT503"", ""AIT504"", ""FIT501"", ""FIT502"", ""FIT503"", ""FIT504"", ""P501"", ""P502"", ""PIT501"", ""PIT502"", ""PIT503"", ""FIT601"", ""P601"", ""P602"", ""P603""]","{""AIT201"": -0.008941043024865609, ""AIT202"": -0.3400137344539752, ""AIT203"": 0.002529658517635801, ""AIT401"": 0.0144339409878215, ""AIT402"": 0.02344218573379012, ""AIT501"": 0.06731151496989542, ""AIT502"": -0.01522157309070396, ""AIT503"": 0.018117511134480263, ""AIT504"": 0.6336011938603682, ""DPIT301"": 0.00016488580893563338, ""FIT101"": -0.001971289061113049, ""FIT201"": -0.007454514006073906, ""FIT301"": 0.004003759378967277, ""FIT401"": 0.48277077069190477, ""FIT501"": 0.5095136697497752, ""FIT502"": 0.19770274453164913, ""FIT503"": -0.08358295292125349, ""FIT504"": -0.0889532525445495, ""FIT601"": 0.02338676598388728, ""LIT101"": 0.00012789848990746555, ""LIT301"": 0.00012352865863291684, ""LIT401"": 0.00043734710361990355, ""MV101"": -0.008477463708703677, ""MV201"": 0.019368272845058283, ""MV301"": 0.01217055968481893, ""MV302"": 0.015143257857083536, ""MV303"": -0.01647737811224514, ""MV304"": 0.018905098351276465, ""P101"": -0.04164483885300943, ""P102"": 0.0, ""P201"": 0.0, ""P202"": 0.0, ""P203"": -0.005256868582723655, ""P204"": 0.0, ""P205"": -0.0052568685827233145, ""P206"": 0.0, ""P301"": 0.0, ""P302"": -0.018164705298414224, ""P401"": 0.0, ""P402"": 0.0, ""P403"": 0.0, ""P404"": 0.0, ""P501"": 0.0, ""P502"": 0.0, ""P601"": 0.0, ""P602"": -0.03904580477580671, ""P603"": 0.0, ""PIT501"": -0.09804610139496753, ""PIT502"": 0.1511291468090568, ""PIT503"": 0.023177645257032326, ""UV401"": 0.0}",17.5178097236153,0.4998998135196055,0.0102443756706958,0.101214503262605,0.0683204404914223
FIT501,actual_next,self_only,ols,"[""FIT501""]","{""FIT501"": 0.9473774862900042}",0.0913592398133726,0.4399469136767554,6.649675180571219e-06,0.0025786964110905,0.0020254708663261
FIT501,actual_next,self_only,ridge,"[""FIT501""]","{""FIT501"": 0.333603477770143}",1.1569365610104485,-1.7793747528968114,3.30003347239426e-05,0.0057445917804438,0.005114544942405
FIT501,actual_next,self_plus_local,ols,"[""FIT501""]","{""FIT501"": 0.9473774862900042}",0.0913592398133726,0.4399469136767554,6.649675180571219e-06,0.0025786964110905,0.0020254708663261
FIT501,actual_next,self_plus_local,ridge,"[""FIT501""]","{""FIT501"": 0.333603477770143}",1.1569365610104485,-1.7793747528968114,3.30003347239426e-05,0.0057445917804438,0.005114544942405
FIT501,actual_next,all51,ols,"[""FIT101"", ""LIT101"", ""MV101"", ""P101"", ""P102"", ""AIT201"", ""AIT202"", ""AIT203"", ""FIT201"", ""MV201"", ""P201"", ""P202"", ""P203"", ""P204"", ""P205"", ""P206"", ""DPIT301"", ""FIT301"", ""LIT301"", ""MV301"", ""MV302"", ""MV303"", ""MV304"", ""P301"", ""P302"", ""AIT401"", ""AIT402"", ""FIT401"", ""LIT401"", ""P401"", ""P402"", ""P403"", ""P404"", ""UV401"", ""AIT501"", ""AIT502"", ""AIT503"", ""AIT504"", ""FIT501"", ""FIT502"", ""FIT503"", ""FIT504"", ""P501"", ""P502"", ""PIT501"", ""PIT502"", ""PIT503"", ""FIT601"", ""P601"", ""P602"", ""P603""]","{""AIT201"": -0.0004855875789928492, ""AIT202"": -0.04096221075295983, ""AIT203"": -0.0001317206321320597, ""AIT401"": 0.005234666466672743, ""AIT402"": 0.0003507410565591904, ""AIT501"": 0.04514464811679822, ""AIT502"": -0.00024298099137377502, ""AIT503"": -4.849945253087434e-05, ""AIT504"": 0.0009485259947732728, ""DPIT301"": -3.2530435794569934e-05, ""FIT101"": -1.1742042091936504e-05, ""FIT201"": -0.00027440485917158003, ""FIT301"": 0.00030873458403945673, ""FIT401"": 0.21673114582115852, ""FIT501"": 0.38001452172295597, ""FIT502"": 0.005212309242860642, ""FIT503"": -0.12447325964613966, ""FIT504"": -0.21017023823454328, ""FIT601"": -0.0006812230805885231, ""LIT101"": 1.0953957125791158e-06, ""LIT301"": -2.3950540208594884e-06, ""LIT401"": 1.2642379291113916e-05, ""MV101"": -0.000187667364894246, ""MV201"": -0.0005867956150453018, ""MV301"": -0.00034168578449644436, ""MV302"": 0.00011739458952376373, ""MV303"": -6.933260240955244e-05, ""MV304"": 1.80488364136534e-05, ""P101"": -0.000733735726144801, ""P102"": -1.4922702559327233e-13, ""P201"": 1.9872233199269562e-14, ""P202"": 5.1634044262449663e-14, ""P203"": 0.00033398983446537335, ""P204"": -1.9888951596769289e-13, ""P205"": 0.00033398983450420514, ""P206"": -4.227521110955479e-14, ""P301"": -4.0245584642661925e-16, ""P302"": -0.00019560375070688243, ""P401"": 2.220446049250313e-16, ""P402"": -4.163336342344337e-17, ""P403"": 0.0, ""P404"": -1.0408340855860843e-17, ""P501"": 0.0, ""P502"": 0.0, ""P601"": 0.0, ""P602"": 0.0012067494972447502, ""P603"": 0.0, ""PIT501"": -0.0010645562122453874, ""PIT502"": 0.003262654961843836, ""PIT503"": 2.860686312390788e-05, ""UV401"": -5.204170427930421e-18}",0.4596639802076521,0.4246794783646633,6.830949934956196e-06,0.0026136086040102,0.0020762138163625
FIT501,actual_next,all51,ridge,"[""FIT101"", ""LIT101"", ""MV101"", ""P101"", ""P102"", ""AIT201"", ""AIT202"", ""AIT203"", ""FIT201"", ""MV201"", ""P201"", ""P202"", ""P203"", ""P204"", ""P205"", ""P206"", ""DPIT301"", ""FIT301"", ""LIT301"", ""MV301"", ""MV302"", ""MV303"", ""MV304"", ""P301"", ""P302"", ""AIT401"", ""AIT402"", ""FIT401"", ""LIT401"", ""P401"", ""P402"", ""P403"", ""P404"", ""UV401"", ""AIT501"", ""AIT502"", ""AIT503"", ""AIT504"", ""FIT501"", ""FIT502"", ""FIT503"", ""FIT504"", ""P501"", ""P502"", ""PIT501"", ""PIT502"", ""PIT503"", ""FIT601"", ""P601"", ""P602"", ""P603""]","{""AIT201"": -8.880731984929312e-05, ""AIT202"": -0.018030225592044972, ""AIT203"": 1.056498199939615e-05, ""AIT401"": 0.0010612294141842725, ""AIT402"": -0.0009552526617728087, ""AIT501"": 0.0017101887430578306, ""AIT502"": 0.00022407080950788332, ""AIT503"": -0.0002794904121310667, ""AIT504"": 0.00795663365801498, ""DPIT301"": -0.00018423423733022855, ""FIT101"": 9.425302989060561e-05, ""FIT201"": 9.501242197004329e-05, ""FIT301"": 0.0012763132469986098, ""FIT401"": 0.038735628079198246, ""FIT501"": 0.039241573779838966, ""FIT502"": 0.016979746492128345, ""FIT503"": -0.006765988559132975, ""FIT504"": -0.00748977783795829, ""FIT601"": -0.0007957091655271888, ""LIT101"": -4.046262411399878e-06, ""LIT301"": -8.913905300387602e-06, ""LIT401"": 3.2151954763453856e-05, ""MV101"": -0.00020905446155671125, ""MV201"": 6.353455906657943e-05, ""MV301"": -0.0003133812759471729, ""MV302"": 0.0006953226762643193, ""MV303"": -0.0002075596163498795, ""MV304"": 0.0002655070031204168, ""P101"": -0.0018811628937113036, ""P102"": 0.0, ""P201"": 0.0, ""P202"": 0.0, ""P203"": -0.0002456636407939199, ""P204"": 0.0, ""P205"": -0.00024566364079357475, ""P206"": 0.0, ""P301"": 0.0, ""P302"": -0.0007362343545527577, ""P401"": 0.0, ""P402"": 0.0, ""P403"": 0.0, ""P404"": 0.0, ""P501"": 0.0, ""P502"": 0.0, ""P601"": 0.0, ""P602"": 0.0011394218186352712, ""P603"": 0.0, ""PIT501"": -0.0022512697790254927, ""PIT502"": 0.013365394784647796, ""PIT503"": 0.0013837824582884225, ""UV401"": 0.0}",1.9499204108332164,-4.151310512998227,6.116302633127403e-05,0.0078206794034325,0.0062769729317204
FIT502,actual_next,self_only,ols,"[""FIT502""]","{""FIT502"": 0.3356639228528292}",0.8612157195457852,-0.1673132774213934,0.0002358060549815,0.0153559778256412,0.0123800833667811
FIT502,actual_next,self_only,ridge,"[""FIT502""]","{""FIT502"": 0.23201776776998131}",0.9955773468649772,-0.1645258707734764,0.0002352429778899,0.0153376327342243,0.0123592028612014
FIT502,actual_next,self_plus_local,ols,"[""FIT502""]","{""FIT502"": 0.3356639228528292}",0.8612157195457852,-0.1673132774213934,0.0002358060549815,0.0153559778256412,0.0123800833667811
FIT502,actual_next,self_plus_local,ridge,"[""FIT502""]","{""FIT502"": 0.23201776776998131}",0.9955773468649772,-0.1645258707734764,0.0002352429778899,0.0153376327342243,0.0123592028612014
FIT502,actual_next,all51,ols,"[""FIT101"", ""LIT101"", ""MV101"", ""P101"", ""P102"", ""AIT201"", ""AIT202"", ""AIT203"", ""FIT201"", ""MV201"", ""P201"", ""P202"", ""P203"", ""P204"", ""P205"", ""P206"", ""DPIT301"", ""FIT301"", ""LIT301"", ""MV301"", ""MV302"", ""MV303"", ""MV304"", ""P301"", ""P302"", ""AIT401"", ""AIT402"", ""FIT401"", ""LIT401"", ""P401"", ""P402"", ""P403"", ""P404"", ""UV401"", ""AIT501"", ""AIT502"", ""AIT503"", ""AIT504"", ""FIT501"", ""FIT502"", ""FIT503"", ""FIT504"", ""P501"", ""P502"", ""PIT501"", ""PIT502"", ""PIT503"", ""FIT601"", ""P601"", ""P602"", ""P603""]","{""AIT201"": -0.001345959320983406, ""AIT202"": -0.08437759378569994, ""AIT203"": 7.183810630782437e-05, ""AIT401"": 0.0808057070365416, ""AIT402"": 0.0005174724881141209, ""AIT501"": 0.13124588876772636, ""AIT502"": 0.0002233667324872974, ""AIT503"": -5.6638703523653744e-05, ""AIT504"": 0.0020841134467121172, ""DPIT301"": 1.2063392774853965e-05, ""FIT101"": -0.0011780433116295936, ""FIT201"": -0.0025013395909857057, ""FIT301"": 0.001343142109475638, ""FIT401"": 0.22501332428658663, ""FIT501"": 0.34596774585952617, ""FIT502"": 0.02763800641459305, ""FIT503"": -0.22444501975232017, ""FIT504"": -0.272684440035863, ""FIT601"": 0.006849742194842524, ""LIT101"": 4.1206548287677966e-08, ""LIT301"": 2.7117781872323943e-06, ""LIT401"": -2.3989696867603855e-06, ""MV101"": 0.0025937580094493057, ""MV201"": 0.0014912122544771562, ""MV301"": 0.005212002509688619, ""MV302"": 0.0010961830901608496, ""MV303"": -0.0016073367434326867, ""MV304"": 0.000955674619775796, ""P101"": -0.005764930653816042, ""P102"": -2.3477292158957663e-13, ""P201"": 2.3017178440998265e-14, ""P202"": 7.185311373669734e-14, ""P203"": 0.002467582106949651, ""P204"": -2.2643692476620458e-13, ""P205"": 0.002467582106998563, ""P206"": -3.866698627952303e-14, ""P301"": -7.979727989493313e-16, ""P302"": -0.005412265841814869, ""P401"": 1.6653345369377348e-16, ""P402"": -6.245004513516506e-17, ""P403"": -5.551115123125783e-17, ""P404"": 1.734723475976807e-17, ""P501"": 0.0, ""P502"": 0.0, ""P601"": 0.0, ""P602"": -0.012536071465693561, ""P603"": 0.0, ""PIT501"": -0.004717927649790801, ""PIT502"": 0.000894884728907994, ""PIT503"": 0.0037276967930552213, ""UV401"": 0.0}",-11.138406403548656,0.0446107618252268,0.0001929958063387,0.0138922930554583,0.0112772869896609
FIT502,actual_next,all51,ridge,"[""FIT101"", ""LIT101"", ""MV101"", ""P101"", ""P102"", ""AIT201"", ""AIT202"", ""AIT203"", ""FIT201"", ""MV201"", ""P201"", ""P202"", ""P203"", ""P204"", ""P205"", ""P206"", ""DPIT301"", ""FIT301"", ""LIT301"", ""MV301"", ""MV302"", ""MV303"", ""MV304"", ""P301"", ""P302"", ""AIT401"", ""AIT402"", ""FIT401"", ""LIT401"", ""P401"", ""P402"", ""P403"", ""P404"", ""UV401"", ""AIT501"", ""AIT502"", ""AIT503"", ""AIT504"", ""FIT501"", ""FIT502"", ""FIT503"", ""FIT504"", ""P501"", ""P502"", ""PIT501"", ""PIT502"", ""PIT503"", ""FIT601"", ""P601"", ""P602"", ""P603""]","{""AIT201"": -0.0005996364294179524, ""AIT202"": -0.02276130439043489, ""AIT203"": 0.0003384455336233558, ""AIT401"": 0.006357810152516169, ""AIT402"": -0.000837975066178946, ""AIT501"": 0.00943632657364309, ""AIT502"": 0.0003119486498812237, ""AIT503"": -0.0002807499406344791, ""AIT504"": 0.009621607584273852, ""DPIT301"": -0.00015830186676573347, ""FIT101"": -0.000990023581837186, ""FIT201"": -0.0018175627117123546, ""FIT301"": 0.002224800784144098, ""FIT401"": 0.04024905976504825, ""FIT501"": 0.04004078071847621, ""FIT502"": 0.0314166426209208, ""FIT503"": -0.007773735499835934, ""FIT504"": -0.008033649212590421, ""FIT601"": 0.005800098194421414, ""LIT101"": -7.703273446226473e-06, ""LIT301"": -4.025280328258475e-06, ""LIT401"": 2.1188056514011235e-05, ""MV101"": 0.002525259918648702, ""MV201"": 0.0017512578492316986, ""MV301"": 0.004303133374952466, ""MV302"": 0.0015716360918546742, ""MV303"": -0.0015963125804387053, ""MV304"": 0.001110825094336952, ""P101"": -0.006363535749244244, ""P102"": 0.0, ""P201"": 0.0, ""P202"": 0.0, ""P203"": 0.0019072064533099764, ""P204"": 0.0, ""P205"": 0.0019072064533105174, ""P206"": 0.0, ""P301"": 0.0, ""P302"": -0.00547416706006978, ""P401"": 0.0, ""P402"": 0.0, ""P403"": 0.0, ""P404"": 0.0, ""P501"": 0.0, ""P502"": 0.0, ""P601"": 0.0, ""P602"": -0.010360796655774072, ""P603"": 0.0, ""PIT501"": -0.0058115477189022964, ""PIT502"": 0.011480934183541475, ""PIT503"": 0.005128897622793964, ""UV401"": 0.0}",0.856997950369992,-0.162777773956726,0.0002348898491951,0.015326116572542,0.0122862529376755
FIT503,actual_next,self_only,ols,"[""FIT503""]","{""FIT503"": 0.8622949059140768}",0.1008367717004887,-0.0929178259524281,1.8476261406374908e-06,0.0013592741226983,0.001001257479548
FIT503,actual_next,self_only,ridge,"[""FIT503""]","{""FIT503"": 0.04413546783097732}",0.699948059337722,-3.623814233848092,7.816763387919436e-06,0.002795847525871,0.0025104997325168
FIT503,actual_next,self_plus_local,ols,"[""FIT503""]","{""FIT503"": 0.8622949059140768}",0.1008367717004887,-0.0929178259524281,1.8476261406374908e-06,0.0013592741226983,0.001001257479548
FIT503,actual_next,self_plus_local,ridge,"[""FIT503""]","{""FIT503"": 0.04413546783097732}",0.699948059337722,-3.623814233848092,7.816763387919436e-06,0.002795847525871,0.0025104997325168
FIT503,actual_next,all51,ols,"[""FIT101"", ""LIT101"", ""MV101"", ""P101"", ""P102"", ""AIT201"", ""AIT202"", ""AIT203"", ""FIT201"", ""MV201"", ""P201"", ""P202"", ""P203"", ""P204"", ""P205"", ""P206"", ""DPIT301"", ""FIT301"", ""LIT301"", ""MV301"", ""MV302"", ""MV303"", ""MV304"", ""P301"", ""P302"", ""AIT401"", ""AIT402"", ""FIT401"", ""LIT401"", ""P401"", ""P402"", ""P403"", ""P404"", ""UV401"", ""AIT501"", ""AIT502"", ""AIT503"", ""AIT504"", ""FIT501"", ""FIT502"", ""FIT503"", ""FIT504"", ""P501"", ""P502"", ""PIT501"", ""PIT502"", ""PIT503"", ""FIT601"", ""P601"", ""P602"", ""P603""]","{""AIT201"": 2.5480885537406227e-05, ""AIT202"": 8.87323404127207e-05, ""AIT203"": -5.754391769477094e-05, ""AIT401"": -0.010437644129724085, ""AIT402"": -0.00014157450355515037, ""AIT501"": -0.0060230227923711395, ""AIT502"": -6.228402571830559e-05, ""AIT503"": 1.7358498504006282e-05, ""AIT504"": -2.796672241738131e-05, ""DPIT301"": 2.616503395206301e-06, ""FIT101"": -1.904734900430253e-05, ""FIT201"": 0.00048379910780081995, ""FIT301"": 9.558182753553445e-05, ""FIT401"": -0.0456383650631183, ""FIT501"": -0.06568254352259537, ""FIT502"": -0.0021195695633296706, ""FIT503"": 0.035336880478531243, ""FIT504"": 0.036370355494841314, ""FIT601"": 0.0001386782878399676, ""LIT101"": -5.214372452487068e-07, ""LIT301"": -8.266151127161084e-07, ""LIT401"": -2.0571422310469245e-07, ""MV101"": 3.994194035806364e-05, ""MV201"": 1.5969732088767235e-05, ""MV301"": 0.00024746419844899956, ""MV302"": -3.8145677568853016e-05, ""MV303"": -0.00014623470119629232, ""MV304"": -5.91040879405366e-06, ""P101"": -0.00010498140907244919, ""P102"": 2.25463433188057e-14, ""P201"": -3.536922443564839e-15, ""P202"": -5.9495594215142056e-15, ""P203"": -0.00018338496327054284, ""P204"": 3.8509560124078135e-14, ""P205"": -0.00018338496327597112, ""P206"": 1.0979227509783085e-14, ""P301"": 9.69276742202041e-17, ""P302"": -0.000151479629540048, ""P401"": -2.7755575615628914e-17, ""P402"": -1.734723475976807e-18, ""P403"": 0.0, ""P404"": -5.204170427930421e-18, ""P501"": 0.0, ""P502"": 0.0, ""P601"": 0.0, ""P602"": -0.00037914956555075256, ""P603"": 0.0, ""PIT501"": 0.0005198622316826181, ""PIT502"": -0.0011093774855590781, ""PIT503"": 0.00033415224147117573, ""UV401"": 3.469446951953614e-18}",2.3405033715621357,0.2186763997247774,1.3208622587041002e-06,0.0011492877179819,0.0008366868357981
FIT503,actual_next,all51,ridge,"[""FIT101"", ""LIT101"", ""MV101"", ""P101"", ""P102"", ""AIT201"", ""AIT202"", ""AIT203"", ""FIT201"", ""MV201"", ""P201"", ""P202"", ""P203"", ""P204"", ""P205"", ""P206"", ""DPIT301"", ""FIT301"", ""LIT301"", ""MV301"", ""MV302"", ""MV303"", ""MV304"", ""P301"", ""P302"", ""AIT401"", ""AIT402"", ""FIT401"", ""LIT401"", ""P401"", ""P402"", ""P403"", ""P404"", ""UV401"", ""AIT501"", ""AIT502"", ""AIT503"", ""AIT504"", ""FIT501"", ""FIT502"", ""FIT503"", ""FIT504"", ""P501"", ""P502"", ""PIT501"", ""PIT502"", ""PIT503"", ""FIT601"", ""P601"", ""P602"", ""P603""]","{""AIT201"": -1.1692133811139767e-05, ""AIT202"": 0.0024359468734487942, ""AIT203"": -4.941193346377087e-05, ""AIT401"": -0.0008431010462202666, ""AIT402"": 8.636774147148184e-05, ""AIT501"": -0.00021861242836777674, ""AIT502"": -0.00016516037837795822, ""AIT503"": 6.257723377418643e-05, ""AIT504"": -0.0013015527487023758, ""DPIT301"": 2.765192055079501e-05, ""FIT101"": -2.9866730591151834e-05, ""FIT201"": 0.00039365765379038723, ""FIT301"": -6.268813646762562e-05, ""FIT401"": -0.007305783277549727, ""FIT501"": -0.007222380874265076, ""FIT502"": -0.003842911219188476, ""FIT503"": 0.0013494720630423005, ""FIT504"": 0.0013754946024595815, ""FIT601"": 0.00014699966152244046, ""LIT101"": 1.1462884603282626e-07, ""LIT301"": 6.667527861969528e-07, ""LIT401"": -3.557090703258837e-06, ""MV101"": 4.923336415602107e-05, ""MV201"": -0.0001244232804877667, ""MV301"": 0.00021969732341626185, ""MV302"": -0.00013802895504084014, ""MV303"": -0.00011581692114926344, ""MV304"": -5.3097527502305844e-05, ""P101"": 0.00015063248968328087, ""P102"": 0.0, ""P201"": 0.0, ""P202"": 0.0, ""P203"": -5.224639081571795e-05, ""P204"": 0.0, ""P205"": -5.224639081569361e-05, ""P206"": 0.0, ""P301"": 0.0, ""P302"": -4.610598557289577e-05, ""P401"": 0.0, ""P402"": 0.0, ""P403"": 0.0, ""P404"": 0.0, ""P501"": 0.0, ""P502"": 0.0, ""P601"": 0.0, ""P602"": -0.000313100954436908, ""P603"": 0.0, ""PIT501"": 0.0007438322247594035, ""PIT502"": -0.002948371408660702, ""PIT503"": 8.145453016989526e-05, ""UV401"": 0.0}",0.7020830241204048,-1.1824905779202584,3.6895972850899536e-06,0.0019208324458655,0.0015582486223456
FIT504,actual_next,self_only,ols,"[""FIT504""]","{""FIT504"": 0.5788950534125434}",0.1288807262595493,0.0208176486457861,1.0029629905696707e-06,0.0010014803994935,0.0007873539097646
FIT504,actual_next,self_only,ridge,"[""FIT504""]","{""FIT504"": 0.007581844322864209}",0.3037335338086022,-1.157144914572025,2.2095338132056138e-06,0.0014864500708754,0.0012310584739352
FIT504,actual_next,self_plus_local,ols,"[""FIT504""]","{""FIT504"": 0.5788950534125434}",0.1288807262595493,0.0208176486457861,1.0029629905696707e-06,0.0010014803994935,0.0007873539097646
FIT504,actual_next,self_plus_local,ridge,"[""FIT504""]","{""FIT504"": 0.007581844322864209}",0.3037335338086022,-1.157144914572025,2.2095338132056138e-06,0.0014864500708754,0.0012310584739352
FIT504,actual_next,all51,ols,"[""FIT101"", ""LIT101"", ""MV101"", ""P101"", ""P102"", ""AIT201"", ""AIT202"", ""AIT203"", ""FIT201"", ""MV201"", ""P201"", ""P202"", ""P203"", ""P204"", ""P205"", ""P206"", ""DPIT301"", ""FIT301"", ""LIT301"", ""MV301"", ""MV302"", ""MV303"", ""MV304"", ""P301"", ""P302"", ""AIT401"", ""AIT402"", ""FIT401"", ""LIT401"", ""P401"", ""P402"", ""P403"", ""P404"", ""UV401"", ""AIT501"", ""AIT502"", ""AIT503"", ""AIT504"", ""FIT501"", ""FIT502"", ""FIT503"", ""FIT504"", ""P501"", ""P502"", ""PIT501"", ""PIT502"", ""PIT503"", ""FIT601"", ""P601"", ""P602"", ""P603""]","{""AIT201"": 0.00013187217317144545, ""AIT202"": 0.010408842733698674, ""AIT203"": 9.60944224369305e-06, ""AIT401"": 0.003011595600576094, ""AIT402"": -0.00013819799155847157, ""AIT501"": -0.012157166886306425, ""AIT502"": 8.756762889827654e-05, ""AIT503"": 1.7921166300326544e-05, ""AIT504"": -0.00017169863534965816, ""DPIT301"": 8.580228055225098e-06, ""FIT101"": -3.170404085782309e-05, ""FIT201"": 1.906533437221871e-05, ""FIT301"": -1.5935468042455503e-05, ""FIT401"": -0.026193441109136906, ""FIT501"": -0.07463748489745364, ""FIT502"": -0.0006580625862597904, ""FIT503"": 0.03236853696087414, ""FIT504"": 0.026978734778491654, ""FIT601"": 0.00031107792280049643, ""LIT101"": -1.2812982739725568e-07, ""LIT301"": 4.991515612090547e-07, ""LIT401"": -2.8158681417709067e-06, ""MV101"": 0.0001394322910562809, ""MV201"": -0.00014116891853664489, ""MV301"": 3.909614905921822e-05, ""MV302"": -2.3924671402785944e-06, ""MV303"": -7.951358343337526e-05, ""MV304"": -8.564007388242166e-06, ""P101"": 0.0004024177539531868, ""P102"": 2.527023187058608e-14, ""P201"": -3.3259663469523137e-15, ""P202"": -1.1866159096984852e-14, ""P203"": 0.00017791487797709428, ""P204"": 2.9733160378242474e-14, ""P205"": 0.00017791487797071462, ""P206"": 2.815889882379352e-15, ""P301"": 1.0408340855860843e-17, ""P302"": -0.0001338545502104707, ""P401"": -2.0816681711721685e-17, ""P402"": -2.47198095326695e-17, ""P403"": 0.0, ""P404"": -1.2576745200831851e-17, ""P501"": 0.0, ""P502"": 0.0, ""P601"": 0.0, ""P602"": -0.00040555658646245385, ""P603"": 0.0, ""PIT501"": -3.312131631684522e-05, ""PIT502"": -0.0003762362580909259, ""PIT503"": -5.877513547852169e-05, ""UV401"": 6.505213034913027e-19}",-0.0002681222253932,0.1433755139980055,8.774286577852852e-07,0.0009367116193286,0.0007282201057529
FIT504,actual_next,all51,ridge,"[""FIT101"", ""LIT101"", ""MV101"", ""P101"", ""P102"", ""AIT201"", ""AIT202"", ""AIT203"", ""FIT201"", ""MV201"", ""P201"", ""P202"", ""P203"", ""P204"", ""P205"", ""P206"", ""DPIT301"", ""FIT301"", ""LIT301"", ""MV301"", ""MV302"", ""MV303"", ""MV304"", ""P301"", ""P302"", ""AIT401"", ""AIT402"", ""FIT401"", ""LIT401"", ""P401"", ""P402"", ""P403"", ""P404"", ""UV401"", ""AIT501"", ""AIT502"", ""AIT503"", ""AIT504"", ""FIT501"", ""FIT502"", ""FIT503"", ""FIT504"", ""P501"", ""P502"", ""PIT501"", ""PIT502"", ""PIT503"", ""FIT601"", ""P601"", ""P602"", ""P603""]","{""AIT201"": 4.067521011676023e-05, ""AIT202"": 0.0034379230275234595, ""AIT203"": -2.7271091253665476e-05, ""AIT401"": 7.624344163072023e-05, ""AIT402"": 8.556461113037028e-05, ""AIT501"": -0.0006515564561972395, ""AIT502"": 3.035468299708963e-05, ""AIT503"": 5.665311592122059e-05, ""AIT504"": -0.0013838481430797443, ""DPIT301"": 3.682477699845599e-05, ""FIT101"": -5.2756409747138435e-05, ""FIT201"": -4.6848835851792676e-05, ""FIT301"": -0.00019770789527838128, ""FIT401"": -0.0063877369532468874, ""FIT501"": -0.006831723980316089, ""FIT502"": -0.0027714840270038825, ""FIT503"": 0.001237017433352347, ""FIT504"": 0.0012405558541740763, ""FIT601"": 0.0003051767465264386, ""LIT101"": 9.12101071655945e-07, ""LIT301"": 1.5158848395057538e-06, ""LIT401"": -6.355065646432821e-06, ""MV101"": 0.00013781574498985532, ""MV201"": -0.00021788808424461528, ""MV301"": 1.1800088750507544e-05, ""MV302"": -0.00011068833096896681, ""MV303"": -5.010586328002395e-05, ""MV304"": -5.395409000664296e-05, ""P101"": 0.000561717956456924, ""P102"": 0.0, ""P201"": 0.0, ""P202"": 0.0, ""P203"": 0.0002576164954601747, ""P204"": 0.0, ""P205"": 0.00025761649546014736, ""P206"": 0.0, ""P301"": 0.0, ""P302"": -3.159963277273736e-05, ""P401"": 0.0, ""P402"": 0.0, ""P403"": 0.0, ""P404"": 0.0, ""P501"": 0.0, ""P502"": 0.0, ""P601"": 0.0, ""P602"": -0.0003356384211156949, ""P603"": 0.0, ""PIT501"": 0.00017783414503415385, ""PIT502"": -0.0021231363304693297, ""PIT503"": -0.00029308825745566, ""UV401"": 0.0}",0.294568957840402,-2.134218363296837,3.21033668387006e-06,0.0017917412435589,0.001409990535954
PIT501,actual_next,self_only,ols,"[""PIT501""]","{""PIT501"": 0.9900659964935036}",2.4717097948355047,0.7716560889369918,0.067466544976963,0.2597432289338127,0.2044893964032366
PIT501,actual_next,self_only,ridge,"[""PIT501""]","{""PIT501"": 0.9900323798160868}",2.4800745728245204,0.7716566787194816,0.0674663707196917,0.2597428934921834,0.2044922453176786
PIT501,actual_next,self_plus_local,ols,"[""PIT501""]","{""PIT501"": 0.9900659964935036}",2.4717097948355047,0.7716560889369918,0.067466544976963,0.2597432289338127,0.2044893964032366
PIT501,actual_next,self_plus_local,ridge,"[""PIT501""]","{""PIT501"": 0.9900323798160868}",2.4800745728245204,0.7716566787194816,0.0674663707196917,0.2597428934921834,0.2044922453176786
PIT501,actual_next,all51,ols,"[""FIT101"", ""LIT101"", ""MV101"", ""P101"", ""P102"", ""AIT201"", ""AIT202"", ""AIT203"", ""FIT201"", ""MV201"", ""P201"", ""P202"", ""P203"", ""P204"", ""P205"", ""P206"", ""DPIT301"", ""FIT301"", ""LIT301"", ""MV301"", ""MV302"", ""MV303"", ""MV304"", ""P301"", ""P302"", ""AIT401"", ""AIT402"", ""FIT401"", ""LIT401"", ""P401"", ""P402"", ""P403"", ""P404"", ""UV401"", ""AIT501"", ""AIT502"", ""AIT503"", ""AIT504"", ""FIT501"", ""FIT502"", ""FIT503"", ""FIT504"", ""P501"", ""P502"", ""PIT501"", ""PIT502"", ""PIT503"", ""FIT601"", ""P601"", ""P602"", ""P603""]","{""AIT201"": -0.0713033144971465, ""AIT202"": -2.456251485977506, ""AIT203"": 0.0062796741694182145, ""AIT401"": 0.5391286692524229, ""AIT402"": 0.0684653286610154, ""AIT501"": 7.3633630766716776, ""AIT502"": -0.034846021613248956, ""AIT503"": 0.0034822100214761953, ""AIT504"": -0.13583988301533867, ""DPIT301"": -0.0004555154967753605, ""FIT101"": -0.005549502888044695, ""FIT201"": -0.02988473089333335, ""FIT301"": 0.01764749572245594, ""FIT401"": -10.414403848688293, ""FIT501"": -14.33050270275624, ""FIT502"": 0.209405895783455, ""FIT503"": 6.07344701059907, ""FIT504"": 6.726728196172766, ""FIT601"": -0.05178081391687953, ""LIT101"": 0.00016653117706747953, ""LIT301"": 3.3427793145301976e-05, ""LIT401"": 0.0012436017698461976, ""MV101"": 0.00017537925788629883, ""MV201"": 0.0299111449993648, ""MV301"": -0.01446196827772914, ""MV302"": 0.024624670787198696, ""MV303"": 0.009181161523129422, ""MV304"": 0.01954142421307686, ""P101"": -0.0670656976500813, ""P102"": 1.2433734597472323e-12, ""P201"": -6.116912532050378e-13, ""P202"": -1.684763439868675e-14, ""P203"": -0.07009751352799276, ""P204"": 7.510325694681796e-12, ""P205"": -0.0700975135286199, ""P206"": 2.9879432261736838e-12, ""P301"": -4.996003610813204e-16, ""P302"": -0.03874248617407304, ""P401"": -3.552713678800501e-15, ""P402"": -3.774758283725532e-15, ""P403"": -8.881784197001252e-16, ""P404"": -2.220446049250313e-15, ""P501"": 0.0, ""P502"": 0.0, ""P601"": 0.0, ""P602"": 0.08102373088698225, ""P603"": 0.0, ""PIT501"": 0.5000708750464355, ""PIT502"": -0.09562206130352657, ""PIT503"": 0.39445518110872735, ""UV401"": 2.220446049250313e-16}",-20.358055785604137,0.8018531720492906,0.0585445077897886,0.2419597234867586,0.1923428803941951
PIT501,actual_next,all51,ridge,"[""FIT101"", ""LIT101"", ""MV101"", ""P101"", ""P102"", ""AIT201"", ""AIT202"", ""AIT203"", ""FIT201"", ""MV201"", ""P201"", ""P202"", ""P203"", ""P204"", ""P205"", ""P206"", ""DPIT301"", ""FIT301"", ""LIT301"", ""MV301"", ""MV302"", ""MV303"", ""MV304"", ""P301"", ""P302"", ""AIT401"", ""AIT402"", ""FIT401"", ""LIT401"", ""P401"", ""P402"", ""P403"", ""P404"", ""UV401"", ""AIT501"", ""AIT502"", ""AIT503"", ""AIT504"", ""FIT501"", ""FIT502"", ""FIT503"", ""FIT504"", ""P501"", ""P502"", ""PIT501"", ""PIT502"", ""PIT503"", ""FIT601"", ""P601"", ""P602"", ""P603""]","{""AIT201"": -0.05199320633372007, ""AIT202"": 0.3280072877128744, ""AIT203"": 0.010832540451339622, ""AIT401"": 0.017770952240510098, ""AIT402"": 0.11923784308100815, ""AIT501"": 0.742622032323318, ""AIT502"": -0.09739424329838156, ""AIT503"": 0.013413102168043173, ""AIT504"": -0.38035281785047065, ""DPIT301"": 0.002171538129502187, ""FIT101"": -0.003936714238224067, ""FIT201"": -0.010240534423288242, ""FIT301"": -0.006180941137757666, ""FIT401"": -1.555235354255789, ""FIT501"": -1.5358331148783178, ""FIT502"": -0.3793096690330447, ""FIT503"": 0.2729003029351522, ""FIT504"": 0.2853763133938233, ""FIT601"": -0.032681922649851154, ""LIT101"": 0.00013964920158199038, ""LIT301"": 0.00029544733584932275, ""LIT401"": 0.000860950556313948, ""MV101"": 0.0014121819601550403, ""MV201"": -0.02201423388751738, ""MV301"": 0.002348455579846509, ""MV302"": 0.009468946022561386, ""MV303"": 0.013675898557435964, ""MV304"": 0.0077459008158477765, ""P101"": 0.001951916564350527, ""P102"": 0.0, ""P201"": 0.0, ""P202"": 0.0, ""P203"": -0.029333476871949708, ""P204"": 0.0, ""P205"": -0.029333476871944604, ""P206"": 0.0, ""P301"": 0.0, ""P302"": -0.010881391616700452, ""P401"": 0.0, ""P402"": 0.0, ""P403"": 0.0, ""P404"": 0.0, ""P501"": 0.0, ""P502"": 0.0, ""P601"": 0.0, ""P602"": 0.03487900087825715, ""P603"": 0.0, ""PIT501"": 0.551916593668771, ""PIT502"": -0.4984921166140216, ""PIT503"": 0.35895967539709783, ""UV401"": 0.0}",44.61142556776369,0.6310043180273585,0.1090235498648484,0.3301871437001271,0.2634982773014701
PIT502,actual_next,self_only,ols,"[""PIT502""]","{""PIT502"": 0.494296770649048}",0.559152656919678,0.5611756186951107,0.0295637025875433,0.1719409857699534,0.1258866712574817
PIT502,actual_next,self_only,ridge,"[""PIT502""]","{""PIT502"": 0.47683168150344507}",0.5784635478765938,0.5332065530743566,0.0314479851682073,0.1773357977629089,0.129491317624441
PIT502,actual_next,self_plus_local,ols,"[""PIT502""]","{""PIT502"": 0.494296770649048}",0.559152656919678,0.5611756186951107,0.0295637025875433,0.1719409857699534,0.1258866712574817
PIT502,actual_next,self_plus_local,ridge,"[""PIT502""]","{""PIT502"": 0.47683168150344507}",0.5784635478765938,0.5332065530743566,0.0314479851682073,0.1773357977629089,0.129491317624441
PIT502,actual_next,all51,ols,"[""FIT101"", ""LIT101"", ""MV101"", ""P101"", ""P102"", ""AIT201"", ""AIT202"", ""AIT203"", ""FIT201"", ""MV201"", ""P201"", ""P202"", ""P203"", ""P204"", ""P205"", ""P206"", ""DPIT301"", ""FIT301"", ""LIT301"", ""MV301"", ""MV302"", ""MV303"", ""MV304"", ""P301"", ""P302"", ""AIT401"", ""AIT402"", ""FIT401"", ""LIT401"", ""P401"", ""P402"", ""P403"", ""P404"", ""UV401"", ""AIT501"", ""AIT502"", ""AIT503"", ""AIT504"", ""FIT501"", ""FIT502"", ""FIT503"", ""FIT504"", ""P501"", ""P502"", ""PIT501"", ""PIT502"", ""PIT503"", ""FIT601"", ""P601"", ""P602"", ""P603""]","{""AIT201"": 0.0012583736926924686, ""AIT202"": -0.35907434922108855, ""AIT203"": -0.0016728012907531705, ""AIT401"": -0.1794620859912281, ""AIT402"": 0.005486803840273079, ""AIT501"": 0.2641776833060213, ""AIT502"": -0.015635069962165078, ""AIT503"": -0.0018941126292432442, ""AIT504"": 0.0064764280535819715, ""DPIT301"": -0.0003358574241984491, ""FIT101"": -0.002059374756075034, ""FIT201"": 0.002338280116127512, ""FIT301"": 0.003867299906793565, ""FIT401"": 0.7745147122663009, ""FIT501"": 1.3626286825616194, ""FIT502"": 0.08212631792366687, ""FIT503"": -2.1014621372749582, ""FIT504"": -0.3338765939768093, ""FIT601"": -0.01169029086919722, ""LIT101"": -2.017627911452105e-05, ""LIT301"": -6.305468325770724e-05, ""LIT401"": 0.00016977291744866424, ""MV101"": 0.002971665919526276, ""MV201"": 0.010712472738860338, ""MV301"": -0.0058147539912096055, ""MV302"": 0.001509502490174357, ""MV303"": 0.0012803628555810229, ""MV304"": -0.005847728680488569, ""P101"": -0.004192109098494147, ""P102"": -8.133764928947018e-13, ""P201"": 1.033600288691261e-13, ""P202"": 3.6590175334083597e-13, ""P203"": -0.008233107893208818, ""P204"": -8.754941216437828e-13, ""P205"": -0.00823310789300013, ""P206"": -6.968384202998834e-14, ""P301"": 2.3869795029440866e-15, ""P302"": -0.00460999798249914, ""P401"": 6.661338147750939e-16, ""P402"": 2.7755575615628914e-15, ""P403"": 6.661338147750939e-16, ""P404"": 1.3322676295501878e-15, ""P501"": 0.0, ""P502"": 0.0, ""P601"": 0.0, ""P602"": 0.01627348836278605, ""P603"": 0.0, ""PIT501"": -0.007454037919077616, ""PIT502"": 0.20141241462723272, ""PIT503"": 0.010755804400469915, ""UV401"": 0.0}",28.154765725785328,-0.2271262760867058,0.0826717880982579,0.2875270215097321,0.2048926016366784
PIT502,actual_next,all51,ridge,"[""FIT101"", ""LIT101"", ""MV101"", ""P101"", ""P102"", ""AIT201"", ""AIT202"", ""AIT203"", ""FIT201"", ""MV201"", ""P201"", ""P202"", ""P203"", ""P204"", ""P205"", ""P206"", ""DPIT301"", ""FIT301"", ""LIT301"", ""MV301"", ""MV302"", ""MV303"", ""MV304"", ""P301"", ""P302"", ""AIT401"", ""AIT402"", ""FIT401"", ""LIT401"", ""P401"", ""P402"", ""P403"", ""P404"", ""UV401"", ""AIT501"", ""AIT502"", ""AIT503"", ""AIT504"", ""FIT501"", ""FIT502"", ""FIT503"", ""FIT504"", ""P501"", ""P502"", ""PIT501"", ""PIT502"", ""PIT503"", ""FIT601"", ""P601"", ""P602"", ""P603""]","{""AIT201"": 0.00391087266951187, ""AIT202"": -0.09698523591191488, ""AIT203"": -0.00018750033227198578, ""AIT401"": -0.00858677772453317, ""AIT402"": 4.299899582408198e-05, ""AIT501"": 0.01185536638179486, ""AIT502"": -0.014212947711746245, ""AIT503"": -0.0028131509802090445, ""AIT504"": 0.03576295910593834, ""DPIT301"": -0.0009953207387360947, ""FIT101"": -0.0013749387513100177, ""FIT201"": 0.002810318684176122, ""FIT301"": 0.00775387822580226, ""FIT401"": 0.15671223532477532, ""FIT501"": 0.15895206183844127, ""FIT502"": 0.10678582667144416, ""FIT503"": -0.039455938474666816, ""FIT504"": -0.02859168036083183, ""FIT601"": -0.010742080578031069, ""LIT101"": -4.8699115849702114e-05, ""LIT301"": -8.248531261655227e-05, ""LIT401"": 0.00025571796498028077, ""MV101"": 0.002933047246024995, ""MV201"": 0.011791905168246608, ""MV301"": -0.004441230711962789, ""MV302"": 0.0037330103386107706, ""MV303"": 0.0009391011754491627, ""MV304"": -0.004776663516753865, ""P101"": -0.007710466112943565, ""P102"": 0.0, ""P201"": 0.0, ""P202"": 0.0, ""P203"": -0.009007097870263672, ""P204"": 0.0, ""P205"": -0.009007097870264318, ""P206"": 0.0, ""P301"": 0.0, ""P302"": -0.006060821775192835, ""P401"": 0.0, ""P402"": 0.0, ""P403"": 0.0, ""P404"": 0.0, ""P501"": 0.0, ""P502"": 0.0, ""P601"": 0.0, ""P602"": 0.01223804331740589, ""P603"": 0.0, ""PIT501"": -0.012699563539608777, ""PIT502"": 0.23334307055172068, ""PIT503"": 0.015217779812041822, ""UV401"": 0.0}",3.7802243010961782,-0.0507926620913476,0.0707921507252299,0.2660679438136619,0.1902131249319806
PIT503,actual_next,self_only,ols,"[""PIT503""]","{""PIT503"": 0.9894797806202992}",1.977127544482414,0.7960096605231559,0.0523160834817274,0.2287270938951646,0.1797557782486621
PIT503,actual_next,self_only,ridge,"[""PIT503""]","{""PIT503"": 0.9894347727475996}",1.9855868475876548,0.7960116186115247,0.0523155813034633,0.2287259961251964,0.1797596945929915
PIT503,actual_next,self_plus_local,ols,"[""PIT503""]","{""PIT503"": 0.9894797806202992}",1.977127544482414,0.7960096605231559,0.0523160834817274,0.2287270938951646,0.1797557782486621
PIT503,actual_next,self_plus_local,ridge,"[""PIT503""]","{""PIT503"": 0.9894347727475996}",1.9855868475876548,0.7960116186115247,0.0523155813034633,0.2287259961251964,0.1797596945929915
PIT503,actual_next,all51,ols,"[""FIT101"", ""LIT101"", ""MV101"", ""P101"", ""P102"", ""AIT201"", ""AIT202"", ""AIT203"", ""FIT201"", ""MV201"", ""P201"", ""P202"", ""P203"", ""P204"", ""P205"", ""P206"", ""DPIT301"", ""FIT301"", ""LIT301"", ""MV301"", ""MV302"", ""MV303"", ""MV304"", ""P301"", ""P302"", ""AIT401"", ""AIT402"", ""FIT401"", ""LIT401"", ""P401"", ""P402"", ""P403"", ""P404"", ""UV401"", ""AIT501"", ""AIT502"", ""AIT503"", ""AIT504"", ""FIT501"", ""FIT502"", ""FIT503"", ""FIT504"", ""P501"", ""P502"", ""PIT501"", ""PIT502"", ""PIT503"", ""FIT601"", ""P601"", ""P602"", ""P603""]","{""AIT201"": -0.04486777319815788, ""AIT202"": -2.1583730392190024, ""AIT203"": -0.0004532625440012428, ""AIT401"": 0.2509612347987756, ""AIT402"": 0.08610478020045659, ""AIT501"": 6.803582898102616, ""AIT502"": -0.052327937042253525, ""AIT503"": 0.005591680728898041, ""AIT504"": -0.07400357990789919, ""DPIT301"": 0.0002910850371562468, ""FIT101"": -0.0019529240558596528, ""FIT201"": -0.006983919053746568, ""FIT301"": 0.013089350555027718, ""FIT401"": -8.811971046388116, ""FIT501"": -11.386105250210134, ""FIT502"": 0.1069426995847991, ""FIT503"": 5.665678922015947, ""FIT504"": 5.366947281089695, ""FIT601"": -0.01709636451605237, ""LIT101"": 0.00013532341994463085, ""LIT301"": 4.448439725457387e-05, ""LIT401"": 0.0010463619999636492, ""MV101"": -0.021588245438889018, ""MV201"": 0.008828745803065335, ""MV301"": -0.0011743291575552345, ""MV302"": 0.008136849059524096, ""MV303"": -0.00910434359662201, ""MV304"": 0.007701428252213465, ""P101"": -0.03901070461927439, ""P102"": 8.584730148974984e-13, ""P201"": -5.052486207191009e-13, ""P202"": 6.587091982979132e-14, ""P203"": -0.046149501182009764, ""P204"": 6.285666431793402e-12, ""P205"": -0.046149501182531555, ""P206"": 2.556066469594498e-12, ""P301"": -9.43689570931383e-16, ""P302"": -0.03212716871209963, ""P401"": 3.552713678800501e-15, ""P402"": -4.440892098500626e-15, ""P403"": -1.7763568394002505e-15, ""P404"": -3.1086244689504383e-15, ""P501"": 0.0, ""P502"": 0.0, ""P601"": 0.0, ""P602"": 0.029942340970083657, ""P603"": 0.0, ""PIT501"": 0.35656026172451816, ""PIT502"": -0.03914022428732375, ""PIT503"": 0.43479796149576555, ""UV401"": 0.0}",-21.62677258519645,0.8191851272472331,0.0463724213702065,0.2153425674830838,0.1721314735638006
PIT503,actual_next,all51,ridge,"[""FIT101"", ""LIT101"", ""MV101"", ""P101"", ""P102"", ""AIT201"", ""AIT202"", ""AIT203"", ""FIT201"", ""MV201"", ""P201"", ""P202"", ""P203"", ""P204"", ""P205"", ""P206"", ""DPIT301"", ""FIT301"", ""LIT301"", ""MV301"", ""MV302"", ""MV303"", ""MV304"", ""P301"", ""P302"", ""AIT401"", ""AIT402"", ""FIT401"", ""LIT401"", ""P401"", ""P402"", ""P403"", ""P404"", ""UV401"", ""AIT501"", ""AIT502"", ""AIT503"", ""AIT504"", ""FIT501"", ""FIT502"", ""FIT503"", ""FIT504"", ""P501"", ""P502"", ""PIT501"", ""PIT502"", ""PIT503"", ""FIT601"", ""P601"", ""P602"", ""P603""]","{""AIT201"": -0.026777014264634524, ""AIT202"": 0.26162166509883206, ""AIT203"": 0.0031197616959961036, ""AIT401"": 0.0021085759771504895, ""AIT402"": 0.1280788934723657, ""AIT501"": 0.6793791478327921, ""AIT502"": -0.10732805285014543, ""AIT503"": 0.013726816564255423, ""AIT504"": -0.2724848384084071, ""DPIT301"": 0.0022031342288826626, ""FIT101"": -0.0005027159281306672, ""FIT201"": 0.014160632577557591, ""FIT301"": -0.005305593083260474, ""FIT401"": -1.2801764861989233, ""FIT501"": -1.2543400865577585, ""FIT502"": -0.34643588815385107, ""FIT503"": 0.22863742421910235, ""FIT504"": 0.23322164709387694, ""FIT601"": -0.004012227064368422, ""LIT101"": 0.0001024068440688503, ""LIT301"": 0.00025410455329524404, ""LIT401"": 0.0007619950339971817, ""MV101"": -0.02045670753782552, ""MV201"": -0.033333110503867, ""MV301"": 0.010641010703456235, ""MV302"": -0.003562904446147508, ""MV303"": -0.005307786981688291, ""MV304"": -0.0021159398709747314, ""P101"": 0.016382626998488047, ""P102"": 0.0, ""P201"": 0.0, ""P202"": 0.0, ""P203"": -0.013138475947076216, ""P204"": 0.0, ""P205"": -0.013138475947090061, ""P206"": 0.0, ""P301"": 0.0, ""P302"": -0.009124098728130596, ""P401"": 0.0, ""P402"": 0.0, ""P403"": 0.0, ""P404"": 0.0, ""P501"": 0.0, ""P502"": 0.0, ""P601"": 0.0, ""P602"": -0.002499350692584925, ""P603"": 0.0, ""PIT501"": 0.40246573496960286, ""PIT502"": -0.3721351112346647, ""PIT503"": 0.40451067918669864, ""UV401"": 0.0}",9.249334832220796,0.680231730178255,0.0820089007239529,0.2863719621819723,0.2281404714346394
FIT601,actual_next,self_only,ols,"[""FIT601""]","{""FIT601"": 0.7776643099377111}",0.0031678952185683,0.5252073919422329,0.0106044616751741,0.1029779669403805,0.0127221547497561
FIT601,actual_next,self_only,ridge,"[""FIT601""]","{""FIT601"": 0.7731221320883881}",0.0032326134852277,0.5256514119580427,0.0105945445173229,0.1029298038340837,0.0128020117581397
FIT601,actual_next,self_plus_local,ols,"[""FIT601""]","{""FIT601"": 0.7776643099377111}",0.0031678952185683,0.5252073919422329,0.0106044616751741,0.1029779669403805,0.0127221547497561
FIT601,actual_next,self_plus_local,ridge,"[""FIT601""]","{""FIT601"": 0.7731221320883881}",0.0032326134852277,0.5256514119580427,0.0105945445173229,0.1029298038340837,0.0128020117581397
FIT601,actual_next,all51,ols,"[""FIT101"", ""LIT101"", ""MV101"", ""P101"", ""P102"", ""AIT201"", ""AIT202"", ""AIT203"", ""FIT201"", ""MV201"", ""P201"", ""P202"", ""P203"", ""P204"", ""P205"", ""P206"", ""DPIT301"", ""FIT301"", ""LIT301"", ""MV301"", ""MV302"", ""MV303"", ""MV304"", ""P301"", ""P302"", ""AIT401"", ""AIT402"", ""FIT401"", ""LIT401"", ""P401"", ""P402"", ""P403"", ""P404"", ""UV401"", ""AIT501"", ""AIT502"", ""AIT503"", ""AIT504"", ""FIT501"", ""FIT502"", ""FIT503"", ""FIT504"", ""P501"", ""P502"", ""PIT501"", ""PIT502"", ""PIT503"", ""FIT601"", ""P601"", ""P602"", ""P603""]","{""AIT201"": -0.0011598052168754222, ""AIT202"": -0.39564574185866924, ""AIT203"": -0.0008383670327122908, ""AIT401"": -0.21200629986459166, ""AIT402"": 0.0023567372691927838, ""AIT501"": -0.13633511624411865, ""AIT502"": -0.0034768533128956003, ""AIT503"": -0.0004777501187705757, ""AIT504"": -0.008929152068200906, ""DPIT301"": -0.005713758017000331, ""FIT101"": -0.0013878100316301622, ""FIT201"": -0.014904680505176513, ""FIT301"": 0.06946623460233618, ""FIT401"": -0.17164482720769575, ""FIT501"": 0.13397029485631481, ""FIT502"": -0.015390430526643063, ""FIT503"": 0.4196549535308878, ""FIT504"": 1.2927907858212724, ""FIT601"": -0.008060702504712552, ""LIT101"": 2.1554685440890642e-05, ""LIT301"": -8.183223079474833e-05, ""LIT401"": 2.3509920704423842e-05, ""MV101"": 0.0067731089355056095, ""MV201"": -0.016451015003400793, ""MV301"": -0.1036194948801514, ""MV302"": 0.07439747391738567, ""MV303"": -0.16572068126788514, ""MV304"": 0.051483684418118444, ""P101"": 0.03655863395091612, ""P102"": 9.734053840748658e-14, ""P201"": 2.9004576518332215e-14, ""P202"": 2.687849942617504e-13, ""P203"": 0.008618476112559241, ""P204"": 5.706546346573305e-14, ""P205"": 0.008618476112737751, ""P206"": 1.8338108809246023e-13, ""P301"": 1.3877787807814457e-15, ""P302"": -0.16436291856776383, ""P401"": 5.551115123125783e-17, ""P402"": 8.291978215169138e-16, ""P403"": 4.996003610813204e-16, ""P404"": 2.498001805406602e-16, ""P501"": 0.0, ""P502"": 0.0, ""P601"": 0.0, ""P602"": 1.7940089172751155, ""P603"": 0.0, ""PIT501"": -0.014407823205422776, ""PIT502"": -0.004473477629755015, ""PIT503"": 0.015126536445606048, ""UV401"": 1.1102230246251565e-16}",35.575087853442454,0.9500660055448172,0.0011152724821358,0.0333956955629891,0.0127470433817681
FIT601,actual_next,all51,ridge,"[""FIT101"", ""LIT101"", ""MV101"", ""P101"", ""P102"", ""AIT201"", ""AIT202"", ""AIT203"", ""FIT201"", ""MV201"", ""P201"", ""P202"", ""P203"", ""P204"", ""P205"", ""P206"", ""DPIT301"", ""FIT301"", ""LIT301"", ""MV301"", ""MV302"", ""MV303"", ""MV304"", ""P301"", ""P302"", ""AIT401"", ""AIT402"", ""FIT401"", ""LIT401"", ""P401"", ""P402"", ""P403"", ""P404"", ""UV401"", ""AIT501"", ""AIT502"", ""AIT503"", ""AIT504"", ""FIT501"", ""FIT502"", ""FIT503"", ""FIT504"", ""P501"", ""P502"", ""PIT501"", ""PIT502"", ""PIT503"", ""FIT601"", ""P601"", ""P602"", ""P603""]","{""AIT201"": 0.00014415050397274635, ""AIT202"": -0.05135564343489856, ""AIT203"": 0.0012705600950709758, ""AIT401"": -0.015516887125468986, ""AIT402"": 0.0017404080477014946, ""AIT501"": -0.025009086193908094, ""AIT502"": -0.0036310919913181217, ""AIT503"": -0.00023916152283976603, ""AIT504"": -0.01030686883133625, ""DPIT301"": -0.006208214465396632, ""FIT101"": -0.0008855318195811458, ""FIT201"": -0.016674857599803316, ""FIT301"": 0.06963527186076482, ""FIT401"": -0.0125198430417907, ""FIT501"": -0.00741806974268003, ""FIT502"": -0.01847380453391092, ""FIT503"": 0.006537047196597177, ""FIT504"": 0.007459686728007293, ""FIT601"": 0.08064699647208111, ""LIT101"": 8.747830836684846e-06, ""LIT301"": -7.436773513911469e-05, ""LIT401"": 3.114382793899706e-05, ""MV101"": 0.007684721916468705, ""MV201"": -0.014822422414904455, ""MV301"": -0.006121286183670083, ""MV302"": 0.07380602227942798, ""MV303"": -0.16415300824169163, ""MV304"": 0.048327844518846884, ""P101"": 0.036309732725990515, ""P102"": 0.0, ""P201"": 0.0, ""P202"": 0.0, ""P203"": 0.009449743368154198, ""P204"": 0.0, ""P205"": 0.009449743368170244, ""P206"": 0.0, ""P301"": 0.0, ""P302"": -0.15803900405315674, ""P401"": 0.0, ""P402"": 0.0, ""P403"": 0.0, ""P404"": 0.0, ""P501"": 0.0, ""P502"": 0.0, ""P601"": 0.0, ""P602"": 1.538603446059243, ""P603"": 0.0, ""PIT501"": -0.014890153100979459, ""PIT502"": -0.00709433876691496, ""PIT503"": 0.014316593041632568, ""UV401"": 0.0}",2.7033391398917583,0.9618477387560974,0.0008521282457139,0.0291912357688725,0.0126508952824039
FIT101,actual_delta,local_support,ols,"[""FIT101"", ""MV101"", ""LIT101""]","{""FIT101"": -0.22778576043294582, ""LIT101"": -0.00040904347523538505, ""MV101"": 0.47235820313751187}",-0.1488916667268732,0.1721304899767857,0.0286987784122686,0.169407138020417,0.1020929644806313
FIT101,actual_delta,local_support,ridge,"[""FIT101"", ""MV101"", ""LIT101""]","{""FIT101"": -0.22548698207206194, ""LIT101"": -0.00040959647395493603, ""MV101"": 0.46647141562916106}",-0.142691089922858,0.1712996440871486,0.0287275803693316,0.1694921248003328,0.1022250961256903
FIT101,actual_delta,self_only,ols,"[""FIT101""]","{""FIT101"": -0.014571062089293771}",0.0268654045682704,0.0071901948065603,0.0344165695919579,0.18551703315857,0.1104329896201591
FIT101,actual_delta,self_only,ridge,"[""FIT101""]","{""FIT101"": -0.014569598108836635}",0.0268626743846132,0.0071902649088244,0.0344165671618052,0.1855170266088945,0.1104323605490453
FIT101,actual_delta,self_plus_local,ols,"[""FIT101"", ""MV101"", ""LIT101""]","{""FIT101"": -0.22778576043294582, ""LIT101"": -0.00040904347523538505, ""MV101"": 0.47235820313751187}",-0.1488916667268732,0.1721304899767857,0.0286987784122686,0.169407138020417,0.1020929644806313
FIT101,actual_delta,self_plus_local,ridge,"[""FIT101"", ""MV101"", ""LIT101""]","{""FIT101"": -0.22548698207206194, ""LIT101"": -0.00040959647395493603, ""MV101"": 0.46647141562916106}",-0.142691089922858,0.1712996440871486,0.0287275803693316,0.1694921248003328,0.1022250961256903
FIT101,actual_delta,all51,ols,"[""FIT101"", ""LIT101"", ""MV101"", ""P101"", ""P102"", ""AIT201"", ""AIT202"", ""AIT203"", ""FIT201"", ""MV201"", ""P201"", ""P202"", ""P203"", ""P204"", ""P205"", ""P206"", ""DPIT301"", ""FIT301"", ""LIT301"", ""MV301"", ""MV302"", ""MV303"", ""MV304"", ""P301"", ""P302"", ""AIT401"", ""AIT402"", ""FIT401"", ""LIT401"", ""P401"", ""P402"", ""P403"", ""P404"", ""UV401"", ""AIT501"", ""AIT502"", ""AIT503"", ""AIT504"", ""FIT501"", ""FIT502"", ""FIT503"", ""FIT504"", ""P501"", ""P502"", ""PIT501"", ""PIT502"", ""PIT503"", ""FIT601"", ""P601"", ""P602"", ""P603""]","{""AIT201"": -0.002114585331775165, ""AIT202"": -0.21778610791918324, ""AIT203"": -0.006238923566225324, ""AIT401"": 0.020613064553691596, ""AIT402"": 0.004691950124179847, ""AIT501"": -0.3029040162820123, ""AIT502"": -0.0018412165406277714, ""AIT503"": 0.0010489274531887416, ""AIT504"": -0.011723290410450022, ""DPIT301"": 0.0031045287796694077, ""FIT101"": -0.24865308287077478, ""FIT201"": 0.028810168992379426, ""FIT301"": -0.016245805934533133, ""FIT401"": -0.10609293379799697, ""FIT501"": 0.6404406622820826, ""FIT502"": -0.0017997260736385512, ""FIT503"": 1.0230386739270358, ""FIT504"": -2.2058085642065612, ""FIT601"": -0.009683742051021967, ""LIT101"": -0.0007270145734259918, ""LIT301"": 8.871624835424252e-05, ""LIT401"": -8.221163059762837e-07, ""MV101"": 0.4623767023181491, ""MV201"": 0.05005698070484578, ""MV301"": -0.05266307214628835, ""MV302"": -0.015134953474318877, ""MV303"": 0.014360020161449938, ""MV304"": -0.005028592055324082, ""P101"": -0.17102601610158583, ""P102"": -2.6154078902607125e-13, ""P201"": -2.939315457695102e-14, ""P202"": -5.345723863570129e-14, ""P203"": 0.01591675498364983, ""P204"": -3.7539416020138106e-14, ""P205"": 0.01591675498364979, ""P206"": -3.1988300897012323e-15, ""P301"": -3.913536161803677e-15, ""P302"": 0.0033507300652849854, ""P401"": -3.3306690738754696e-16, ""P402"": -3.1502578323738817e-15, ""P403"": -1.2888995426507677e-15, ""P404"": -1.7763568394002505e-15, ""P501"": 0.0, ""P502"": 0.0, ""P601"": 0.0, ""P602"": 0.05749844015644301, ""P603"": 0.0, ""PIT501"": 0.028862752471081984, ""PIT502"": -0.05786264598662302, ""PIT503"": -0.034446254369138604, ""UV401"": -2.220446049250313e-16}",1.6028655466331312,0.1682483961609987,0.0288333543917509,0.1698038703674063,0.1038506040729308
FIT101,actual_delta,all51,ridge,"[""FIT101"", ""LIT101"", ""MV101"", ""P101"", ""P102"", ""AIT201"", ""AIT202"", ""AIT203"", ""FIT201"", ""MV201"", ""P201"", ""P202"", ""P203"", ""P204"", ""P205"", ""P206"", ""DPIT301"", ""FIT301"", ""LIT301"", ""MV301"", ""MV302"", ""MV303"", ""MV304"", ""P301"", ""P302"", ""AIT401"", ""AIT402"", ""FIT401"", ""LIT401"", ""P401"", ""P402"", ""P403"", ""P404"", ""UV401"", ""AIT501"", ""AIT502"", ""AIT503"", ""AIT504"", ""FIT501"", ""FIT502"", ""FIT503"", ""FIT504"", ""P501"", ""P502"", ""PIT501"", ""PIT502"", ""PIT503"", ""FIT601"", ""P601"", ""P602"", ""P603""]","{""AIT201"": -0.001682373428091251, ""AIT202"": -0.04923925258394274, ""AIT203"": -0.004762160214900228, ""AIT401"": 0.0010654936757672965, ""AIT402"": 0.002322356906996199, ""AIT501"": -0.03522812798555208, ""AIT502"": 4.607729938879066e-05, ""AIT503"": 0.0008515025055579999, ""AIT504"": -0.003053597615869263, ""DPIT301"": 0.00282906559343608, ""FIT101"": -0.24614231741334736, ""FIT201"": 0.022850329284829544, ""FIT301"": -0.013771192602436793, ""FIT401"": 0.041502058365750764, ""FIT501"": 0.05243742362090091, ""FIT502"": 0.012949844342715747, ""FIT503"": -0.00018042278028388784, ""FIT504"": -0.018674250235118713, ""FIT601"": -0.006070381573877811, ""LIT101"": -0.0007404775016146203, ""LIT301"": 9.236099511579149e-05, ""LIT401"": 1.9881670508513205e-05, ""MV101"": 0.45693432353235075, ""MV201"": 0.044124052579731274, ""MV301"": -0.04845860178658203, ""MV302"": -0.013429509527258883, ""MV303"": 0.013322126230843317, ""MV304"": -0.004203178215750117, ""P101"": -0.15760555257430295, ""P102"": 0.0, ""P201"": 0.0, ""P202"": 0.0, ""P203"": 0.015792168472075572, ""P204"": 0.0, ""P205"": 0.01579216847206973, ""P206"": 0.0, ""P301"": 0.0, ""P302"": 0.0010763018257292215, ""P401"": 0.0, ""P402"": 0.0, ""P403"": 0.0, ""P404"": 0.0, ""P501"": 0.0, ""P502"": 0.0, ""P601"": 0.0, ""P602"": 0.048984463300490944, ""P603"": 0.0, ""PIT501"": 0.026779698807275692, ""PIT502"": -0.04119285980317868, ""PIT503"": -0.031976565235389456, ""UV401"": 0.0}",1.2907397733503898,0.1753953422339952,0.0285855996197849,0.1690727642755775,0.1033544432937386
LIT101,actual_delta,local_support,ols,"[""LIT101"", ""FIT101"", ""FIT201"", ""MV101"", ""P101""]","{""FIT101"": 1.8971363918351414, ""FIT201"": -1.5844490530437372, ""LIT101"": -0.0013091740907480887, ""MV101"": -0.09581538244093445, ""P101"": -1.1191856100400266}",2.303624252566282,0.7387437052383785,2.3321646260399684,1.5271426344778567,1.158229682497626
LIT101,actual_delta,local_support,ridge,"[""LIT101"", ""FIT101"", ""FIT201"", ""MV101"", ""P101""]","{""FIT101"": 1.8935368824757997, ""FIT201"": -1.59116270057946, ""LIT101"": -0.001307932966063123, ""MV101"": -0.08697256760656161, ""P101"": -1.1021045041270843}",2.276736150780194,0.7387436798282797,2.3321648528690813,1.5271427087437115,1.1582066347581126
LIT101,actual_delta,self_only,ols,"[""LIT101""]","{""LIT101"": -0.00018136704380778234}",0.147458657607262,-0.0033576749362165,8.956703909802592,2.99277528555062,2.2236180309372475
LIT101,actual_delta,self_only,ridge,"[""LIT101""]","{""LIT101"": -0.00018136704195968455}",0.1474586565143172,-0.0033576749417063,8.956703909851598,2.992775285558807,2.2236180309466733
LIT101,actual_delta,self_plus_local,ols,"[""LIT101"", ""FIT101"", ""FIT201"", ""MV101"", ""P101""]","{""FIT101"": 1.8971363918351414, ""FIT201"": -1.5844490530437372, ""LIT101"": -0.0013091740907480887, ""MV101"": -0.09581538244093445, ""P101"": -1.1191856100400266}",2.303624252566282,0.7387437052383785,2.3321646260399684,1.5271426344778567,1.158229682497626
LIT101,actual_delta,self_plus_local,ridge,"[""LIT101"", ""FIT101"", ""FIT201"", ""MV101"", ""P101""]","{""FIT101"": 1.8935368824757997, ""FIT201"": -1.59116270057946, ""LIT101"": -0.001307932966063123, ""MV101"": -0.08697256760656161, ""P101"": -1.1021045041270843}",2.276736150780194,0.7387436798282797,2.3321648528690813,1.5271427087437115,1.1582066347581126
LIT101,actual_delta,all51,ols,"[""FIT101"", ""LIT101"", ""MV101"", ""P101"", ""P102"", ""AIT201"", ""AIT202"", ""AIT203"", ""FIT201"", ""MV201"", ""P201"", ""P202"", ""P203"", ""P204"", ""P205"", ""P206"", ""DPIT301"", ""FIT301"", ""LIT301"", ""MV301"", ""MV302"", ""MV303"", ""MV304"", ""P301"", ""P302"", ""AIT401"", ""AIT402"", ""FIT401"", ""LIT401"", ""P401"", ""P402"", ""P403"", ""P404"", ""UV401"", ""AIT501"", ""AIT502"", ""AIT503"", ""AIT504"", ""FIT501"", ""FIT502"", ""FIT503"", ""FIT504"", ""P501"", ""P502"", ""PIT501"", ""PIT502"", ""PIT503"", ""FIT601"", ""P601"", ""P602"", ""P603""]","{""AIT201"": 0.012299275220120226, ""AIT202"": 2.303825367466936, ""AIT203"": -0.021358940902586693, ""AIT401"": 4.199524763563823, ""AIT402"": -0.01960127478841596, ""AIT501"": -2.9796661335802828, ""AIT502"": 0.0338422887079855, ""AIT503"": 0.004211798823116286, ""AIT504"": -0.09263247783515594, ""DPIT301"": 0.034887696594627704, ""FIT101"": 1.8850997288467828, ""FIT201"": -0.929443005135855, ""FIT301"": -0.3690155465505739, ""FIT401"": -10.018123896405635, ""FIT501"": 13.381407491451606, ""FIT502"": -0.45440651469019366, ""FIT503"": 2.6464072499255167, ""FIT504"": -10.455192677331551, ""FIT601"": 0.029601443548598567, ""LIT101"": -0.0013414782120139274, ""LIT301"": 0.0005168165038751393, ""LIT401"": -0.0004583521823878778, ""MV101"": -0.11693836151776889, ""MV201"": 0.3795604864120159, ""MV301"": -0.27165607572607264, ""MV302"": -0.25114685713657425, ""MV303"": 0.24006405176964096, ""MV304"": -0.02420907468822558, ""P101"": -1.180620555601167, ""P102"": 5.0829063180657386e-12, ""P201"": -8.49154080384551e-13, ""P202"": -1.7116308370646038e-12, ""P203"": -0.7540302711752789, ""P204"": 5.4088955536713e-12, ""P205"": -0.7540302711778211, ""P206"": 2.0080603846395206e-12, ""P301"": -7.216449660063518e-15, ""P302"": 0.5229271289800532, ""P401"": -3.552713678800501e-15, ""P402"": -7.105427357601002e-15, ""P403"": -2.6645352591003757e-15, ""P404"": -7.993605777301127e-15, ""P501"": 0.0, ""P502"": 0.0, ""P601"": 0.0, ""P602"": 0.3387481954543029, ""P603"": 0.0, ""PIT501"": -0.07504277927976954, ""PIT502"": -0.11992541982449587, ""PIT503"": 0.07079311269213984, ""UV401"": 0.0}",-614.8494743847494,0.7384375791896988,2.3348973308825127,1.52803708426285,1.1608265703380565
LIT101,actual_delta,all51,ridge,"[""FIT101"", ""LIT101"", ""MV101"", ""P101"", ""P102"", ""AIT201"", ""AIT202"", ""AIT203"", ""FIT201"", ""MV201"", ""P201"", ""P202"", ""P203"", ""P204"", ""P205"", ""P206"", ""DPIT301"", ""FIT301"", ""LIT301"", ""MV301"", ""MV302"", ""MV303"", ""MV304"", ""P301"", ""P302"", ""AIT401"", ""AIT402"", ""FIT401"", ""LIT401"", ""P401"", ""P402"", ""P403"", ""P404"", ""UV401"", ""AIT501"", ""AIT502"", ""AIT503"", ""AIT504"", ""FIT501"", ""FIT502"", ""FIT503"", ""FIT504"", ""P501"", ""P502"", ""PIT501"", ""PIT502"", ""PIT503"", ""FIT601"", ""P601"", ""P602"", ""P603""]","{""AIT201"": -0.002395345926482867, ""AIT202"": 0.16711430832578525, ""AIT203"": -0.029654601607582244, ""AIT401"": 0.27864935687382325, ""AIT402"": -0.023659850211614195, ""AIT501"": -0.2774449811097502, ""AIT502"": 0.0504788202388113, ""AIT503"": 0.002390671032510512, ""AIT504"": -0.0665716141531892, ""DPIT301"": 0.03414996778386883, ""FIT101"": 1.8762645650328158, ""FIT201"": -0.9713391421972832, ""FIT301"": -0.3514952264569889, ""FIT401"": -0.0063605387101188515, ""FIT501"": 0.38597108818136366, ""FIT502"": -0.21482597317942623, ""FIT503"": -0.02088589382187645, ""FIT504"": -0.08727427469038113, ""FIT601"": 0.05397178322106056, ""LIT101"": -0.0012709497814947517, ""LIT301"": 0.0004279165376246511, ""LIT401"": -0.0004961405989943696, ""MV101"": -0.10415544768609789, ""MV201"": 0.3218490310909136, ""MV301"": -0.2398181652244515, ""MV302"": -0.2326946642779084, ""MV303"": 0.22088842466852326, ""MV304"": -0.01310953614339422, ""P101"": -1.1101194641957952, ""P102"": 0.0, ""P201"": 0.0, ""P202"": 0.0, ""P203"": -0.7314928337784494, ""P204"": 0.0, ""P205"": -0.7314928337781955, ""P206"": 0.0, ""P301"": 0.0, ""P302"": 0.47807846063930864, ""P401"": 0.0, ""P402"": 0.0, ""P403"": 0.0, ""P404"": 0.0, ""P501"": 0.0, ""P502"": 0.0, ""P601"": 0.0, ""P602"": 0.28263722994964063, ""P603"": 0.0, ""PIT501"": -0.08037757378580702, ""PIT502"": -0.05062707358017295, ""PIT503"": 0.07510638176368675, ""UV401"": 0.0}",-25.52334751176728,0.7382230501745375,2.336812373660237,1.528663590742004,1.1605966168782822
AIT201,actual_delta,self_only,ols,"[""AIT201""]","{""AIT201"": -0.0010680355445921183}",0.2821233587742927,4.409331264554339e-05,0.010308458184046,0.1015305775815643,0.0253702717671843
AIT201,actual_delta,self_only,ridge,"[""AIT201""]","{""AIT201"": -0.001067989040512492}",0.2821110445142894,4.4163002189234746e-05,0.0103084574656226,0.1015305740435984,0.0253701090963552
AIT201,actual_delta,self_plus_local,ols,"[""AIT201""]","{""AIT201"": -0.0010680355445921183}",0.2821233587742927,4.409331264554339e-05,0.010308458184046,0.1015305775815643,0.0253702717671843
AIT201,actual_delta,self_plus_local,ridge,"[""AIT201""]","{""AIT201"": -0.001067989040512492}",0.2821110445142894,4.4163002189234746e-05,0.0103084574656226,0.1015305740435984,0.0253701090963552
AIT201,actual_delta,all51,ols,"[""FIT101"", ""LIT101"", ""MV101"", ""P101"", ""P102"", ""AIT201"", ""AIT202"", ""AIT203"", ""FIT201"", ""MV201"", ""P201"", ""P202"", ""P203"", ""P204"", ""P205"", ""P206"", ""DPIT301"", ""FIT301"", ""LIT301"", ""MV301"", ""MV302"", ""MV303"", ""MV304"", ""P301"", ""P302"", ""AIT401"", ""AIT402"", ""FIT401"", ""LIT401"", ""P401"", ""P402"", ""P403"", ""P404"", ""UV401"", ""AIT501"", ""AIT502"", ""AIT503"", ""AIT504"", ""FIT501"", ""FIT502"", ""FIT503"", ""FIT504"", ""P501"", ""P502"", ""PIT501"", ""PIT502"", ""PIT503"", ""FIT601"", ""P601"", ""P602"", ""P603""]","{""AIT201"": -0.02064359342128222, ""AIT202"": -1.5580978378196482, ""AIT203"": 0.004841547407079894, ""AIT401"": -0.40492982244876025, ""AIT402"": 0.03107052155473808, ""AIT501"": 1.8955747808448915, ""AIT502"": -0.024456810078267832, ""AIT503"": 0.0002632801129980322, ""AIT504"": -0.025784618153741612, ""DPIT301"": -0.0007610199942511553, ""FIT101"": -0.012303953957851697, ""FIT201"": -0.41621836043476873, ""FIT301"": 0.006485942113857113, ""FIT401"": -0.13971736771479942, ""FIT501"": -0.29926370473070457, ""FIT502"": 0.043736998357870566, ""FIT503"": -0.3751208837749772, ""FIT504"": -0.8056944383446757, ""FIT601"": 0.018025791657870216, ""LIT101"": -6.346808745186081e-05, ""LIT301"": 8.185631150520178e-05, ""LIT401"": 4.8702575519921076e-05, ""MV101"": 0.015482155653724659, ""MV201"": -0.45049041365339376, ""MV301"": 0.009597619806475742, ""MV302"": 0.003810569458576926, ""MV303"": -0.006226519927935541, ""MV304"": -0.006605251100994011, ""P101"": 0.6558768168544633, ""P102"": -3.403790270473106e-12, ""P201"": 7.615002378669189e-14, ""P202"": 7.832900994486636e-13, ""P203"": 0.3144927050315859, ""P204"": -2.496891582381977e-13, ""P205"": 0.31449270503185595, ""P206"": 3.217981436876016e-13, ""P301"": -9.159339953157541e-16, ""P302"": -0.005583070799847822, ""P401"": 8.881784197001252e-16, ""P402"": -6.106226635438361e-16, ""P403"": -4.440892098500626e-16, ""P404"": 1.1102230246251565e-16, ""P501"": 0.0, ""P502"": 0.0, ""P601"": 0.0, ""P602"": -0.02677359076639867, ""P603"": 0.0, ""PIT501"": -0.03755751502456173, ""PIT502"": 0.010545861750353797, ""PIT503"": 0.03356254232792344, ""UV401"": 0.0}",64.65652243825748,0.0616889772068182,0.0096729664552271,0.0983512402322772,0.0370174569812592
AIT201,actual_delta,all51,ridge,"[""FIT101"", ""LIT101"", ""MV101"", ""P101"", ""P102"", ""AIT201"", ""AIT202"", ""AIT203"", ""FIT201"", ""MV201"", ""P201"", ""P202"", ""P203"", ""P204"", ""P205"", ""P206"", ""DPIT301"", ""FIT301"", ""LIT301"", ""MV301"", ""MV302"", ""MV303"", ""MV304"", ""P301"", ""P302"", ""AIT401"", ""AIT402"", ""FIT401"", ""LIT401"", ""P401"", ""P402"", ""P403"", ""P404"", ""UV401"", ""AIT501"", ""AIT502"", ""AIT503"", ""AIT504"", ""FIT501"", ""FIT502"", ""FIT503"", ""FIT504"", ""P501"", ""P502"", ""PIT501"", ""PIT502"", ""PIT503"", ""FIT601"", ""P601"", ""P602"", ""P603""]","{""AIT201"": -0.01044552561175723, ""AIT202"": -0.1792329626990111, ""AIT203"": 0.010019657894336854, ""AIT401"": -0.02434644191182661, ""AIT402"": 0.028544326011915314, ""AIT501"": 0.15595074881670828, ""AIT502"": -0.03270426032303044, ""AIT503"": 0.0006229812481401334, ""AIT504"": -0.013636852708218216, ""DPIT301"": -0.0016702760388802949, ""FIT101"": -0.009320014560953932, ""FIT201"": -0.3657586049829278, ""FIT301"": 0.011614368718764725, ""FIT401"": 0.011204593585002332, ""FIT501"": 0.006614187516272122, ""FIT502"": 0.04119448599526805, ""FIT503"": -0.005009724248457099, ""FIT504"": -0.006811063240005619, ""FIT601"": 0.016524568700003326, ""LIT101"": -0.00013973278578872917, ""LIT301"": 9.565424351572529e-05, ""LIT401"": 0.00014689183453703958, ""MV101"": 0.014168782650353644, ""MV201"": -0.39347427557653236, ""MV301"": 0.007533658595367306, ""MV302"": 0.005932228791968309, ""MV303"": -0.005320434774277777, ""MV304"": -0.006178363405956944, ""P101"": 0.5846325535836122, ""P102"": 0.0, ""P201"": 0.0, ""P202"": 0.0, ""P203"": 0.2724836424567499, ""P204"": 0.0, ""P205"": 0.2724836424567197, ""P206"": 0.0, ""P301"": 0.0, ""P302"": -0.00395647129906083, ""P401"": 0.0, ""P402"": 0.0, ""P403"": 0.0, ""P404"": 0.0, ""P501"": 0.0, ""P502"": 0.0, ""P601"": 0.0, ""P602"": -0.02350794207548849, ""P603"": 0.0, ""PIT501"": -0.03533811500451609, ""PIT502"": 0.013879354613424294, ""PIT503"": 0.034640751270883986, ""UV401"": 0.0}",5.09290432309567,0.0809979763233956,0.0094739116682731,0.0973340211245437,0.0312582739352213
AIT202,actual_delta,self_only,ols,"[""AIT202""]","{""AIT202"": -0.006693993083976345}",0.0561222303510983,0.0040284508336437,1.40973019980979e-05,0.0037546373990171,0.0020344290874229
AIT202,actual_delta,self_only,ridge,"[""AIT202""]","{""AIT202"": -0.0059650510948613435}",0.0500117386140404,0.0039269816988082,1.4098738224904236e-05,0.0037548286545332,0.0020308647383068
AIT202,actual_delta,self_plus_local,ols,"[""AIT202""]","{""AIT202"": -0.006693993083976345}",0.0561222303510983,0.0040284508336437,1.40973019980979e-05,0.0037546373990171,0.0020344290874229
AIT202,actual_delta,self_plus_local,ridge,"[""AIT202""]","{""AIT202"": -0.0059650510948613435}",0.0500117386140404,0.0039269816988082,1.4098738224904236e-05,0.0037548286545332,0.0020308647383068
AIT202,actual_delta,all51,ols,"[""FIT101"", ""LIT101"", ""MV101"", ""P101"", ""P102"", ""AIT201"", ""AIT202"", ""AIT203"", ""FIT201"", ""MV201"", ""P201"", ""P202"", ""P203"", ""P204"", ""P205"", ""P206"", ""DPIT301"", ""FIT301"", ""LIT301"", ""MV301"", ""MV302"", ""MV303"", ""MV304"", ""P301"", ""P302"", ""AIT401"", ""AIT402"", ""FIT401"", ""LIT401"", ""P401"", ""P402"", ""P403"", ""P404"", ""UV401"", ""AIT501"", ""AIT502"", ""AIT503"", ""AIT504"", ""FIT501"", ""FIT502"", ""FIT503"", ""FIT504"", ""P501"", ""P502"", ""PIT501"", ""PIT502"", ""PIT503"", ""FIT601"", ""P601"", ""P602"", ""P603""]","{""AIT201"": -0.0010952123356952309, ""AIT202"": -0.22455476506659058, ""AIT203"": 0.0007002630183032513, ""AIT401"": -0.020928226732410977, ""AIT402"": 0.0010153152606343502, ""AIT501"": 0.19564858815515107, ""AIT502"": -0.0011680433071234175, ""AIT503"": -5.977268448684181e-05, ""AIT504"": -0.002624926534521857, ""DPIT301"": 8.994759236281846e-05, ""FIT101"": -0.0005812834989648413, ""FIT201"": -0.010812044373494869, ""FIT301"": -0.00041293621337541025, ""FIT401"": 0.011669599588622402, ""FIT501"": -0.05994731262280036, ""FIT502"": -0.00456113318222632, ""FIT503"": 0.07255460671897937, ""FIT504"": 0.05629311137787198, ""FIT601"": -0.0001466611067646919, ""LIT101"": -8.727486149166226e-06, ""LIT301"": 1.1488058751604746e-05, ""LIT401"": 1.6102820751869723e-05, ""MV101"": -0.00025893552016096087, ""MV201"": -0.0038409278857850925, ""MV301"": 0.0008248083663433279, ""MV302"": -6.359929854283033e-05, ""MV303"": -0.00013732846963044817, ""MV304"": 0.00010331906277993776, ""P101"": -0.009662571979159613, ""P102"": -2.5395306788456723e-13, ""P201"": 1.765864472876022e-14, ""P202"": 1.2339261556970627e-13, ""P203"": 0.007460048377550578, ""P204"": -6.627684512316989e-14, ""P205"": 0.007460048377626892, ""P206"": 4.724692859170432e-14, ""P301"": -4.787836793695988e-16, ""P302"": -0.0006804692699112335, ""P401"": 1.1102230246251565e-16, ""P402"": -1.5265566588595902e-16, ""P403"": 0.0, ""P404"": -4.163336342344337e-17, ""P501"": 0.0, ""P502"": 0.0, ""P601"": 0.0, ""P602"": -0.001152941666704205, ""P603"": 0.0, ""PIT501"": -0.0019385796567871066, ""PIT502"": -0.000673127597419635, ""PIT503"": 0.0016051570825667827, ""UV401"": 3.469446951953614e-18}",3.7743789319156464,0.065852634514681,1.3222222595611992e-05,0.0036362374228881,0.0028596960441493
AIT202,actual_delta,all51,ridge,"[""FIT101"", ""LIT101"", ""MV101"", ""P101"", ""P102"", ""AIT201"", ""AIT202"", ""AIT203"", ""FIT201"", ""MV201"", ""P201"", ""P202"", ""P203"", ""P204"", ""P205"", ""P206"", ""DPIT301"", ""FIT301"", ""LIT301"", ""MV301"", ""MV302"", ""MV303"", ""MV304"", ""P301"", ""P302"", ""AIT401"", ""AIT402"", ""FIT401"", ""LIT401"", ""P401"", ""P402"", ""P403"", ""P404"", ""UV401"", ""AIT501"", ""AIT502"", ""AIT503"", ""AIT504"", ""FIT501"", ""FIT502"", ""FIT503"", ""FIT504"", ""P501"", ""P502"", ""PIT501"", ""PIT502"", ""PIT503"", ""FIT601"", ""P601"", ""P602"", ""P603""]","{""AIT201"": 0.00022144348825104462, ""AIT202"": -0.025581636651965597, ""AIT203"": 0.0015805237017592953, ""AIT401"": -0.0012062173896264634, ""AIT402"": 0.0006760236289701907, ""AIT501"": 0.015236689628846199, ""AIT502"": -0.0021517689236823572, ""AIT503"": 1.1399412302425693e-05, ""AIT504"": -0.0014823519015517306, ""DPIT301"": -2.5632287082321187e-05, ""FIT101"": -0.00029338785584933545, ""FIT201"": -0.009907889144826033, ""FIT301"": 0.00024131850250501608, ""FIT401"": 0.0005104663739990151, ""FIT501"": -0.0007581412775784427, ""FIT502"": -0.001745421179993133, ""FIT503"": 0.0005154390710481392, ""FIT504"": 0.0001645372927692598, ""FIT601"": -0.00010525729056632924, ""LIT101"": -1.924104568141348e-05, ""LIT301"": 1.642578565965575e-05, ""LIT401"": 2.7359274470836775e-05, ""MV101"": -0.00014744151889860125, ""MV201"": -0.004231765418185301, ""MV301"": 0.0007579132456170498, ""MV302"": 0.00023032684208289784, ""MV303"": -8.862003676542557e-05, ""MV304"": 7.297653310119565e-05, ""P101"": -0.008519382609147377, ""P102"": 0.0, ""P201"": 0.0, ""P202"": 0.0, ""P203"": 0.007168302895556811, ""P204"": 0.0, ""P205"": 0.00716830289555603, ""P206"": 0.0, ""P301"": 0.0, ""P302"": -0.0005855716732411689, ""P401"": 0.0, ""P402"": 0.0, ""P403"": 0.0, ""P404"": 0.0, ""P501"": 0.0, ""P502"": 0.0, ""P601"": 0.0, ""P602"": -0.0011573347762581653, ""P603"": 0.0, ""PIT501"": -0.0018520978009717898, ""PIT502"": -0.0005985861744769426, ""PIT503"": 0.0018190704961036372, ""UV401"": 0.0}",0.0308839550642376,0.3071684970146983,9.806560176899674e-06,0.0031315427790307,0.0022506374130345
AIT203,actual_delta,self_only,ols,"[""AIT203""]","{""AIT203"": -0.005563450044551379}",1.819739602801807,0.0029715496505905,0.3182033141020557,0.5640951285927364,0.1270840502770161
AIT203,actual_delta,self_only,ridge,"[""AIT203""]","{""AIT203"": -0.005563424960469501}",1.819731392673468,0.0029715484097893,0.3182033144980595,0.5640951289437444,0.1270840092132081
AIT203,actual_delta,self_plus_local,ols,"[""AIT203""]","{""AIT203"": -0.005563450044551379}",1.819739602801807,0.0029715496505905,0.3182033141020557,0.5640951285927364,0.1270840502770161
AIT203,actual_delta,self_plus_local,ridge,"[""AIT203""]","{""AIT203"": -0.005563424960469501}",1.819731392673468,0.0029715484097893,0.3182033144980595,0.5640951289437444,0.1270840092132081
AIT203,actual_delta,all51,ols,"[""FIT101"", ""LIT101"", ""MV101"", ""P101"", ""P102"", ""AIT201"", ""AIT202"", ""AIT203"", ""FIT201"", ""MV201"", ""P201"", ""P202"", ""P203"", ""P204"", ""P205"", ""P206"", ""DPIT301"", ""FIT301"", ""LIT301"", ""MV301"", ""MV302"", ""MV303"", ""MV304"", ""P301"", ""P302"", ""AIT401"", ""AIT402"", ""FIT401"", ""LIT401"", ""P401"", ""P402"", ""P403"", ""P404"", ""UV401"", ""AIT501"", ""AIT502"", ""AIT503"", ""AIT504"", ""FIT501"", ""FIT502"", ""FIT503"", ""FIT504"", ""P501"", ""P502"", ""PIT501"", ""PIT502"", ""PIT503"", ""FIT601"", ""P601"", ""P602"", ""P603""]","{""AIT201"": 0.016649688690861683, ""AIT202"": 5.368480357034976, ""AIT203"": -0.3036421452917147, ""AIT401"": 3.684404340603054, ""AIT402"": -0.07789807582655428, ""AIT501"": -28.847879865415187, ""AIT502"": 0.2227324522902081, ""AIT503"": -0.00282160488932659, ""AIT504"": 0.303595984802993, ""DPIT301"": 0.0025866593578460773, ""FIT101"": 0.0774618169701264, ""FIT201"": 1.5263609551570039, ""FIT301"": 0.008101209924454178, ""FIT401"": -3.6945681461858655, ""FIT501"": 0.17816458375387914, ""FIT502"": 0.5772043275271108, ""FIT503"": -15.411829997527114, ""FIT504"": -12.38245666633201, ""FIT601"": 0.013237719795806138, ""LIT101"": 0.003106168226153614, ""LIT301"": -0.0030703834378091877, ""LIT401"": -0.003863286464978355, ""MV101"": -0.02683097467669208, ""MV201"": 0.8675183790176457, ""MV301"": -0.0513693130416959, ""MV302"": -0.013164328140354703, ""MV303"": 0.011671595595844977, ""MV304"": 0.04078143677897007, ""P101"": 3.494478195679183, ""P102"": 6.762178490771209e-12, ""P201"": -1.1241385426685735e-12, ""P202"": -4.753641924537533e-12, ""P203"": -1.9161024878471071, ""P204"": 2.306321800205069e-12, ""P205"": -1.91610248784963, ""P206"": -8.234801729400942e-13, ""P301"": 3.11972669919669e-14, ""P302"": -0.010916077061792095, ""P401"": -2.4868995751603507e-14, ""P402"": 2.842170943040401e-14, ""P403"": -1.7763568394002505e-15, ""P404"": 8.881784197001252e-15, ""P501"": 0.0, ""P502"": 0.0, ""P601"": 0.0, ""P602"": 0.19274255924549458, ""P603"": 0.0, ""PIT501"": 0.35392031768094157, ""PIT502"": -0.030071195195492062, ""PIT503"": -0.25042474871318476, ""UV401"": 0.0}",-314.1782586564933,0.3868758757767416,0.1956795999305626,0.442356869428477,0.2992783202248728
AIT203,actual_delta,all51,ridge,"[""FIT101"", ""LIT101"", ""MV101"", ""P101"", ""P102"", ""AIT201"", ""AIT202"", ""AIT203"", ""FIT201"", ""MV201"", ""P201"", ""P202"", ""P203"", ""P204"", ""P205"", ""P206"", ""DPIT301"", ""FIT301"", ""LIT301"", ""MV301"", ""MV302"", ""MV303"", ""MV304"", ""P301"", ""P302"", ""AIT401"", ""AIT402"", ""FIT401"", ""LIT401"", ""P401"", ""P402"", ""P403"", ""P404"", ""UV401"", ""AIT501"", ""AIT502"", ""AIT503"", ""AIT504"", ""FIT501"", ""FIT502"", ""FIT503"", ""FIT504"", ""P501"", ""P502"", ""PIT501"", ""PIT502"", ""PIT503"", ""FIT601"", ""P601"", ""P602"", ""P603""]","{""AIT201"": -0.062221002314822665, ""AIT202"": 0.2309456407076478, ""AIT203"": -0.29696063780007464, ""AIT401"": 0.2228100282772129, ""AIT402"": -0.09434532035511077, ""AIT501"": -2.653354135697436, ""AIT502"": 0.3608993657961063, ""AIT503"": -0.0024104790212899755, ""AIT504"": 0.23416935730383204, ""DPIT301"": 0.01099495862970682, ""FIT101"": 0.06915928550661736, ""FIT201"": 1.3010231621876058, ""FIT301"": -0.02903107255222874, ""FIT401"": -0.028190468950089295, ""FIT501"": 0.08271394057390104, ""FIT502"": 0.23997716937765817, ""FIT503"": -0.12393667620371797, ""FIT504"": -0.06980745367884553, ""FIT601"": 0.009626991167123936, ""LIT101"": 0.003493995243189591, ""LIT301"": -0.002893824936482034, ""LIT401"": -0.004830944388296174, ""MV101"": -0.02367954694971295, ""MV201"": 0.9128591688235406, ""MV301"": -0.06886451631636664, ""MV302"": -0.03588156143197044, ""MV303"": 0.015466746133581526, ""MV304"": 0.0469946081799217, ""P101"": 3.273506418915566, ""P102"": 0.0, ""P201"": 0.0, ""P202"": 0.0, ""P203"": -1.7637484445361613, ""P204"": 0.0, ""P205"": -1.7637484445359939, ""P206"": 0.0, ""P301"": 0.0, ""P302"": -0.013317512492932691, ""P401"": 0.0, ""P402"": 0.0, ""P403"": 0.0, ""P404"": 0.0, ""P501"": 0.0, ""P502"": 0.0, ""P601"": 0.0, ""P602"": 0.23881242177281525, ""P603"": 0.0, ""PIT501"": 0.3187121212125966, ""PIT502"": 0.015760174239356446, ""PIT503"": -0.30216700863229146, ""UV401"": 0.0}",37.7475858289027,0.5710416432430154,0.1369027841522569,0.370003762348786,0.1966790497139059
FIT201,actual_delta,local_support,ols,"[""FIT201"", ""P101"", ""P102"", ""LIT101""]","{""FIT201"": -0.9547672916636599, ""LIT101"": 7.753814182246142e-05, ""P101"": 2.335807615309491, ""P102"": 0.0}",-2.386300046600114,0.8975193308758063,0.0020578130444155,0.0453631242797001,0.0085553192101595
FIT201,actual_delta,local_support,ridge,"[""FIT201"", ""P101"", ""P102"", ""LIT101""]","{""FIT201"": -0.9147886485290294, ""LIT101"": 8.133451462985525e-05, ""P101"": 2.238527724470171, ""P102"": 0.0}",-2.291479362978493,0.8974239720291737,0.0020597278511803,0.0453842246951551,0.0086146189053313
FIT201,actual_delta,self_only,ols,"[""FIT201""]","{""FIT201"": -0.010211710059686439}",0.0183966238249743,0.0055420935350311,0.0199687264879757,0.1413107444180227,0.0200638834001835
FIT201,actual_delta,self_only,ridge,"[""FIT201""]","{""FIT201"": -0.0102105413739556}",0.0183944829416155,0.005542051967405,0.0199687273226541,0.1413107473713665,0.0200628917417553
FIT201,actual_delta,self_plus_local,ols,"[""FIT201"", ""P101"", ""P102"", ""LIT101""]","{""FIT201"": -0.9547672916636599, ""LIT101"": 7.753814182246142e-05, ""P101"": 2.335807615309491, ""P102"": 0.0}",-2.386300046600114,0.8975193308758063,0.0020578130444155,0.0453631242797001,0.0085553192101595
FIT201,actual_delta,self_plus_local,ridge,"[""FIT201"", ""P101"", ""P102"", ""LIT101""]","{""FIT201"": -0.9147886485290294, ""LIT101"": 8.133451462985525e-05, ""P101"": 2.238527724470171, ""P102"": 0.0}",-2.291479362978493,0.8974239720291737,0.0020597278511803,0.0453842246951551,0.0086146189053313
FIT201,actual_delta,all51,ols,"[""FIT101"", ""LIT101"", ""MV101"", ""P101"", ""P102"", ""AIT201"", ""AIT202"", ""AIT203"", ""FIT201"", ""MV201"", ""P201"", ""P202"", ""P203"", ""P204"", ""P205"", ""P206"", ""DPIT301"", ""FIT301"", ""LIT301"", ""MV301"", ""MV302"", ""MV303"", ""MV304"", ""P301"", ""P302"", ""AIT401"", ""AIT402"", ""FIT401"", ""LIT401"", ""P401"", ""P402"", ""P403"", ""P404"", ""UV401"", ""AIT501"", ""AIT502"", ""AIT503"", ""AIT504"", ""FIT501"", ""FIT502"", ""FIT503"", ""FIT504"", ""P501"", ""P502"", ""PIT501"", ""PIT502"", ""PIT503"", ""FIT601"", ""P601"", ""P602"", ""P603""]","{""AIT201"": -0.0014821635311052725, ""AIT202"": 0.003283275144870274, ""AIT203"": -0.0016663055633065202, ""AIT401"": -0.06731962782259727, ""AIT402"": 0.004449857832039328, ""AIT501"": -0.04291429707308655, ""AIT502"": 0.00038570620721714577, ""AIT503"": 1.1187814112273431e-05, ""AIT504"": 0.002907482180770582, ""DPIT301"": 0.00034206858991731037, ""FIT101"": -0.0015161048183208526, ""FIT201"": -1.1297376684693017, ""FIT301"": 0.0017582129888140952, ""FIT401"": -0.2246893954367832, ""FIT501"": 0.6041068351897119, ""FIT502"": 0.08180872963626072, ""FIT503"": -0.019699740707333265, ""FIT504"": -0.9893580638923353, ""FIT601"": 0.007597067050671643, ""LIT101"": 7.023868040235776e-05, ""LIT301"": -9.403179853617605e-05, ""LIT401"": -2.884286346960252e-05, ""MV101"": 0.0035259366611928144, ""MV201"": -0.48786910686431256, ""MV301"": -0.0017217244906047417, ""MV302"": -0.0005999781987510167, ""MV303"": 0.002719601489435841, ""MV304"": 0.0024074670587362883, ""P101"": 2.7380374923409114, ""P102"": -3.911157855918113e-12, ""P201"": -9.139542421487956e-14, ""P202"": -8.08242361927114e-14, ""P203"": 0.2586936486241635, ""P204"": 3.645972412869014e-13, ""P205"": 0.2586936486236567, ""P206"": -4.829470157119431e-14, ""P301"": 1.7208456881689926e-15, ""P302"": -0.00023381336390747905, ""P401"": 1.1102230246251565e-16, ""P402"": -4.440892098500626e-16, ""P403"": -2.7755575615628914e-16, ""P404"": -3.469446951953614e-16, ""P501"": 0.0, ""P502"": 0.0, ""P601"": 0.0, ""P602"": 0.005859479514896741, ""P603"": 0.0, ""PIT501"": 0.0013440173705955294, ""PIT502"": 0.0007103219125354082, ""PIT503"": 0.0014107168338844955, ""UV401"": -2.7755575615628914e-17}",6.690330259845736,0.906451676558204,0.0018784514377871,0.0433411056364179,0.0109817277606938
FIT201,actual_delta,all51,ridge,"[""FIT101"", ""LIT101"", ""MV101"", ""P101"", ""P102"", ""AIT201"", ""AIT202"", ""AIT203"", ""FIT201"", ""MV201"", ""P201"", ""P202"", ""P203"", ""P204"", ""P205"", ""P206"", ""DPIT301"", ""FIT301"", ""LIT301"", ""MV301"", ""MV302"", ""MV303"", ""MV304"", ""P301"", ""P302"", ""AIT401"", ""AIT402"", ""FIT401"", ""LIT401"", ""P401"", ""P402"", ""P403"", ""P404"", ""UV401"", ""AIT501"", ""AIT502"", ""AIT503"", ""AIT504"", ""FIT501"", ""FIT502"", ""FIT503"", ""FIT504"", ""P501"", ""P502"", ""PIT501"", ""PIT502"", ""PIT503"", ""FIT601"", ""P601"", ""P602"", ""P603""]","{""AIT201"": -0.0017548749551665448, ""AIT202"": -0.02398715426134072, ""AIT203"": -0.003056873556833856, ""AIT401"": -0.00283231844998009, ""AIT402"": 0.001989600799199625, ""AIT501"": -0.009375803406450983, ""AIT502"": 0.003939902377093884, ""AIT503"": -7.401498309532573e-05, ""AIT504"": 0.010527411189369942, ""DPIT301"": 0.0003032982807666527, ""FIT101"": 0.0008966878527511012, ""FIT201"": -1.0288430353038827, ""FIT301"": 0.0035476895596778103, ""FIT401"": 0.021242544537848827, ""FIT501"": 0.03032181173059122, ""FIT502"": 0.0636644946254901, ""FIT503"": -0.0043475336732025135, ""FIT504"": -0.009385162399981339, ""FIT601"": 0.005413127849960195, ""LIT101"": 7.377941089077434e-05, ""LIT301"": -0.00014250641797344232, ""LIT401"": -2.1780443744865666e-05, ""MV101"": -0.001198645969319159, ""MV201"": -0.3400834701255665, ""MV301"": -0.004896174314732673, ""MV302"": -0.00036966585991259955, ""MV303"": 0.00396668100481631, ""MV304"": 0.004060281487491316, ""P101"": 2.487878348584122, ""P102"": 0.0, ""P201"": 0.0, ""P202"": 0.0, ""P203"": 0.19043260596788375, ""P204"": 0.0, ""P205"": 0.19043260596786604, ""P206"": 0.0, ""P301"": 0.0, ""P302"": -3.541392952703273e-05, ""P401"": 0.0, ""P402"": 0.0, ""P403"": 0.0, ""P404"": 0.0, ""P501"": 0.0, ""P502"": 0.0, ""P601"": 0.0, ""P602"": 0.010576695228335178, ""P603"": 0.0, ""PIT501"": 0.0026142035112353772, ""PIT502"": 0.0074919851758846545, ""PIT503"": 0.0005764993590451703, ""UV401"": 0.0}",-2.233513953810529,0.9055937570660026,0.0018956784713067,0.0435393898821137,0.0109484930396358
DPIT301,actual_delta,local_support,ols,"[""DPIT301"", ""P302"", ""P301"", ""MV301"", ""MV302"", ""FIT301"", ""LIT301""]","{""DPIT301"": -0.48863928187719097, ""FIT301"": -0.860503465516825, ""LIT301"": -0.00011235834557527782, ""MV301"": -0.676410503182953, ""MV302"": 2.5371092504201225, ""P301"": -2.220446049250313e-15, ""P302"": 7.923068117459624}",-8.591776983238253,0.49879880041615,0.7659881219334428,0.8752074736503584,0.2120529207744538
DPIT301,actual_delta,local_support,ridge,"[""DPIT301"", ""P302"", ""P301"", ""MV301"", ""MV302"", ""FIT301"", ""LIT301""]","{""DPIT301"": -0.4915287413770432, ""FIT301"": -0.760819318162414, ""LIT301"": -0.0001018798197906595, ""MV301"": -0.6716696855459436, ""MV302"": 2.5749505532048214, ""P301"": 0.0, ""P302"": 7.716731343892192}",-8.432901057876116,0.4931654028020897,0.7745976696800986,0.8801123051520746,0.212081682674921
DPIT301,actual_delta,self_only,ols,"[""DPIT301""]","{""DPIT301"": -0.01514603202769951}",0.2511004512550519,0.008722327049137,1.5149742731035791,1.2308429116274664,0.2640218687673843
DPIT301,actual_delta,self_only,ridge,"[""DPIT301""]","{""DPIT301"": -0.01514598956765331}",0.2510997473393651,0.0087223206359767,1.5149742829048416,1.2308429156089908,0.2640217358959736
DPIT301,actual_delta,self_plus_local,ols,"[""DPIT301"", ""P302"", ""P301"", ""MV301"", ""MV302"", ""FIT301"", ""LIT301""]","{""DPIT301"": -0.48863928187719097, ""FIT301"": -0.860503465516825, ""LIT301"": -0.00011235834557527782, ""MV301"": -0.676410503182953, ""MV302"": 2.5371092504201225, ""P301"": -2.220446049250313e-15, ""P302"": 7.923068117459624}",-8.591776983238253,0.49879880041615,0.7659881219334428,0.8752074736503584,0.2120529207744538
DPIT301,actual_delta,self_plus_local,ridge,"[""DPIT301"", ""P302"", ""P301"", ""MV301"", ""MV302"", ""FIT301"", ""LIT301""]","{""DPIT301"": -0.4915287413770432, ""FIT301"": -0.760819318162414, ""LIT301"": -0.0001018798197906595, ""MV301"": -0.6716696855459436, ""MV302"": 2.5749505532048214, ""P301"": 0.0, ""P302"": 7.716731343892192}",-8.432901057876116,0.4931654028020897,0.7745976696800986,0.8801123051520746,0.212081682674921
DPIT301,actual_delta,all51,ols,"[""FIT101"", ""LIT101"", ""MV101"", ""P101"", ""P102"", ""AIT201"", ""AIT202"", ""AIT203"", ""FIT201"", ""MV201"", ""P201"", ""P202"", ""P203"", ""P204"", ""P205"", ""P206"", ""DPIT301"", ""FIT301"", ""LIT301"", ""MV301"", ""MV302"", ""MV303"", ""MV304"", ""P301"", ""P302"", ""AIT401"", ""AIT402"", ""FIT401"", ""LIT401"", ""P401"", ""P402"", ""P403"", ""P404"", ""UV401"", ""AIT501"", ""AIT502"", ""AIT503"", ""AIT504"", ""FIT501"", ""FIT502"", ""FIT503"", ""FIT504"", ""P501"", ""P502"", ""PIT501"", ""PIT502"", ""PIT503"", ""FIT601"", ""P601"", ""P602"", ""P603""]","{""AIT201"": -0.02584951002173399, ""AIT202"": -0.4822353495455267, ""AIT203"": -0.00506485403622562, ""AIT401"": -0.2590564478283457, ""AIT402"": -0.03320092849171746, ""AIT501"": 2.039536063315738, ""AIT502"": 0.1134050070712422, ""AIT503"": 0.0032922299998584537, ""AIT504"": 0.052083048653479944, ""DPIT301"": -0.45076437599851277, ""FIT101"": -0.06049998651394474, ""FIT201"": -0.05366710426881735, ""FIT301"": -1.771214813530471, ""FIT401"": 3.6661998045369604, ""FIT501"": -3.691153810036545, ""FIT502"": 0.2596468126421722, ""FIT503"": 3.460885280332121, ""FIT504"": 9.683822980435854, ""FIT601"": -0.5057569915805518, ""LIT101"": -0.00023693080844026368, ""LIT301"": 0.0007933619399155822, ""LIT401"": -0.0025931668421454585, ""MV101"": 0.07510600682983753, ""MV201"": -0.025900607352031795, ""MV301"": -0.05815099223682741, ""MV302"": 1.224721831960763, ""MV303"": 2.217879357732997, ""MV304"": -1.5705745980178596, ""P101"": 0.05901207757793185, ""P102"": -4.315457713399695e-12, ""P201"": 6.688399833976177e-13, ""P202"": 2.0140555889724965e-12, ""P203"": 0.06450038258538487, ""P204"": -2.0117241206207837e-12, ""P205"": 0.0645003825862393, ""P206"": -3.214095656289828e-13, ""P301"": -1.7763568394002505e-15, ""P302"": 10.624009232567925, ""P401"": 8.881784197001252e-16, ""P402"": -2.6645352591003757e-15, ""P403"": 2.220446049250313e-15, ""P404"": 1.1102230246251565e-15, ""P501"": 0.0, ""P502"": 0.0, ""P601"": 0.0, ""P602"": -2.2679671256250766, ""P603"": 0.0, ""PIT501"": -0.10900077842958353, ""PIT502"": -0.054035297687138044, ""PIT503"": 0.13793360076438982, ""UV401"": 3.3306690738754696e-16}",10.063022581264914,0.6274333530400652,0.5693953375148231,0.754582889757529,0.2003740800221892
DPIT301,actual_delta,all51,ridge,"[""FIT101"", ""LIT101"", ""MV101"", ""P101"", ""P102"", ""AIT201"", ""AIT202"", ""AIT203"", ""FIT201"", ""MV201"", ""P201"", ""P202"", ""P203"", ""P204"", ""P205"", ""P206"", ""DPIT301"", ""FIT301"", ""LIT301"", ""MV301"", ""MV302"", ""MV303"", ""MV304"", ""P301"", ""P302"", ""AIT401"", ""AIT402"", ""FIT401"", ""LIT401"", ""P401"", ""P402"", ""P403"", ""P404"", ""UV401"", ""AIT501"", ""AIT502"", ""AIT503"", ""AIT504"", ""FIT501"", ""FIT502"", ""FIT503"", ""FIT504"", ""P501"", ""P502"", ""PIT501"", ""PIT502"", ""PIT503"", ""FIT601"", ""P601"", ""P602"", ""P603""]","{""AIT201"": -0.021504400213470165, ""AIT202"": 0.025649913926800938, ""AIT203"": -0.005514761125859827, ""AIT401"": -0.010845768405845183, ""AIT402"": -0.026914028332078548, ""AIT501"": 0.2086816666803412, ""AIT502"": 0.10142804770613337, ""AIT503"": 0.004278978145290769, ""AIT504"": 0.03736373030976914, ""DPIT301"": -0.4588554891928265, ""FIT101"": -0.06192783253731228, ""FIT201"": -0.03154730557292097, ""FIT301"": -1.5591848256906269, ""FIT401"": -0.04738797944225397, ""FIT501"": -0.1811127823411338, ""FIT502"": 0.129980486737653, ""FIT503"": 0.042800691608560815, ""FIT504"": 0.06933489090653366, ""FIT601"": -0.5226610149645033, ""LIT101"": -0.00026416162949998426, ""LIT301"": 0.0008576128890682001, ""LIT401"": -0.002650608320245933, ""MV101"": 0.07404834774559921, ""MV201"": -0.03256709749224652, ""MV301"": -0.13420188402100613, ""MV302"": 1.3908244771623468, ""MV303"": 2.0762744897269125, ""MV304"": -1.4608419306286173, ""P101"": 0.06451732440185366, ""P102"": 0.0, ""P201"": 0.0, ""P202"": 0.0, ""P203"": 0.05940652178135327, ""P204"": 0.0, ""P205"": 0.059406521780463344, ""P206"": 0.0, ""P301"": 0.0, ""P302"": 10.129567800132106, ""P401"": 0.0, ""P402"": 0.0, ""P403"": 0.0, ""P404"": 0.0, ""P501"": 0.0, ""P502"": 0.0, ""P601"": 0.0, ""P602"": -2.0147725436889075, ""P603"": 0.0, ""PIT501"": -0.101957365698493, ""PIT502"": -0.08545118999413347, ""PIT503"": 0.13589719188864452, ""UV401"": 0.0}",-12.237841358621017,0.6171401484899313,0.58512648985161,0.7649356115723793,0.2020200878443394
FIT301,actual_delta,self_only,ols,"[""FIT301""]","{""FIT301"": -0.02520625164378563}",0.0465139084140963,0.0122998503751959,0.0300992188703006,0.1734912645360008,0.0349767483044516
FIT301,actual_delta,self_only,ridge,"[""FIT301""]","{""FIT301"": -0.02520148629033007}",0.0465051151260733,0.0122999653426182,0.0300992153667782,0.1734912544388858,0.0349741531664122
FIT301,actual_delta,self_plus_local,ols,"[""FIT301""]","{""FIT301"": -0.02520625164378563}",0.0465139084140963,0.0122998503751959,0.0300992188703006,0.1734912645360008,0.0349767483044516
FIT301,actual_delta,self_plus_local,ridge,"[""FIT301""]","{""FIT301"": -0.02520148629033007}",0.0465051151260733,0.0122999653426182,0.0300992153667782,0.1734912544388858,0.0349741531664122
FIT301,actual_delta,all51,ols,"[""FIT101"", ""LIT101"", ""MV101"", ""P101"", ""P102"", ""AIT201"", ""AIT202"", ""AIT203"", ""FIT201"", ""MV201"", ""P201"", ""P202"", ""P203"", ""P204"", ""P205"", ""P206"", ""DPIT301"", ""FIT301"", ""LIT301"", ""MV301"", ""MV302"", ""MV303"", ""MV304"", ""P301"", ""P302"", ""AIT401"", ""AIT402"", ""FIT401"", ""LIT401"", ""P401"", ""P402"", ""P403"", ""P404"", ""UV401"", ""AIT501"", ""AIT502"", ""AIT503"", ""AIT504"", ""FIT501"", ""FIT502"", ""FIT503"", ""FIT504"", ""P501"", ""P502"", ""PIT501"", ""PIT502"", ""PIT503"", ""FIT601"", ""P601"", ""P602"", ""P603""]","{""AIT201"": -0.0033390696592137366, ""AIT202"": -0.5185539771920769, ""AIT203"": -0.002659727799341655, ""AIT401"": -0.18195122223054613, ""AIT402"": 0.0008224386841847314, ""AIT501"": -0.041093840180683336, ""AIT502"": 0.005291035504831787, ""AIT503"": 2.2021542579520048e-05, ""AIT504"": -0.006915318305814044, ""DPIT301"": -0.009442308034839919, ""FIT101"": -0.009262727262055254, ""FIT201"": -0.008291516307255702, ""FIT301"": -0.9346406732531654, ""FIT401"": -0.05081912846248045, ""FIT501"": 0.21774590779221614, ""FIT502"": -0.014206640042033552, ""FIT503"": -0.23073950282324343, ""FIT504"": 0.8061637521420534, ""FIT601"": -0.03593281332952242, ""LIT101"": 7.54479078718585e-06, ""LIT301"": 6.799867194703935e-05, ""LIT401"": -0.0002659269399256578, ""MV101"": 0.012718142020908917, ""MV201"": -0.014880042512626673, ""MV301"": -0.145978823616495, ""MV302"": -0.0048667680766336895, ""MV303"": 0.2720817586325833, ""MV304"": -0.028943963730547532, ""P101"": 0.03500446768729128, ""P102"": -1.6048128537865525e-12, ""P201"": 1.149826761581707e-13, ""P202"": 6.246531070175365e-13, ""P203"": 0.011717925531096868, ""P204"": -2.1316282072803006e-13, ""P205"": 0.011717925531217577, ""P206"": 2.2526425169644426e-13, ""P301"": 1.3322676295501878e-15, ""P302"": 2.195896182816207, ""P401"": 6.938893903907228e-17, ""P402"": 1.27675647831893e-15, ""P403"": 3.885780586188048e-16, ""P404"": 5.828670879282072e-16, ""P501"": 0.0, ""P502"": 0.0, ""P601"": 0.0, ""P602"": -0.09576307329331354, ""P603"": 0.0, ""PIT501"": -0.0002533095171481925, ""PIT502"": 0.005970726626024795, ""PIT503"": -8.26973237005868e-06, ""UV401"": 2.7755575615628914e-17}",30.365824095714395,0.7265116930386712,0.0083342949910698,0.0912923599819278,0.0210325002952638
FIT301,actual_delta,all51,ridge,"[""FIT101"", ""LIT101"", ""MV101"", ""P101"", ""P102"", ""AIT201"", ""AIT202"", ""AIT203"", ""FIT201"", ""MV201"", ""P201"", ""P202"", ""P203"", ""P204"", ""P205"", ""P206"", ""DPIT301"", ""FIT301"", ""LIT301"", ""MV301"", ""MV302"", ""MV303"", ""MV304"", ""P301"", ""P302"", ""AIT401"", ""AIT402"", ""FIT401"", ""LIT401"", ""P401"", ""P402"", ""P403"", ""P404"", ""UV401"", ""AIT501"", ""AIT502"", ""AIT503"", ""AIT504"", ""FIT501"", ""FIT502"", ""FIT503"", ""FIT504"", ""P501"", ""P502"", ""PIT501"", ""PIT502"", ""PIT503"", ""FIT601"", ""P601"", ""P602"", ""P603""]","{""AIT201"": -0.001523360513471296, ""AIT202"": -0.06790083475425808, ""AIT203"": -7.628856502592275e-05, ""AIT401"": -0.010693642045727515, ""AIT402"": -0.00022675674893373523, ""AIT501"": -0.01194499390702925, ""AIT502"": 0.0051961368211326025, ""AIT503"": 0.00017700855072049163, ""AIT504"": -0.002831677929116939, ""DPIT301"": -0.012559916834433431, ""FIT101"": -0.00909382713640939, ""FIT201"": -0.007082200722538212, ""FIT301"": -0.8781517113433109, ""FIT401"": 0.008702238938557642, ""FIT501"": 0.011632685884798858, ""FIT502"": -0.0034063140317117323, ""FIT503"": -0.004330017772086275, ""FIT504"": 0.0014558676842063884, ""FIT601"": -0.02151198329796989, ""LIT101"": -1.6164139835788686e-05, ""LIT301"": 9.232987425762786e-05, ""LIT401"": -0.00025994251254619037, ""MV101"": 0.01322255616823685, ""MV201"": -0.013262416807399664, ""MV301"": -0.13808326029652357, ""MV302"": 0.03768358153679401, ""MV303"": 0.24131356286664585, ""MV304"": -0.0072462542206797155, ""P101"": 0.03347295614986529, ""P102"": 0.0, ""P201"": 0.0, ""P202"": 0.0, ""P203"": 0.0094507284489774, ""P204"": 0.0, ""P205"": 0.009450728448748036, ""P206"": 0.0, ""P301"": 0.0, ""P302"": 2.082853310484872, ""P401"": 0.0, ""P402"": 0.0, ""P403"": 0.0, ""P404"": 0.0, ""P501"": 0.0, ""P502"": 0.0, ""P601"": 0.0, ""P602"": -0.0992062908257784, ""P603"": 0.0, ""PIT501"": -0.0016484278535314368, ""PIT502"": 0.011106399011029134, ""PIT503"": 9.257656052716967e-05, ""UV401"": 0.0}",0.3519636427200228,0.7321464528071499,0.0081625810679552,0.0903470036468019,0.021302004522398
LIT301,actual_delta,local_support,ols,"[""LIT301"", ""FIT301"", ""DPIT301"", ""MV301"", ""MV302"", ""MV303"", ""MV304"", ""P301"", ""P302""]","{""DPIT301"": 0.12357781881993361, ""FIT301"": -1.3124963048511094, ""LIT301"": -0.004574331321095948, ""MV301"": 0.17494273134411384, ""MV302"": 0.02705464685016344, ""MV303"": 2.0947833045794813, ""MV304"": 0.276221576781681, ""P301"": 0.0, ""P302"": -1.0782715420217506}",3.8535635473067225,0.1326382278994358,3.267887876512196,1.8077300341898943,1.3447334610726451
LIT301,actual_delta,local_support,ridge,"[""LIT301"", ""FIT301"", ""DPIT301"", ""MV301"", ""MV302"", ""MV303"", ""MV304"", ""P301"", ""P302""]","{""DPIT301"": 0.12176645506309855, ""FIT301"": -1.3028742683017283, ""LIT301"": -0.004580114809423533, ""MV301"": 0.1773717588893646, ""MV302"": 0.031430713988434625, ""MV303"": 2.0827661767130548, ""MV304"": 0.27192496799246496, ""P301"": 0.0, ""P302"": -1.0730401031863455}",3.867848955716638,0.1326228254179642,3.2679459071795467,1.8077460848193108,1.3449310336578792
LIT301,actual_delta,self_only,ols,"[""LIT301""]","{""LIT301"": -0.0004114976580704675}",0.3720158643504898,-0.000829823291683,3.77074451651938,1.9418404971880103,1.311838562284832
LIT301,actual_delta,self_only,ridge,"[""LIT301""]","{""LIT301"": -0.00041149764755325086}",0.3720158548030908,-0.0008298232988415,3.7707445165463502,1.941840497194955,1.3118385623161997
LIT301,actual_delta,self_plus_local,ols,"[""LIT301"", ""FIT301"", ""DPIT301"", ""MV301"", ""MV302"", ""MV303"", ""MV304"", ""P301"", ""P302""]","{""DPIT301"": 0.12357781881993361, ""FIT301"": -1.3124963048511094, ""LIT301"": -0.004574331321095948, ""MV301"": 0.17494273134411384, ""MV302"": 0.02705464685016344, ""MV303"": 2.0947833045794813, ""MV304"": 0.276221576781681, ""P301"": 0.0, ""P302"": -1.0782715420217506}",3.8535635473067225,0.1326382278994358,3.267887876512196,1.8077300341898943,1.3447334610726451
LIT301,actual_delta,self_plus_local,ridge,"[""LIT301"", ""FIT301"", ""DPIT301"", ""MV301"", ""MV302"", ""MV303"", ""MV304"", ""P301"", ""P302""]","{""DPIT301"": 0.12176645506309855, ""FIT301"": -1.3028742683017283, ""LIT301"": -0.004580114809423533, ""MV301"": 0.1773717588893646, ""MV302"": 0.031430713988434625, ""MV303"": 2.0827661767130548, ""MV304"": 0.27192496799246496, ""P301"": 0.0, ""P302"": -1.0730401031863455}",3.867848955716638,0.1326228254179642,3.2679459071795467,1.8077460848193108,1.3449310336578792
LIT301,actual_delta,all51,ols,"[""FIT101"", ""LIT101"", ""MV101"", ""P101"", ""P102"", ""AIT201"", ""AIT202"", ""AIT203"", ""FIT201"", ""MV201"", ""P201"", ""P202"", ""P203"", ""P204"", ""P205"", ""P206"", ""DPIT301"", ""FIT301"", ""LIT301"", ""MV301"", ""MV302"", ""MV303"", ""MV304"", ""P301"", ""P302"", ""AIT401"", ""AIT402"", ""FIT401"", ""LIT401"", ""P401"", ""P402"", ""P403"", ""P404"", ""UV401"", ""AIT501"", ""AIT502"", ""AIT503"", ""AIT504"", ""FIT501"", ""FIT502"", ""FIT503"", ""FIT504"", ""P501"", ""P502"", ""PIT501"", ""PIT502"", ""PIT503"", ""FIT601"", ""P601"", ""P602"", ""P603""]","{""AIT201"": -0.02635188899566504, ""AIT202"": -4.453726955049332, ""AIT203"": 0.10553768732371135, ""AIT401"": -3.131830527148324, ""AIT402"": 0.06316485899108137, ""AIT501"": 10.59743392877483, ""AIT502"": -0.1147323968214532, ""AIT503"": 0.0015107614861613605, ""AIT504"": -0.18368653978058058, ""DPIT301"": -0.045222046105549696, ""FIT101"": -0.03269615334131654, ""FIT201"": 1.28588460197002, ""FIT301"": -1.4681581593095994, ""FIT401"": -1.3022822045261597, ""FIT501"": 9.228165551523213, ""FIT502"": -0.729551679624973, ""FIT503"": 10.73898734822456, ""FIT504"": 16.230610731008653, ""FIT601"": 0.3651677822184342, ""LIT101"": -0.0010793957578658607, ""LIT301"": 0.0010195982650547109, ""LIT401"": 0.0014038891294191336, ""MV101"": 0.01272699712944639, ""MV201"": -0.0072815536327619085, ""MV301"": 0.465374602883154, ""MV302"": 0.3124342872348516, ""MV303"": 0.06085569227474655, ""MV304"": -0.10569359550995189, ""P101"": 0.15280078287649057, ""P102"": -1.718569730968511e-12, ""P201"": 7.438494264988549e-13, ""P202"": 4.6523895846917185e-12, ""P203"": -0.08659900762802017, ""P204"": -7.402967128200544e-13, ""P205"": -0.08659900762593045, ""P206"": 2.3077095789858504e-12, ""P301"": 1.5543122344752192e-15, ""P302"": -0.5777687022589497, ""P401"": 9.769962616701378e-15, ""P402"": -6.217248937900877e-15, ""P403"": 2.6645352591003757e-15, ""P404"": -1.7763568394002505e-15, ""P501"": 0.0, ""P502"": 0.0, ""P601"": 0.0, ""P602"": -1.0607899754824017, ""P603"": 0.0, ""PIT501"": -0.19894115986222904, ""PIT502"": -0.24604305236593949, ""PIT503"": 0.17168487267838062, ""UV401"": 0.0}",393.4850454492635,0.7813543805359513,0.8237731844794995,0.9076195152592852,0.7088197977105037
LIT301,actual_delta,all51,ridge,"[""FIT101"", ""LIT101"", ""MV101"", ""P101"", ""P102"", ""AIT201"", ""AIT202"", ""AIT203"", ""FIT201"", ""MV201"", ""P201"", ""P202"", ""P203"", ""P204"", ""P205"", ""P206"", ""DPIT301"", ""FIT301"", ""LIT301"", ""MV301"", ""MV302"", ""MV303"", ""MV304"", ""P301"", ""P302"", ""AIT401"", ""AIT402"", ""FIT401"", ""LIT401"", ""P401"", ""P402"", ""P403"", ""P404"", ""UV401"", ""AIT501"", ""AIT502"", ""AIT503"", ""AIT504"", ""FIT501"", ""FIT502"", ""FIT503"", ""FIT504"", ""P501"", ""P502"", ""PIT501"", ""PIT502"", ""PIT503"", ""FIT601"", ""P601"", ""P602"", ""P603""]","{""AIT201"": 0.015026005611182914, ""AIT202"": -0.4671773125988974, ""AIT203"": 0.11589246420096634, ""AIT401"": -0.1997396799288826, ""AIT402"": 0.05328806826455888, ""AIT501"": 0.9287568903616412, ""AIT502"": -0.1620683735873355, ""AIT503"": 0.0009016459665475385, ""AIT504"": -0.10590040583447691, ""DPIT301"": -0.051151253324530084, ""FIT101"": -0.026084332203043455, ""FIT201"": 1.3098861181563388, ""FIT301"": -1.432843073554378, ""FIT401"": 0.16389135469786448, ""FIT501"": 0.3059296913920213, ""FIT502"": -0.3099125203140243, ""FIT503"": 0.04767760759302589, ""FIT504"": 0.04097611410944818, ""FIT601"": 0.29664939384368655, ""LIT101"": -0.0013488844058836746, ""LIT301"": 0.0009950536257314247, ""LIT401"": 0.001966316704218901, ""MV101"": 0.012965960446418524, ""MV201"": -0.036673343679342774, ""MV301"": 0.3957863553072814, ""MV302"": 0.3263539548090921, ""MV303"": 0.06251535148476878, ""MV304"": -0.11348853409457658, ""P101"": 0.17030073881662794, ""P102"": 0.0, ""P201"": 0.0, ""P202"": 0.0, ""P203"": -0.044478208490595285, ""P204"": 0.0, ""P205"": -0.04447820849092582, ""P206"": 0.0, ""P301"": 0.0, ""P302"": -0.5782114529149993, ""P401"": 0.0, ""P402"": 0.0, ""P403"": 0.0, ""P404"": 0.0, ""P501"": 0.0, ""P502"": 0.0, ""P601"": 0.0, ""P602"": -0.8904085009716809, ""P603"": 0.0, ""PIT501"": -0.19756803197078007, ""PIT502"": -0.1826681334802777, ""PIT503"": 0.19917194110824815, ""UV401"": 0.0}",12.319118165547795,0.7893555517652056,0.7936278272606129,0.890857916426976,0.6930723209909585
AIT401,actual_delta,self_only,ols,"[""AIT401""]","{""AIT401"": -0.40496194865243795}",60.25947186557878,0.1398936217699481,1.1337429810663504e-05,0.0033671100086964,0.0016035492494227
AIT401,actual_delta,self_only,ridge,"[""AIT401""]","{""AIT401"": -0.027902446698766393}",4.151962196498095,0.026616724547234,1.2830581011419698e-05,0.0035819800406227,0.0006486707739879
AIT401,actual_delta,self_plus_local,ols,"[""AIT401""]","{""AIT401"": -0.40496194865243795}",60.25947186557878,0.1398936217699481,1.1337429810663504e-05,0.0033671100086964,0.0016035492494227
AIT401,actual_delta,self_plus_local,ridge,"[""AIT401""]","{""AIT401"": -0.027902446698766393}",4.151962196498095,0.026616724547234,1.2830581011419698e-05,0.0035819800406227,0.0006486707739879
AIT401,actual_delta,all51,ols,"[""FIT101"", ""LIT101"", ""MV101"", ""P101"", ""P102"", ""AIT201"", ""AIT202"", ""AIT203"", ""FIT201"", ""MV201"", ""P201"", ""P202"", ""P203"", ""P204"", ""P205"", ""P206"", ""DPIT301"", ""FIT301"", ""LIT301"", ""MV301"", ""MV302"", ""MV303"", ""MV304"", ""P301"", ""P302"", ""AIT401"", ""AIT402"", ""FIT401"", ""LIT401"", ""P401"", ""P402"", ""P403"", ""P404"", ""UV401"", ""AIT501"", ""AIT502"", ""AIT503"", ""AIT504"", ""FIT501"", ""FIT502"", ""FIT503"", ""FIT504"", ""P501"", ""P502"", ""PIT501"", ""PIT502"", ""PIT503"", ""FIT601"", ""P601"", ""P602"", ""P603""]","{""AIT201"": 8.88937689006949e-06, ""AIT202"": 0.0007559401950526432, ""AIT203"": -7.098201071906404e-06, ""AIT401"": -0.411849750713564, ""AIT402"": -0.00014061252359326843, ""AIT501"": 0.002097163169324106, ""AIT502"": 0.00015366029050301646, ""AIT503"": 3.678449151737584e-05, ""AIT504"": -4.684016266149047e-05, ""DPIT301"": -5.396891968619704e-05, ""FIT101"": -4.873820249326579e-05, ""FIT201"": -0.0002557221187911737, ""FIT301"": 0.0005985558481207144, ""FIT401"": 0.0075669904015964904, ""FIT501"": 0.009178010779399165, ""FIT502"": -0.0008202408455484241, ""FIT503"": 0.03042336030041196, ""FIT504"": -0.005599250810233083, ""FIT601"": -8.680283927573681e-05, ""LIT101"": -1.116531108091434e-06, ""LIT301"": -2.65957181546522e-06, ""LIT401"": -5.642985151500888e-07, ""MV101"": 0.00010871809866624134, ""MV201"": -0.0006377190013679652, ""MV301"": 0.0007054439133547742, ""MV302"": 0.00046260038921206955, ""MV303"": -0.00030395862360846663, ""MV304"": 1.015574538463533e-05, ""P101"": 0.0008994538649572076, ""P102"": -4.249022195288582e-15, ""P201"": 2.4976257227780213e-15, ""P202"": 3.237969788127959e-15, ""P203"": 0.0001221251787046611, ""P204"": 1.594037402075088e-14, ""P205"": 0.00012212517870368813, ""P206"": 3.715560845107824e-15, ""P301"": 1.848781544522282e-15, ""P302"": -0.0009370251838689733, ""P401"": 6.245004513516506e-17, ""P402"": 1.942890293094024e-16, ""P403"": -4.163336342344337e-17, ""P404"": 1.6653345369377348e-16, ""P501"": 0.0, ""P502"": 0.0, ""P601"": 0.0, ""P602"": -0.0006569553223414943, ""P603"": 0.0, ""PIT501"": 0.00013720867581468315, ""PIT502"": 0.0007642226420487463, ""PIT503"": -4.8240864282449414e-05, ""UV401"": 0.0}",61.18167843719854,0.1942309593607513,1.062118613822176e-05,0.0032590161304022,0.001414972338055
AIT401,actual_delta,all51,ridge,"[""FIT101"", ""LIT101"", ""MV101"", ""P101"", ""P102"", ""AIT201"", ""AIT202"", ""AIT203"", ""FIT201"", ""MV201"", ""P201"", ""P202"", ""P203"", ""P204"", ""P205"", ""P206"", ""DPIT301"", ""FIT301"", ""LIT301"", ""MV301"", ""MV302"", ""MV303"", ""MV304"", ""P301"", ""P302"", ""AIT401"", ""AIT402"", ""FIT401"", ""LIT401"", ""P401"", ""P402"", ""P403"", ""P404"", ""UV401"", ""AIT501"", ""AIT502"", ""AIT503"", ""AIT504"", ""FIT501"", ""FIT502"", ""FIT503"", ""FIT504"", ""P501"", ""P502"", ""PIT501"", ""PIT502"", ""PIT503"", ""FIT601"", ""P601"", ""P602"", ""P603""]","{""AIT201"": 2.3107506622042292e-05, ""AIT202"": 3.8191594425891546e-05, ""AIT203"": -1.2289576344094293e-05, ""AIT401"": -0.02792029653443788, ""AIT402"": -7.823108719147415e-05, ""AIT501"": -0.0002537632834128091, ""AIT502"": 0.00010677998784365243, ""AIT503"": 1.7976666134186675e-06, ""AIT504"": 8.929409533585115e-05, ""DPIT301"": -7.189400972102559e-05, ""FIT101"": -3.056778721081852e-05, ""FIT201"": -9.483246166069312e-05, ""FIT301"": 0.0008041919677573908, ""FIT401"": 0.00030767013962623046, ""FIT501"": 0.0003875682086950642, ""FIT502"": -0.0005923986680672171, ""FIT503"": 0.00035316241849007643, ""FIT504"": -0.00012462606849820724, ""FIT601"": -0.00011635233098249431, ""LIT101"": -1.6732651627714936e-07, ""LIT301"": -2.474903941520783e-07, ""LIT401"": -6.636740171076592e-07, ""MV101"": 3.11226154684386e-05, ""MV201"": -0.0003394680708765746, ""MV301"": 0.0005649313089342454, ""MV302"": 0.0005293020842476983, ""MV303"": -0.00023248425148048878, ""MV304"": 2.819513137030434e-05, ""P101"": 0.0006572130581671546, ""P102"": 0.0, ""P201"": 0.0, ""P202"": 0.0, ""P203"": 4.097636000186819e-06, ""P204"": 0.0, ""P205"": 4.09763600033763e-06, ""P206"": 0.0, ""P301"": 0.0, ""P302"": -0.0010400967620502993, ""P401"": 0.0, ""P402"": 0.0, ""P403"": 0.0, ""P404"": 0.0, ""P501"": 0.0, ""P502"": 0.0, ""P601"": 0.0, ""P602"": -0.0003327571291485671, ""P603"": 0.0, ""PIT501"": 0.00030045454924186154, ""PIT502"": 0.0011250173998364347, ""PIT503"": -0.0002863276252079995, ""UV401"": 0.0}",4.127730186514084,0.0193975508025459,1.292574002627297e-05,0.0035952385214715,0.0008224435651012
AIT402,actual_delta,self_only,ols,"[""AIT402""]","{""AIT402"": -0.0041109766906853445}",0.6486458337781477,0.0004706122681047,0.0156788205549043,0.1252150971524772,0.0832018453605194
AIT402,actual_delta,self_only,ridge,"[""AIT402""]","{""AIT402"": -0.004110696658141714}",0.6486016025761538,0.0004709002106209,0.0156788160381796,0.1252150791166129,0.0832016215073088
AIT402,actual_delta,self_plus_local,ols,"[""AIT402""]","{""AIT402"": -0.0041109766906853445}",0.6486458337781477,0.0004706122681047,0.0156788205549043,0.1252150971524772,0.0832018453605194
AIT402,actual_delta,self_plus_local,ridge,"[""AIT402""]","{""AIT402"": -0.004110696658141714}",0.6486016025761538,0.0004709002106209,0.0156788160381796,0.1252150791166129,0.0832016215073088
AIT402,actual_delta,all51,ols,"[""FIT101"", ""LIT101"", ""MV101"", ""P101"", ""P102"", ""AIT201"", ""AIT202"", ""AIT203"", ""FIT201"", ""MV201"", ""P201"", ""P202"", ""P203"", ""P204"", ""P205"", ""P206"", ""DPIT301"", ""FIT301"", ""LIT301"", ""MV301"", ""MV302"", ""MV303"", ""MV304"", ""P301"", ""P302"", ""AIT401"", ""AIT402"", ""FIT401"", ""LIT401"", ""P401"", ""P402"", ""P403"", ""P404"", ""UV401"", ""AIT501"", ""AIT502"", ""AIT503"", ""AIT504"", ""FIT501"", ""FIT502"", ""FIT503"", ""FIT504"", ""P501"", ""P502"", ""PIT501"", ""PIT502"", ""PIT503"", ""FIT601"", ""P601"", ""P602"", ""P603""]","{""AIT201"": 0.0679826918442991, ""AIT202"": 1.1713580907553556, ""AIT203"": 0.010358646924505522, ""AIT401"": -0.44507480770098545, ""AIT402"": -0.1791850268998315, ""AIT501"": 0.6229668450312322, ""AIT502"": 0.15724193028719896, ""AIT503"": 0.0035724658277971333, ""AIT504"": 0.0316647781983764, ""DPIT301"": 0.004583279592810574, ""FIT101"": 0.00032480376628139795, ""FIT201"": -0.004138468092612356, ""FIT301"": 0.0037343966383976135, ""FIT401"": -0.6784419143991323, ""FIT501"": -0.8687172051558039, ""FIT502"": -0.055174228160309466, ""FIT503"": -0.9374653638708311, ""FIT504"": 0.6145587071093178, ""FIT601"": 0.021080895585788302, ""LIT101"": -5.277977928167218e-05, ""LIT301"": -0.00019906902514299496, ""LIT401"": 9.762982550601956e-05, ""MV101"": 0.001038925989672654, ""MV201"": -0.016846867866321908, ""MV301"": -0.026561838662519634, ""MV302"": 0.0062292029615771335, ""MV303"": 0.007195462365723618, ""MV304"": 0.011957368590807267, ""P101"": -0.002804771891126885, ""P102"": 1.5454490985555847e-12, ""P201"": -1.2437967322753707e-13, ""P202"": -6.984517131325418e-13, ""P203"": -0.013584106386034082, ""P204"": 8.509165594361434e-13, ""P205"": -0.013584106386532725, ""P206"": -7.505107646466058e-14, ""P301"": 6.689093723366568e-15, ""P302"": -0.06449841263215894, ""P401"": 2.220446049250313e-16, ""P402"": 2.1094237467877974e-15, ""P403"": 3.3306690738754696e-16, ""P404"": 1.2212453270876722e-15, ""P501"": 0.0, ""P502"": 0.0, ""P601"": 0.0, ""P602"": 0.016013761293063547, ""P603"": 0.0, ""PIT501"": -0.009418721369746641, ""PIT502"": 0.03936761395126374, ""PIT503"": 0.038320663769275676, ""UV401"": 0.0}",32.75217925449281,0.0075044402337994,0.0155684865038581,0.1247737412433325,0.0939858052189052
AIT402,actual_delta,all51,ridge,"[""FIT101"", ""LIT101"", ""MV101"", ""P101"", ""P102"", ""AIT201"", ""AIT202"", ""AIT203"", ""FIT201"", ""MV201"", ""P201"", ""P202"", ""P203"", ""P204"", ""P205"", ""P206"", ""DPIT301"", ""FIT301"", ""LIT301"", ""MV301"", ""MV302"", ""MV303"", ""MV304"", ""P301"", ""P302"", ""AIT401"", ""AIT402"", ""FIT401"", ""LIT401"", ""P401"", ""P402"", ""P403"", ""P404"", ""UV401"", ""AIT501"", ""AIT502"", ""AIT503"", ""AIT504"", ""FIT501"", ""FIT502"", ""FIT503"", ""FIT504"", ""P501"", ""P502"", ""PIT501"", ""PIT502"", ""PIT503"", ""FIT601"", ""P601"", ""P602"", ""P603""]","{""AIT201"": 0.06361820739573272, ""AIT202"": 0.19631559131199028, ""AIT203"": 0.003979015891096796, ""AIT401"": -0.031000561630451333, ""AIT402"": -0.17080849291138359, ""AIT501"": 0.08062257961339979, ""AIT502"": 0.15163664723598827, ""AIT503"": 0.0037398587166380514, ""AIT504"": 0.008459169587066693, ""DPIT301"": 0.0052087182041388805, ""FIT101"": -0.001179575696238841, ""FIT201"": 0.0018644615795720518, ""FIT301"": -0.0021252597244553867, ""FIT401"": -0.11560482817827902, ""FIT501"": -0.11290881275856798, ""FIT502"": -0.07156522314696691, ""FIT503"": 0.010469820063708259, ""FIT504"": 0.02227644789044542, ""FIT601"": 0.022309184112798804, ""LIT101"": 3.7464663294688427e-06, ""LIT301"": -0.00022272512505959116, ""LIT401"": 3.86614317673443e-05, ""MV101"": 8.196607090521611e-05, ""MV201"": -0.01816044302676069, ""MV301"": -0.02283572185438059, ""MV302"": 0.00284926940055152, ""MV303"": 0.008171105600304339, ""MV304"": 0.010278879082174121, ""P101"": -0.0030314131079612425, ""P102"": 0.0, ""P201"": 0.0, ""P202"": 0.0, ""P203"": -0.012626675781029587, ""P204"": 0.0, ""P205"": -0.012626675781001476, ""P206"": 0.0, ""P301"": 0.0, ""P302"": -0.05943203954543187, ""P401"": 0.0, ""P402"": 0.0, ""P403"": 0.0, ""P404"": 0.0, ""P501"": 0.0, ""P502"": 0.0, ""P601"": 0.0, ""P602"": 0.007837276618138236, ""P603"": 0.0, ""PIT501"": -0.003831003702761345, ""PIT502"": 0.005773994952305521, ""PIT503"": 0.034588292057054514, ""UV401"": 0.0}",-16.819807609375026,0.0444053640973798,0.0149896511332642,0.122432230777946,0.0922916415951641
FIT401,actual_delta,self_only,ols,"[""FIT401""]","{""FIT401"": -0.07577368190291746}",0.1307444096507069,0.0366339342803951,9.339745395886069e-06,0.0030560997031978,0.0024097000867351
FIT401,actual_delta,self_only,ridge,"[""FIT401""]","{""FIT401"": -0.02619127562453025}",0.0451925359404629,0.0214897848798681,9.48656653135188e-06,0.0030800270341917,0.002422347980839
FIT401,actual_delta,self_plus_local,ols,"[""FIT401""]","{""FIT401"": -0.07577368190291746}",0.1307444096507069,0.0366339342803951,9.339745395886069e-06,0.0030560997031978,0.0024097000867351
FIT401,actual_delta,self_plus_local,ridge,"[""FIT401""]","{""FIT401"": -0.02619127562453025}",0.0451925359404629,0.0214897848798681,9.48656653135188e-06,0.0030800270341917,0.002422347980839
FIT401,actual_delta,all51,ols,"[""FIT101"", ""LIT101"", ""MV101"", ""P101"", ""P102"", ""AIT201"", ""AIT202"", ""AIT203"", ""FIT201"", ""MV201"", ""P201"", ""P202"", ""P203"", ""P204"", ""P205"", ""P206"", ""DPIT301"", ""FIT301"", ""LIT301"", ""MV301"", ""MV302"", ""MV303"", ""MV304"", ""P301"", ""P302"", ""AIT401"", ""AIT402"", ""FIT401"", ""LIT401"", ""P401"", ""P402"", ""P403"", ""P404"", ""UV401"", ""AIT501"", ""AIT502"", ""AIT503"", ""AIT504"", ""FIT501"", ""FIT502"", ""FIT503"", ""FIT504"", ""P501"", ""P502"", ""PIT501"", ""PIT502"", ""PIT503"", ""FIT601"", ""P601"", ""P602"", ""P603""]","{""AIT201"": -0.0005659447469935671, ""AIT202"": -0.04224908580061557, ""AIT203"": -0.0001384616063320688, ""AIT401"": 0.005607005773684398, ""AIT402"": 0.00024547709510651904, ""AIT501"": 0.05964200126763088, ""AIT502"": -2.617714325437153e-05, ""AIT503"": -3.7194779875748124e-05, ""AIT504"": 0.0007568397092341632, ""DPIT301"": -4.238421508947002e-05, ""FIT101"": -6.411086184727663e-06, ""FIT201"": 0.00017240207957127412, ""FIT301"": 0.0003815006340498867, ""FIT401"": -0.8260192968496322, ""FIT501"": 0.4041548067727403, ""FIT502"": 0.005280320234083743, ""FIT503"": -0.14190480126324972, ""FIT504"": -0.24252409012007167, ""FIT601"": -0.0002810998985183505, ""LIT101"": 2.5849157580172695e-06, ""LIT301"": -2.8752463739761813e-06, ""LIT401"": 1.2376308534597317e-05, ""MV101"": -0.00022191620050111325, ""MV201"": -0.00012593069125963385, ""MV301"": -0.00014085216426575273, ""MV302"": 0.0001627479892274818, ""MV303"": 3.4938691684639235e-05, ""MV304"": 2.2422312770686164e-05, ""P101"": -0.0006114592217516607, ""P102"": 1.1755465284487193e-13, ""P201"": -5.0521029417230356e-14, ""P202"": -1.2085384776261421e-14, ""P203"": -0.0003723370338608084, ""P204"": 4.5312972124511575e-13, ""P205"": -0.0003723370339881115, ""P206"": 2.2512883484510082e-13, ""P301"": 1.5330618718945033e-15, ""P302"": -0.0003471984167369346, ""P401"": -2.7755575615628914e-17, ""P402"": 6.661338147750939e-16, ""P403"": -5.551115123125783e-17, ""P404"": 2.7755575615628914e-17, ""P501"": 0.0, ""P502"": 0.0, ""P601"": 0.0, ""P602"": 0.00021488623658572515, ""P603"": 0.0, ""PIT501"": -0.001142298952282187, ""PIT502"": 0.0031901502940752807, ""PIT503"": 0.0001422026904086271, ""UV401"": 0.0}",0.3519262784866494,0.1355697937051929,8.380571338970788e-06,0.0028949216464303,0.0022928215664136
FIT401,actual_delta,all51,ridge,"[""FIT101"", ""LIT101"", ""MV101"", ""P101"", ""P102"", ""AIT201"", ""AIT202"", ""AIT203"", ""FIT201"", ""MV201"", ""P201"", ""P202"", ""P203"", ""P204"", ""P205"", ""P206"", ""DPIT301"", ""FIT301"", ""LIT301"", ""MV301"", ""MV302"", ""MV303"", ""MV304"", ""P301"", ""P302"", ""AIT401"", ""AIT402"", ""FIT401"", ""LIT401"", ""P401"", ""P402"", ""P403"", ""P404"", ""UV401"", ""AIT501"", ""AIT502"", ""AIT503"", ""AIT504"", ""FIT501"", ""FIT502"", ""FIT503"", ""FIT504"", ""P501"", ""P502"", ""PIT501"", ""PIT502"", ""PIT503"", ""FIT601"", ""P601"", ""P602"", ""P603""]","{""AIT201"": -0.0003185430963035972, ""AIT202"": 0.0022354163330170055, ""AIT203"": 4.7089127810585956e-05, ""AIT401"": -5.1525556562597e-05, ""AIT402"": 0.0009426451666418448, ""AIT501"": 0.005568812361338687, ""AIT502"": -0.0007660792392235245, ""AIT503"": 9.730831404382828e-05, ""AIT504"": -0.0025481462841274345, ""DPIT301"": -6.396895796790588e-07, ""FIT101"": -8.674503659087042e-06, ""FIT201"": 0.0006413052341571631, ""FIT301"": 9.945840954855815e-05, ""FIT401"": -0.03432120451658043, ""FIT501"": -0.011594444704679433, ""FIT502"": -0.003975465932477921, ""FIT503"": 0.00166349247028883, ""FIT504"": 0.002027971582916203, ""FIT601"": 0.00012380523739019263, ""LIT101"": 1.1696950534977207e-06, ""LIT301"": 1.9548891761537185e-06, ""LIT401"": 7.20267692021777e-06, ""MV101"": -8.866091092855674e-05, ""MV201"": -0.00016123868870297002, ""MV301"": 0.00024150522176355675, ""MV302"": 2.3230598241706166e-05, ""MV303"": -0.0001357003077192769, ""MV304"": 3.55837645523704e-05, ""P101"": -0.000158585079845355, ""P102"": 0.0, ""P201"": 0.0, ""P202"": 0.0, ""P203"": -0.0008018492254355152, ""P204"": 0.0, ""P205"": -0.0008018492254355543, ""P206"": 0.0, ""P301"": 0.0, ""P302"": -7.740345745603755e-05, ""P401"": 0.0, ""P402"": 0.0, ""P403"": 0.0, ""P404"": 0.0, ""P501"": 0.0, ""P502"": 0.0, ""P601"": 0.0, ""P602"": -0.0003674573647144491, ""P603"": 0.0, ""PIT501"": -0.0005783971186964366, ""PIT502"": -0.0017136238012512293, ""PIT503"": -0.000534442169629995, ""UV401"": 0.0}",0.3051589463973711,-0.0307448160354566,9.992976182641017e-06,0.0031611669020538,0.0024934111988688
LIT401,actual_delta,self_only,ols,"[""LIT401""]","{""LIT401"": -0.0003615071191079222}",0.3139310180775986,-0.0013251470370228,3.1902024147248538,1.7861137742945867,1.3974527165680817
LIT401,actual_delta,self_only,ridge,"[""LIT401""]","{""LIT401"": -0.0003615071060292519}",0.3139310064043527,-0.001325147050724,3.190202414768506,1.7861137743068063,1.3974527166017383
LIT401,actual_delta,self_plus_local,ols,"[""LIT401""]","{""LIT401"": -0.0003615071191079222}",0.3139310180775986,-0.0013251470370228,3.1902024147248538,1.7861137742945867,1.3974527165680817
LIT401,actual_delta,self_plus_local,ridge,"[""LIT401""]","{""LIT401"": -0.0003615071060292519}",0.3139310064043527,-0.001325147050724,3.190202414768506,1.7861137743068063,1.3974527166017383
LIT401,actual_delta,all51,ols,"[""FIT101"", ""LIT101"", ""MV101"", ""P101"", ""P102"", ""AIT201"", ""AIT202"", ""AIT203"", ""FIT201"", ""MV201"", ""P201"", ""P202"", ""P203"", ""P204"", ""P205"", ""P206"", ""DPIT301"", ""FIT301"", ""LIT301"", ""MV301"", ""MV302"", ""MV303"", ""MV304"", ""P301"", ""P302"", ""AIT401"", ""AIT402"", ""FIT401"", ""LIT401"", ""P401"", ""P402"", ""P403"", ""P404"", ""UV401"", ""AIT501"", ""AIT502"", ""AIT503"", ""AIT504"", ""FIT501"", ""FIT502"", ""FIT503"", ""FIT504"", ""P501"", ""P502"", ""PIT501"", ""PIT502"", ""PIT503"", ""FIT601"", ""P601"", ""P602"", ""P603""]","{""AIT201"": -0.004372512718823884, ""AIT202"": 1.527696624180074, ""AIT203"": 0.005437682756721497, ""AIT401"": 1.5588936345028455, ""AIT402"": 0.036056504127993036, ""AIT501"": -0.49986534777452873, ""AIT502"": -0.09504643531324664, ""AIT503"": 0.014402474069871718, ""AIT504"": 0.02969504416978236, ""DPIT301"": 0.5083672290191603, ""FIT101"": -0.062245734654398824, ""FIT201"": 0.01562514492023999, ""FIT301"": -1.735250264158375, ""FIT401"": -6.919547431089357, ""FIT501"": 6.659801272502993, ""FIT502"": 0.4405246134839746, ""FIT503"": -13.8764176585877, ""FIT504"": 21.489719068394837, ""FIT601"": -0.2014296922616112, ""LIT101"": -0.00013249405495404645, ""LIT301"": -0.0007169974120790901, ""LIT401"": 0.000733307045522491, ""MV101"": 0.16859794523990704, ""MV201"": -0.367466956133896, ""MV301"": -1.0610406476947578, ""MV302"": -0.5792674125270121, ""MV303"": -0.07026918489211179, ""MV304"": 0.24153006232587929, ""P101"": 0.2874941577973788, ""P102"": 4.524852714737904e-12, ""P201"": 6.283862319378386e-14, ""P202"": 1.7384427231093014e-12, ""P203"": 0.0894915920408301, ""P204"": 3.6566305539054156e-12, ""P205"": 0.08949159203994336, ""P206"": 2.679245714176659e-12, ""P301"": 5.678790770957676e-14, ""P302"": -0.6541939498600328, ""P401"": 5.273559366969494e-16, ""P402"": 4.796163466380676e-14, ""P403"": 1.509903313490213e-14, ""P404"": 1.9095836023552692e-14, ""P501"": 0.0, ""P502"": 0.0, ""P601"": 0.0, ""P602"": 2.7171260001423225, ""P603"": 0.0, ""PIT501"": 0.10760009278028992, ""PIT502"": 0.20230547323352194, ""PIT503"": -0.11122934754310315, ""UV401"": 8.881784197001252e-16}",-245.3961069072593,0.7452365417514192,0.811671415716704,0.9009280857630668,0.704145486592875
LIT401,actual_delta,all51,ridge,"[""FIT101"", ""LIT101"", ""MV101"", ""P101"", ""P102"", ""AIT201"", ""AIT202"", ""AIT203"", ""FIT201"", ""MV201"", ""P201"", ""P202"", ""P203"", ""P204"", ""P205"", ""P206"", ""DPIT301"", ""FIT301"", ""LIT301"", ""MV301"", ""MV302"", ""MV303"", ""MV304"", ""P301"", ""P302"", ""AIT401"", ""AIT402"", ""FIT401"", ""LIT401"", ""P401"", ""P402"", ""P403"", ""P404"", ""UV401"", ""AIT501"", ""AIT502"", ""AIT503"", ""AIT504"", ""FIT501"", ""FIT502"", ""FIT503"", ""FIT504"", ""P501"", ""P502"", ""PIT501"", ""PIT502"", ""PIT503"", ""FIT601"", ""P601"", ""P602"", ""P603""]","{""AIT201"": -0.012046032809771743, ""AIT202"": 0.237510419064039, ""AIT203"": -0.0010068594518918691, ""AIT401"": 0.1094590714306385, ""AIT402"": 0.04444404251115455, ""AIT501"": -0.030857588436577262, ""AIT502"": -0.0939567422329033, ""AIT503"": 0.014846001277534309, ""AIT504"": -0.002769321138046188, ""DPIT301"": 0.5056217994803512, ""FIT101"": -0.0634479613043308, ""FIT201"": 0.03446172395641985, ""FIT301"": -1.7150699197490693, ""FIT401"": -0.2629142414784975, ""FIT501"": -0.027724761439560725, ""FIT502"": 0.2117601006606949, ""FIT503"": -0.07954510885597116, ""FIT504"": 0.12244646899058814, ""FIT601"": -0.03915936406307299, ""LIT101"": -5.1421104760603236e-05, ""LIT301"": -0.0007631473453752124, ""LIT401"": 0.0006311913848172559, ""MV101"": 0.16772929449156318, ""MV201"": -0.3362252904355921, ""MV301"": -0.8689214143583558, ""MV302"": -0.5628544263239444, ""MV303"": -0.08083052767049242, ""MV304"": 0.236804160893697, ""P101"": 0.2501037418443663, ""P102"": 0.0, ""P201"": 0.0, ""P202"": 0.0, ""P203"": 0.06716029721566107, ""P204"": 0.0, ""P205"": 0.06716029721549076, ""P206"": 0.0, ""P301"": 0.0, ""P302"": -0.6715237036100176, ""P401"": 0.0, ""P402"": 0.0, ""P403"": 0.0, ""P404"": 0.0, ""P501"": 0.0, ""P502"": 0.0, ""P601"": 0.0, ""P602"": 2.2450573102075793, ""P603"": 0.0, ""PIT501"": 0.09376887850547747, ""PIT502"": 0.1624117910531392, ""PIT503"": -0.11421908066213854, ""UV401"": 0.0}",-18.29531194402856,0.7484143517085613,0.8015469750903902,0.8952915587060956,0.6996565970161043
AIT501,actual_delta,self_only,ols,"[""AIT501""]","{""AIT501"": -0.006308169130831462}",0.0497398677257616,0.0024439934232356,1.0306464138106694e-06,0.0010152075717855,0.0005101859772747
AIT501,actual_delta,self_only,ridge,"[""AIT501""]","{""AIT501"": -0.0022226361448158104}",0.0175235981242199,0.0018605331942606,1.031249228277857e-06,0.0010155044206097,0.0004797898972702
AIT501,actual_delta,self_plus_local,ols,"[""AIT501""]","{""AIT501"": -0.006308169130831462}",0.0497398677257616,0.0024439934232356,1.0306464138106694e-06,0.0010152075717855,0.0005101859772747
AIT501,actual_delta,self_plus_local,ridge,"[""AIT501""]","{""AIT501"": -0.0022226361448158104}",0.0175235981242199,0.0018605331942606,1.031249228277857e-06,0.0010155044206097,0.0004797898972702
AIT501,actual_delta,all51,ols,"[""FIT101"", ""LIT101"", ""MV101"", ""P101"", ""P102"", ""AIT201"", ""AIT202"", ""AIT203"", ""FIT201"", ""MV201"", ""P201"", ""P202"", ""P203"", ""P204"", ""P205"", ""P206"", ""DPIT301"", ""FIT301"", ""LIT301"", ""MV301"", ""MV302"", ""MV303"", ""MV304"", ""P301"", ""P302"", ""AIT401"", ""AIT402"", ""FIT401"", ""LIT401"", ""P401"", ""P402"", ""P403"", ""P404"", ""UV401"", ""AIT501"", ""AIT502"", ""AIT503"", ""AIT504"", ""FIT501"", ""FIT502"", ""FIT503"", ""FIT504"", ""P501"", ""P502"", ""PIT501"", ""PIT502"", ""PIT503"", ""FIT601"", ""P601"", ""P602"", ""P603""]","{""AIT201"": 0.00011630499331452334, ""AIT202"": 0.009627835113296221, ""AIT203"": 2.0174904643310515e-05, ""AIT401"": 0.002662709748586167, ""AIT402"": -5.378242082098336e-05, ""AIT501"": -0.032408180323388026, ""AIT502"": -0.00011440191946571459, ""AIT503"": 3.963880563418853e-05, ""AIT504"": -0.00024671860805314813, ""DPIT301"": -2.614801004960452e-05, ""FIT101"": -1.2885542321610362e-05, ""FIT201"": 0.00020641345988753874, ""FIT301"": 0.00014678227626231612, ""FIT401"": 0.002235290561741128, ""FIT501"": 0.00576911702566805, ""FIT502"": 7.922815615057624e-05, ""FIT503"": 0.0031858502024190902, ""FIT504"": 0.008063112433157965, ""FIT601"": -0.0001120320290445159, ""LIT101"": -6.991164044537107e-07, ""LIT301"": -5.600296084876805e-07, ""LIT401"": 2.0428168912519674e-06, ""MV101"": 6.95829581224862e-05, ""MV201"": -0.00012499586656069528, ""MV301"": -0.00028173404925193663, ""MV302"": 7.787466362364981e-05, ""MV303"": -0.00010056085096998163, ""MV304"": -4.557834335843544e-05, ""P101"": 0.00014178475864860083, ""P102"": 1.2501953885655191e-14, ""P201"": -3.826945677671764e-16, ""P202"": -3.766003351182712e-15, ""P203"": -7.778894062234021e-05, ""P204"": 1.7978240424154635e-15, ""P205"": -7.778894062435737e-05, ""P206"": -2.2382269648790754e-15, ""P301"": 2.7321894746634712e-17, ""P302"": 1.5358838051561345e-05, ""P401"": -1.734723475976807e-17, ""P402"": 1.3877787807814457e-17, ""P403"": 0.0, ""P404"": 6.505213034913027e-19, ""P501"": 0.0, ""P502"": 0.0, ""P601"": 0.0, ""P602"": 0.0004648881851397787, ""P603"": 0.0, ""PIT501"": -0.00021118538045795856, ""PIT502"": -0.00016772331003456835, ""PIT503"": 0.00028821806979368583, ""UV401"": 8.673617379884035e-19}",-0.262518500408993,-0.0048145770275735,1.0381457617722848e-06,0.0010188943820496,0.0005843233211892
AIT501,actual_delta,all51,ridge,"[""FIT101"", ""LIT101"", ""MV101"", ""P101"", ""P102"", ""AIT201"", ""AIT202"", ""AIT203"", ""FIT201"", ""MV201"", ""P201"", ""P202"", ""P203"", ""P204"", ""P205"", ""P206"", ""DPIT301"", ""FIT301"", ""LIT301"", ""MV301"", ""MV302"", ""MV303"", ""MV304"", ""P301"", ""P302"", ""AIT401"", ""AIT402"", ""FIT401"", ""LIT401"", ""P401"", ""P402"", ""P403"", ""P404"", ""UV401"", ""AIT501"", ""AIT502"", ""AIT503"", ""AIT504"", ""FIT501"", ""FIT502"", ""FIT503"", ""FIT504"", ""P501"", ""P502"", ""PIT501"", ""PIT502"", ""PIT503"", ""FIT601"", ""P601"", ""P602"", ""P603""]","{""AIT201"": 1.3938784510893696e-05, ""AIT202"": 0.0006662680829186984, ""AIT203"": 7.791089387086836e-06, ""AIT401"": 0.00014894036723637441, ""AIT402"": -7.391585645450871e-05, ""AIT501"": -0.002946740097749679, ""AIT502"": 4.5713315449110946e-05, ""AIT503"": 3.741839804742835e-05, ""AIT504"": -0.00029514194347711643, ""DPIT301"": -1.6274168128731166e-05, ""FIT101"": -2.6919878320793047e-05, ""FIT201"": 5.6776171134946966e-05, ""FIT301"": 0.0001068597748016673, ""FIT401"": 0.00023715677109957986, ""FIT501"": 0.00029351653701910406, ""FIT502"": -8.426668503997728e-06, ""FIT503"": -6.7260794329289146e-06, ""FIT504"": 4.456757250097338e-06, ""FIT601"": -0.0001009798388223211, ""LIT101"": -1.3315660089027915e-07, ""LIT301"": -4.98893114756184e-07, ""LIT401"": 9.15595918218573e-07, ""MV101"": 7.141983719261706e-05, ""MV201"": -4.8429211252805396e-05, ""MV301"": -0.00028283172475879957, ""MV302"": 5.590153203179022e-05, ""MV303"": -0.00010158203931092599, ""MV304"": -3.8360460708641794e-05, ""P101"": 8.073570189890826e-05, ""P102"": 0.0, ""P201"": 0.0, ""P202"": 0.0, ""P203"": -0.00012094846746785796, ""P204"": 0.0, ""P205"": -0.00012094846746783246, ""P206"": 0.0, ""P301"": 0.0, ""P302"": -5.327513055699802e-06, ""P401"": 0.0, ""P402"": 0.0, ""P403"": 0.0, ""P404"": 0.0, ""P501"": 0.0, ""P502"": 0.0, ""P601"": 0.0, ""P602"": 0.0004776046676199859, ""P603"": 0.0, ""PIT501"": -0.00023603237132853704, ""PIT502"": -7.949029803447062e-05, ""PIT503"": 0.00022988838897779963, ""UV401"": 0.0}",0.0025239565638957,0.004339005134042,1.0286885417603832e-06,0.0010142428416116,0.0005035474522554
AIT502,actual_delta,self_only,ols,"[""AIT502""]","{""AIT502"": -0.00808161975470564}",1.1751298421729588,0.0041518610254567,0.0149638332905264,0.1223267480583311,0.081759605090104
AIT502,actual_delta,self_only,ridge,"[""AIT502""]","{""AIT502"": -0.008080559247555706}",1.1749755854031048,0.0041519426240076,0.0149638320644086,0.1223267430466807,0.0817592650666919
AIT502,actual_delta,self_plus_local,ols,"[""AIT502""]","{""AIT502"": -0.00808161975470564}",1.1751298421729588,0.0041518610254567,0.0149638332905264,0.1223267480583311,0.081759605090104
AIT502,actual_delta,self_plus_local,ridge,"[""AIT502""]","{""AIT502"": -0.008080559247555706}",1.1749755854031048,0.0041519426240076,0.0149638320644086,0.1223267430466807,0.0817592650666919
AIT502,actual_delta,all51,ols,"[""FIT101"", ""LIT101"", ""MV101"", ""P101"", ""P102"", ""AIT201"", ""AIT202"", ""AIT203"", ""FIT201"", ""MV201"", ""P201"", ""P202"", ""P203"", ""P204"", ""P205"", ""P206"", ""DPIT301"", ""FIT301"", ""LIT301"", ""MV301"", ""MV302"", ""MV303"", ""MV304"", ""P301"", ""P302"", ""AIT401"", ""AIT402"", ""FIT401"", ""LIT401"", ""P401"", ""P402"", ""P403"", ""P404"", ""UV401"", ""AIT501"", ""AIT502"", ""AIT503"", ""AIT504"", ""FIT501"", ""FIT502"", ""FIT503"", ""FIT504"", ""P501"", ""P502"", ""PIT501"", ""PIT502"", ""PIT503"", ""FIT601"", ""P601"", ""P602"", ""P603""]","{""AIT201"": -0.029599188586376866, ""AIT202"": 1.3008048271885146, ""AIT203"": 0.01185876261546287, ""AIT401"": -0.08732493763601865, ""AIT402"": 0.12720394471051938, ""AIT501"": -3.501517184757253, ""AIT502"": -0.175061582891353, ""AIT503"": 0.004416975486991159, ""AIT504"": -0.01606634380777089, ""DPIT301"": -0.002722157023970162, ""FIT101"": 0.0005478683620154765, ""FIT201"": -0.0368813847223989, ""FIT301"": 0.018899684109272744, ""FIT401"": 1.6194651073948223, ""FIT501"": -0.22930445379031983, ""FIT502"": 0.07987621021392015, ""FIT503"": -1.0901906173247997, ""FIT504"": -0.11940730134287358, ""FIT601"": -0.005978027219012652, ""LIT101"": -0.00017747002087558776, ""LIT301"": -0.00013224040333725817, ""LIT401"": 0.0005619394740291328, ""MV101"": 0.012142017161390354, ""MV201"": -0.036227294504146926, ""MV301"": -0.002219436326498604, ""MV302"": 0.01848972751822231, ""MV303"": -0.0006081088584233216, ""MV304"": 0.006839272219012759, ""P101"": 0.060745759571924095, ""P102"": 9.353530320069248e-13, ""P201"": 4.3680337125096e-15, ""P202"": -6.118897706228199e-13, ""P203"": 0.009567698239353634, ""P204"": -5.885153475659877e-13, ""P205"": 0.009567698239189203, ""P206"": -7.098904797331329e-13, ""P301"": 3.774758283725532e-15, ""P302"": -0.004754250068978158, ""P401"": -1.7763568394002505e-15, ""P402"": 2.192690473634684e-15, ""P403"": 0.0, ""P404"": 1.1102230246251565e-15, ""P501"": 0.0, ""P502"": 0.0, ""P601"": 0.0, ""P602"": 0.03896176929121684, ""P603"": 0.0, ""PIT501"": 0.016926630216599015, ""PIT502"": -0.10479061611761388, ""PIT503"": -0.026519901962409664, ""UV401"": 0.0}",36.90843093384812,0.0287750707081109,0.0145938395230546,0.1208049648112803,0.0911532313451333
AIT502,actual_delta,all51,ridge,"[""FIT101"", ""LIT101"", ""MV101"", ""P101"", ""P102"", ""AIT201"", ""AIT202"", ""AIT203"", ""FIT201"", ""MV201"", ""P201"", ""P202"", ""P203"", ""P204"", ""P205"", ""P206"", ""DPIT301"", ""FIT301"", ""LIT301"", ""MV301"", ""MV302"", ""MV303"", ""MV304"", ""P301"", ""P302"", ""AIT401"", ""AIT402"", ""FIT401"", ""LIT401"", ""P401"", ""P402"", ""P403"", ""P404"", ""UV401"", ""AIT501"", ""AIT502"", ""AIT503"", ""AIT504"", ""FIT501"", ""FIT502"", ""FIT503"", ""FIT504"", ""P501"", ""P502"", ""PIT501"", ""PIT502"", ""PIT503"", ""FIT601"", ""P601"", ""P602"", ""P603""]","{""AIT201"": -0.04142428354571561, ""AIT202"": 0.08781204551224836, ""AIT203"": 0.009220529511223766, ""AIT401"": -0.007675357097633356, ""AIT402"": 0.12344861258948096, ""AIT501"": -0.3153352099943265, ""AIT502"": -0.1556726852601073, ""AIT503"": 0.003722247480733157, ""AIT504"": -0.013686650317658441, ""DPIT301"": -0.0016824497963624425, ""FIT101"": -0.001056217812360398, ""FIT201"": -0.04960828948393932, ""FIT301"": 0.014310225113635174, ""FIT401"": 0.0967800757001234, ""FIT501"": 0.06278304709766523, ""FIT502"": 0.058988034213311696, ""FIT503"": -0.018275477895400575, ""FIT504"": -0.01239849525038083, ""FIT601"": -0.006336702183196564, ""LIT101"": -0.00010580397531231862, ""LIT301"": -0.00014154447525059068, ""LIT401"": 0.0004502299048928023, ""MV101"": 0.011651822259251137, ""MV201"": -0.023202287034452092, ""MV301"": -0.0040208002960114364, ""MV302"": 0.015821289536272213, ""MV303"": -8.765874321797327e-05, ""MV304"": 0.007743564456016877, ""P101"": 0.04655123666433835, ""P102"": 0.0, ""P201"": 0.0, ""P202"": 0.0, ""P203"": 0.0017838473496311928, ""P204"": 0.0, ""P205"": 0.0017838473496139312, ""P206"": 0.0, ""P301"": 0.0, ""P302"": -0.006264334110453859, ""P401"": 0.0, ""P402"": 0.0, ""P403"": 0.0, ""P404"": 0.0, ""P501"": 0.0, ""P502"": 0.0, ""P601"": 0.0, ""P602"": 0.04313257511621592, ""P603"": 0.0, ""PIT501"": 0.011751559334107637, ""PIT502"": -0.07725006618601982, ""PIT503"": -0.030251801195809763, ""UV401"": 0.0}",15.429017065308033,0.012989515554543,0.0148310367486875,0.1217827440513948,0.0917492781621993
AIT503,actual_delta,self_only,ols,"[""AIT503""]","{""AIT503"": -0.005059731147934603}",1.3531059452771312,-0.004617610441165,0.061519810977646,0.2480318749226519,0.1021167284396416
AIT503,actual_delta,self_only,ridge,"[""AIT503""]","{""AIT503"": -0.005059646226681576}",1.3530832283925731,-0.0046173568415652,0.0615197954479566,0.248031843616816,0.1021164629993514
AIT503,actual_delta,self_plus_local,ols,"[""AIT503""]","{""AIT503"": -0.005059731147934603}",1.3531059452771312,-0.004617610441165,0.061519810977646,0.2480318749226519,0.1021167284396416
AIT503,actual_delta,self_plus_local,ridge,"[""AIT503""]","{""AIT503"": -0.005059646226681576}",1.3530832283925731,-0.0046173568415652,0.0615197954479566,0.248031843616816,0.1021164629993514
AIT503,actual_delta,all51,ols,"[""FIT101"", ""LIT101"", ""MV101"", ""P101"", ""P102"", ""AIT201"", ""AIT202"", ""AIT203"", ""FIT201"", ""MV201"", ""P201"", ""P202"", ""P203"", ""P204"", ""P205"", ""P206"", ""DPIT301"", ""FIT301"", ""LIT301"", ""MV301"", ""MV302"", ""MV303"", ""MV304"", ""P301"", ""P302"", ""AIT401"", ""AIT402"", ""FIT401"", ""LIT401"", ""P401"", ""P402"", ""P403"", ""P404"", ""UV401"", ""AIT501"", ""AIT502"", ""AIT503"", ""AIT504"", ""FIT501"", ""FIT502"", ""FIT503"", ""FIT504"", ""P501"", ""P502"", ""PIT501"", ""PIT502"", ""PIT503"", ""FIT601"", ""P601"", ""P602"", ""P603""]","{""AIT201"": 0.06492896694033218, ""AIT202"": -1.0762481643908501, ""AIT203"": -0.00028334693227426676, ""AIT401"": 0.6609650564565609, ""AIT402"": -0.1065196958218228, ""AIT501"": -2.6442016706005576, ""AIT502"": 0.085852795667271, ""AIT503"": -0.003527973916150229, ""AIT504"": -0.20205389691638656, ""DPIT301"": 0.005545066250449926, ""FIT101"": 0.003497555149124069, ""FIT201"": -0.03158942642921361, ""FIT301"": -0.030733022255938117, ""FIT401"": 0.5216938070232406, ""FIT501"": 2.6434431975818486, ""FIT502"": -0.06332058658629716, ""FIT503"": 0.8773419167679922, ""FIT504"": -0.588486378811772, ""FIT601"": -0.0011277894371129402, ""LIT101"": -7.203484204305801e-05, ""LIT301"": 0.0003928598058843269, ""LIT401"": -0.00025640471315048485, ""MV101"": 0.010373370651562136, ""MV201"": -0.013119637779519598, ""MV301"": 0.011171667093383176, ""MV302"": 0.009141856265257695, ""MV303"": -0.0176999123228574, ""MV304"": -0.002873376802828227, ""P101"": 0.06445152359537036, ""P102"": -1.2831710520522233e-12, ""P201"": 1.2065869137156682e-13, ""P202"": 7.687652597843098e-13, ""P203"": -0.00989351745459114, ""P204"": -8.660017147832377e-13, ""P205"": -0.00989351745411441, ""P206"": 1.4305223672295142e-13, ""P301"": -5.190292640122607e-15, ""P302"": -0.008974095259872736, ""P401"": -1.3322676295501878e-15, ""P402"": -1.1102230246251565e-15, ""P403"": -4.440892098500626e-16, ""P404"": -1.3322676295501878e-15, ""P501"": 0.0, ""P502"": 0.0, ""P601"": 0.0, ""P602"": -0.025449986526685633, ""P603"": 0.0, ""PIT501"": 0.025945265340520163, ""PIT502"": 0.09135978696717534, ""PIT503"": -0.044836187159400964, ""UV401"": 0.0}",-81.85823695386372,0.0163327935774358,0.0602368702032317,0.2454320072916972,0.1129142065269456
AIT503,actual_delta,all51,ridge,"[""FIT101"", ""LIT101"", ""MV101"", ""P101"", ""P102"", ""AIT201"", ""AIT202"", ""AIT203"", ""FIT201"", ""MV201"", ""P201"", ""P202"", ""P203"", ""P204"", ""P205"", ""P206"", ""DPIT301"", ""FIT301"", ""LIT301"", ""MV301"", ""MV302"", ""MV303"", ""MV304"", ""P301"", ""P302"", ""AIT401"", ""AIT402"", ""FIT401"", ""LIT401"", ""P401"", ""P402"", ""P403"", ""P404"", ""UV401"", ""AIT501"", ""AIT502"", ""AIT503"", ""AIT504"", ""FIT501"", ""FIT502"", ""FIT503"", ""FIT504"", ""P501"", ""P502"", ""PIT501"", ""PIT502"", ""PIT503"", ""FIT601"", ""P601"", ""P602"", ""P603""]","{""AIT201"": 0.06479763271229268, ""AIT202"": -0.2479783985857882, ""AIT203"": 0.0077334831009436104, ""AIT401"": 0.044779506513631155, ""AIT402"": -0.11853678270774703, ""AIT501"": -0.2788584695091594, ""AIT502"": 0.10115027531652435, ""AIT503"": -0.004185400286126832, ""AIT504"": -0.16506882029800912, ""DPIT301"": 0.005110806286456732, ""FIT101"": 0.004866848933269394, ""FIT201"": -0.045682428447338504, ""FIT301"": -0.025201338148306978, ""FIT401"": 0.1963780840347019, ""FIT501"": 0.22241837001216108, ""FIT502"": 0.025705813508456736, ""FIT503"": -0.025388417893281025, ""FIT504"": -0.03816457650772185, ""FIT601"": -0.005306473317219186, ""LIT101"": -0.00012270370463781098, ""LIT301"": 0.00042006251122296025, ""LIT401"": -0.0002171381383165377, ""MV101"": 0.01182689691366594, ""MV201"": -0.0027096098992642316, ""MV301"": 0.004207146649383837, ""MV302"": 0.01168281423926924, ""MV303"": -0.018126447984361378, ""MV304"": -0.0008684808490460717, ""P101"": 0.05360144983679759, ""P102"": 0.0, ""P201"": 0.0, ""P202"": 0.0, ""P203"": -0.015445550033737918, ""P204"": 0.0, ""P205"": -0.015445550033716606, ""P206"": 0.0, ""P301"": 0.0, ""P302"": -0.013680534469155728, ""P401"": 0.0, ""P402"": 0.0, ""P403"": 0.0, ""P404"": 0.0, ""P501"": 0.0, ""P502"": 0.0, ""P601"": 0.0, ""P602"": -0.00793851951730778, ""P603"": 0.0, ""PIT501"": 0.015320149817854005, ""PIT502"": 0.14446739592835234, ""PIT503"": -0.041732329491270995, ""UV401"": 0.0}",-11.826525298698364,-0.0003101638074185,0.0612560356864802,0.2474995670430158,0.1161619419085447
AIT504,actual_delta,self_only,ols,"[""AIT504""]","{""AIT504"": -0.025113749003949123}",0.3168690333829645,0.0069581438280107,0.0124794005004648,0.1117112371270895,0.067558142680202
AIT504,actual_delta,self_only,ridge,"[""AIT504""]","{""AIT504"": -0.02510069063991335}",0.3167042866349334,0.0069638615600111,0.0124793286466279,0.1117109155213934,0.0675537564339151
AIT504,actual_delta,self_plus_local,ols,"[""AIT504""]","{""AIT504"": -0.025113749003949123}",0.3168690333829645,0.0069581438280107,0.0124794005004648,0.1117112371270895,0.067558142680202
AIT504,actual_delta,self_plus_local,ridge,"[""AIT504""]","{""AIT504"": -0.02510069063991335}",0.3167042866349334,0.0069638615600111,0.0124793286466279,0.1117109155213934,0.0675537564339151
AIT504,actual_delta,all51,ols,"[""FIT101"", ""LIT101"", ""MV101"", ""P101"", ""P102"", ""AIT201"", ""AIT202"", ""AIT203"", ""FIT201"", ""MV201"", ""P201"", ""P202"", ""P203"", ""P204"", ""P205"", ""P206"", ""DPIT301"", ""FIT301"", ""LIT301"", ""MV301"", ""MV302"", ""MV303"", ""MV304"", ""P301"", ""P302"", ""AIT401"", ""AIT402"", ""FIT401"", ""LIT401"", ""P401"", ""P402"", ""P403"", ""P404"", ""UV401"", ""AIT501"", ""AIT502"", ""AIT503"", ""AIT504"", ""FIT501"", ""FIT502"", ""FIT503"", ""FIT504"", ""P501"", ""P502"", ""PIT501"", ""PIT502"", ""PIT503"", ""FIT601"", ""P601"", ""P602"", ""P603""]","{""AIT201"": -0.01912376868580496, ""AIT202"": -1.4550474382278353, ""AIT203"": -0.003199216654378814, ""AIT401"": 0.07231786111782393, ""AIT402"": 0.04151004121989503, ""AIT501"": 1.1933376466206014, ""AIT502"": -0.01789229326206654, ""AIT503"": 0.020523522653134618, ""AIT504"": -0.4554437477751177, ""DPIT301"": 0.002495669583951088, ""FIT101"": -0.004379320044971829, ""FIT201"": -0.01260105663929271, ""FIT301"": -0.010683637908464605, ""FIT401"": 2.1386234021468646, ""FIT501"": 5.432524379764047, ""FIT502"": 0.027835534496997216, ""FIT503"": -1.1993162518733476, ""FIT504"": -1.1890488592533188, ""FIT601"": 0.02900562051238198, ""LIT101"": 0.00023484401945924108, ""LIT301"": 0.00018093657613127423, ""LIT401"": 0.0001443978380088473, ""MV101"": -0.008900008187178813, ""MV201"": 0.014988043146904148, ""MV301"": 0.016416840513225076, ""MV302"": 0.00702010535805463, ""MV303"": -0.015216292351987813, ""MV304"": 0.016287795585424984, ""P101"": -0.03245369780745332, ""P102"": -2.6224296172105976e-12, ""P201"": 3.239756553308215e-13, ""P202"": 1.3369583218292291e-12, ""P203"": 0.00021145886901387592, ""P204"": -2.462863246677216e-12, ""P205"": 0.00021145886978542194, ""P206"": -9.114931032172535e-14, ""P301"": -5.218048215738236e-15, ""P302"": -0.012087917021306405, ""P401"": 2.6645352591003757e-15, ""P402"": 2.220446049250313e-16, ""P403"": 0.0, ""P404"": 1.1102230246251565e-16, ""P501"": 0.0, ""P502"": 0.0, ""P601"": 0.0, ""P602"": -0.049564088876911175, ""P603"": 0.0, ""PIT501"": -0.08234982032290916, ""PIT502"": 0.020180040115840975, ""PIT503"": 0.0059251473013975375, ""UV401"": 0.0}",1.5427009558930185,-0.0104017535973746,0.0126975595954434,0.1126834486313027,0.0849461249710176
AIT504,actual_delta,all51,ridge,"[""FIT101"", ""LIT101"", ""MV101"", ""P101"", ""P102"", ""AIT201"", ""AIT202"", ""AIT203"", ""FIT201"", ""MV201"", ""P201"", ""P202"", ""P203"", ""P204"", ""P205"", ""P206"", ""DPIT301"", ""FIT301"", ""LIT301"", ""MV301"", ""MV302"", ""MV303"", ""MV304"", ""P301"", ""P302"", ""AIT401"", ""AIT402"", ""FIT401"", ""LIT401"", ""P401"", ""P402"", ""P403"", ""P404"", ""UV401"", ""AIT501"", ""AIT502"", ""AIT503"", ""AIT504"", ""FIT501"", ""FIT502"", ""FIT503"", ""FIT504"", ""P501"", ""P502"", ""PIT501"", ""PIT502"", ""PIT503"", ""FIT601"", ""P601"", ""P602"", ""P603""]","{""AIT201"": -0.00878849643000194, ""AIT202"": -0.3330787695663549, ""AIT203"": 0.0024502950292962554, ""AIT401"": 0.014440725232810198, ""AIT402"": 0.022983420369514628, ""AIT501"": 0.06590842911469989, ""AIT502"": -0.01493034883132244, ""AIT503"": 0.01778628714108257, ""AIT504"": -0.35916342654492606, ""DPIT301"": 0.00015803916965640168, ""FIT101"": -0.001917236384878749, ""FIT201"": -0.006794278208348501, ""FIT301"": 0.003988349671681615, ""FIT401"": 0.4725355329217132, ""FIT501"": 0.4993926423599276, ""FIT502"": 0.19287814428413488, ""FIT503"": -0.08212551160213094, ""FIT504"": -0.08712744643890416, ""FIT601"": 0.023309212956025515, ""LIT101"": 0.00012513288383210954, ""LIT301"": 0.0001205317675598051, ""LIT401"": 0.0004282086229467877, ""MV101"": -0.008351960041166728, ""MV201"": 0.019472074144615457, ""MV301"": 0.011954071681408766, ""MV302"": 0.015146845057256038, ""MV303"": -0.016357658587797808, ""MV304"": 0.018966532883959077, ""P101"": -0.041959751990764356, ""P102"": 0.0, ""P201"": 0.0, ""P202"": 0.0, ""P203"": -0.005296580002128249, ""P204"": 0.0, ""P205"": -0.005296580002128378, ""P206"": 0.0, ""P301"": 0.0, ""P302"": -0.01817613905028178, ""P401"": 0.0, ""P402"": 0.0, ""P403"": 0.0, ""P404"": 0.0, ""P501"": 0.0, ""P502"": 0.0, ""P601"": 0.0, ""P602"": -0.038716447891031715, ""P603"": 0.0, ""PIT501"": -0.09597775497599155, ""PIT502"": 0.14781117707504807, ""PIT503"": 0.022562884082091172, ""UV401"": 0.0}",17.13849877848821,0.185071729179664,0.0102410751445273,0.1011981973383287,0.0680599934511706
FIT501,actual_delta,self_only,ols,"[""FIT501""]","{""FIT501"": -0.052622513709998875}",0.0913592398133779,0.0241190788701882,6.649675180571183e-06,0.0025786964110905,0.0020254708663261
FIT501,actual_delta,self_only,ridge,"[""FIT501""]","{""FIT501"": -0.018530157024745718}",0.0321712624704244,0.0148991774400709,6.7124998022844375e-06,0.0025908492434498,0.0020242841771318
FIT501,actual_delta,self_plus_local,ols,"[""FIT501""]","{""FIT501"": -0.052622513709998875}",0.0913592398133779,0.0241190788701882,6.649675180571183e-06,0.0025786964110905,0.0020254708663261
FIT501,actual_delta,self_plus_local,ridge,"[""FIT501""]","{""FIT501"": -0.018530157024745718}",0.0321712624704244,0.0148991774400709,6.7124998022844375e-06,0.0025908492434498,0.0020242841771318
FIT501,actual_delta,all51,ols,"[""FIT101"", ""LIT101"", ""MV101"", ""P101"", ""P102"", ""AIT201"", ""AIT202"", ""AIT203"", ""FIT201"", ""MV201"", ""P201"", ""P202"", ""P203"", ""P204"", ""P205"", ""P206"", ""DPIT301"", ""FIT301"", ""LIT301"", ""MV301"", ""MV302"", ""MV303"", ""MV304"", ""P301"", ""P302"", ""AIT401"", ""AIT402"", ""FIT401"", ""LIT401"", ""P401"", ""P402"", ""P403"", ""P404"", ""UV401"", ""AIT501"", ""AIT502"", ""AIT503"", ""AIT504"", ""FIT501"", ""FIT502"", ""FIT503"", ""FIT504"", ""P501"", ""P502"", ""PIT501"", ""PIT502"", ""PIT503"", ""FIT601"", ""P601"", ""P602"", ""P603""]","{""AIT201"": -0.00048558757899261, ""AIT202"": -0.04096221075295143, ""AIT203"": -0.00013172063213191636, ""AIT401"": 0.00523466646667123, ""AIT402"": 0.00035074105655879964, ""AIT501"": 0.04514464811679786, ""AIT502"": -0.00024298099137353563, ""AIT503"": -4.8499452530867404e-05, ""AIT504"": 0.0009485259947732989, ""DPIT301"": -3.253043579457687e-05, ""FIT101"": -1.1742042091883454e-05, ""FIT201"": -0.00027440485917508244, ""FIT301"": 0.0003087345840394832, ""FIT401"": 0.21673114582114583, ""FIT501"": -0.619985478277047, ""FIT502"": 0.005212309242861382, ""FIT503"": -0.12447325964613665, ""FIT504"": -0.21017023823454337, ""FIT601"": -0.0006812230805884479, ""LIT101"": 1.0953957125776807e-06, ""LIT301"": -2.39505402084908e-06, ""LIT401"": 1.2642379291115217e-05, ""MV101"": -0.00018766736489435676, ""MV201"": -0.0005867956150464347, ""MV301"": -0.00034168578449603323, ""MV302"": 0.0001173945895241547, ""MV303"": -6.93326024100245e-05, ""MV304"": 1.804883641396481e-05, ""P101"": -0.0007337357261437102, ""P102"": -1.2810121687810959e-13, ""P201"": 3.07707418573111e-15, ""P202"": -4.1025397055222124e-14, ""P203"": 0.0003339898344714338, ""P204"": -1.0254861196323795e-13, ""P205"": 0.00033398983450566447, ""P206"": -7.556281989007374e-14, ""P301"": -6.730727086790012e-16, ""P302"": -0.0001956037507073636, ""P401"": -5.551115123125783e-17, ""P402"": -3.3306690738754696e-16, ""P403"": -1.1102230246251565e-16, ""P404"": 8.326672684688674e-17, ""P501"": 0.0, ""P502"": 0.0, ""P601"": 0.0, ""P602"": 0.0012067494972448525, ""P603"": 0.0, ""PIT501"": -0.001064556212245141, ""PIT502"": 0.003262654961843894, ""PIT503"": 2.8606863123590426e-05, ""UV401"": -5.551115123125783e-17}",0.459663980207756,-0.0024841114334801,6.830949934955671e-06,0.0026136086040101,0.0020762138163624
FIT501,actual_delta,all51,ridge,"[""FIT101"", ""LIT101"", ""MV101"", ""P101"", ""P102"", ""AIT201"", ""AIT202"", ""AIT203"", ""FIT201"", ""MV201"", ""P201"", ""P202"", ""P203"", ""P204"", ""P205"", ""P206"", ""DPIT301"", ""FIT301"", ""LIT301"", ""MV301"", ""MV302"", ""MV303"", ""MV304"", ""P301"", ""P302"", ""AIT401"", ""AIT402"", ""FIT401"", ""LIT401"", ""P401"", ""P402"", ""P403"", ""P404"", ""UV401"", ""AIT501"", ""AIT502"", ""AIT503"", ""AIT504"", ""FIT501"", ""FIT502"", ""FIT503"", ""FIT504"", ""P501"", ""P502"", ""PIT501"", ""PIT502"", ""PIT503"", ""FIT601"", ""P601"", ""P602"", ""P603""]","{""AIT201"": -0.00031440186949956107, ""AIT202"": 0.001847638708148503, ""AIT203"": 3.0453903677229165e-05, ""AIT401"": 0.00022612466529095055, ""AIT402"": 0.0009505211473994073, ""AIT501"": 0.005016934571596289, ""AIT502"": -0.0007847071779666436, ""AIT503"": 7.942014415969332e-05, ""AIT504"": -0.0021643937318554813, ""DPIT301"": 1.3256516122325659e-05, ""FIT101"": 3.2992184033365755e-05, ""FIT201"": -0.0006455036247670692, ""FIT301"": -0.0001373090770488731, ""FIT401"": -0.011921719455702511, ""FIT501"": -0.024778508741699356, ""FIT502"": -0.0031714906726122245, ""FIT503"": 0.0019301337938356384, ""FIT504"": 0.002099420121309807, ""FIT601"": -0.0005297182253611886, ""LIT101"": 1.0825088355446066e-06, ""LIT301"": 1.8507466217808123e-06, ""LIT401"": 6.213192829723535e-06, ""MV101"": -0.00021350622219750828, ""MV201"": -0.0013829819100363027, ""MV301"": -0.00024827950830487276, ""MV302"": -0.00019142830498612517, ""MV303"": 0.00016362428163464181, ""MV304"": -0.00014347666511411073, ""P101"": 0.00031652691692993055, ""P102"": 0.0, ""P201"": 0.0, ""P202"": 0.0, ""P203"": 0.0012494063535897135, ""P204"": 0.0, ""P205"": 0.0012494063535894123, ""P206"": 0.0, ""P301"": 0.0, ""P302"": 0.0003764175160050868, ""P401"": 0.0, ""P402"": 0.0, ""P403"": 0.0, ""P404"": 0.0, ""P501"": 0.0, ""P502"": 0.0, ""P601"": 0.0, ""P602"": 0.0007344263876232745, ""P603"": 0.0, ""PIT501"": -0.0002932858682892598, ""PIT502"": -0.001969244578176291, ""PIT503"": -0.0007190950092160924, ""UV401"": 0.0}",0.220913435836474,-0.0953851523326652,7.463979777573493e-06,0.002732028509656,0.0021590750119298
FIT502,actual_delta,self_only,ols,"[""FIT502""]","{""FIT502"": -0.6643360771471707}",0.8612157195457851,0.3605830237017544,0.0002358060549815,0.0153559778256412,0.0123800833667811
FIT502,actual_delta,self_only,ridge,"[""FIT502""]","{""FIT502"": -0.45920268213135884}",0.5952911731908931,0.314009792479006,0.0002529814668481,0.0159053911252797,0.0128357440612508
FIT502,actual_delta,self_plus_local,ols,"[""FIT502""]","{""FIT502"": -0.6643360771471707}",0.8612157195457851,0.3605830237017544,0.0002358060549815,0.0153559778256412,0.0123800833667811
FIT502,actual_delta,self_plus_local,ridge,"[""FIT502""]","{""FIT502"": -0.45920268213135884}",0.5952911731908931,0.314009792479006,0.0002529814668481,0.0159053911252797,0.0128357440612508
FIT502,actual_delta,all51,ols,"[""FIT101"", ""LIT101"", ""MV101"", ""P101"", ""P102"", ""AIT201"", ""AIT202"", ""AIT203"", ""FIT201"", ""MV201"", ""P201"", ""P202"", ""P203"", ""P204"", ""P205"", ""P206"", ""DPIT301"", ""FIT301"", ""LIT301"", ""MV301"", ""MV302"", ""MV303"", ""MV304"", ""P301"", ""P302"", ""AIT401"", ""AIT402"", ""FIT401"", ""LIT401"", ""P401"", ""P402"", ""P403"", ""P404"", ""UV401"", ""AIT501"", ""AIT502"", ""AIT503"", ""AIT504"", ""FIT501"", ""FIT502"", ""FIT503"", ""FIT504"", ""P501"", ""P502"", ""PIT501"", ""PIT502"", ""PIT503"", ""FIT601"", ""P601"", ""P602"", ""P603""]","{""AIT201"": -0.0013459593209815602, ""AIT202"": -0.08437759378564637, ""AIT203"": 7.183810630873423e-05, ""AIT401"": 0.08080570703653205, ""AIT402"": 0.0005174724881108726, ""AIT501"": 0.1312458887677231, ""AIT502"": 0.00022336673248952825, ""AIT503"": -5.663870352361905e-05, ""AIT504"": 0.0020841134467117738, ""DPIT301"": 1.2063392774847026e-05, ""FIT101"": -0.0011780433116295832, ""FIT201"": -0.0025013395910133984, ""FIT301"": 0.001343142109476149, ""FIT401"": 0.22501332428649973, ""FIT501"": 0.3459677458595014, ""FIT502"": -0.9723619935853979, ""FIT503"": -0.22444501975230147, ""FIT504"": -0.2726844400358652, ""FIT601"": 0.006849742194842815, ""LIT101"": 4.120654827298872e-08, ""LIT301"": 2.711778187190761e-06, ""LIT401"": -2.3989696867413035e-06, ""MV101"": 0.0025937580094491366, ""MV201"": 0.0014912122544680822, ""MV301"": 0.005212002509693609, ""MV302"": 0.001096183090164227, ""MV303"": -0.0016073367434373631, ""MV304"": 0.0009556746197790572, ""P101"": -0.005764930653810955, ""P102"": 5.163444541725348e-13, ""P201"": -1.5624030931873922e-14, ""P202"": -9.15795217437676e-14, ""P203"": 0.002467582106961872, ""P204"": -2.3055168885122157e-13, ""P205"": 0.002467582107050662, ""P206"": -4.5630166312093934e-14, ""P301"": -5.238864897449957e-16, ""P302"": -0.005412265841819909, ""P401"": 1.6653345369377348e-16, ""P402"": -8.326672684688674e-17, ""P403"": -1.1102230246251565e-16, ""P404"": 2.7755575615628914e-17, ""P501"": 0.0, ""P502"": 0.0, ""P601"": 0.0, ""P602"": -0.012536071465692643, ""P603"": 0.0, ""PIT501"": -0.004717927649788338, ""PIT502"": 0.0008948847289088754, ""PIT503"": 0.00372769679305213, ""UV401"": 0.0}",-11.138406403548696,0.4766682520642101,0.0001929958063387,0.0138922930554582,0.0112772869896609
FIT502,actual_delta,all51,ridge,"[""FIT101"", ""LIT101"", ""MV101"", ""P101"", ""P102"", ""AIT201"", ""AIT202"", ""AIT203"", ""FIT201"", ""MV201"", ""P201"", ""P202"", ""P203"", ""P204"", ""P205"", ""P206"", ""DPIT301"", ""FIT301"", ""LIT301"", ""MV301"", ""MV302"", ""MV303"", ""MV304"", ""P301"", ""P302"", ""AIT401"", ""AIT402"", ""FIT401"", ""LIT401"", ""P401"", ""P402"", ""P403"", ""P404"", ""UV401"", ""AIT501"", ""AIT502"", ""AIT503"", ""AIT504"", ""FIT501"", ""FIT502"", ""FIT503"", ""FIT504"", ""P501"", ""P502"", ""PIT501"", ""PIT502"", ""PIT503"", ""FIT601"", ""P601"", ""P602"", ""P603""]","{""AIT201"": -0.0005803726176276008, ""AIT202"": -0.014574005177511257, ""AIT203"": 0.0002080922366288936, ""AIT401"": 0.005478537881427138, ""AIT402"": 1.1681186108466409e-05, ""AIT501"": 0.006314740498079782, ""AIT502"": -0.0003138005980898509, ""AIT503"": -0.00013255132575418937, ""AIT504"": 0.004797007336751031, ""DPIT301"": -0.00010490031762564215, ""FIT101"": -0.001520476455396347, ""FIT201"": -0.0005656396265777199, ""FIT301"": 0.0022955072895559313, ""FIT401"": 0.01943052290297132, ""FIT501"": 0.019889543553735713, ""FIT502"": -0.5781098512312419, ""FIT503"": -0.004461752730488385, ""FIT504"": -0.004633214599703877, ""FIT601"": 0.0040121197055227546, ""LIT101"": -3.965379835449672e-06, ""LIT301"": -1.9955523965088865e-06, ""LIT401"": 1.5362950205395374e-05, ""MV101"": 0.003842106622350306, ""MV201"": 0.0018429907829085052, ""MV301"": 0.004063925394881363, ""MV302"": 0.0012052060518722677, ""MV303"": -0.0009124839051130361, ""MV304"": 0.0010585734378026812, ""P101"": -0.00689969048651054, ""P102"": 0.0, ""P201"": 0.0, ""P202"": 0.0, ""P203"": 0.0015917887295908081, ""P204"": 0.0, ""P205"": 0.0015917887295909912, ""P206"": 0.0, ""P301"": 0.0, ""P302"": -0.0054104920382545794, ""P401"": 0.0, ""P402"": 0.0, ""P403"": 0.0, ""P404"": 0.0, ""P501"": 0.0, ""P502"": 0.0, ""P601"": 0.0, ""P602"": -0.00749004026139188, ""P603"": 0.0, ""PIT501"": -0.004938119913043781, ""PIT502"": 0.004049765286143662, ""PIT503"": 0.004331054370582474, ""UV401"": 0.0}",0.4572205237653259,0.3799303414421567,0.0002286710947913,0.015121874711535,0.0122058096673402
FIT503,actual_delta,self_only,ols,"[""FIT503""]","{""FIT503"": -0.13770509408592232}",0.1008367717004881,0.0554537150246443,1.8476261406374743e-06,0.0013592741226983,0.001001257479548
FIT503,actual_delta,self_only,ridge,"[""FIT503""]","{""FIT503"": -0.007048260065677061}",0.005161063000147,0.0068193500982048,1.942759778237601e-06,0.0013938291782846,0.0009068110230681
FIT503,actual_delta,self_plus_local,ols,"[""FIT503""]","{""FIT503"": -0.13770509408592232}",0.1008367717004881,0.0554537150246443,1.8476261406374743e-06,0.0013592741226983,0.001001257479548
FIT503,actual_delta,self_plus_local,ridge,"[""FIT503""]","{""FIT503"": -0.007048260065677061}",0.005161063000147,0.0068193500982048,1.942759778237601e-06,0.0013938291782846,0.0009068110230681
FIT503,actual_delta,all51,ols,"[""FIT101"", ""LIT101"", ""MV101"", ""P101"", ""P102"", ""AIT201"", ""AIT202"", ""AIT203"", ""FIT201"", ""MV201"", ""P201"", ""P202"", ""P203"", ""P204"", ""P205"", ""P206"", ""DPIT301"", ""FIT301"", ""LIT301"", ""MV301"", ""MV302"", ""MV303"", ""MV304"", ""P301"", ""P302"", ""AIT401"", ""AIT402"", ""FIT401"", ""LIT401"", ""P401"", ""P402"", ""P403"", ""P404"", ""UV401"", ""AIT501"", ""AIT502"", ""AIT503"", ""AIT504"", ""FIT501"", ""FIT502"", ""FIT503"", ""FIT504"", ""P501"", ""P502"", ""PIT501"", ""PIT502"", ""PIT503"", ""FIT601"", ""P601"", ""P602"", ""P603""]","{""AIT201"": 2.5480885537388914e-05, ""AIT202"": 8.873234041203241e-05, ""AIT203"": -5.754391769478583e-05, ""AIT401"": -0.010437644129723344, ""AIT402"": -0.00014157450355512457, ""AIT501"": -0.0060230227923709365, ""AIT502"": -6.228402571831229e-05, ""AIT503"": 1.7358498504006634e-05, ""AIT504"": -2.7966722417366833e-05, ""DPIT301"": 2.6165033951982913e-06, ""FIT101"": -1.9047349004316436e-05, ""FIT201"": 0.0004837991078012692, ""FIT301"": 9.558182753562349e-05, ""FIT401"": -0.04563836506311695, ""FIT501"": -0.06568254352259523, ""FIT502"": -0.0021195695633299126, ""FIT503"": -0.9646631195214682, ""FIT504"": 0.03637035549484093, ""FIT601"": 0.00013867828783990696, ""LIT101"": -5.214372452485955e-07, ""LIT301"": -8.266151127159932e-07, ""LIT401"": -2.0571422310489574e-07, ""MV101"": 3.9941940358095336e-05, ""MV201"": 1.5969732088921707e-05, ""MV301"": 0.00024746419844899354, ""MV302"": -3.814567756884322e-05, ""MV303"": -0.0001462347011962487, ""MV304"": -5.910408794108977e-06, ""P101"": -0.00010498140907269751, ""P102"": -2.5542168410170284e-14, ""P201"": -5.313776491305128e-16, ""P202"": 3.836686556565189e-15, ""P203"": -0.00018338496326580252, ""P204"": -2.667571025183335e-14, ""P205"": -0.00018338496328158558, ""P206"": 1.8483912317401874e-14, ""P301"": 1.8648277366750676e-15, ""P302"": -0.0001514796295400698, ""P401"": -1.3877787807814457e-17, ""P402"": 1.7208456881689926e-15, ""P403"": 3.885780586188048e-16, ""P404"": 6.661338147750939e-16, ""P501"": 0.0, ""P502"": 0.0, ""P601"": 0.0, ""P602"": -0.0003791495655507463, ""P603"": 0.0, ""PIT501"": 0.0005198622316826817, ""PIT502"": -0.0011093774855590547, ""PIT503"": 0.00033415224147110927, ""UV401"": -1.1102230246251565e-16}",2.340503371562117,0.3247467591075331,1.3208622587040794e-06,0.0011492877179819,0.0008366868357982
FIT503,actual_delta,all51,ridge,"[""FIT101"", ""LIT101"", ""MV101"", ""P101"", ""P102"", ""AIT201"", ""AIT202"", ""AIT203"", ""FIT201"", ""MV201"", ""P201"", ""P202"", ""P203"", ""P204"", ""P205"", ""P206"", ""DPIT301"", ""FIT301"", ""LIT301"", ""MV301"", ""MV302"", ""MV303"", ""MV304"", ""P301"", ""P302"", ""AIT401"", ""AIT402"", ""FIT401"", ""LIT401"", ""P401"", ""P402"", ""P403"", ""P404"", ""UV401"", ""AIT501"", ""AIT502"", ""AIT503"", ""AIT504"", ""FIT501"", ""FIT502"", ""FIT503"", ""FIT504"", ""P501"", ""P502"", ""PIT501"", ""PIT502"", ""PIT503"", ""FIT601"", ""P601"", ""P602"", ""P603""]","{""AIT201"": 1.179654754373355e-05, ""AIT202"": -0.000889011299750083, ""AIT203"": -1.689780793258658e-05, ""AIT401"": -0.00027430111038756927, ""AIT402"": -4.761791249591315e-05, ""AIT501"": -0.0005742103686431694, ""AIT502"": 3.8099264361697086e-05, ""AIT503"": -2.5735600155333713e-06, ""AIT504"": 0.00015588857042499058, ""DPIT301"": 1.781007918543366e-05, ""FIT101"": -3.213153092572946e-05, ""FIT201"": 0.00033203070491851395, ""FIT301"": -0.00014322541488720898, ""FIT401"": 0.0011820075445448924, ""FIT501"": 0.0014737414787034078, ""FIT502"": -0.0005309284498409688, ""FIT503"": -0.007488961944737952, ""FIT504"": -0.0003877730287008921, ""FIT601"": 0.0002890192288347299, ""LIT101"": -9.977484144549148e-08, ""LIT301"": -3.429870506299931e-07, ""LIT401"": -5.566588366301228e-07, ""MV101"": 7.567773588370292e-05, ""MV201"": -1.95681809786565e-05, ""MV301"": 0.00046060745173626756, ""MV302"": -0.00021738276421511557, ""MV303"": -1.3524478032043443e-05, ""MV304"": 4.333516949295498e-05, ""P101"": -0.00024957591716022053, ""P102"": 0.0, ""P201"": 0.0, ""P202"": 0.0, ""P203"": -0.00020408634399437316, ""P204"": 0.0, ""P205"": -0.0002040863439943754, ""P206"": 0.0, ""P301"": 0.0, ""P302"": 0.00019992200790210099, ""P401"": 0.0, ""P402"": 0.0, ""P403"": 0.0, ""P404"": 0.0, ""P501"": 0.0, ""P502"": 0.0, ""P601"": 0.0, ""P602"": -0.0010481443212546802, ""P603"": 0.0, ""PIT501"": 0.0001797470354526677, ""PIT502"": 5.2189132904085027e-05, ""PIT503"": -0.00012362462841242048, ""UV401"": 0.0}",0.0379768992599179,0.0051544124502624,1.9460165612770373e-06,0.0013949969753648,0.0009202692294072
FIT504,actual_delta,self_only,ols,"[""FIT504""]","{""FIT504"": -0.42110494658745345}",0.1288807262595484,0.0414293819692145,1.0029629905696826e-06,0.0010014803994935,0.0007873539097646
FIT504,actual_delta,self_only,ridge,"[""FIT504""]","{""FIT504"": -0.005515252082036434}",0.0016877544945305,0.0054303711887224,1.0406291518631774e-06,0.0010201123231601,0.0006730559623178
FIT504,actual_delta,self_plus_local,ols,"[""FIT504""]","{""FIT504"": -0.42110494658745345}",0.1288807262595484,0.0414293819692145,1.0029629905696826e-06,0.0010014803994935,0.0007873539097646
FIT504,actual_delta,self_plus_local,ridge,"[""FIT504""]","{""FIT504"": -0.005515252082036434}",0.0016877544945305,0.0054303711887224,1.0406291518631774e-06,0.0010201123231601,0.0006730559623178
FIT504,actual_delta,all51,ols,"[""FIT101"", ""LIT101"", ""MV101"", ""P101"", ""P102"", ""AIT201"", ""AIT202"", ""AIT203"", ""FIT201"", ""MV201"", ""P201"", ""P202"", ""P203"", ""P204"", ""P205"", ""P206"", ""DPIT301"", ""FIT301"", ""LIT301"", ""MV301"", ""MV302"", ""MV303"", ""MV304"", ""P301"", ""P302"", ""AIT401"", ""AIT402"", ""FIT401"", ""LIT401"", ""P401"", ""P402"", ""P403"", ""P404"", ""UV401"", ""AIT501"", ""AIT502"", ""AIT503"", ""AIT504"", ""FIT501"", ""FIT502"", ""FIT503"", ""FIT504"", ""P501"", ""P502"", ""PIT501"", ""PIT502"", ""PIT503"", ""FIT601"", ""P601"", ""P602"", ""P603""]","{""AIT201"": 0.00013187217317139086, ""AIT202"": 0.010408842733696863, ""AIT203"": 9.609442243663857e-06, ""AIT401"": 0.0030115956005764373, ""AIT402"": -0.00013819799155838277, ""AIT501"": -0.012157166886306359, ""AIT502"": 8.756762889822146e-05, ""AIT503"": 1.7921166300326544e-05, ""AIT504"": -0.00017169863534966228, ""DPIT301"": 8.5802280552277e-06, ""FIT101"": -3.17040408578301e-05, ""FIT201"": 1.9065334373001483e-05, ""FIT301"": -1.5935468042460382e-05, ""FIT401"": -0.026193441109134078, ""FIT501"": -0.07463748489745296, ""FIT502"": -0.0006580625862599608, ""FIT503"": 0.03236853696087376, ""FIT504"": -0.9730212652215078, ""FIT601"": 0.00031107792280049, ""LIT101"": -1.2812982739907097e-07, ""LIT301"": 4.991515612047179e-07, ""LIT401"": -2.815868141771774e-06, ""MV101"": 0.0001394322910562934, ""MV201"": -0.00014116891853640793, ""MV301"": 3.9096149059113495e-05, ""MV302"": -2.392467140364192e-06, ""MV303"": -7.951358343326987e-05, ""MV304"": -8.564007388312504e-06, ""P101"": 0.00040241775395296334, ""P102"": -1.0810932566372201e-13, ""P201"": -2.5527845083032213e-14, ""P202"": -1.11422129118674e-13, ""P203"": 0.00017791487799750553, ""P204"": 1.2015995837222349e-14, ""P205"": 0.00017791487794861983, ""P206"": -4.1313632202777395e-14, ""P301"": -9.848892534858322e-16, ""P302"": -0.0001338545502103704, ""P401"": -6.245004513516506e-17, ""P402"": -8.881784197001252e-16, ""P403"": -4.579669976578771e-16, ""P404"": -3.7470027081099033e-16, ""P501"": 0.0, ""P502"": 0.0, ""P601"": 0.0, ""P602"": -0.00040555658646248345, ""P603"": 0.0, ""PIT501"": -3.312131631690767e-05, ""PIT502"": -0.0003762362580909365, ""PIT503"": -5.877513547844406e-05, ""UV401"": -2.7755575615628914e-17}",-0.0002681222250885,0.1614074111613731,8.774286577852831e-07,0.0009367116193286,0.0007282201057529
FIT504,actual_delta,all51,ridge,"[""FIT101"", ""LIT101"", ""MV101"", ""P101"", ""P102"", ""AIT201"", ""AIT202"", ""AIT203"", ""FIT201"", ""MV201"", ""P201"", ""P202"", ""P203"", ""P204"", ""P205"", ""P206"", ""DPIT301"", ""FIT301"", ""LIT301"", ""MV301"", ""MV302"", ""MV303"", ""MV304"", ""P301"", ""P302"", ""AIT401"", ""AIT402"", ""FIT401"", ""LIT401"", ""P401"", ""P402"", ""P403"", ""P404"", ""UV401"", ""AIT501"", ""AIT502"", ""AIT503"", ""AIT504"", ""FIT501"", ""FIT502"", ""FIT503"", ""FIT504"", ""P501"", ""P502"", ""PIT501"", ""PIT502"", ""PIT503"", ""FIT601"", ""P601"", ""P602"", ""P603""]","{""AIT201"": 6.586443688904978e-05, ""AIT202"": -0.0006609249735047707, ""AIT203"": -8.248985537981485e-06, ""AIT401"": 0.00010930452630987628, ""AIT402"": -0.00018879775675455086, ""AIT501"": -0.0011800209014080631, ""AIT502"": 0.00014881878441572505, ""AIT503"": -1.4259484191724006e-05, ""AIT504"": 0.0004419579625626028, ""DPIT301"": -5.50857621632154e-09, ""FIT101"": -3.534160766000684e-05, ""FIT201"": -0.00017939596861957135, ""FIT301"": -3.0306020965016576e-06, ""FIT401"": 0.0031919415247402354, ""FIT501"": 0.0027574739789519454, ""FIT502"": 0.000628950585882622, ""FIT503"": -0.0005262501978081365, ""FIT504"": -0.005309199195875366, ""FIT601"": 0.00018954768675053397, ""LIT101"": -2.381353787031234e-07, ""LIT301"": -3.392082240611861e-07, ""LIT401"": -1.260230036309815e-06, ""MV101"": 0.00010332677805027829, ""MV201"": 7.084931147576864e-05, ""MV301"": -1.4691143463249979e-06, ""MV302"": 3.380817476277721e-05, ""MV303"": -0.00011005609290033297, ""MV304"": 9.876559844935243e-05, ""P101"": 0.0001994721146507898, ""P102"": 0.0, ""P201"": 0.0, ""P202"": 0.0, ""P203"": 0.0001033314458870888, ""P204"": 0.0, ""P205"": 0.00010333144588710392, ""P206"": 0.0, ""P301"": 0.0, ""P302"": -4.9511195649181786e-05, ""P401"": 0.0, ""P402"": 0.0, ""P403"": 0.0, ""P404"": 0.0, ""P501"": 0.0, ""P502"": 0.0, ""P601"": 0.0, ""P602"": -7.289967896093918e-05, ""P603"": 0.0, ""PIT501"": 0.00021859988549447471, ""PIT502"": 0.0007772769246670717, ""PIT503"": -3.134109301557429e-05, ""UV401"": 0.0}",-0.0671366608817256,-0.0920596404527076,1.142634024313192e-06,0.0010689406084124,0.0007732111814125
PIT501,actual_delta,self_only,ols,"[""PIT501""]","{""PIT501"": -0.009934003506497261}",2.4717097948357125,0.0051679182502802,0.0674665449769629,0.2597432289338124,0.2044893964032365
PIT501,actual_delta,self_only,ridge,"[""PIT501""]","{""PIT501"": -0.009933666207577276}",2.471625865345994,0.0051678919577187,0.067466546760046,0.2597432323662081,0.2044893678181461
PIT501,actual_delta,self_plus_local,ols,"[""PIT501""]","{""PIT501"": -0.009934003506497261}",2.4717097948357125,0.0051679182502802,0.0674665449769629,0.2597432289338124,0.2044893964032365
PIT501,actual_delta,self_plus_local,ridge,"[""PIT501""]","{""PIT501"": -0.009933666207577276}",2.471625865345994,0.0051678919577187,0.067466546760046,0.2597432323662081,0.2044893678181461
PIT501,actual_delta,all51,ols,"[""FIT101"", ""LIT101"", ""MV101"", ""P101"", ""P102"", ""AIT201"", ""AIT202"", ""AIT203"", ""FIT201"", ""MV201"", ""P201"", ""P202"", ""P203"", ""P204"", ""P205"", ""P206"", ""DPIT301"", ""FIT301"", ""LIT301"", ""MV301"", ""MV302"", ""MV303"", ""MV304"", ""P301"", ""P302"", ""AIT401"", ""AIT402"", ""FIT401"", ""LIT401"", ""P401"", ""P402"", ""P403"", ""P404"", ""UV401"", ""AIT501"", ""AIT502"", ""AIT503"", ""AIT504"", ""FIT501"", ""FIT502"", ""FIT503"", ""FIT504"", ""P501"", ""P502"", ""PIT501"", ""PIT502"", ""PIT503"", ""FIT601"", ""P601"", ""P602"", ""P603""]","{""AIT201"": -0.0713033144971434, ""AIT202"": -2.456251485977328, ""AIT203"": 0.0062796741694196466, ""AIT401"": 0.5391286692524321, ""AIT402"": 0.06846532866101013, ""AIT501"": 7.363363076671665, ""AIT502"": -0.034846021613243794, ""AIT503"": 0.0034822100214768614, ""AIT504"": -0.1358398830153243, ""DPIT301"": -0.0004555154967782471, ""FIT101"": -0.005549502888054099, ""FIT201"": -0.029884730893287362, ""FIT301"": 0.01764749572249802, ""FIT401"": -10.414403848688472, ""FIT501"": -14.33050270275627, ""FIT502"": 0.20940589578338223, ""FIT503"": 6.073447010598994, ""FIT504"": 6.726728196172773, ""FIT601"": -0.051780813916899746, ""LIT101"": 0.00016653117706733517, ""LIT301"": 3.342779314552402e-05, ""LIT401"": 0.0012436017698462531, ""MV101"": 0.0001753792579115591, ""MV201"": 0.029911144999377155, ""MV301"": -0.014461968277727007, ""MV302"": 0.02462467078721852, ""MV303"": 0.009181161523129991, ""MV304"": 0.019541424213062375, ""P101"": -0.06706569765013784, ""P102"": 8.827170765168812e-13, ""P201"": -5.941185043933928e-13, ""P202"": 6.154798892765712e-14, ""P203"": -0.070097513528014, ""P204"": 7.490286169087312e-12, ""P205"": -0.07009751352866692, ""P206"": 2.9951596758337473e-12, ""P301"": 1.1102230246251565e-16, ""P302"": -0.038742486174103974, ""P401"": 0.0, ""P402"": -3.774758283725532e-15, ""P403"": 0.0, ""P404"": -2.6645352591003757e-15, ""P501"": 0.0, ""P502"": 0.0, ""P601"": 0.0, ""P602"": 0.08102373088699703, ""P603"": 0.0, ""PIT501"": -0.4999291249535296, ""PIT502"": -0.09562206130352284, ""PIT503"": 0.39445518110869027, ""UV401"": 1.1102230246251565e-16}",-20.358055785609466,0.1367283654526145,0.0585445077897879,0.2419597234867571,0.1923428803941937
PIT501,actual_delta,all51,ridge,"[""FIT101"", ""LIT101"", ""MV101"", ""P101"", ""P102"", ""AIT201"", ""AIT202"", ""AIT203"", ""FIT201"", ""MV201"", ""P201"", ""P202"", ""P203"", ""P204"", ""P205"", ""P206"", ""DPIT301"", ""FIT301"", ""LIT301"", ""MV301"", ""MV302"", ""MV303"", ""MV304"", ""P301"", ""P302"", ""AIT401"", ""AIT402"", ""FIT401"", ""LIT401"", ""P401"", ""P402"", ""P403"", ""P404"", ""UV401"", ""AIT501"", ""AIT502"", ""AIT503"", ""AIT504"", ""FIT501"", ""FIT502"", ""FIT503"", ""FIT504"", ""P501"", ""P502"", ""PIT501"", ""PIT502"", ""PIT503"", ""FIT601"", ""P601"", ""P602"", ""P603""]","{""AIT201"": -0.05154866202928684, ""AIT202"": 0.3265640764419602, ""AIT203"": 0.010696841024794042, ""AIT401"": 0.018195675584380813, ""AIT402"": 0.11940410472876471, ""AIT501"": 0.7416353641379873, ""AIT502"": -0.09761469836869446, ""AIT503"": 0.013407859248317756, ""AIT504"": -0.37828447143153077, ""DPIT301"": 0.0021560267499230465, ""FIT101"": -0.0039965099114795165, ""FIT201"": -0.009327598932413129, ""FIT301"": -0.0061520107264928904, ""FIT401"": -1.5535182441747148, ""FIT501"": -1.5338751309676117, ""FIT502"": -0.3784362412272048, ""FIT503"": 0.27233621774586714, ""FIT504"": 0.28541707913428616, ""FIT601"": -0.032766978404777394, ""LIT101"": 0.00013883116380541407, ""LIT301"": 0.0002945294889716013, ""LIT401"": 0.0008601562653057078, ""MV101"": 0.0013186219486095484, ""MV201"": -0.022124530089144622, ""MV301"": 0.0020604221169511143, ""MV302"": 0.009487078423967846, ""MV303"": 0.013693648909575572, ""MV304"": 0.00764986023864938, ""P101"": 0.001543434550728775, ""P102"": 0.0, ""P201"": 0.0, ""P202"": 0.0, ""P203"": -0.029385286365407194, ""P204"": 0.0, ""P205"": -0.029385286365415538, ""P206"": 0.0, ""P301"": 0.0, ""P302"": -0.010772078931785955, ""P401"": 0.0, ""P402"": 0.0, ""P403"": 0.0, ""P404"": 0.0, ""P501"": 0.0, ""P502"": 0.0, ""P601"": 0.0, ""P602"": 0.035216410125828775, ""P603"": 0.0, ""PIT501"": -0.43314364482981516, ""PIT502"": -0.4980741413101665, ""PIT503"": 0.3421876299685575, ""UV401"": 0.0}",43.90497773928136,-0.6078872996462708,0.1090421215896851,0.3302152655309641,0.2635083182388725
PIT502,actual_delta,self_only,ols,"[""PIT502""]","{""PIT502"": -0.5057032293509539}",0.5591526569196801,-7.121923224354774,0.0295637025875435,0.171940985769954,0.1258866712574821
PIT502,actual_delta,self_only,ridge,"[""PIT502""]","{""PIT502"": -0.4878351134613106}",0.5393961452480915,-6.611088936656884,0.0277042719409038,0.1664460030787877,0.1222115357176309
PIT502,actual_delta,self_plus_local,ols,"[""PIT502""]","{""PIT502"": -0.5057032293509539}",0.5591526569196801,-7.121923224354774,0.0295637025875435,0.171940985769954,0.1258866712574821
PIT502,actual_delta,self_plus_local,ridge,"[""PIT502""]","{""PIT502"": -0.4878351134613106}",0.5393961452480915,-6.611088936656884,0.0277042719409038,0.1664460030787877,0.1222115357176309
PIT502,actual_delta,all51,ols,"[""FIT101"", ""LIT101"", ""MV101"", ""P101"", ""P102"", ""AIT201"", ""AIT202"", ""AIT203"", ""FIT201"", ""MV201"", ""P201"", ""P202"", ""P203"", ""P204"", ""P205"", ""P206"", ""DPIT301"", ""FIT301"", ""LIT301"", ""MV301"", ""MV302"", ""MV303"", ""MV304"", ""P301"", ""P302"", ""AIT401"", ""AIT402"", ""FIT401"", ""LIT401"", ""P401"", ""P402"", ""P403"", ""P404"", ""UV401"", ""AIT501"", ""AIT502"", ""AIT503"", ""AIT504"", ""FIT501"", ""FIT502"", ""FIT503"", ""FIT504"", ""P501"", ""P502"", ""PIT501"", ""PIT502"", ""PIT503"", ""FIT601"", ""P601"", ""P602"", ""P603""]","{""AIT201"": 0.0012583736926935123, ""AIT202"": -0.35907434922104253, ""AIT203"": -0.001672801290752687, ""AIT401"": -0.17946208599123073, ""AIT402"": 0.00548680384027141, ""AIT501"": 0.26417768330601865, ""AIT502"": -0.015635069962163947, ""AIT503"": -0.001894112629243272, ""AIT504"": 0.006476428053583477, ""DPIT301"": -0.0003358574241990042, ""FIT101"": -0.0020593747560746067, ""FIT201"": 0.0023382801161219934, ""FIT301"": 0.003867299906798176, ""FIT401"": 0.7745147122662513, ""FIT501"": 1.3626286825616063, ""FIT502"": 0.0821263179236593, ""FIT503"": -2.101462137274958, ""FIT504"": -0.3338765939768072, ""FIT601"": -0.01169029086919906, ""LIT101"": -2.017627911450538e-05, ""LIT301"": -6.3054683257735e-05, ""LIT401"": 0.0001697729174486677, ""MV101"": 0.002971665919525492, ""MV201"": 0.010712472738858841, ""MV301"": -0.00581475399120809, ""MV302"": 0.0015095024901776357, ""MV303"": 0.0012803628555801772, ""MV304"": -0.005847728680489759, ""P101"": -0.004192109098493201, ""P102"": -8.480846233616113e-13, ""P201"": 1.0577817918452914e-13, ""P202"": 3.7681576608994405e-13, ""P203"": -0.008233107893202567, ""P204"": -8.805386975119234e-13, ""P205"": -0.008233107892995108, ""P206"": -6.769584892651892e-14, ""P301"": 2.345346139520643e-15, ""P302"": -0.004609997982503005, ""P401"": 6.661338147750939e-16, ""P402"": 2.886579864025407e-15, ""P403"": 1.1102230246251565e-15, ""P404"": 1.5543122344752192e-15, ""P501"": 0.0, ""P502"": 0.0, ""P601"": 0.0, ""P602"": 0.016273488362786807, ""P603"": 0.0, ""PIT501"": -0.007454037919073356, ""PIT502"": -0.7985875853727673, ""PIT503"": 0.0107558044004651, ""UV401"": 0.0}",28.154765725785,-21.712104945781487,0.0826717880982557,0.2875270215097283,0.2048926016366751
PIT502,actual_delta,all51,ridge,"[""FIT101"", ""LIT101"", ""MV101"", ""P101"", ""P102"", ""AIT201"", ""AIT202"", ""AIT203"", ""FIT201"", ""MV201"", ""P201"", ""P202"", ""P203"", ""P204"", ""P205"", ""P206"", ""DPIT301"", ""FIT301"", ""LIT301"", ""MV301"", ""MV302"", ""MV303"", ""MV304"", ""P301"", ""P302"", ""AIT401"", ""AIT402"", ""FIT401"", ""LIT401"", ""P401"", ""P402"", ""P403"", ""P404"", ""UV401"", ""AIT501"", ""AIT502"", ""AIT503"", ""AIT504"", ""FIT501"", ""FIT502"", ""FIT503"", ""FIT504"", ""P501"", ""P502"", ""PIT501"", ""PIT502"", ""PIT503"", ""FIT601"", ""P601"", ""P602"", ""P603""]","{""AIT201"": 0.003485157663298095, ""AIT202"": -0.09014074784198149, ""AIT203"": -0.00012272565290496928, ""AIT401"": -0.00800663212864659, ""AIT402"": 0.0005115798380989877, ""AIT501"": 0.013650092958907673, ""AIT502"": -0.013649310260340216, ""AIT503"": -0.002597921971409377, ""AIT504"": 0.03244498937194209, ""DPIT301"": -0.0009796125006840584, ""FIT101"": -0.0013673804297674912, ""FIT201"": 0.002645270015598659, ""FIT301"": 0.00793341330107532, ""FIT401"": 0.1418391588206986, ""FIT501"": 0.143617422475615, ""FIT502"": 0.09935465777404608, ""FIT503"": -0.03645537793310189, ""FIT504"": -0.025691267105694957, ""FIT601"": -0.010511774665851554, ""LIT101"": -4.50589658867658e-05, ""LIT301"": -7.5575524551466e-05, ""LIT401"": 0.00024034169608977803, ""MV101"": 0.0029671261997297475, ""MV201"": 0.011521132512719474, ""MV301"": -0.004599533432953619, ""MV302"": 0.0036816148744436804, ""MV303"": 0.0009100596250909042, ""MV304"": -0.004910944066224481, ""P101"": -0.0067933301444095505, ""P102"": 0.0, ""P201"": 0.0, ""P202"": 0.0, ""P203"": -0.009183909308369854, ""P204"": 0.0, ""P205"": -0.009183909308370783, ""P206"": 0.0, ""P301"": 0.0, ""P302"": -0.006416572052662976, ""P401"": 0.0, ""P402"": 0.0, ""P403"": 0.0, ""P404"": 0.0, ""P501"": 0.0, ""P502"": 0.0, ""P601"": 0.0, ""P602"": 0.012339340645495831, ""P603"": 0.0, ""PIT501"": -0.012281588235760742, ""PIT502"": -0.7145294844017558, ""PIT503"": 0.014300195643150175, ""UV401"": 0.0}",3.617227536379921,-16.002516784042175,0.0618889560462537,0.2487749104034683,0.1786172022071331
PIT503,actual_delta,self_only,ols,"[""PIT503""]","{""PIT503"": -0.010520219379700912}",1.977127544482416,0.0061805911481437,0.0523160834817277,0.2287270938951653,0.1797557782486637
PIT503,actual_delta,self_only,ridge,"[""PIT503""]","{""PIT503"": -0.010519740852798306}",1.9770376045703435,0.0061804889466944,0.0523160888617591,0.228727105655974,0.1797557366098124
PIT503,actual_delta,self_plus_local,ols,"[""PIT503""]","{""PIT503"": -0.010520219379700912}",1.977127544482416,0.0061805911481437,0.0523160834817277,0.2287270938951653,0.1797557782486637
PIT503,actual_delta,self_plus_local,ridge,"[""PIT503""]","{""PIT503"": -0.010519740852798306}",1.9770376045703435,0.0061804889466944,0.0523160888617591,0.228727105655974,0.1797557366098124
PIT503,actual_delta,all51,ols,"[""FIT101"", ""LIT101"", ""MV101"", ""P101"", ""P102"", ""AIT201"", ""AIT202"", ""AIT203"", ""FIT201"", ""MV201"", ""P201"", ""P202"", ""P203"", ""P204"", ""P205"", ""P206"", ""DPIT301"", ""FIT301"", ""LIT301"", ""MV301"", ""MV302"", ""MV303"", ""MV304"", ""P301"", ""P302"", ""AIT401"", ""AIT402"", ""FIT401"", ""LIT401"", ""P401"", ""P402"", ""P403"", ""P404"", ""UV401"", ""AIT501"", ""AIT502"", ""AIT503"", ""AIT504"", ""FIT501"", ""FIT502"", ""FIT503"", ""FIT504"", ""P501"", ""P502"", ""PIT501"", ""PIT502"", ""PIT503"", ""FIT601"", ""P601"", ""P602"", ""P603""]","{""AIT201"": -0.04486777319815562, ""AIT202"": -2.158373039218789, ""AIT203"": -0.0004532625440005697, ""AIT401"": 0.25096123479877785, ""AIT402"": 0.08610478020045316, ""AIT501"": 6.803582898102636, ""AIT502"": -0.05232793704224975, ""AIT503"": 0.005591680728898485, ""AIT504"": -0.07400357990788797, ""DPIT301"": 0.0002910850371533602, ""FIT101"": -0.0019529240558682434, ""FIT201"": -0.006983919053683254, ""FIT301"": 0.01308935055506763, ""FIT401"": -8.811971046388132, ""FIT501"": -11.386105250210118, ""FIT502"": 0.10694269958472383, ""FIT503"": 5.665678922015936, ""FIT504"": 5.366947281089674, ""FIT601"": -0.017096364516071008, ""LIT101"": 0.00013532341994460678, ""LIT301"": 4.4484397254240804e-05, ""LIT401"": 0.0010463619999636908, ""MV101"": -0.02158824543886742, ""MV201"": 0.008828745803086405, ""MV301"": -0.0011743291575542145, ""MV302"": 0.008136849059542775, ""MV303"": -0.00910434359661945, ""MV304"": 0.007701428252199858, ""P101"": -0.039010704619320526, ""P102"": 1.2480719582819155e-12, ""P201"": -5.249446710653416e-13, ""P202"": -2.2898349882893854e-14, ""P203"": -0.04614950118208454, ""P204"": 6.309897049305846e-12, ""P205"": -0.04614950118257875, ""P206"": 2.544908728197015e-12, ""P301"": -1.4519635493925875e-15, ""P302"": -0.03212716871212805, ""P401"": 7.105427357601002e-15, ""P402"": -4.218847493575595e-15, ""P403"": -8.881784197001252e-16, ""P404"": -1.7763568394002505e-15, ""P501"": 0.0, ""P502"": 0.0, ""P601"": 0.0, ""P602"": 0.029942340970096314, ""P603"": 0.0, ""PIT501"": 0.35656026172455, ""PIT502"": -0.039140224287319794, ""PIT503"": -0.565202038504268, ""UV401"": 0.0}",-21.62677258520125,0.1190890195504937,0.0463724213702057,0.215342567483082,0.1721314735637986
PIT503,actual_delta,all51,ridge,"[""FIT101"", ""LIT101"", ""MV101"", ""P101"", ""P102"", ""AIT201"", ""AIT202"", ""AIT203"", ""FIT201"", ""MV201"", ""P201"", ""P202"", ""P203"", ""P204"", ""P205"", ""P206"", ""DPIT301"", ""FIT301"", ""LIT301"", ""MV301"", ""MV302"", ""MV303"", ""MV304"", ""P301"", ""P302"", ""AIT401"", ""AIT402"", ""FIT401"", ""LIT401"", ""P401"", ""P402"", ""P403"", ""P404"", ""UV401"", ""AIT501"", ""AIT502"", ""AIT503"", ""AIT504"", ""FIT501"", ""FIT502"", ""FIT503"", ""FIT504"", ""P501"", ""P502"", ""PIT501"", ""PIT502"", ""PIT503"", ""FIT601"", ""P601"", ""P602"", ""P603""]","{""AIT201"": -0.02710679489406509, ""AIT202"": 0.2616574750098285, ""AIT203"": 0.003243961553051654, ""AIT401"": 0.0014120300083593502, ""AIT402"": 0.12735102271021195, ""AIT501"": 0.6773391812537203, ""AIT502"": -0.10669566038642353, ""AIT503"": 0.013664923881139145, ""AIT504"": -0.27309959958330077, ""DPIT301"": 0.002211376718547963, ""FIT101"": -0.0004210640137108448, ""FIT201"": 0.01324330103175799, ""FIT301"": -0.0053077992419992654, ""FIT401"": -1.2822033508238602, ""FIT501"": -1.2564429640252697, ""FIT502"": -0.3472337314060714, ""FIT503"": 0.2284323450605112, ""FIT504"": 0.23348339425833214, ""FIT601"": -0.003971858404767025, ""LIT101"": 0.00010259930235387635, ""LIT301"": 0.00025348344607400996, ""LIT401"": 0.0007606194839430919, ""MV101"": -0.02030772826839607, ""MV201"": -0.03314878588373529, ""MV301"": 0.010899124409142886, ""MV302"": -0.0035604744946494842, ""MV303"": -0.005274140408991876, ""MV304"": -0.00199712758456154, ""P101"": 0.016693533463596637, ""P102"": 0.0, ""P201"": 0.0, ""P202"": 0.0, ""P203"": -0.013064440005074125, ""P204"": 0.0, ""P205"": -0.013064440005097717, ""P206"": 0.0, ""P301"": 0.0, ""P302"": -0.009227598674224402, ""P401"": 0.0, ""P402"": 0.0, ""P403"": 0.0, ""P404"": 0.0, ""P501"": 0.0, ""P502"": 0.0, ""P601"": 0.0, ""P602"": -0.002771886552213726, ""P603"": 0.0, ""PIT501"": 0.38569368954082517, ""PIT502"": -0.37305269540357483, ""PIT503"": -0.5760402965178741, ""UV401"": 0.0}",9.99162193356915,-0.5564664798605228,0.0819346347753127,0.2862422658785958,0.2280143539955818
FIT601,actual_delta,self_only,ols,"[""FIT601""]","{""FIT601"": -0.22233568950032054}",0.0031678952080767,0.1319590192900227,0.0106044617982401,0.1029779675379164,0.0127221547885512
FIT601,actual_delta,self_only,ridge,"[""FIT601""]","{""FIT601"": -0.22103707230642736}",0.0031493921338619,0.1317130623133777,0.0106074665427405,0.1029925557637079,0.0126993235195917
FIT601,actual_delta,self_plus_local,ols,"[""FIT601""]","{""FIT601"": -0.22233568950032054}",0.0031678952080767,0.1319590192900227,0.0106044617982401,0.1029779675379164,0.0127221547885512
FIT601,actual_delta,self_plus_local,ridge,"[""FIT601""]","{""FIT601"": -0.22103707230642736}",0.0031493921338619,0.1317130623133777,0.0106074665427405,0.1029925557637079,0.0126993235195917
FIT601,actual_delta,all51,ols,"[""FIT101"", ""LIT101"", ""MV101"", ""P101"", ""P102"", ""AIT201"", ""AIT202"", ""AIT203"", ""FIT201"", ""MV201"", ""P201"", ""P202"", ""P203"", ""P204"", ""P205"", ""P206"", ""DPIT301"", ""FIT301"", ""LIT301"", ""MV301"", ""MV302"", ""MV303"", ""MV304"", ""P301"", ""P302"", ""AIT401"", ""AIT402"", ""FIT401"", ""LIT401"", ""P401"", ""P402"", ""P403"", ""P404"", ""UV401"", ""AIT501"", ""AIT502"", ""AIT503"", ""AIT504"", ""FIT501"", ""FIT502"", ""FIT503"", ""FIT504"", ""P501"", ""P502"", ""PIT501"", ""PIT502"", ""PIT503"", ""FIT601"", ""P601"", ""P602"", ""P603""]","{""AIT201"": -0.0011598051386235092, ""AIT202"": -0.39564574121853047, ""AIT203"": -0.000838367049008488, ""AIT401"": -0.21200630845134708, ""AIT402"": 0.0023567371211712096, ""AIT501"": -0.1363351258921137, ""AIT502"": -0.003476853245137218, ""AIT503"": -0.0004777501365303971, ""AIT504"": -0.00892915185957726, ""DPIT301"": -0.005713757995163438, ""FIT101"": -0.0013878100138273028, ""FIT201"": -0.014904680516735437, ""FIT301"": 0.06946623442012013, ""FIT401"": -0.17164481144691635, ""FIT501"": 0.1339702819854999, ""FIT502"": -0.01539043160692934, ""FIT503"": 0.4196549829569729, ""FIT504"": 1.292790781301956, ""FIT601"": -1.0080606959746408, ""LIT101"": 2.1554685365475507e-05, ""LIT301"": -8.183223112062654e-05, ""LIT401"": 2.3509921114075322e-05, ""MV101"": 0.006773108917967374, ""MV201"": -0.016451015123487716, ""MV301"": -0.10361949376178622, ""MV302"": 0.07439747384870693, ""MV303"": -0.1657206814336252, ""MV304"": 0.051483684499530204, ""P101"": 0.036558634038652255, ""P102"": 3.027424231444309e-13, ""P201"": 1.6617783538119824e-14, ""P202"": 2.2094825968821397e-13, ""P203"": 0.008618476277398632, ""P204"": 6.55586696041155e-14, ""P205"": 0.008618476277593677, ""P206"": 1.7856983253183856e-13, ""P301"": 1.1657341758564144e-15, ""P302"": -0.1643629184958598, ""P401"": -1.6653345369377348e-16, ""P402"": 7.424616477180734e-16, ""P403"": 3.3306690738754696e-16, ""P404"": 2.498001805406602e-16, ""P501"": 0.0, ""P502"": 0.0, ""P601"": 0.0, ""P602"": 1.7940089047665018, ""P603"": 0.0, ""PIT501"": -0.014407823296243655, ""PIT502"": -0.004473478469488354, ""PIT503"": 0.015126536600661447, ""UV401"": 1.1102230246251565e-16}",35.57508918382521,0.9087080319366222,0.001115272446034,0.033395695022474,0.0127470433594547
FIT601,actual_delta,all51,ridge,"[""FIT101"", ""LIT101"", ""MV101"", ""P101"", ""P102"", ""AIT201"", ""AIT202"", ""AIT203"", ""FIT201"", ""MV201"", ""P201"", ""P202"", ""P203"", ""P204"", ""P205"", ""P206"", ""DPIT301"", ""FIT301"", ""LIT301"", ""MV301"", ""MV302"", ""MV303"", ""MV304"", ""P301"", ""P302"", ""AIT401"", ""AIT402"", ""FIT401"", ""LIT401"", ""P401"", ""P402"", ""P403"", ""P404"", ""UV401"", ""AIT501"", ""AIT502"", ""AIT503"", ""AIT504"", ""FIT501"", ""FIT502"", ""FIT503"", ""FIT504"", ""P501"", ""P502"", ""PIT501"", ""PIT502"", ""PIT503"", ""FIT601"", ""P601"", ""P602"", ""P603""]","{""AIT201"": 8.279836005798512e-05, ""AIT202"": -0.05131378208509437, ""AIT203"": 0.0012612704428368216, ""AIT401"": -0.015435671927370354, ""AIT402"": 0.0018559358942171734, ""AIT501"": -0.025496330482632532, ""AIT502"": -0.0037325684563877365, ""AIT503"": -0.00023521574123210626, ""AIT504"": -0.010384421676470886, ""DPIT301"": -0.0061801298266144136, ""FIT101"": -0.0009172036172058178, ""FIT201"": -0.01665478226389843, ""FIT301"": 0.07122361178963309, ""FIT401"": -0.011959479781034784, ""FIT501"": -0.007152079068354812, ""FIT502"": -0.020261783694212016, ""FIT503"": 0.006679066993169095, ""FIT504"": 0.007344057670598263, ""FIT601"": -0.8903583752376246, ""LIT101"": 8.535415201558028e-06, ""LIT301"": -7.334063144264534e-05, ""LIT401"": 3.0489756568094312e-05, ""MV101"": 0.007681371900651627, ""MV201"": -0.015308508570215484, ""MV301"": 0.008863449696954642, ""MV302"": 0.07573249469456558, ""MV303"": -0.1698968300841382, ""MV304"": 0.051076721120777824, ""P101"": 0.0370851540623289, ""P102"": 0.0, ""P201"": 0.0, ""P202"": 0.0, ""P203"": 0.009320084686292557, ""P204"": 0.0, ""P205"": 0.00932008468631275, ""P206"": 0.0, ""P301"": 0.0, ""P302"": -0.1638499898568136, ""P401"": 0.0, ""P402"": 0.0, ""P403"": 0.0, ""P404"": 0.0, ""P501"": 0.0, ""P502"": 0.0, ""P601"": 0.0, ""P602"": 1.48889964771978, ""P603"": 0.0, ""PIT501"": -0.01497520892678047, ""PIT502"": -0.006864033678064505, ""PIT503"": 0.014356961832539577, ""UV401"": 0.0}",2.765785400789583,0.9305667018398996,0.0008482350191143,0.0291244745723316,0.0126599870982592
FIT101,mlp_next,local_support,ols,"[""FIT101"", ""MV101"", ""LIT101""]","{""FIT101"": 0.7353373236770177, ""LIT101"": -0.0002933967178301256, ""MV101"": 0.5640591016626707}",-0.2782786139685149,0.9831073777309944,0.0196139419616671,0.1400497838686911,0.0976554537498475
FIT101,mlp_next,local_support,ridge,"[""FIT101"", ""MV101"", ""LIT101""]","{""FIT101"": 0.7363379787721814, ""LIT101"": -0.0002947597392584346, ""MV101"": 0.5610906257258576}",-0.2742151018471213,0.983104201228151,0.0196176301837452,0.1400629507890836,0.0976892441924275
FIT101,mlp_next,self_only,ols,"[""FIT101""]","{""FIT101"": 0.9767899542527838}",0.0714845492865938,0.9797632303484866,0.0234968153028959,0.153286709478989,0.1072025719113539
FIT101,mlp_next,self_only,ridge,"[""FIT101""]","{""FIT101"": 0.976691814433258}",0.0716675706719414,0.9797718668181212,0.0234867875398009,0.1532539968150944,0.1071836162906816
FIT101,mlp_next,self_plus_local,ols,"[""FIT101"", ""MV101"", ""LIT101""]","{""FIT101"": 0.7353373236770177, ""LIT101"": -0.0002933967178301256, ""MV101"": 0.5640591016626707}",-0.2782786139685149,0.9831073777309944,0.0196139419616671,0.1400497838686911,0.0976554537498475
FIT101,mlp_next,self_plus_local,ridge,"[""FIT101"", ""MV101"", ""LIT101""]","{""FIT101"": 0.7363379787721814, ""LIT101"": -0.0002947597392584346, ""MV101"": 0.5610906257258576}",-0.2742151018471213,0.983104201228151,0.0196176301837452,0.1400629507890836,0.0976892441924275
FIT101,mlp_next,all51,ols,"[""FIT101"", ""LIT101"", ""MV101"", ""P101"", ""P102"", ""AIT201"", ""AIT202"", ""AIT203"", ""FIT201"", ""MV201"", ""P201"", ""P202"", ""P203"", ""P204"", ""P205"", ""P206"", ""DPIT301"", ""FIT301"", ""LIT301"", ""MV301"", ""MV302"", ""MV303"", ""MV304"", ""P301"", ""P302"", ""AIT401"", ""AIT402"", ""FIT401"", ""LIT401"", ""P401"", ""P402"", ""P403"", ""P404"", ""UV401"", ""AIT501"", ""AIT502"", ""AIT503"", ""AIT504"", ""FIT501"", ""FIT502"", ""FIT503"", ""FIT504"", ""P501"", ""P502"", ""PIT501"", ""PIT502"", ""PIT503"", ""FIT601"", ""P601"", ""P602"", ""P603""]","{""AIT201"": -0.015784935278217366, ""AIT202"": -0.9394037163980099, ""AIT203"": -0.007719606772867371, ""AIT401"": -0.24448622431527114, ""AIT402"": 0.00550519473977433, ""AIT501"": -0.13646739279857206, ""AIT502"": -0.004561687325408514, ""AIT503"": -3.813498282401184e-05, ""AIT504"": 0.02795373391494138, ""DPIT301"": 0.0029066566944939143, ""FIT101"": 0.7020926166546786, ""FIT201"": 0.02904437761576148, ""FIT301"": -0.020557902777646672, ""FIT401"": 0.31663080503468116, ""FIT501"": -0.26685906966458484, ""FIT502"": -0.009477461069368818, ""FIT503"": 1.0407155953890934, ""FIT504"": -1.9303965374080425, ""FIT601"": -0.08157156869296561, ""LIT101"": -0.000813277711033302, ""LIT301"": 7.499503774388572e-05, ""LIT401"": -0.00013494921450349362, ""MV101"": 0.5566490015930758, ""MV201"": 0.10523657770997559, ""MV301"": -0.04892406569283186, ""MV302"": -0.02998207630236951, ""MV303"": 0.03641242793043589, ""MV304"": 0.04673843453522769, ""P101"": -0.20035121015909216, ""P102"": -9.880568585529659e-13, ""P201"": 4.148070775755741e-14, ""P202"": 2.9851121574608896e-13, ""P203"": -0.026832847115086017, ""P204"": -4.481510648690623e-13, ""P205"": -0.026832847114760056, ""P206"": 3.5228764350137e-14, ""P301"": -4.773959005888173e-15, ""P302"": 0.0014063317317146579, ""P401"": -2.0816681711721685e-16, ""P402"": -3.4416913763379853e-15, ""P403"": -1.4432899320127035e-15, ""P404"": -1.5126788710517758e-15, ""P501"": 0.0, ""P502"": 0.0, ""P601"": 0.0, ""P602"": 0.16375237666940132, ""P603"": 0.0, ""PIT501"": 0.019100932744044896, ""PIT502"": 0.006304103116685902, ""PIT503"": -0.010783583262385543, ""UV401"": -5.551115123125783e-17}",48.71925701914686,0.989816648837384,0.0118238397507591,0.1087374808920968,0.074023247099529
FIT101,mlp_next,all51,ridge,"[""FIT101"", ""LIT101"", ""MV101"", ""P101"", ""P102"", ""AIT201"", ""AIT202"", ""AIT203"", ""FIT201"", ""MV201"", ""P201"", ""P202"", ""P203"", ""P204"", ""P205"", ""P206"", ""DPIT301"", ""FIT301"", ""LIT301"", ""MV301"", ""MV302"", ""MV303"", ""MV304"", ""P301"", ""P302"", ""AIT401"", ""AIT402"", ""FIT401"", ""LIT401"", ""P401"", ""P402"", ""P403"", ""P404"", ""UV401"", ""AIT501"", ""AIT502"", ""AIT503"", ""AIT504"", ""FIT501"", ""FIT502"", ""FIT503"", ""FIT504"", ""P501"", ""P502"", ""PIT501"", ""PIT502"", ""PIT503"", ""FIT601"", ""P601"", ""P602"", ""P603""]","{""AIT201"": -0.012086536706370554, ""AIT202"": -0.1343360318240669, ""AIT203"": -0.002908087972967189, ""AIT401"": -0.016883298393652102, ""AIT402"": 0.0022099736883072992, ""AIT501"": -0.029510857386799403, ""AIT502"": -0.00400732052063103, ""AIT503"": 0.00012792374289760818, ""AIT504"": 0.03627734302212067, ""DPIT301"": 0.0023460622231443696, ""FIT101"": 0.7040015121777348, ""FIT201"": 0.017608220657484998, ""FIT301"": -0.016183911705138714, ""FIT401"": 0.03831496564166184, ""FIT501"": 0.028225359568642774, ""FIT502"": 0.004562419547649661, ""FIT503"": 0.002397717940161888, ""FIT504"": -0.015379802501628022, ""FIT601"": -0.07043304092108763, ""LIT101"": -0.000857116415614238, ""LIT301"": 0.00010649322008587468, ""LIT401"": -9.880806386704316e-05, ""MV101"": 0.5545795364811579, ""MV201"": 0.09168406227630348, ""MV301"": -0.03856894845346363, ""MV302"": -0.027344665652960808, ""MV303"": 0.03515829208337813, ""MV304"": 0.047295574289118174, ""P101"": -0.17849354964935607, ""P102"": 0.0, ""P201"": 0.0, ""P202"": 0.0, ""P203"": -0.01971313219032494, ""P204"": 0.0, ""P205"": -0.01971313219031718, ""P206"": 0.0, ""P301"": 0.0, ""P302"": -0.0012274678057332068, ""P401"": 0.0, ""P402"": 0.0, ""P403"": 0.0, ""P404"": 0.0, ""P501"": 0.0, ""P502"": 0.0, ""P601"": 0.0, ""P602"": 0.13745401164998627, ""P603"": 0.0, ""PIT501"": 0.017767698508990272, ""PIT502"": 0.01607117485346972, ""PIT503"": -0.009864011791048483, ""UV401"": 0.0}",5.232075860927248,0.9900169990998252,0.0115912140306694,0.1076625005778218,0.0743565604903794
LIT101,mlp_next,local_support,ols,"[""LIT101"", ""FIT101"", ""FIT201"", ""MV101"", ""P101""]","{""FIT101"": -1.6796395597502793, ""FIT201"": -2.0928236748005022, ""LIT101"": 0.967786256979605, ""MV101"": 2.983250084322637, ""P101"": -3.730170605207495}",26.58820391345193,0.9959404456260862,47.9283322690666,6.923029125250492,5.598691206640857
LIT101,mlp_next,local_support,ridge,"[""LIT101"", ""FIT101"", ""FIT201"", ""MV101"", ""P101""]","{""FIT101"": -1.6645661233658757, ""FIT201"": -2.1333875788364725, ""LIT101"": 0.967790741823067, ""MV101"": 2.9461411646739935, ""P101"": -3.6286137645863614}",26.51800969143801,0.9959416066308536,47.914625094056994,6.922039084984784,5.5984170240457765
LIT101,mlp_next,self_only,ols,"[""LIT101""]","{""LIT101"": 0.9954986804688016}",1.8521212637701865,0.995386325654072,54.47044100550253,7.380409270867201,6.102936475711733
LIT101,mlp_next,self_only,ridge,"[""LIT101""]","{""LIT101"": 0.9954986703248477}",1.852127262793374,0.9953863261806436,54.47043478864141,7.3804088496939935,6.102936196027835
LIT101,mlp_next,self_plus_local,ols,"[""LIT101"", ""FIT101"", ""FIT201"", ""MV101"", ""P101""]","{""FIT101"": -1.6796395597502793, ""FIT201"": -2.0928236748005022, ""LIT101"": 0.967786256979605, ""MV101"": 2.983250084322637, ""P101"": -3.730170605207495}",26.58820391345193,0.9959404456260862,47.9283322690666,6.923029125250492,5.598691206640857
LIT101,mlp_next,self_plus_local,ridge,"[""LIT101"", ""FIT101"", ""FIT201"", ""MV101"", ""P101""]","{""FIT101"": -1.6645661233658757, ""FIT201"": -2.1333875788364725, ""LIT101"": 0.967790741823067, ""MV101"": 2.9461411646739935, ""P101"": -3.6286137645863614}",26.51800969143801,0.9959416066308536,47.914625094056994,6.922039084984784,5.5984170240457765
LIT101,mlp_next,all51,ols,"[""FIT101"", ""LIT101"", ""MV101"", ""P101"", ""P102"", ""AIT201"", ""AIT202"", ""AIT203"", ""FIT201"", ""MV201"", ""P201"", ""P202"", ""P203"", ""P204"", ""P205"", ""P206"", ""DPIT301"", ""FIT301"", ""LIT301"", ""MV301"", ""MV302"", ""MV303"", ""MV304"", ""P301"", ""P302"", ""AIT401"", ""AIT402"", ""FIT401"", ""LIT401"", ""P401"", ""P402"", ""P403"", ""P404"", ""UV401"", ""AIT501"", ""AIT502"", ""AIT503"", ""AIT504"", ""FIT501"", ""FIT502"", ""FIT503"", ""FIT504"", ""P501"", ""P502"", ""PIT501"", ""PIT502"", ""PIT503"", ""FIT601"", ""P601"", ""P602"", ""P603""]","{""AIT201"": -0.14522856788495275, ""AIT202"": 15.077327817133204, ""AIT203"": 0.21600740068401064, ""AIT401"": 1.5320671279942055, ""AIT402"": 0.4871816738237362, ""AIT501"": 29.71424375611861, ""AIT502"": -0.6123839782375786, ""AIT503"": -0.15241824700766315, ""AIT504"": -0.4526430446862848, ""DPIT301"": 0.0554374483311042, ""FIT101"": -1.040393563571369, ""FIT201"": -4.7746747526960815, ""FIT301"": -3.880023798378043, ""FIT401"": 18.830735288016026, ""FIT501"": 21.10637160507303, ""FIT502"": 32.70307173852563, ""FIT503"": 83.15311981412717, ""FIT504"": 131.87043773250878, ""FIT601"": -5.804717483987833, ""LIT101"": 0.9694312427117135, ""LIT301"": -0.026883796684064265, ""LIT401"": 0.006719938172548012, ""MV101"": 3.6820864168736605, ""MV201"": 8.147226754358712, ""MV301"": -10.69748817316332, ""MV302"": 0.8611440174028739, ""MV303"": -7.3295908894368935, ""MV304"": -0.7582634651025023, ""P101"": -15.558147993324877, ""P102"": 1.5000889419525265e-11, ""P201"": 5.325573315673182e-12, ""P202"": 1.4151346761082095e-11, ""P203"": 4.095236251642799, ""P204"": -3.375077994860476e-13, ""P205"": 4.0952362516461225, ""P206"": -1.445121800003335e-12, ""P301"": -5.861977570020827e-14, ""P302"": 3.2941626935263892, ""P401"": 2.842170943040401e-14, ""P402"": -4.263256414560601e-14, ""P403"": 2.4868995751603507e-14, ""P404"": -4.973799150320701e-14, ""P501"": 0.0, ""P502"": 0.0, ""P601"": 0.0, ""P602"": 21.764840897032407, ""P603"": 0.0, ""PIT501"": 0.5776047291354613, ""PIT502"": -8.649313187883454, ""PIT503"": -0.6903568318957856, ""UV401"": 1.4210854715202004e-14}",-745.0196207988013,0.9959168316601956,48.20712592451358,6.943135165363957,5.500321735488695
LIT101,mlp_next,all51,ridge,"[""FIT101"", ""LIT101"", ""MV101"", ""P101"", ""P102"", ""AIT201"", ""AIT202"", ""AIT203"", ""FIT201"", ""MV201"", ""P201"", ""P202"", ""P203"", ""P204"", ""P205"", ""P206"", ""DPIT301"", ""FIT301"", ""LIT301"", ""MV301"", ""MV302"", ""MV303"", ""MV304"", ""P301"", ""P302"", ""AIT401"", ""AIT402"", ""FIT401"", ""LIT401"", ""P401"", ""P402"", ""P403"", ""P404"", ""UV401"", ""AIT501"", ""AIT502"", ""AIT503"", ""AIT504"", ""FIT501"", ""FIT502"", ""FIT503"", ""FIT504"", ""P501"", ""P502"", ""PIT501"", ""PIT502"", ""PIT503"", ""FIT601"", ""P601"", ""P602"", ""P603""]","{""AIT201"": -0.1564512287900942, ""AIT202"": 2.2874322634762954, ""AIT203"": 0.10788024150552038, ""AIT401"": 0.13717267787004223, ""AIT402"": 0.5215239662569658, ""AIT501"": 3.0313973107371046, ""AIT502"": -0.7310761001278908, ""AIT503"": -0.16194071930880502, ""AIT504"": -0.35170618643598933, ""DPIT301"": 0.035932747307116535, ""FIT101"": -1.0341442517756305, ""FIT201"": -4.687947907682213, ""FIT301"": -3.714008576001164, ""FIT401"": 0.6609101987065261, ""FIT501"": 0.4737153219318982, ""FIT502"": 19.853319273864532, ""FIT503"": 0.6155160837438214, ""FIT504"": 0.6066925204416492, ""FIT601"": -4.332150333452599, ""LIT101"": 0.9698268755881078, ""LIT301"": -0.02779784087846182, ""LIT401"": 0.007196479769028172, ""MV101"": 3.6103061771732214, ""MV201"": 7.419956169601293, ""MV301"": -9.047524903308554, ""MV302"": 1.0089523854452207, ""MV303"": -7.4415937672866725, ""MV304"": -0.7559053082313979, ""P101"": -14.167113596737902, ""P102"": 0.0, ""P201"": 0.0, ""P202"": 0.0, ""P203"": 3.9283090588212994, ""P204"": 0.0, ""P205"": 3.9283090588269296, ""P206"": 0.0, ""P301"": 0.0, ""P302"": 2.9957351142253454, ""P401"": 0.0, ""P402"": 0.0, ""P403"": 0.0, ""P404"": 0.0, ""P501"": 0.0, ""P502"": 0.0, ""P601"": 0.0, ""P602"": 17.660195678551933, ""P603"": 0.0, ""PIT501"": 0.5400437268776711, ""PIT502"": -8.127346798435497, ""PIT503"": -0.5149975393822563, ""UV401"": 0.0}",-5.695707555074364,0.9960622287673254,46.49052350473814,6.818395962742128,5.458119473301668
AIT201,mlp_next,self_only,ols,"[""AIT201""]","{""AIT201"": 0.9155538394199056}",22.533168098282744,-0.798586471721545,0.2300362332272688,0.479620926594398,0.4060891923919605
AIT201,mlp_next,self_only,ridge,"[""AIT201""]","{""AIT201"": 0.9155139746524176}",22.543724271327505,-0.7982822729080643,0.2299973267024475,0.4795803652178095,0.4060601674153799
AIT201,mlp_next,self_plus_local,ols,"[""AIT201""]","{""AIT201"": 0.9155538394199056}",22.533168098282744,-0.798586471721545,0.2300362332272688,0.479620926594398,0.4060891923919605
AIT201,mlp_next,self_plus_local,ridge,"[""AIT201""]","{""AIT201"": 0.9155139746524176}",22.543724271327505,-0.7982822729080643,0.2299973267024475,0.4795803652178095,0.4060601674153799
AIT201,mlp_next,all51,ols,"[""FIT101"", ""LIT101"", ""MV101"", ""P101"", ""P102"", ""AIT201"", ""AIT202"", ""AIT203"", ""FIT201"", ""MV201"", ""P201"", ""P202"", ""P203"", ""P204"", ""P205"", ""P206"", ""DPIT301"", ""FIT301"", ""LIT301"", ""MV301"", ""MV302"", ""MV303"", ""MV304"", ""P301"", ""P302"", ""AIT401"", ""AIT402"", ""FIT401"", ""LIT401"", ""P401"", ""P402"", ""P403"", ""P404"", ""UV401"", ""AIT501"", ""AIT502"", ""AIT503"", ""AIT504"", ""FIT501"", ""FIT502"", ""FIT503"", ""FIT504"", ""P501"", ""P502"", ""PIT501"", ""PIT502"", ""PIT503"", ""FIT601"", ""P601"", ""P602"", ""P603""]","{""AIT201"": 0.8699587667269677, ""AIT202"": -5.439957689342593, ""AIT203"": -0.007742175126664752, ""AIT401"": -1.1953628924693984, ""AIT402"": 0.042949933413418684, ""AIT501"": 8.160423822308546, ""AIT502"": -0.11062194156265981, ""AIT503"": -0.0010069250424562526, ""AIT504"": -0.07863598670991045, ""DPIT301"": -0.008392721491637278, ""FIT101"": 0.04697280276757071, ""FIT201"": -0.2213959432050252, ""FIT301"": -0.04821348650330509, ""FIT401"": -2.6982277366569827, ""FIT501"": -2.4907279812900995, ""FIT502"": -0.453725229933353, ""FIT503"": -4.548157695011804, ""FIT504"": -27.94734645092821, ""FIT601"": 0.20148712322056714, ""LIT101"": -0.0006312791772872526, ""LIT301"": 0.0011766412788634106, ""LIT401"": 0.0005291694715263695, ""MV101"": -0.19214756323285936, ""MV201"": -0.5082711640729694, ""MV301"": -0.3544509419354072, ""MV302"": -0.022356764518706745, ""MV303"": 0.12700639410143222, ""MV304"": -0.14697329399193085, ""P101"": -0.03672899686753858, ""P102"": -1.0025844737748812e-11, ""P201"": -4.2424397328488794e-13, ""P202"": -1.7690363063316283e-13, ""P203"": 0.3581845505923559, ""P204"": -5.158096172408477e-13, ""P205"": 0.35818455059231946, ""P206"": 6.373790384373024e-13, ""P301"": -2.2870594307278225e-14, ""P302"": 0.4871198882937583, ""P401"": 3.552713678800501e-15, ""P402"": -1.7763568394002505e-14, ""P403"": -5.329070518200751e-15, ""P404"": -7.993605777301127e-15, ""P501"": 0.0, ""P502"": 0.0, ""P601"": 0.0, ""P602"": 0.9711719791475221, ""P603"": 0.0, ""PIT501"": -0.004943628629914265, ""PIT502"": -0.03671530787267177, ""PIT503"": 0.05026633841132644, ""UV401"": -8.881784197001252e-16}",218.06528426299676,-0.3246272522146072,0.1694176334140752,0.4116037334792716,0.3612122226691817
AIT201,mlp_next,all51,ridge,"[""FIT101"", ""LIT101"", ""MV101"", ""P101"", ""P102"", ""AIT201"", ""AIT202"", ""AIT203"", ""FIT201"", ""MV201"", ""P201"", ""P202"", ""P203"", ""P204"", ""P205"", ""P206"", ""DPIT301"", ""FIT301"", ""LIT301"", ""MV301"", ""MV302"", ""MV303"", ""MV304"", ""P301"", ""P302"", ""AIT401"", ""AIT402"", ""FIT401"", ""LIT401"", ""P401"", ""P402"", ""P403"", ""P404"", ""UV401"", ""AIT501"", ""AIT502"", ""AIT503"", ""AIT504"", ""FIT501"", ""FIT502"", ""FIT503"", ""FIT504"", ""P501"", ""P502"", ""PIT501"", ""PIT502"", ""PIT503"", ""FIT601"", ""P601"", ""P602"", ""P603""]","{""AIT201"": 0.908149068371431, ""AIT202"": -0.6302919480700129, ""AIT203"": 0.010727108540240083, ""AIT401"": -0.07240623628246669, ""AIT402"": 0.038700437987274315, ""AIT501"": 0.6858460477959857, ""AIT502"": -0.15126586566829675, ""AIT503"": -0.0005155401955870254, ""AIT504"": -0.026550218546798347, ""DPIT301"": -0.013271972705458157, ""FIT101"": 0.053484096140419976, ""FIT201"": -0.16848575408288516, ""FIT301"": -0.016087059160824275, ""FIT401"": 0.06310822225582308, ""FIT501"": 0.07891082080926809, ""FIT502"": -0.20642997217549244, ""FIT503"": -0.056893301342540954, ""FIT504"": -0.15747647122816028, ""FIT601"": 0.2563065878065985, ""LIT101"": -0.0009201834779222344, ""LIT301"": 0.001231653841366998, ""LIT401"": 0.0009681450600272077, ""MV101"": -0.1883795720774542, ""MV201"": -0.48664997238956287, ""MV301"": -0.28506791495648665, ""MV302"": -0.0012773792407868966, ""MV303"": 0.11886522338007108, ""MV304"": -0.1388273898721689, ""P101"": -0.04256782677710042, ""P102"": 0.0, ""P201"": 0.0, ""P202"": 0.0, ""P203"": 0.32928954944755673, ""P204"": 0.0, ""P205"": 0.329289549447504, ""P206"": 0.0, ""P301"": 0.0, ""P302"": 0.4682208982420353, ""P401"": 0.0, ""P402"": 0.0, ""P403"": 0.0, ""P404"": 0.0, ""P501"": 0.0, ""P502"": 0.0, ""P601"": 0.0, ""P602"": 0.8101999160124558, ""P603"": 0.0, ""PIT501"": 0.0045927101717414525, ""PIT502"": 0.001645798139704238, ""PIT503"": 0.061121136433483866, ""UV401"": 0.0}",33.22651582736847,-0.7142170090908815,0.2192455185810111,0.4682366053407307,0.4080443391790639
AIT202,mlp_next,self_only,ols,"[""AIT202""]","{""AIT202"": 0.940647047439703}",0.4938392301769987,0.8998681420448325,0.0001200984740037,0.0109589449311405,0.0088103509343833
AIT202,mlp_next,self_only,ridge,"[""AIT202""]","{""AIT202"": 0.8382153416978521}",1.3524920460317027,0.8565904398224616,0.0001720058898995,0.013115101596997,0.0105093501738887
AIT202,mlp_next,self_plus_local,ols,"[""AIT202""]","{""AIT202"": 0.940647047439703}",0.4938392301769987,0.8998681420448325,0.0001200984740037,0.0109589449311405,0.0088103509343833
AIT202,mlp_next,self_plus_local,ridge,"[""AIT202""]","{""AIT202"": 0.8382153416978521}",1.3524920460317027,0.8565904398224616,0.0001720058898995,0.013115101596997,0.0105093501738887
AIT202,mlp_next,all51,ols,"[""FIT101"", ""LIT101"", ""MV101"", ""P101"", ""P102"", ""AIT201"", ""AIT202"", ""AIT203"", ""FIT201"", ""MV201"", ""P201"", ""P202"", ""P203"", ""P204"", ""P205"", ""P206"", ""DPIT301"", ""FIT301"", ""LIT301"", ""MV301"", ""MV302"", ""MV303"", ""MV304"", ""P301"", ""P302"", ""AIT401"", ""AIT402"", ""FIT401"", ""LIT401"", ""P401"", ""P402"", ""P403"", ""P404"", ""UV401"", ""AIT501"", ""AIT502"", ""AIT503"", ""AIT504"", ""FIT501"", ""FIT502"", ""FIT503"", ""FIT504"", ""P501"", ""P502"", ""PIT501"", ""PIT502"", ""PIT503"", ""FIT601"", ""P601"", ""P602"", ""P603""]","{""AIT201"": 0.0002214934780472087, ""AIT202"": 0.7014726738429041, ""AIT203"": -4.699978952211418e-05, ""AIT401"": 0.03343425963977556, ""AIT402"": 0.0004896734372974512, ""AIT501"": 0.05466011898043436, ""AIT502"": -0.0001963984472339031, ""AIT503"": -0.00036465592250556345, ""AIT504"": 0.00010672644100287454, ""DPIT301"": -0.00036979950693899477, ""FIT101"": 0.0010894259489113282, ""FIT201"": -0.005318007882319886, ""FIT301"": 0.0038788174867794775, ""FIT401"": -0.0687576713029946, ""FIT501"": -0.11457943299438916, ""FIT502"": 0.01083072732851419, ""FIT503"": 0.13107282278514415, ""FIT504"": -0.2619619046715254, ""FIT601"": 0.006075913563569287, ""LIT101"": -3.957580669773444e-06, ""LIT301"": 1.4718533997704064e-06, ""LIT401"": 2.645674108690821e-05, ""MV101"": -0.006016306727017297, ""MV201"": -0.0011636033558156695, ""MV301"": 0.005257389753861027, ""MV302"": 0.00025967497155217345, ""MV303"": -0.00036438704755350354, ""MV304"": -0.001379477205958443, ""P101"": -0.030021170006313446, ""P102"": 7.450648171342111e-13, ""P201"": -5.966321187100831e-14, ""P202"": -4.154575988790654e-13, ""P203"": 0.012741532274876765, ""P204"": 2.8552160635797463e-13, ""P205"": 0.012741532274618014, ""P206"": -1.53405066427581e-13, ""P301"": 4.718447854656915e-16, ""P302"": -0.0025808000282838105, ""P401"": 0.0, ""P402"": -4.996003610813204e-16, ""P403"": -1.6317242695906842e-16, ""P404"": -2.0122792321330962e-16, ""P501"": 0.0, ""P502"": 0.0, ""P601"": 0.0, ""P602"": -0.020953473356366402, ""P603"": 0.0, ""PIT501"": 0.0008087645188124548, ""PIT502"": 0.00753753004301012, ""PIT503"": -0.0005694825642644508, ""UV401"": -1.214306433183765e-17}",-2.691782727545684,0.915297186220666,0.0001015928285608,0.0100793267910559,0.0076068655786026
AIT202,mlp_next,all51,ridge,"[""FIT101"", ""LIT101"", ""MV101"", ""P101"", ""P102"", ""AIT201"", ""AIT202"", ""AIT203"", ""FIT201"", ""MV201"", ""P201"", ""P202"", ""P203"", ""P204"", ""P205"", ""P206"", ""DPIT301"", ""FIT301"", ""LIT301"", ""MV301"", ""MV302"", ""MV303"", ""MV304"", ""P301"", ""P302"", ""AIT401"", ""AIT402"", ""FIT401"", ""LIT401"", ""P401"", ""P402"", ""P403"", ""P404"", ""UV401"", ""AIT501"", ""AIT502"", ""AIT503"", ""AIT504"", ""FIT501"", ""FIT502"", ""FIT503"", ""FIT504"", ""P501"", ""P502"", ""PIT501"", ""PIT502"", ""PIT503"", ""FIT601"", ""P601"", ""P602"", ""P603""]","{""AIT201"": -0.002669690965614892, ""AIT202"": 0.09788322120640387, ""AIT203"": -0.0035478056958372296, ""AIT401"": 0.0018132872953991038, ""AIT402"": 0.0029569900753442834, ""AIT501"": 0.016785113944109205, ""AIT502"": -0.0006659875398475002, ""AIT503"": -0.0005055804352113954, ""AIT504"": -0.006178504288010556, ""DPIT301"": -6.973995709731021e-05, ""FIT101"": 0.0001884126170146572, ""FIT201"": -0.0028520450796800123, ""FIT301"": 0.001633718149299374, ""FIT401"": -0.023107040478062824, ""FIT501"": -0.02319162170788089, ""FIT502"": -0.0020906713564722095, ""FIT503"": 0.004526541766546101, ""FIT504"": 0.003115174038340751, ""FIT601"": 0.004818008261653139, ""LIT101"": 2.6807510728029952e-05, ""LIT301"": -1.8431733428148997e-05, ""LIT401"": 8.82632148916226e-07, ""MV101"": -0.006474107388417086, ""MV201"": -0.0011178500351955898, ""MV301"": 0.004648945704726049, ""MV302"": -0.000739874198503605, ""MV303"": -0.0003962109387484503, ""MV304"": -0.00161522638778158, ""P101"": -0.029425025783986827, ""P102"": 0.0, ""P201"": 0.0, ""P202"": 0.0, ""P203"": 0.010980161234490915, ""P204"": 0.0, ""P205"": 0.010980161234494617, ""P206"": 0.0, ""P301"": 0.0, ""P302"": -0.0019853932885035537, ""P401"": 0.0, ""P402"": 0.0, ""P403"": 0.0, ""P404"": 0.0, ""P501"": 0.0, ""P502"": 0.0, ""P601"": 0.0, ""P602"": -0.018881185482044503, ""P603"": 0.0, ""PIT501"": 0.002255617173292043, ""PIT502"": -7.642328834738839e-05, ""PIT503"": -0.0007076714594574608, ""UV401"": 0.0}",8.568488785937129,0.8410770459270778,0.0001906127046686,0.0138062559975044,0.0106886364536633
AIT203,mlp_next,self_only,ols,"[""AIT203""]","{""AIT203"": 0.9793596715225868}",7.073115455717243,0.8163455371871582,4.595226097917906,2.143647848392526,1.505597885958867
AIT203,mlp_next,self_only,ridge,"[""AIT203""]","{""AIT203"": 0.9793552558564101}",7.074560722328499,0.8163467819009033,4.595194953882537,2.143640584119114,1.505589519136389
AIT203,mlp_next,self_plus_local,ols,"[""AIT203""]","{""AIT203"": 0.9793596715225868}",7.073115455717243,0.8163455371871582,4.595226097917906,2.143647848392526,1.505597885958867
AIT203,mlp_next,self_plus_local,ridge,"[""AIT203""]","{""AIT203"": 0.9793552558564101}",7.074560722328499,0.8163467819009033,4.595194953882537,2.143640584119114,1.505589519136389
AIT203,mlp_next,all51,ols,"[""FIT101"", ""LIT101"", ""MV101"", ""P101"", ""P102"", ""AIT201"", ""AIT202"", ""AIT203"", ""FIT201"", ""MV201"", ""P201"", ""P202"", ""P203"", ""P204"", ""P205"", ""P206"", ""DPIT301"", ""FIT301"", ""LIT301"", ""MV301"", ""MV302"", ""MV303"", ""MV304"", ""P301"", ""P302"", ""AIT401"", ""AIT402"", ""FIT401"", ""LIT401"", ""P401"", ""P402"", ""P403"", ""P404"", ""UV401"", ""AIT501"", ""AIT502"", ""AIT503"", ""AIT504"", ""FIT501"", ""FIT502"", ""FIT503"", ""FIT504"", ""P501"", ""P502"", ""PIT501"", ""PIT502"", ""PIT503"", ""FIT601"", ""P601"", ""P602"", ""P603""]","{""AIT201"": -0.0008695483816406058, ""AIT202"": 38.530594064557945, ""AIT203"": 0.47860426149629975, ""AIT401"": 20.85225532540679, ""AIT402"": -0.16299801539140657, ""AIT501"": -74.7742824087836, ""AIT502"": 0.2726392320261626, ""AIT503"": 0.19632674082659207, ""AIT504"": 0.35481583676198003, ""DPIT301"": -0.13677767507254757, ""FIT101"": 0.023872695568747056, ""FIT201"": 0.8843428673002448, ""FIT301"": 1.7116818409238905, ""FIT401"": -6.670945840062087, ""FIT501"": -0.2626625464009369, ""FIT502"": -0.14289601482328612, ""FIT503"": -13.907468172946508, ""FIT504"": 43.23444838028003, ""FIT601"": 1.1709295044907835, ""LIT101"": -0.002829927711158112, ""LIT301"": -0.003736942555402578, ""LIT401"": -0.004921099001398588, ""MV101"": -0.3032312954012163, ""MV201"": -2.61229324731082, ""MV301"": 8.066720748304629, ""MV302"": -0.5910745145027068, ""MV303"": 0.22897655856188992, ""MV304"": -0.8309059111623658, ""P101"": 8.93487200557897, ""P102"": 4.338363002176493e-11, ""P201"": -2.7716579031888955e-12, ""P202"": -1.7220003201146028e-11, ""P203"": 0.02107533909454451, ""P204"": 1.6789680756801317e-11, ""P205"": 0.02107533908249737, ""P206"": -5.457245766393726e-12, ""P301"": 1.0302869668521453e-13, ""P302"": -1.02801249082533, ""P401"": -4.973799150320701e-14, ""P402"": 8.526512829121202e-14, ""P403"": 1.4210854715202004e-14, ""P404"": 2.353672812205332e-14, ""P501"": 0.0, ""P502"": 0.0, ""P601"": 0.0, ""P602"": -15.663352753733408, ""P603"": 0.0, ""PIT501"": 0.1721431429042113, ""PIT502"": -3.9558339858030322, ""PIT503"": -0.15313009173231507, ""UV401"": 0.0}",-2729.005770693014,0.8603466294650327,3.4942729031227704,1.8692974357021863,1.2972050950048395
AIT203,mlp_next,all51,ridge,"[""FIT101"", ""LIT101"", ""MV101"", ""P101"", ""P102"", ""AIT201"", ""AIT202"", ""AIT203"", ""FIT201"", ""MV201"", ""P201"", ""P202"", ""P203"", ""P204"", ""P205"", ""P206"", ""DPIT301"", ""FIT301"", ""LIT301"", ""MV301"", ""MV302"", ""MV303"", ""MV304"", ""P301"", ""P302"", ""AIT401"", ""AIT402"", ""FIT401"", ""LIT401"", ""P401"", ""P402"", ""P403"", ""P404"", ""UV401"", ""AIT501"", ""AIT502"", ""AIT503"", ""AIT504"", ""FIT501"", ""FIT502"", ""FIT503"", ""FIT504"", ""P501"", ""P502"", ""PIT501"", ""PIT502"", ""PIT503"", ""FIT601"", ""P601"", ""P602"", ""P603""]","{""AIT201"": -0.31260087615644394, ""AIT202"": 4.291024654623774, ""AIT203"": 0.3686941747768303, ""AIT401"": 1.332609490445866, ""AIT402"": -0.11519233808345034, ""AIT501"": -6.363989988128165, ""AIT502"": 0.6312354659573456, ""AIT503"": 0.19882918181663936, ""AIT504"": -0.15436262169863493, ""DPIT301"": -0.09089796399149651, ""FIT101"": -0.025752098880425553, ""FIT201"": 0.7925880295139516, ""FIT301"": 1.440644398983391, ""FIT401"": -1.4337281915608804, ""FIT501"": -1.2370881527790578, ""FIT502"": -0.8375093570785114, ""FIT503"": 0.10438827287999014, ""FIT504"": 0.4624062253861504, ""FIT601"": 0.19720842281021583, ""LIT101"": -0.0006975595958467123, ""LIT301"": -0.003857680019822393, ""LIT401"": -0.008841005384145428, ""MV101"": -0.32208140142106695, ""MV201"": -2.036833985772162, ""MV301"": 6.877309179921376, ""MV302"": -0.7569349011874766, ""MV303"": 0.29370599451460916, ""MV304"": -0.8328602436174024, ""P101"": 8.051999693026568, ""P102"": 0.0, ""P201"": 0.0, ""P202"": 0.0, ""P203"": -0.17861134451809338, ""P204"": 0.0, ""P205"": -0.17861134451688937, ""P206"": 0.0, ""P301"": 0.0, ""P302"": -0.91317574578729, ""P401"": 0.0, ""P402"": 0.0, ""P403"": 0.0, ""P404"": 0.0, ""P501"": 0.0, ""P502"": 0.0, ""P601"": 0.0, ""P602"": -12.80504762638848, ""P603"": 0.0, ""PIT501"": 0.15376161244114736, ""PIT502"": -4.085358010767042, ""PIT503"": -0.3266156667147291, ""UV401"": 0.0}",23.39030118130586,0.8395466347198249,4.014710453214533,2.003674238296868,1.484601258149193
FIT201,mlp_next,local_support,ols,"[""FIT201"", ""P101"", ""P102"", ""LIT101""]","{""FIT201"": 0.20187978909441714, ""LIT101"": 0.0002039775798630795, ""P101"": 1.998181186977802, ""P102"": 0.0}",-2.167867277528269,0.996732529661702,0.0033217934106066,0.0576350016101902,0.0407339152217311
FIT201,mlp_next,local_support,ridge,"[""FIT201"", ""P101"", ""P102"", ""LIT101""]","{""FIT201"": 0.22976788631220998, ""LIT101"": 0.00020523897896543931, ""P101"": 1.9298171132724007, ""P102"": 0.0}",-2.100020144779962,0.9966685838171828,0.0033868023817576,0.0581962402716677,0.0410223639160159
FIT201,mlp_next,self_only,ols,"[""FIT201""]","{""FIT201"": 0.999407788414319}",-0.0101206079899685,0.9812048604155212,0.0191076167062243,0.1382303031401737,0.0544195373549806
FIT201,mlp_next,self_only,ridge,"[""FIT201""]","{""FIT201"": 0.9992934105466769}",-0.0099110823091201,0.9812062032410164,0.0191062515556889,0.1382253650951552,0.0544531792019286
FIT201,mlp_next,self_plus_local,ols,"[""FIT201"", ""P101"", ""P102"", ""LIT101""]","{""FIT201"": 0.20187978909441714, ""LIT101"": 0.0002039775798630795, ""P101"": 1.998181186977802, ""P102"": 0.0}",-2.167867277528269,0.996732529661702,0.0033217934106066,0.0576350016101902,0.0407339152217311
FIT201,mlp_next,self_plus_local,ridge,"[""FIT201"", ""P101"", ""P102"", ""LIT101""]","{""FIT201"": 0.22976788631220998, ""LIT101"": 0.00020523897896543931, ""P101"": 1.9298171132724007, ""P102"": 0.0}",-2.100020144779962,0.9966685838171828,0.0033868023817576,0.0581962402716677,0.0410223639160159
FIT201,mlp_next,all51,ols,"[""FIT101"", ""LIT101"", ""MV101"", ""P101"", ""P102"", ""AIT201"", ""AIT202"", ""AIT203"", ""FIT201"", ""MV201"", ""P201"", ""P202"", ""P203"", ""P204"", ""P205"", ""P206"", ""DPIT301"", ""FIT301"", ""LIT301"", ""MV301"", ""MV302"", ""MV303"", ""MV304"", ""P301"", ""P302"", ""AIT401"", ""AIT402"", ""FIT401"", ""LIT401"", ""P401"", ""P402"", ""P403"", ""P404"", ""UV401"", ""AIT501"", ""AIT502"", ""AIT503"", ""AIT504"", ""FIT501"", ""FIT502"", ""FIT503"", ""FIT504"", ""P501"", ""P502"", ""PIT501"", ""PIT502"", ""PIT503"", ""FIT601"", ""P601"", ""P602"", ""P603""]","{""AIT201"": -0.009834465129772582, ""AIT202"": -0.793230502720183, ""AIT203"": -0.00498680104723051, ""AIT401"": -0.07428258841415418, ""AIT402"": -0.003681670960003991, ""AIT501"": 0.740141498900493, ""AIT502"": 0.003354903884086713, ""AIT503"": -0.0011730795672463268, ""AIT504"": 0.03335037287426465, ""DPIT301"": 0.003102827734593583, ""FIT101"": -0.00396760195868314, ""FIT201"": 0.09594962371779278, ""FIT301"": 0.016885161688752294, ""FIT401"": -0.005143039775690196, ""FIT501"": 0.27516744065819926, ""FIT502"": 0.18033692665265397, ""FIT503"": -0.2243354656223884, ""FIT504"": 0.007057881483173149, ""FIT601"": 0.010712796308199825, ""LIT101"": 0.00011177911211658013, ""LIT301"": -3.966684934339493e-05, ""LIT401"": 2.22731786914121e-05, ""MV101"": -0.014179560182019484, ""MV201"": -0.09205659230734879, ""MV301"": 0.006631947034993779, ""MV302"": -0.023383247888196207, ""MV303"": -0.0025701917068159455, ""MV304"": 0.013088259533176315, ""P101"": 1.9693414978665713, ""P102"": -2.9032609649704e-12, ""P201"": 1.4710455076283324e-14, ""P202"": 4.0839553960836383e-13, ""P203"": 0.16958045284935752, ""P204"": -2.2171153801764376e-13, ""P205"": 0.16958045284940704, ""P206"": 1.3666845433135677e-13, ""P301"": -2.498001805406602e-16, ""P302"": -0.005239889963431808, ""P401"": 4.440892098500626e-16, ""P402"": 1.6653345369377348e-16, ""P403"": -1.1102230246251565e-16, ""P404"": 1.5959455978986625e-16, ""P501"": 0.0, ""P502"": 0.0, ""P601"": 0.0, ""P602"": 0.014558324722945722, ""P603"": 0.0, ""PIT501"": 0.004212341999456692, ""PIT502"": 0.005804583009174854, ""PIT503"": 0.006625699140476393, ""UV401"": 0.0}",10.932769663281531,0.998187970253782,0.0018421555049051,0.0429203390585998,0.026755310559645
FIT201,mlp_next,all51,ridge,"[""FIT101"", ""LIT101"", ""MV101"", ""P101"", ""P102"", ""AIT201"", ""AIT202"", ""AIT203"", ""FIT201"", ""MV201"", ""P201"", ""P202"", ""P203"", ""P204"", ""P205"", ""P206"", ""DPIT301"", ""FIT301"", ""LIT301"", ""MV301"", ""MV302"", ""MV303"", ""MV304"", ""P301"", ""P302"", ""AIT401"", ""AIT402"", ""FIT401"", ""LIT401"", ""P401"", ""P402"", ""P403"", ""P404"", ""UV401"", ""AIT501"", ""AIT502"", ""AIT503"", ""AIT504"", ""FIT501"", ""FIT502"", ""FIT503"", ""FIT504"", ""P501"", ""P502"", ""PIT501"", ""PIT502"", ""PIT503"", ""FIT601"", ""P601"", ""P602"", ""P603""]","{""AIT201"": -0.004901661843852818, ""AIT202"": -0.10781398840517446, ""AIT203"": -0.0022219890913672243, ""AIT401"": -0.0028090308351258176, ""AIT402"": -0.006886086164227327, ""AIT501"": 0.05939390809156167, ""AIT502"": 0.0016281585699331287, ""AIT503"": -0.001054145196846731, ""AIT504"": 0.04415733331475427, ""DPIT301"": 0.0025675639486661657, ""FIT101"": -0.0014612892030508844, ""FIT201"": 0.14243614099079954, ""FIT301"": 0.020458883034462114, ""FIT401"": 0.030369731330097058, ""FIT501"": 0.0316918518927391, ""FIT502"": 0.1260666590032887, ""FIT503"": -0.006449015606063037, ""FIT504"": -0.005690392381803597, ""FIT601"": 0.010119552332345651, ""LIT101"": 7.228506830138669e-05, ""LIT301"": -5.302312192526215e-05, ""LIT401"": 8.580965428683523e-05, ""MV101"": -0.016677015754132763, ""MV201"": -0.012627785093270517, ""MV301"": 0.005437547740029647, ""MV302"": -0.0220301303778386, ""MV303"": -0.0014780181086141845, ""MV304"": 0.013550335689560062, ""P101"": 1.819099603472285, ""P102"": 0.0, ""P201"": 0.0, ""P202"": 0.0, ""P203"": 0.15141312078411875, ""P204"": 0.0, ""P205"": 0.15141312078402083, ""P206"": 0.0, ""P301"": 0.0, ""P302"": -0.0041182884331641524, ""P401"": 0.0, ""P402"": 0.0, ""P403"": 0.0, ""P404"": 0.0, ""P501"": 0.0, ""P502"": 0.0, ""P601"": 0.0, ""P602"": 0.014254013936229673, ""P603"": 0.0, ""PIT501"": 0.0037193779605388657, ""PIT502"": 0.014130960100070809, ""PIT503"": 0.008206502480188328, ""UV401"": 0.0}",-1.5311628786374785,0.9981885174782776,0.0018415991825716,0.0429138576985529,0.0264524029198662
DPIT301,mlp_next,local_support,ols,"[""DPIT301"", ""P302"", ""P301"", ""MV301"", ""MV302"", ""FIT301"", ""LIT301""]","{""DPIT301"": 0.4447856602098666, ""FIT301"": -0.4308029935451414, ""LIT301"": -0.0015706418598221323, ""MV301"": -1.0101971956442477, ""MV302"": 2.9493896915069135, ""P301"": -2.6645352591003757e-15, ""P302"": 7.675955906059068}",-7.054753677177693,0.9902601935475372,0.3953737571021285,0.6287875293786674,0.399070068062009
DPIT301,mlp_next,local_support,ridge,"[""DPIT301"", ""P302"", ""P301"", ""MV301"", ""MV302"", ""FIT301"", ""LIT301""]","{""DPIT301"": 0.44283828364920264, ""FIT301"": -0.34187123358066673, ""LIT301"": -0.0015608359760369266, ""MV301"": -1.0013661726976804, ""MV302"": 2.979017897344383, ""P301"": 0.0, ""P302"": 7.48475927924113}",-6.908042767054532,0.9901104031676156,0.4014542870979133,0.6336042038196348,0.3994522823686776
DPIT301,mlp_next,self_only,ols,"[""DPIT301""]","{""DPIT301"": 0.9881453032675803}",0.0547171772803203,0.9718334364619392,1.1433820687353484,1.0692904510633905,0.4932427662700647
DPIT301,mlp_next,self_only,ridge,"[""DPIT301""]","{""DPIT301"": 0.988142533123218}",0.054763101584367,0.971833599213232,1.143375462075305,1.069287361786019,0.4932393779692932
DPIT301,mlp_next,self_plus_local,ols,"[""DPIT301"", ""P302"", ""P301"", ""MV301"", ""MV302"", ""FIT301"", ""LIT301""]","{""DPIT301"": 0.4447856602098666, ""FIT301"": -0.4308029935451414, ""LIT301"": -0.0015706418598221323, ""MV301"": -1.0101971956442477, ""MV302"": 2.9493896915069135, ""P301"": -2.6645352591003757e-15, ""P302"": 7.675955906059068}",-7.054753677177693,0.9902601935475372,0.3953737571021285,0.6287875293786674,0.399070068062009
DPIT301,mlp_next,self_plus_local,ridge,"[""DPIT301"", ""P302"", ""P301"", ""MV301"", ""MV302"", ""FIT301"", ""LIT301""]","{""DPIT301"": 0.44283828364920264, ""FIT301"": -0.34187123358066673, ""LIT301"": -0.0015608359760369266, ""MV301"": -1.0013661726976804, ""MV302"": 2.979017897344383, ""P301"": 0.0, ""P302"": 7.48475927924113}",-6.908042767054532,0.9901104031676156,0.4014542870979133,0.6336042038196348,0.3994522823686776
DPIT301,mlp_next,all51,ols,"[""FIT101"", ""LIT101"", ""MV101"", ""P101"", ""P102"", ""AIT201"", ""AIT202"", ""AIT203"", ""FIT201"", ""MV201"", ""P201"", ""P202"", ""P203"", ""P204"", ""P205"", ""P206"", ""DPIT301"", ""FIT301"", ""LIT301"", ""MV301"", ""MV302"", ""MV303"", ""MV304"", ""P301"", ""P302"", ""AIT401"", ""AIT402"", ""FIT401"", ""LIT401"", ""P401"", ""P402"", ""P403"", ""P404"", ""UV401"", ""AIT501"", ""AIT502"", ""AIT503"", ""AIT504"", ""FIT501"", ""FIT502"", ""FIT503"", ""FIT504"", ""P501"", ""P502"", ""PIT501"", ""PIT502"", ""PIT503"", ""FIT601"", ""P601"", ""P602"", ""P603""]","{""AIT201"": -0.001867018026751488, ""AIT202"": 2.4195540851554176, ""AIT203"": -0.0191074329120679, ""AIT401"": 2.0021901541872213, ""AIT402"": 0.028134655919456297, ""AIT501"": 1.2840880633655036, ""AIT502"": 0.03543528164924581, ""AIT503"": 0.02470607116168666, ""AIT504"": -0.016737562398198458, ""DPIT301"": 0.46915684266041513, ""FIT101"": -0.14339994065038553, ""FIT201"": 0.25345931463584553, ""FIT301"": -1.3622216895102752, ""FIT401"": 1.8998802950930487, ""FIT501"": -3.6575322237709873, ""FIT502"": -0.6302094030327042, ""FIT503"": 7.737772141522876, ""FIT504"": -19.952593481730357, ""FIT601"": -0.8941837206976575, ""LIT101"": -0.001384766512878742, ""LIT301"": -0.0002687767651812223, ""LIT401"": -0.0031996247998089533, ""MV101"": 0.02797202798718714, ""MV201"": 0.11321121503929153, ""MV301"": 0.7486212968731965, ""MV302"": 1.8231281968582296, ""MV303"": 2.511514456570914, ""MV304"": -1.365002817283711, ""P101"": -0.20369177441273412, ""P102"": -2.898237205783971e-12, ""P201"": -3.83026943495679e-13, ""P202"": -2.8810287489022812e-12, ""P203"": 0.022649572021589494, ""P204"": -3.5127456499139953e-13, ""P205"": 0.02264957202011112, ""P206"": -1.8973711490843925e-12, ""P301"": -4.529709940470639e-14, ""P302"": 10.2374431034992, ""P401"": -1.4710455076283324e-15, ""P402"": -3.4638958368304884e-14, ""P403"": -1.2434497875801753e-14, ""P404"": -1.4654943925052066e-14, ""P501"": 0.0, ""P502"": 0.0, ""P601"": 0.0, ""P602"": -4.155797846709776, ""P603"": 0.0, ""PIT501"": -0.025162695442743188, ""PIT502"": 0.21164941283415825, ""PIT503"": 0.023799883702916302, ""UV401"": -5.551115123125783e-16}",-336.4993012340591,0.9953434519108524,0.1890260265559488,0.4347712347383953,0.3005662375528699
DPIT301,mlp_next,all51,ridge,"[""FIT101"", ""LIT101"", ""MV101"", ""P101"", ""P102"", ""AIT201"", ""AIT202"", ""AIT203"", ""FIT201"", ""MV201"", ""P201"", ""P202"", ""P203"", ""P204"", ""P205"", ""P206"", ""DPIT301"", ""FIT301"", ""LIT301"", ""MV301"", ""MV302"", ""MV303"", ""MV304"", ""P301"", ""P302"", ""AIT401"", ""AIT402"", ""FIT401"", ""LIT401"", ""P401"", ""P402"", ""P403"", ""P404"", ""UV401"", ""AIT501"", ""AIT502"", ""AIT503"", ""AIT504"", ""FIT501"", ""FIT502"", ""FIT503"", ""FIT504"", ""P501"", ""P502"", ""PIT501"", ""PIT502"", ""PIT503"", ""FIT601"", ""P601"", ""P602"", ""P603""]","{""AIT201"": -0.010551819466063183, ""AIT202"": 0.34050368595951963, ""AIT203"": -0.03245196268558115, ""AIT401"": 0.13623204930759497, ""AIT402"": 0.037664440792568, ""AIT501"": 0.180629912362979, ""AIT502"": 0.02794464612833807, ""AIT503"": 0.023950464207223826, ""AIT504"": -0.02518982387415446, ""DPIT301"": 0.4639077036581536, ""FIT101"": -0.14879325931852316, ""FIT201"": 0.26214869347767483, ""FIT301"": -1.1776372453848094, ""FIT401"": 0.0061903585738815195, ""FIT501"": -0.08814653606824922, ""FIT502"": -0.38030214064707263, ""FIT503"": 0.051932982087623834, ""FIT504"": -0.08658089003442153, ""FIT601"": -1.0138348207890542, ""LIT101"": -0.001313154329895743, ""LIT301"": -0.00031158852998240303, ""LIT401"": -0.003285190419581809, ""MV101"": 0.025515590382411267, ""MV201"": 0.0962152667095007, ""MV301"": 0.5505647140133229, ""MV302"": 1.9675858945141305, ""MV303"": 2.3760125184114056, ""MV304"": -1.258263859164225, ""P101"": -0.18365923915204826, ""P102"": 0.0, ""P201"": 0.0, ""P202"": 0.0, ""P203"": 0.022087468715520978, ""P204"": 0.0, ""P205"": 0.02208746871615338, ""P206"": 0.0, ""P301"": 0.0, ""P302"": 9.778943013901266, ""P401"": 0.0, ""P402"": 0.0, ""P403"": 0.0, ""P404"": 0.0, ""P501"": 0.0, ""P502"": 0.0, ""P601"": 0.0, ""P602"": -3.603414089174819, ""P603"": 0.0, ""PIT501"": -0.010948826007992907, ""PIT502"": 0.18754407981590943, ""PIT503"": 0.029609114871378295, ""UV401"": 0.0}",-34.391756455803474,0.995197047439617,0.1949691103463087,0.4415530662857056,0.3013078251145795
FIT301,mlp_next,self_only,ols,"[""FIT301""]","{""FIT301"": 0.9746731589757952}",0.0354145612896479,0.9573905772879988,0.025597107898192,0.1599909619265789,0.0584207865093321
FIT301,mlp_next,self_only,ridge,"[""FIT301""]","{""FIT301"": 0.9744888927004371}",0.0357545793905595,0.957394395521154,0.0255948141396796,0.1599837933657019,0.0584317070038506
FIT301,mlp_next,self_plus_local,ols,"[""FIT301""]","{""FIT301"": 0.9746731589757952}",0.0354145612896479,0.9573905772879988,0.025597107898192,0.1599909619265789,0.0584207865093321
FIT301,mlp_next,self_plus_local,ridge,"[""FIT301""]","{""FIT301"": 0.9744888927004371}",0.0357545793905595,0.957394395521154,0.0255948141396796,0.1599837933657019,0.0584317070038506
FIT301,mlp_next,all51,ols,"[""FIT101"", ""LIT101"", ""MV101"", ""P101"", ""P102"", ""AIT201"", ""AIT202"", ""AIT203"", ""FIT201"", ""MV201"", ""P201"", ""P202"", ""P203"", ""P204"", ""P205"", ""P206"", ""DPIT301"", ""FIT301"", ""LIT301"", ""MV301"", ""MV302"", ""MV303"", ""MV304"", ""P301"", ""P302"", ""AIT401"", ""AIT402"", ""FIT401"", ""LIT401"", ""P401"", ""P402"", ""P403"", ""P404"", ""UV401"", ""AIT501"", ""AIT502"", ""AIT503"", ""AIT504"", ""FIT501"", ""FIT502"", ""FIT503"", ""FIT504"", ""P501"", ""P502"", ""PIT501"", ""PIT502"", ""PIT503"", ""FIT601"", ""P601"", ""P602"", ""P603""]","{""AIT201"": -0.00018081251630643752, ""AIT202"": -0.3402605017992041, ""AIT203"": -0.0031339436166414637, ""AIT401"": -0.30301405366117506, ""AIT402"": 0.004287643806965481, ""AIT501"": 0.03982164040864919, ""AIT502"": 0.0024445177441645358, ""AIT503"": 0.001264764902736748, ""AIT504"": -0.0001727135696589846, ""DPIT301"": -0.0008634526853453922, ""FIT101"": 0.0019276890783912742, ""FIT201"": 0.01240341444901761, ""FIT301"": 0.03756389098335584, ""FIT401"": 0.4925885664610551, ""FIT501"": -0.43797898678643526, ""FIT502"": -0.1533790625242685, ""FIT503"": 0.7152764253552713, ""FIT504"": -0.30195076999134085, ""FIT601"": -0.04387242606198797, ""LIT101"": -1.9835139019758977e-05, ""LIT301"": 0.00012258419598587533, ""LIT401"": -0.0004805971346943383, ""MV101"": -0.03420034856692351, ""MV201"": -0.036928765145975505, ""MV301"": -0.05681487843292072, ""MV302"": 0.013366322391875149, ""MV303"": 0.34701803641117585, ""MV304"": 0.06942995437941696, ""P101"": 0.1031314165811044, ""P102"": -1.1417672363123188e-12, ""P201"": 7.13769321425417e-14, ""P202"": 2.6123547769429933e-13, ""P203"": 0.0004200809483352842, ""P204"": -3.7558844923069046e-13, ""P205"": 0.0004200809484757829, ""P206"": -4.235500838944972e-14, ""P301"": -1.6653345369377348e-15, ""P302"": 2.053347041958234, ""P401"": 4.163336342344337e-17, ""P402"": -1.5543122344752192e-15, ""P403"": -5.551115123125783e-16, ""P404"": -5.412337245047638e-16, ""P501"": 0.0, ""P502"": 0.0, ""P601"": 0.0, ""P602"": -0.29474713464664554, ""P603"": 0.0, ""PIT501"": 0.0005079953739565435, ""PIT502"": 0.053101465914310905, ""PIT503"": -0.0019919437647440696, ""UV401"": 0.0}",45.37345819182139,0.9940465279102604,0.0035764781062621,0.0598036629836515,0.0350768358512633
FIT301,mlp_next,all51,ridge,"[""FIT101"", ""LIT101"", ""MV101"", ""P101"", ""P102"", ""AIT201"", ""AIT202"", ""AIT203"", ""FIT201"", ""MV201"", ""P201"", ""P202"", ""P203"", ""P204"", ""P205"", ""P206"", ""DPIT301"", ""FIT301"", ""LIT301"", ""MV301"", ""MV302"", ""MV303"", ""MV304"", ""P301"", ""P302"", ""AIT401"", ""AIT402"", ""FIT401"", ""LIT401"", ""P401"", ""P402"", ""P403"", ""P404"", ""UV401"", ""AIT501"", ""AIT502"", ""AIT503"", ""AIT504"", ""FIT501"", ""FIT502"", ""FIT503"", ""FIT504"", ""P501"", ""P502"", ""PIT501"", ""PIT502"", ""PIT503"", ""FIT601"", ""P601"", ""P602"", ""P603""]","{""AIT201"": 0.001184670990654366, ""AIT202"": -0.04345980862335403, ""AIT203"": -0.0015924456230680618, ""AIT401"": -0.019939217494959412, ""AIT402"": 0.0036614352089449137, ""AIT501"": 2.002515644128971e-05, ""AIT502"": 0.0020963739737800426, ""AIT503"": 0.0013554513037589947, ""AIT504"": 0.0018912334583911974, ""DPIT301"": -0.002369248993904755, ""FIT101"": 0.0016771667049843761, ""FIT201"": 0.01487129013090181, ""FIT301"": 0.07572488493010783, ""FIT401"": 0.012051997706609072, ""FIT501"": -0.005017656662333921, ""FIT502"": -0.08988748681570584, ""FIT503"": 0.004128365695409342, ""FIT504"": -0.0020717678975567693, ""FIT601"": -0.043372655070143894, ""LIT101"": -3.5573388840955785e-05, ""LIT301"": 0.00014275261181097247, ""LIT401"": -0.00048142565197272045, ""MV101"": -0.03335644220607895, ""MV201"": -0.03304781851531558, ""MV301"": -0.064605727152608, ""MV302"": 0.04388302026336985, ""MV303"": 0.32268191420096476, ""MV304"": 0.08848604753923897, ""P101"": 0.09619223342093638, ""P102"": 0.0, ""P201"": 0.0, ""P202"": 0.0, ""P203"": -0.0005139391548313757, ""P204"": 0.0, ""P205"": -0.0005139391547117203, ""P206"": 0.0, ""P301"": 0.0, ""P302"": 1.9648383333103092, ""P401"": 0.0, ""P402"": 0.0, ""P403"": 0.0, ""P404"": 0.0, ""P501"": 0.0, ""P502"": 0.0, ""P601"": 0.0, ""P602"": -0.26221796705355704, ""P603"": 0.0, ""PIT501"": 0.0005607983911245933, ""PIT502"": 0.051633889044680706, ""PIT503"": -0.0017112234777991618, ""UV401"": 0.0}",0.7066027346607995,0.9942343662692203,0.0034636364286309,0.0588526671326876,0.0346205625129077
LIT301,mlp_next,local_support,ols,"[""LIT301"", ""FIT301"", ""DPIT301"", ""MV301"", ""MV302"", ""MV303"", ""MV304"", ""P301"", ""P302""]","{""DPIT301"": 0.7969560952281592, ""FIT301"": -7.824570509392734, ""LIT301"": 0.9692163788420851, ""MV301"": -2.033411249306333, ""MV302"": -6.403765273138482, ""MV303"": 2.992439118083632, ""MV304"": 0.4768113395515092, ""P301"": 0.0, ""P302"": 7.370516040868939}",24.78431077106768,0.9893392718301368,48.81350462178082,6.986666202258472,5.506900792041421
LIT301,mlp_next,local_support,ridge,"[""LIT301"", ""FIT301"", ""DPIT301"", ""MV301"", ""MV302"", ""MV303"", ""MV304"", ""P301"", ""P302""]","{""DPIT301"": 0.7718651189135282, ""FIT301"": -7.503778077341278, ""LIT301"": 0.9691997909169986, ""MV301"": -1.9593674605889475, ""MV302"": -6.131520497688807, ""MV303"": 2.839891228014508, ""MV304"": 0.570126321741665, ""P301"": 0.0, ""P302"": 6.824782496543543}",25.116515903566665,0.9893471490942212,48.77743608493534,6.984084484378417,5.504508075519183
LIT301,mlp_next,self_only,ols,"[""LIT301""]","{""LIT301"": 0.9748844902074768}",21.852258933211942,0.9888642116439188,50.9887174427136,7.140638447835991,5.670333444976603
LIT301,mlp_next,self_only,ridge,"[""LIT301""]","{""LIT301"": 0.9748844652910001}",21.852281552080623,0.9888642127198068,50.98871251642157,7.140638102888395,5.670333219298801
LIT301,mlp_next,self_plus_local,ols,"[""LIT301"", ""FIT301"", ""DPIT301"", ""MV301"", ""MV302"", ""MV303"", ""MV304"", ""P301"", ""P302""]","{""DPIT301"": 0.7969560952281592, ""FIT301"": -7.824570509392734, ""LIT301"": 0.9692163788420851, ""MV301"": -2.033411249306333, ""MV302"": -6.403765273138482, ""MV303"": 2.992439118083632, ""MV304"": 0.4768113395515092, ""P301"": 0.0, ""P302"": 7.370516040868939}",24.78431077106768,0.9893392718301368,48.81350462178082,6.986666202258472,5.506900792041421
LIT301,mlp_next,self_plus_local,ridge,"[""LIT301"", ""FIT301"", ""DPIT301"", ""MV301"", ""MV302"", ""MV303"", ""MV304"", ""P301"", ""P302""]","{""DPIT301"": 0.7718651189135282, ""FIT301"": -7.503778077341278, ""LIT301"": 0.9691997909169986, ""MV301"": -1.9593674605889475, ""MV302"": -6.131520497688807, ""MV303"": 2.839891228014508, ""MV304"": 0.570126321741665, ""P301"": 0.0, ""P302"": 6.824782496543543}",25.116515903566665,0.9893471490942212,48.77743608493534,6.984084484378417,5.504508075519183
LIT301,mlp_next,all51,ols,"[""FIT101"", ""LIT101"", ""MV101"", ""P101"", ""P102"", ""AIT201"", ""AIT202"", ""AIT203"", ""FIT201"", ""MV201"", ""P201"", ""P202"", ""P203"", ""P204"", ""P205"", ""P206"", ""DPIT301"", ""FIT301"", ""LIT301"", ""MV301"", ""MV302"", ""MV303"", ""MV304"", ""P301"", ""P302"", ""AIT401"", ""AIT402"", ""FIT401"", ""LIT401"", ""P401"", ""P402"", ""P403"", ""P404"", ""UV401"", ""AIT501"", ""AIT502"", ""AIT503"", ""AIT504"", ""FIT501"", ""FIT502"", ""FIT503"", ""FIT504"", ""P501"", ""P502"", ""PIT501"", ""PIT502"", ""PIT503"", ""FIT601"", ""P601"", ""P602"", ""P603""]","{""AIT201"": -0.04293943866026351, ""AIT202"": -61.54872000544957, ""AIT203"": -0.26421347547937457, ""AIT401"": 1.0532923675028274, ""AIT402"": 0.41417815749129794, ""AIT501"": 9.025703508654397, ""AIT502"": -0.3585750849745093, ""AIT503"": -0.1869634689430697, ""AIT504"": 2.5964243242948246, ""DPIT301"": 0.2467658856007695, ""FIT101"": 1.0177692660533408, ""FIT201"": 4.388369196241422, ""FIT301"": -7.907282782286219, ""FIT401"": -42.58649303607861, ""FIT501"": -115.25520024416953, ""FIT502"": 20.768900434951448, ""FIT503"": -27.610317100995132, ""FIT504"": -184.3134788555621, ""FIT601"": -4.813820916122088, ""LIT101"": -0.010677687845843165, ""LIT301"": 0.9535063659626033, ""LIT401"": 0.0176911119461316, ""MV101"": -2.1466730325789545, ""MV201"": 1.2818574148477722, ""MV301"": 7.145024314104563, ""MV302"": -7.073995862364441, ""MV303"": 4.6027222695885435, ""MV304"": -2.948417336372319, ""P101"": -6.074213195290807, ""P102"": -9.364709008252703e-11, ""P201"": -3.0812574713934282e-12, ""P202"": 7.30837612650248e-12, ""P203"": -1.9424403792963088, ""P204"": 1.095368240555672e-11, ""P205"": -1.9424403792911031, ""P206"": 1.3530510045711708e-11, ""P301"": -2.0250467969162855e-13, ""P302"": 13.994274867193639, ""P401"": -1.4210854715202004e-14, ""P402"": -1.1368683772161603e-13, ""P403"": -8.881784197001252e-14, ""P404"": -4.973799150320701e-14, ""P501"": 0.0, ""P502"": 0.0, ""P601"": 0.0, ""P602"": -15.921332615400448, ""P603"": 0.0, ""PIT501"": -0.12209782120487489, ""PIT502"": -6.31049282000015, ""PIT503"": 0.6834288917372024, ""UV401"": -1.4210854715202004e-14}",667.7282519930097,0.9875923430761208,56.81236862519221,7.537398000980989,5.800296113559713
LIT301,mlp_next,all51,ridge,"[""FIT101"", ""LIT101"", ""MV101"", ""P101"", ""P102"", ""AIT201"", ""AIT202"", ""AIT203"", ""FIT201"", ""MV201"", ""P201"", ""P202"", ""P203"", ""P204"", ""P205"", ""P206"", ""DPIT301"", ""FIT301"", ""LIT301"", ""MV301"", ""MV302"", ""MV303"", ""MV304"", ""P301"", ""P302"", ""AIT401"", ""AIT402"", ""FIT401"", ""LIT401"", ""P401"", ""P402"", ""P403"", ""P404"", ""UV401"", ""AIT501"", ""AIT502"", ""AIT503"", ""AIT504"", ""FIT501"", ""FIT502"", ""FIT503"", ""FIT504"", ""P501"", ""P502"", ""PIT501"", ""PIT502"", ""PIT503"", ""FIT601"", ""P601"", ""P602"", ""P603""]","{""AIT201"": 0.2035244195758608, ""AIT202"": -5.857110594833893, ""AIT203"": 0.044665731720697564, ""AIT401"": 0.017758377631086026, ""AIT402"": 0.4777764629838062, ""AIT501"": 0.43523868468101856, ""AIT502"": -0.5241925407837121, ""AIT503"": -0.1297204036023826, ""AIT504"": 1.8728971384538373, ""DPIT301"": 0.2227257579169021, ""FIT101"": 1.0764437991878086, ""FIT201"": 3.804360483354323, ""FIT301"": -7.507606857431351, ""FIT401"": -5.3392383358407, ""FIT501"": -6.002650871661714, ""FIT502"": 10.69282399913669, ""FIT503"": 0.518847244313259, ""FIT504"": -0.0427617916146859, ""FIT601"": -5.343173314894436, ""LIT101"": -0.012973134778391016, ""LIT301"": 0.956848792154044, ""LIT401"": 0.016938480093573672, ""MV101"": -2.097963692557547, ""MV201"": 0.6410993758047507, ""MV301"": 6.198444822233082, ""MV302"": -6.73296278228626, ""MV303"": 4.360685274552089, ""MV304"": -2.7554402637271185, ""P101"": -5.060285612324774, ""P102"": 0.0, ""P201"": 0.0, ""P202"": 0.0, ""P203"": -1.4240089404466951, ""P204"": 0.0, ""P205"": -1.424008940442011, ""P206"": 0.0, ""P301"": 0.0, ""P302"": 13.26974783594374, ""P401"": 0.0, ""P402"": 0.0, ""P403"": 0.0, ""P404"": 0.0, ""P501"": 0.0, ""P502"": 0.0, ""P601"": 0.0, ""P602"": -13.660401408124487, ""P603"": 0.0, ""PIT501"": 0.07931347047889664, ""PIT502"": -7.181127826627448, ""PIT503"": 0.4181022064113415, ""UV401"": 0.0}",-56.44553550639228,0.9865226932327144,61.710097630459146,7.8555774854850196,6.000505401604176
AIT401,mlp_next,self_only,ols,"[""AIT401""]","{""AIT401"": -25.865429744660727}",3998.2623210583424,-0.4922593347641917,21.64419989407908,4.652332736819141,3.224993163041622
AIT401,mlp_next,self_only,ridge,"[""AIT401""]","{""AIT401"": -1.7821644161696177}",414.60500628425166,-0.5230405021741287,22.090659651356503,4.700070175152336,3.2613088962786785
AIT401,mlp_next,self_plus_local,ols,"[""AIT401""]","{""AIT401"": -25.865429744660727}",3998.2623210583424,-0.4922593347641917,21.64419989407908,4.652332736819141,3.224993163041622
AIT401,mlp_next,self_plus_local,ridge,"[""AIT401""]","{""AIT401"": -1.7821644161696177}",414.60500628425166,-0.5230405021741287,22.090659651356503,4.700070175152336,3.2613088962786785
AIT401,mlp_next,all51,ols,"[""FIT101"", ""LIT101"", ""MV101"", ""P101"", ""P102"", ""AIT201"", ""AIT202"", ""AIT203"", ""FIT201"", ""MV201"", ""P201"", ""P202"", ""P203"", ""P204"", ""P205"", ""P206"", ""DPIT301"", ""FIT301"", ""LIT301"", ""MV301"", ""MV302"", ""MV303"", ""MV304"", ""P301"", ""P302"", ""AIT401"", ""AIT402"", ""FIT401"", ""LIT401"", ""P401"", ""P402"", ""P403"", ""P404"", ""UV401"", ""AIT501"", ""AIT502"", ""AIT503"", ""AIT504"", ""FIT501"", ""FIT502"", ""FIT503"", ""FIT504"", ""P501"", ""P502"", ""PIT501"", ""PIT502"", ""PIT503"", ""FIT601"", ""P601"", ""P602"", ""P603""]","{""AIT201"": 0.20932511852979543, ""AIT202"": -39.66513910910666, ""AIT203"": -0.3752389962286279, ""AIT401"": -24.699017688678918, ""AIT402"": -0.6198837185260864, ""AIT501"": -7.412798914972539, ""AIT502"": 0.756673645649423, ""AIT503"": 0.026312282196943926, ""AIT504"": 1.092484686565177, ""DPIT301"": 0.09164676440401465, ""FIT101"": 0.9195359010685338, ""FIT201"": -0.16296361182606733, ""FIT301"": -1.092313904087113, ""FIT401"": -10.777995668560928, ""FIT501"": -16.91055615858473, ""FIT502"": -3.3896501610250236, ""FIT503"": -39.79468500848135, ""FIT504"": 78.62191979600941, ""FIT601"": -0.7074881534401021, ""LIT101"": 0.006786407849677774, ""LIT301"": -0.006645744054079472, ""LIT401"": -0.0129155564665826, ""MV101"": -0.09262739596274921, ""MV201"": -0.28216888885526503, ""MV301"": -1.7076652252316378, ""MV302"": 2.118461172740605, ""MV303"": 1.422058595884954, ""MV304"": -0.44725107519674906, ""P101"": -6.838204599566038, ""P102"": -2.9889729580290236e-11, ""P201"": 3.96190025231391e-12, ""P202"": 2.8413771335777938e-11, ""P203"": 4.524237561913644, ""P204"": -2.9689584124525936e-12, ""P205"": 4.524237561928193, ""P206"": 1.5353052162936365e-11, ""P301"": 2.3092638912203256e-13, ""P302"": 2.044153612934495, ""P401"": -5.329070518200751e-15, ""P402"": 1.5276668818842154e-13, ""P403"": 4.440892098500626e-14, ""P404"": 7.105427357601002e-14, ""P501"": 0.0, ""P502"": 0.0, ""P601"": 0.0, ""P602"": -4.44877006127813, ""P603"": 0.0, ""PIT501"": 0.05437176092376106, ""PIT502"": 2.791371908410409, ""PIT503"": 0.17591070808343723, ""UV401"": 1.7763568394002505e-15}",4264.898511429073,-0.1421692759902284,16.566383299799945,4.070182219483539,2.697403695368284
AIT401,mlp_next,all51,ridge,"[""FIT101"", ""LIT101"", ""MV101"", ""P101"", ""P102"", ""AIT201"", ""AIT202"", ""AIT203"", ""FIT201"", ""MV201"", ""P201"", ""P202"", ""P203"", ""P204"", ""P205"", ""P206"", ""DPIT301"", ""FIT301"", ""LIT301"", ""MV301"", ""MV302"", ""MV303"", ""MV304"", ""P301"", ""P302"", ""AIT401"", ""AIT402"", ""FIT401"", ""LIT401"", ""P401"", ""P402"", ""P403"", ""P404"", ""UV401"", ""AIT501"", ""AIT502"", ""AIT503"", ""AIT504"", ""FIT501"", ""FIT502"", ""FIT503"", ""FIT504"", ""P501"", ""P502"", ""PIT501"", ""PIT502"", ""PIT503"", ""FIT601"", ""P601"", ""P602"", ""P603""]","{""AIT201"": 0.3552532364815381, ""AIT202"": -4.6744920051366075, ""AIT203"": -0.17060940835168747, ""AIT401"": -1.6749029446705181, ""AIT402"": -0.6640953025166878, ""AIT501"": -1.239696556482952, ""AIT502"": 0.7486621082772903, ""AIT503"": 0.04895029850017377, ""AIT504"": 0.9739537204486748, ""DPIT301"": 0.08623843621636694, ""FIT101"": 0.9573325354982785, ""FIT201"": -0.21496452621630016, ""FIT301"": -1.001299677778714, ""FIT401"": -1.2688200557374796, ""FIT501"": -1.2594521779161112, ""FIT502"": -2.448990252014183, ""FIT503"": -0.09854930297417462, ""FIT504"": 0.5457672269073489, ""FIT601"": -0.838337505460388, ""LIT101"": 0.005328458379100597, ""LIT301"": -0.004682310489987042, ""LIT401"": -0.012865641103731602, ""MV101"": -0.045570150004272385, ""MV201"": -0.3903352035485751, ""MV301"": -1.9033774834370996, ""MV302"": 2.141470943614466, ""MV303"": 1.4100379084753245, ""MV304"": -0.42633135622032353, ""P101"": -6.21257231064197, ""P102"": 0.0, ""P201"": 0.0, ""P202"": 0.0, ""P203"": 4.2566415946657505, ""P204"": 0.0, ""P205"": 4.256641594665166, ""P206"": 0.0, ""P301"": 0.0, ""P302"": 1.9634287927866392, ""P401"": 0.0, ""P402"": 0.0, ""P403"": 0.0, ""P404"": 0.0, ""P501"": 0.0, ""P502"": 0.0, ""P601"": 0.0, ""P602"": -3.899714537140648, ""P603"": 0.0, ""PIT501"": 0.026557615164506655, ""PIT502"": 2.4044020467252776, ""PIT503"": 0.056828248389009815, ""UV401"": 0.0}",373.2543781855177,-0.057982861098627,15.345316994614036,3.917309918121623,2.573412454611398
AIT402,mlp_next,self_only,ols,"[""AIT402""]","{""AIT402"": 0.5687999102939096}",69.59295632205668,0.1616908474216277,0.5929046131584049,0.7700029955515789,0.5514641133180985
AIT402,mlp_next,self_only,ridge,"[""AIT402""]","{""AIT402"": 0.568761164638636}",69.59907620684784,0.1617688882442636,0.5928494178123763,0.7699671537230509,0.5514220468174247
AIT402,mlp_next,self_plus_local,ols,"[""AIT402""]","{""AIT402"": 0.5687999102939096}",69.59295632205668,0.1616908474216277,0.5929046131584049,0.7700029955515789,0.5514641133180985
AIT402,mlp_next,self_plus_local,ridge,"[""AIT402""]","{""AIT402"": 0.568761164638636}",69.59907620684784,0.1617688882442636,0.5928494178123763,0.7699671537230509,0.5514220468174247
AIT402,mlp_next,all51,ols,"[""FIT101"", ""LIT101"", ""MV101"", ""P101"", ""P102"", ""AIT201"", ""AIT202"", ""AIT203"", ""FIT201"", ""MV201"", ""P201"", ""P202"", ""P203"", ""P204"", ""P205"", ""P206"", ""DPIT301"", ""FIT301"", ""LIT301"", ""MV301"", ""MV302"", ""MV303"", ""MV304"", ""P301"", ""P302"", ""AIT401"", ""AIT402"", ""FIT401"", ""LIT401"", ""P401"", ""P402"", ""P403"", ""P404"", ""UV401"", ""AIT501"", ""AIT502"", ""AIT503"", ""AIT504"", ""FIT501"", ""FIT502"", ""FIT503"", ""FIT504"", ""P501"", ""P502"", ""PIT501"", ""PIT502"", ""PIT503"", ""FIT601"", ""P601"", ""P602"", ""P603""]","{""AIT201"": -0.11191664391660278, ""AIT202"": -2.8631427470808664, ""AIT203"": -0.021464774610033738, ""AIT401"": 1.2949008803068718, ""AIT402"": 0.4739545938120714, ""AIT501"": -1.4081200789129724, ""AIT502"": 0.275022477847808, ""AIT503"": 0.03832458840169717, ""AIT504"": -0.2533997137840118, ""DPIT301"": -0.015138545021171401, ""FIT101"": 0.13990975723107715, ""FIT201"": 0.6137318302887403, ""FIT301"": 0.03414607576104989, ""FIT401"": -1.1505363085576068, ""FIT501"": 1.3355048725373562, ""FIT502"": -0.3740323484318802, ""FIT503"": -6.409326684665082, ""FIT504"": 20.415292046811082, ""FIT601"": 0.44619131406697127, ""LIT101"": 0.0006444821335370556, ""LIT301"": -0.0012126216545185198, ""LIT401"": 0.002360586202121262, ""MV101"": -0.2839143065306475, ""MV201"": -0.15252218788702368, ""MV301"": -1.353637626067836, ""MV302"": -0.12917092150043352, ""MV303"": 0.232111090748288, ""MV304"": 0.24648394773633822, ""P101"": -0.28045441839388413, ""P102"": 1.5147917642455155e-12, ""P201"": 5.626610288800293e-13, ""P202"": 3.469835530012233e-12, ""P203"": -0.5205906866400446, ""P204"": -6.783323902581628e-13, ""P205"": -0.5205906866382338, ""P206"": 1.9062945666448172e-12, ""P301"": 2.4313884239290928e-14, ""P302"": 0.04452744661006593, ""P401"": -4.440892098500626e-16, ""P402"": 2.930988785010413e-14, ""P403"": 1.149080830487037e-14, ""P404"": 1.2712053631958042e-14, ""P501"": 0.0, ""P502"": 0.0, ""P601"": 0.0, ""P602"": 1.8906915152061772, ""P603"": 0.0, ""PIT501"": 0.13205414949784944, ""PIT502"": 0.144222512353913, ""PIT503"": -0.21672242163711974, ""UV401"": 4.440892098500626e-16}",-77.49847730367259,0.654310968843677,0.2444928826799156,0.4944622156241219,0.3254638957413474
AIT402,mlp_next,all51,ridge,"[""FIT101"", ""LIT101"", ""MV101"", ""P101"", ""P102"", ""AIT201"", ""AIT202"", ""AIT203"", ""FIT201"", ""MV201"", ""P201"", ""P202"", ""P203"", ""P204"", ""P205"", ""P206"", ""DPIT301"", ""FIT301"", ""LIT301"", ""MV301"", ""MV302"", ""MV303"", ""MV304"", ""P301"", ""P302"", ""AIT401"", ""AIT402"", ""FIT401"", ""LIT401"", ""P401"", ""P402"", ""P403"", ""P404"", ""UV401"", ""AIT501"", ""AIT502"", ""AIT503"", ""AIT504"", ""FIT501"", ""FIT502"", ""FIT503"", ""FIT504"", ""P501"", ""P502"", ""PIT501"", ""PIT502"", ""PIT503"", ""FIT601"", ""P601"", ""P602"", ""P603""]","{""AIT201"": -0.10239554065284066, ""AIT202"": -0.3429089393937564, ""AIT203"": -0.0052466780059516605, ""AIT401"": 0.08812023205680986, ""AIT402"": 0.4675251512414274, ""AIT501"": -0.17932716974922547, ""AIT502"": 0.2798685585861423, ""AIT503"": 0.04015507131887142, ""AIT504"": -0.2628680890152922, ""DPIT301"": -0.016582365746412208, ""FIT101"": 0.14072312031714665, ""FIT201"": 0.5534564938738199, ""FIT301"": 0.04487868310527947, ""FIT401"": -0.10134149204871035, ""FIT501"": -0.05638089769975745, ""FIT502"": -0.2596442766671564, ""FIT503"": -0.03065959826347497, ""FIT504"": 0.10895389743299293, ""FIT601"": 0.5507747417964164, ""LIT101"": 0.0005442612362207742, ""LIT301"": -0.0010929438348847719, ""LIT401"": 0.002354836480364349, ""MV101"": -0.27399822873009094, ""MV201"": -0.19284364009814942, ""MV301"": -1.2150723305070779, ""MV302"": -0.12241996321158154, ""MV303"": 0.2286886493775433, ""MV304"": 0.2432828190101136, ""P101"": -0.23519801687132424, ""P102"": 0.0, ""P201"": 0.0, ""P202"": 0.0, ""P203"": -0.46247571625584327, ""P204"": 0.0, ""P205"": -0.4624757162559903, ""P206"": 0.0, ""P301"": 0.0, ""P302"": 0.03644391065375999, ""P401"": 0.0, ""P402"": 0.0, ""P403"": 0.0, ""P404"": 0.0, ""P501"": 0.0, ""P502"": 0.0, ""P601"": 0.0, ""P602"": 1.5730474724472117, ""P603"": 0.0, ""PIT501"": 0.11436952479758937, ""PIT502"": 0.11683395917454018, ""PIT503"": -0.21692396090161928, ""UV401"": 0.0}",69.86781464100685,0.6406092360984664,0.2541836042089752,0.5041662465982577,0.334306967010398
FIT401,mlp_next,self_only,ols,"[""FIT401""]","{""FIT401"": 0.7859354506533425}",0.3698034333616211,0.0738792064251729,2.101237855202081e-05,0.0045839261067365,0.0033092123480237
FIT401,mlp_next,self_only,ridge,"[""FIT401""]","{""FIT401"": 0.27165965140145226}",1.2571596859566212,-1.3695846510515226,5.376254376792571e-05,0.0073322945772742,0.0059588051183979
FIT401,mlp_next,self_plus_local,ols,"[""FIT401""]","{""FIT401"": 0.7859354506533425}",0.3698034333616211,0.0738792064251729,2.101237855202081e-05,0.0045839261067365,0.0033092123480237
FIT401,mlp_next,self_plus_local,ridge,"[""FIT401""]","{""FIT401"": 0.27165965140145226}",1.2571596859566212,-1.3695846510515226,5.376254376792571e-05,0.0073322945772742,0.0059588051183979
FIT401,mlp_next,all51,ols,"[""FIT101"", ""LIT101"", ""MV101"", ""P101"", ""P102"", ""AIT201"", ""AIT202"", ""AIT203"", ""FIT201"", ""MV201"", ""P201"", ""P202"", ""P203"", ""P204"", ""P205"", ""P206"", ""DPIT301"", ""FIT301"", ""LIT301"", ""MV301"", ""MV302"", ""MV303"", ""MV304"", ""P301"", ""P302"", ""AIT401"", ""AIT402"", ""FIT401"", ""LIT401"", ""P401"", ""P402"", ""P403"", ""P404"", ""UV401"", ""AIT501"", ""AIT502"", ""AIT503"", ""AIT504"", ""FIT501"", ""FIT502"", ""FIT503"", ""FIT504"", ""P501"", ""P502"", ""PIT501"", ""PIT502"", ""PIT503"", ""FIT601"", ""P601"", ""P602"", ""P603""]","{""AIT201"": -0.0002029080288240456, ""AIT202"": -0.01218831276794224, ""AIT203"": 4.468320632493978e-05, ""AIT401"": 0.008250253242377686, ""AIT402"": 0.00012472114772786174, ""AIT501"": 0.005929546506655305, ""AIT502"": -0.0003180462374121882, ""AIT503"": 0.0002970036612209605, ""AIT504"": -0.00022217424878704707, ""DPIT301"": -0.00010431876869834364, ""FIT101"": 0.0004364449072051576, ""FIT201"": 0.0029374665657690294, ""FIT301"": 0.001356264413313079, ""FIT401"": 0.1758530211309298, ""FIT501"": 0.2266107394311852, ""FIT502"": 0.033203834747859005, ""FIT503"": -0.015438117971327046, ""FIT504"": 0.12823554191961248, ""FIT601"": 0.0029220271312008776, ""LIT101"": -2.52654504634272e-06, ""LIT301"": -1.4671194643276278e-05, ""LIT401"": 3.750618167973688e-05, ""MV101"": -0.0004415182298881695, ""MV201"": 0.0037714019069984045, ""MV301"": 0.008367078281086298, ""MV302"": 0.0019777374214897587, ""MV303"": -0.003909130836133727, ""MV304"": 0.0008438840441178095, ""P101"": -0.01017630399211189, ""P102"": -5.905150479353376e-14, ""P201"": 2.0986630402258788e-14, ""P202"": 5.689502688421832e-14, ""P203"": -0.001937869916389273, ""P204"": -1.3678988497467515e-13, ""P205"": -0.001937869916350751, ""P206"": -2.873883856585602e-14, ""P301"": -1.8735013540549517e-16, ""P302"": -0.0006902858009005146, ""P401"": 1.1102230246251565e-16, ""P402"": 2.7755575615628914e-17, ""P403"": 5.551115123125783e-17, ""P404"": 4.85722573273506e-17, ""P501"": 0.0, ""P502"": 0.0, ""P601"": 0.0, ""P602"": -0.009574801581670674, ""P603"": 0.0, ""PIT501"": -0.001088544384440449, ""PIT502"": -0.0046645996628418744, ""PIT503"": -0.0006179870485374921, ""UV401"": 0.0}",0.162162175971352,0.7005099756224602,6.79500752864411e-06,0.0026067235236296,0.001797173307755
FIT401,mlp_next,all51,ridge,"[""FIT101"", ""LIT101"", ""MV101"", ""P101"", ""P102"", ""AIT201"", ""AIT202"", ""AIT203"", ""FIT201"", ""MV201"", ""P201"", ""P202"", ""P203"", ""P204"", ""P205"", ""P206"", ""DPIT301"", ""FIT301"", ""LIT301"", ""MV301"", ""MV302"", ""MV303"", ""MV304"", ""P301"", ""P302"", ""AIT401"", ""AIT402"", ""FIT401"", ""LIT401"", ""P401"", ""P402"", ""P403"", ""P404"", ""UV401"", ""AIT501"", ""AIT502"", ""AIT503"", ""AIT504"", ""FIT501"", ""FIT502"", ""FIT503"", ""FIT504"", ""P501"", ""P502"", ""PIT501"", ""PIT502"", ""PIT503"", ""FIT601"", ""P601"", ""P602"", ""P603""]","{""AIT201"": -5.977117470848467e-05, ""AIT202"": -0.009271376908881033, ""AIT203"": 9.075478730283742e-05, ""AIT401"": 0.000993390309143137, ""AIT402"": -0.0006765026298513645, ""AIT501"": -0.0005848431709041307, ""AIT502"": 8.934875631270405e-05, ""AIT503"": 0.00015884646016127394, ""AIT504"": 0.0039008484121263193, ""DPIT301"": -0.00017479855247087278, ""FIT101"": 0.0004891884758350611, ""FIT201"": 0.0026601997804462105, ""FIT301"": 0.0017798828328697406, ""FIT401"": 0.023854009979065283, ""FIT501"": 0.02318233285116065, ""FIT502"": 0.028199336525157624, ""FIT503"": -0.003526548623070424, ""FIT504"": -0.003193678855805277, ""FIT601"": 0.0021316799727337846, ""LIT101"": -4.9390871596482415e-06, ""LIT301"": -1.8471689324113025e-05, ""LIT401"": 4.783380275244392e-05, ""MV101"": -0.0004787095589307187, ""MV201"": 0.00349860597019028, ""MV301"": 0.0074580632413311565, ""MV302"": 0.0021996061568722454, ""MV303"": -0.003890723757196066, ""MV304"": 0.0009095275282669244, ""P101"": -0.00989740360707322, ""P102"": 0.0, ""P201"": 0.0, ""P202"": 0.0, ""P203"": -0.0019168287433834383, ""P204"": 0.0, ""P205"": -0.0019168287433829184, ""P206"": 0.0, ""P301"": 0.0, ""P302"": -0.0008833682000731723, ""P401"": 0.0, ""P402"": 0.0, ""P403"": 0.0, ""P404"": 0.0, ""P501"": 0.0, ""P502"": 0.0, ""P601"": 0.0, ""P602"": -0.007584892637960173, ""P603"": 0.0, ""PIT501"": -0.0018846710006171726, ""PIT502"": 0.0016686682435193825, ""PIT503"": 0.00021315264612767454, ""UV401"": 0.0}",1.951707606570712,-0.0060232982272958,2.2825254028589653e-05,0.0047775782598079,0.0035832661349328
LIT401,mlp_next,self_only,ols,"[""LIT401""]","{""LIT401"": 0.9933980440362505}",7.623128592630223,0.9856726076712652,42.76824136301938,6.539743218431392,5.281160324126787
LIT401,mlp_next,self_only,ridge,"[""LIT401""]","{""LIT401"": 0.9933980080969151}",7.623160669950948,0.9856726092881052,42.76823653664156,6.539742849427763,5.281160212747932
LIT401,mlp_next,self_plus_local,ols,"[""LIT401""]","{""LIT401"": 0.9933980440362505}",7.623128592630223,0.9856726076712652,42.76824136301938,6.539743218431392,5.281160324126787
LIT401,mlp_next,self_plus_local,ridge,"[""LIT401""]","{""LIT401"": 0.9933980080969151}",7.623160669950948,0.9856726092881052,42.76823653664156,6.539742849427763,5.281160212747932
LIT401,mlp_next,all51,ols,"[""FIT101"", ""LIT101"", ""MV101"", ""P101"", ""P102"", ""AIT201"", ""AIT202"", ""AIT203"", ""FIT201"", ""MV201"", ""P201"", ""P202"", ""P203"", ""P204"", ""P205"", ""P206"", ""DPIT301"", ""FIT301"", ""LIT301"", ""MV301"", ""MV302"", ""MV303"", ""MV304"", ""P301"", ""P302"", ""AIT401"", ""AIT402"", ""FIT401"", ""LIT401"", ""P401"", ""P402"", ""P403"", ""P404"", ""UV401"", ""AIT501"", ""AIT502"", ""AIT503"", ""AIT504"", ""FIT501"", ""FIT502"", ""FIT503"", ""FIT504"", ""P501"", ""P502"", ""PIT501"", ""PIT502"", ""PIT503"", ""FIT601"", ""P601"", ""P602"", ""P603""]","{""AIT201"": 0.33238009458353857, ""AIT202"": -22.61655619753843, ""AIT203"": -0.3193745660372025, ""AIT401"": -17.589958363229453, ""AIT402"": -0.28104643553489184, ""AIT501"": 56.39521035048186, ""AIT502"": 0.7772326790264565, ""AIT503"": -0.174256531474537, ""AIT504"": 0.28681173704010954, ""DPIT301"": 0.8967055596649338, ""FIT101"": -0.37985434773265847, ""FIT201"": -1.771883843657161, ""FIT301"": -1.5405009510911818, ""FIT401"": 131.66065700418247, ""FIT501"": 76.8332372452284, ""FIT502"": 8.211360154436989, ""FIT503"": -5.497694197458959, ""FIT504"": 174.81343247944412, ""FIT601"": 1.366098980184478, ""LIT101"": -0.009744921316443222, ""LIT301"": 0.023485016602663222, ""LIT401"": 0.9489245531704031, ""MV101"": 0.4765540369083556, ""MV201"": -2.303236303706095, ""MV301"": -11.010875455623534, ""MV302"": -1.8582141698481096, ""MV303"": 0.7817145947587636, ""MV304"": 0.3574567767533331, ""P101"": 2.174920658895254, ""P102"": -5.624910259793836e-11, ""P201"": 1.623590151211829e-11, ""P202"": 4.682521037580045e-11, ""P203"": 5.347425721637975, ""P204"": -9.28972454516952e-11, ""P205"": 5.347425721671821, ""P206"": -1.8212098495951068e-11, ""P301"": -3.197442310920451e-14, ""P302"": -5.035878548426541, ""P401"": 9.947598300641403e-14, ""P402"": 4.263256414560601e-14, ""P403"": 7.815970093361102e-14, ""P404"": 6.750155989720952e-14, ""P501"": 0.0, ""P502"": 0.0, ""P601"": 0.0, ""P602"": 10.523219665273452, ""P603"": 0.0, ""PIT501"": 0.5113606456713065, ""PIT502"": -13.985602530561607, ""PIT503"": -0.913500995033905, ""UV401"": 7.105427357601002e-15}",2008.6120986798555,0.9782398703189984,64.9554683039699,8.059495536568644,5.941914556975116
LIT401,mlp_next,all51,ridge,"[""FIT101"", ""LIT101"", ""MV101"", ""P101"", ""P102"", ""AIT201"", ""AIT202"", ""AIT203"", ""FIT201"", ""MV201"", ""P201"", ""P202"", ""P203"", ""P204"", ""P205"", ""P206"", ""DPIT301"", ""FIT301"", ""LIT301"", ""MV301"", ""MV302"", ""MV303"", ""MV304"", ""P301"", ""P302"", ""AIT401"", ""AIT402"", ""FIT401"", ""LIT401"", ""P401"", ""P402"", ""P403"", ""P404"", ""UV401"", ""AIT501"", ""AIT502"", ""AIT503"", ""AIT504"", ""FIT501"", ""FIT502"", ""FIT503"", ""FIT504"", ""P501"", ""P502"", ""PIT501"", ""PIT502"", ""PIT503"", ""FIT601"", ""P601"", ""P602"", ""P603""]","{""AIT201"": 0.5664635883802212, ""AIT202"": -5.6332102411190705, ""AIT203"": -0.27926669357038797, ""AIT401"": -0.9025876201193431, ""AIT402"": -0.6391090672011083, ""AIT501"": 4.494897266177291, ""AIT502"": 0.723850528810731, ""AIT503"": -0.23470712955472875, ""AIT504"": 2.322539469788871, ""DPIT301"": 0.8324345656866712, ""FIT101"": -0.3184875637923831, ""FIT201"": -1.1071489359987388, ""FIT301"": -1.1917261400275359, ""FIT401"": 11.96083645458673, ""FIT501"": 10.141443769646898, ""FIT502"": 8.935731147710062, ""FIT503"": -1.5432341275088897, ""FIT504"": -0.912272618093592, ""FIT601"": 1.968148105049227, ""LIT101"": -0.011689177859000187, ""LIT301"": 0.021443849275439464, ""LIT401"": 0.9556358349070998, ""MV101"": 0.44165899854397966, ""MV201"": -1.854905604090126, ""MV301"": -10.1147013934222, ""MV302"": -1.6542608422604808, ""MV303"": 0.7601502874335381, ""MV304"": 0.3541039511484432, ""P101"": 1.6555650158767303, ""P102"": 0.0, ""P201"": 0.0, ""P202"": 0.0, ""P203"": 4.83129275627599, ""P204"": 0.0, ""P205"": 4.831292756274249, ""P206"": 0.0, ""P301"": 0.0, ""P302"": -5.106939757635883, ""P401"": 0.0, ""P402"": 0.0, ""P403"": 0.0, ""P404"": 0.0, ""P501"": 0.0, ""P502"": 0.0, ""P601"": 0.0, ""P602"": 8.436675833631275, ""P603"": 0.0, ""PIT501"": 0.12712420883988257, ""PIT502"": -10.49178853717757, ""PIT503"": -0.40632264497745124, ""UV401"": 0.0}",139.83519478075073,0.9852782856807945,43.94531934596656,6.629126589978997,5.040565368046809
AIT501,mlp_next,self_only,ols,"[""AIT501""]","{""AIT501"": 1.0009479434186754}",-0.0070574737781541,0.5776476153187958,4.4120665035310285e-06,0.0021004919670236,0.0016606619152802
AIT501,mlp_next,self_only,ridge,"[""AIT501""]","{""AIT501"": 0.35267651072446116}",5.104855053214355,-5.201604753628043,6.478451074041908e-05,0.0080488825771295,0.0076085252652737
AIT501,mlp_next,self_plus_local,ols,"[""AIT501""]","{""AIT501"": 1.0009479434186754}",-0.0070574737781541,0.5776476153187958,4.4120665035310285e-06,0.0021004919670236,0.0016606619152802
AIT501,mlp_next,self_plus_local,ridge,"[""AIT501""]","{""AIT501"": 0.35267651072446116}",5.104855053214355,-5.201604753628043,6.478451074041908e-05,0.0080488825771295,0.0076085252652737
AIT501,mlp_next,all51,ols,"[""FIT101"", ""LIT101"", ""MV101"", ""P101"", ""P102"", ""AIT201"", ""AIT202"", ""AIT203"", ""FIT201"", ""MV201"", ""P201"", ""P202"", ""P203"", ""P204"", ""P205"", ""P206"", ""DPIT301"", ""FIT301"", ""LIT301"", ""MV301"", ""MV302"", ""MV303"", ""MV304"", ""P301"", ""P302"", ""AIT401"", ""AIT402"", ""FIT401"", ""LIT401"", ""P401"", ""P402"", ""P403"", ""P404"", ""UV401"", ""AIT501"", ""AIT502"", ""AIT503"", ""AIT504"", ""FIT501"", ""FIT502"", ""FIT503"", ""FIT504"", ""P501"", ""P502"", ""PIT501"", ""PIT502"", ""PIT503"", ""FIT601"", ""P601"", ""P602"", ""P603""]","{""AIT201"": 0.0006495429378311803, ""AIT202"": 0.04802450846639845, ""AIT203"": 6.848257921665866e-05, ""AIT401"": -0.0012148316945015348, ""AIT402"": -0.0003047379079394357, ""AIT501"": 0.9000736504718904, ""AIT502"": 7.421108417083461e-05, ""AIT503"": 4.9281373132176176e-05, ""AIT504"": -0.0002347458118483201, ""DPIT301"": -2.6013596471884115e-05, ""FIT101"": -0.0005166425720845673, ""FIT201"": -8.04782259323589e-05, ""FIT301"": 0.00039002612487014626, ""FIT401"": 0.0008090332846956659, ""FIT501"": -0.006481743195556666, ""FIT502"": -0.0033044179676853924, ""FIT503"": 0.08668709075331188, ""FIT504"": 0.2188081476636746, ""FIT601"": -0.0049692416646454395, ""LIT101"": 1.9093600472513836e-06, ""LIT301"": -3.2220806368242483e-06, ""LIT401"": 1.254643559878664e-05, ""MV101"": 0.001382718724651497, ""MV201"": -0.0029010259632921845, ""MV301"": -0.0033845705734112646, ""MV302"": -0.002311676518754286, ""MV303"": 0.0014061161064918696, ""MV304"": -0.0023074101402358613, ""P101"": 0.0049227518018557185, ""P102"": 4.387522246560027e-14, ""P201"": 3.865831266214315e-15, ""P202"": -7.824036557524394e-15, ""P203"": -0.0006739518408586921, ""P204"": 1.146088432490977e-14, ""P205"": -0.0006739518408774605, ""P206"": -1.825498302868156e-15, ""P301"": -5.551115123125783e-16, ""P302"": 0.0008615131142271138, ""P401"": 5.551115123125783e-16, ""P402"": -4.996003610813204e-16, ""P403"": 3.3306690738754696e-16, ""P404"": -2.7755575615628914e-17, ""P501"": 0.0, ""P502"": 0.0, ""P601"": 0.0, ""P602"": 0.015782096973610327, ""P603"": 0.0, ""PIT501"": -0.00035077930791504314, ""PIT502"": 0.0019520951961585825, ""PIT503"": 0.00015460286211092106, ""UV401"": 6.938893903907228e-18}",0.3179766966771238,0.6092388677037349,4.082051304120252e-06,0.0020204086972987,0.0014337354087152
AIT501,mlp_next,all51,ridge,"[""FIT101"", ""LIT101"", ""MV101"", ""P101"", ""P102"", ""AIT201"", ""AIT202"", ""AIT203"", ""FIT201"", ""MV201"", ""P201"", ""P202"", ""P203"", ""P204"", ""P205"", ""P206"", ""DPIT301"", ""FIT301"", ""LIT301"", ""MV301"", ""MV302"", ""MV303"", ""MV304"", ""P301"", ""P302"", ""AIT401"", ""AIT402"", ""FIT401"", ""LIT401"", ""P401"", ""P402"", ""P403"", ""P404"", ""UV401"", ""AIT501"", ""AIT502"", ""AIT503"", ""AIT504"", ""FIT501"", ""FIT502"", ""FIT503"", ""FIT504"", ""P501"", ""P502"", ""PIT501"", ""PIT502"", ""PIT503"", ""FIT601"", ""P601"", ""P602"", ""P603""]","{""AIT201"": 0.002193397862012718, ""AIT202"": 0.02182325720925188, ""AIT203"": -0.001158379905412063, ""AIT401"": 0.0007544525102736751, ""AIT402"": 0.0009282353752243881, ""AIT501"": 0.08643938929633704, ""AIT502"": -0.004248071429016821, ""AIT503"": -5.511505649118924e-06, ""AIT504"": 0.00010013253749401156, ""DPIT301"": -0.0002109671839306033, ""FIT101"": -0.000490119797551401, ""FIT201"": 0.005139513814080955, ""FIT301"": 0.0008996308883551757, ""FIT401"": -0.006347835919633935, ""FIT501"": -0.007204271051852208, ""FIT502"": -0.0007860803474967386, ""FIT503"": 0.0017019849481421632, ""FIT504"": 0.0023172114957843506, ""FIT601"": -0.003527591326194007, ""LIT101"": -6.532058261632104e-07, ""LIT301"": -1.6443322104852232e-05, ""LIT401"": 3.631746108965428e-05, ""MV101"": 0.0010751154328892596, ""MV201"": -0.0042458288249250355, ""MV301"": -0.0010963311834410678, ""MV302"": -0.0018556743761644512, ""MV303"": 0.0012260660036104612, ""MV304"": -0.0025461617689517264, ""P101"": 0.004898828680367539, ""P102"": 0.0, ""P201"": 0.0, ""P202"": 0.0, ""P203"": 0.0001929427651580047, ""P204"": 0.0, ""P205"": 0.0001929427651573387, ""P206"": 0.0, ""P301"": 0.0, ""P302"": 0.0011490754900581952, ""P401"": 0.0, ""P402"": 0.0, ""P403"": 0.0, ""P404"": 0.0, ""P501"": 0.0, ""P502"": 0.0, ""P601"": 0.0, ""P602"": 0.009923613571099858, ""P603"": 0.0, ""PIT501"": 0.0006633382921481494, ""PIT502"": -0.0011065729165602482, ""PIT503"": 0.00193129669798113, ""UV401"": 0.0}",6.640890031421415,-3.805992133219021,5.020536802039022e-05,0.0070855746429199,0.0060401378286752
AIT502,mlp_next,self_only,ols,"[""AIT502""]","{""AIT502"": 1.0349739359650745}",-5.976610090484058,-0.7328735009803147,2.6913017829547785,1.640518754222206,1.1779010144719837
AIT502,mlp_next,self_only,ridge,"[""AIT502""]","{""AIT502"": 1.0348381219460534}",-5.956855172399429,-0.7326859651868565,2.691010523716862,1.6404299813514935,1.1778165630374209
AIT502,mlp_next,self_plus_local,ols,"[""AIT502""]","{""AIT502"": 1.0349739359650745}",-5.976610090484058,-0.7328735009803147,2.6913017829547785,1.640518754222206,1.1779010144719837
AIT502,mlp_next,self_plus_local,ridge,"[""AIT502""]","{""AIT502"": 1.0348381219460534}",-5.956855172399429,-0.7326859651868565,2.691010523716862,1.6404299813514935,1.1778165630374209
AIT502,mlp_next,all51,ols,"[""FIT101"", ""LIT101"", ""MV101"", ""P101"", ""P102"", ""AIT201"", ""AIT202"", ""AIT203"", ""FIT201"", ""MV201"", ""P201"", ""P202"", ""P203"", ""P204"", ""P205"", ""P206"", ""DPIT301"", ""FIT301"", ""LIT301"", ""MV301"", ""MV302"", ""MV303"", ""MV304"", ""P301"", ""P302"", ""AIT401"", ""AIT402"", ""FIT401"", ""LIT401"", ""P401"", ""P402"", ""P403"", ""P404"", ""UV401"", ""AIT501"", ""AIT502"", ""AIT503"", ""AIT504"", ""FIT501"", ""FIT502"", ""FIT503"", ""FIT504"", ""P501"", ""P502"", ""PIT501"", ""PIT502"", ""PIT503"", ""FIT601"", ""P601"", ""P602"", ""P603""]","{""AIT201"": -0.15420432833187345, ""AIT202"": -2.583999404200876, ""AIT203"": 0.004338303053022574, ""AIT401"": -1.2988284703913775, ""AIT402"": 0.5270828422499545, ""AIT501"": 11.227165003543657, ""AIT502"": 0.4964876981449719, ""AIT503"": -0.023644800814870415, ""AIT504"": 0.015387381666117417, ""DPIT301"": -0.04024755829865012, ""FIT101"": 0.20778963360045016, ""FIT201"": 0.22091247039824954, ""FIT301"": -0.031207581282966357, ""FIT401"": -8.301554510721148, ""FIT501"": 0.26834534463711296, ""FIT502"": -2.573391823857705, ""FIT503"": 4.279430184909592, ""FIT504"": 21.427870109041415, ""FIT601"": -0.3426294963107033, ""LIT101"": 0.0002224013013952188, ""LIT301"": 0.0018700242239921838, ""LIT401"": -0.00164385183486071, ""MV101"": -0.5512689809527153, ""MV201"": -0.4130516868568197, ""MV301"": -0.5925923268428043, ""MV302"": 0.12651648842794844, ""MV303"": 0.5398829246856225, ""MV304"": -0.15162741005421804, ""P101"": 1.535243387561912, ""P102"": 3.944275461797986e-12, ""P201"": -6.139533326177116e-14, ""P202"": 2.2806201371849966e-12, ""P203"": -0.775194116638953, ""P204"": 4.674927112091609e-12, ""P205"": -0.7751941166384956, ""P206"": 3.5827452116166114e-12, ""P301"": 2.3203661214665772e-14, ""P302"": 0.487162977730422, ""P401"": 8.881784197001252e-15, ""P402"": 1.2739809207573671e-14, ""P403"": 7.105427357601002e-15, ""P404"": 5.329070518200751e-15, ""P501"": 0.0, ""P502"": 0.0, ""P601"": 0.0, ""P602"": 1.9302765367011574, ""P603"": 0.0, ""PIT501"": 0.1167812638932223, ""PIT502"": 0.893018354200802, ""PIT503"": -0.1473119524426303, ""UV401"": 8.881784197001252e-16}",164.59313756384822,-0.1628626087928897,1.806025777764664,1.3438845849866214,0.9756244084313862
AIT502,mlp_next,all51,ridge,"[""FIT101"", ""LIT101"", ""MV101"", ""P101"", ""P102"", ""AIT201"", ""AIT202"", ""AIT203"", ""FIT201"", ""MV201"", ""P201"", ""P202"", ""P203"", ""P204"", ""P205"", ""P206"", ""DPIT301"", ""FIT301"", ""LIT301"", ""MV301"", ""MV302"", ""MV303"", ""MV304"", ""P301"", ""P302"", ""AIT401"", ""AIT402"", ""FIT401"", ""LIT401"", ""P401"", ""P402"", ""P403"", ""P404"", ""UV401"", ""AIT501"", ""AIT502"", ""AIT503"", ""AIT504"", ""FIT501"", ""FIT502"", ""FIT503"", ""FIT504"", ""P501"", ""P502"", ""PIT501"", ""PIT502"", ""PIT503"", ""FIT601"", ""P601"", ""P602"", ""P603""]","{""AIT201"": -0.12286711268257997, ""AIT202"": 0.10449590188463935, ""AIT203"": 0.004389102577463703, ""AIT401"": -0.09137928943145364, ""AIT402"": 0.5552113266751256, ""AIT501"": 1.0404647779276073, ""AIT502"": 0.42888546740098304, ""AIT503"": -0.018889537988618844, ""AIT504"": -0.0887912610868584, ""DPIT301"": -0.04267029249221856, ""FIT101"": 0.20750195938587102, ""FIT201"": 0.2715835255326607, ""FIT301"": -0.012472145073746136, ""FIT401"": -0.842949060316701, ""FIT501"": -0.6732637800055515, ""FIT502"": -1.7673069828275416, ""FIT503"": 0.14761053870496643, ""FIT504"": 0.22642369774314547, ""FIT601"": -0.2159846464764405, ""LIT101"": 0.00011739893776376871, ""LIT301"": 0.0019102673747587212, ""LIT401"": -0.0015302025365003054, ""MV101"": -0.5416772009973461, ""MV201"": -0.4099729511331642, ""MV301"": -0.44858276156895116, ""MV302"": 0.140258156795176, ""MV303"": 0.5260166789061135, ""MV304"": -0.15217340294731593, ""P101"": 1.4493004218731844, ""P102"": 0.0, ""P201"": 0.0, ""P202"": 0.0, ""P203"": -0.7041763456440737, ""P204"": 0.0, ""P205"": -0.7041763456440164, ""P206"": 0.0, ""P301"": 0.0, ""P302"": 0.46461785553420004, ""P401"": 0.0, ""P402"": 0.0, ""P403"": 0.0, ""P404"": 0.0, ""P501"": 0.0, ""P502"": 0.0, ""P601"": 0.0, ""P602"": 1.5747104863289922, ""P603"": 0.0, ""PIT501"": 0.13699872740917307, ""PIT502"": 0.6287991949747481, ""PIT503"": -0.14187319958696565, ""UV401"": 0.0}",31.263552006894628,-0.253553552791115,1.946876624143351,1.3953052082406026,1.0098262278433752
AIT503,mlp_next,self_only,ols,"[""AIT503""]","{""AIT503"": 0.9722374948310119}",7.494138052097981,0.9033589439398833,0.3615616257200204,0.6012999465491581,0.4285750808527176
AIT503,mlp_next,self_only,ridge,"[""AIT503""]","{""AIT503"": 0.9722211770418082}",7.498503147057988,0.9033527142191482,0.3615849328738173,0.6013193268753444,0.4285775448357825
AIT503,mlp_next,self_plus_local,ols,"[""AIT503""]","{""AIT503"": 0.9722374948310119}",7.494138052097981,0.9033589439398833,0.3615616257200204,0.6012999465491581,0.4285750808527176
AIT503,mlp_next,self_plus_local,ridge,"[""AIT503""]","{""AIT503"": 0.9722211770418082}",7.498503147057988,0.9033527142191482,0.3615849328738173,0.6013193268753444,0.4285775448357825
AIT503,mlp_next,all51,ols,"[""FIT101"", ""LIT101"", ""MV101"", ""P101"", ""P102"", ""AIT201"", ""AIT202"", ""AIT203"", ""FIT201"", ""MV201"", ""P201"", ""P202"", ""P203"", ""P204"", ""P205"", ""P206"", ""DPIT301"", ""FIT301"", ""LIT301"", ""MV301"", ""MV302"", ""MV303"", ""MV304"", ""P301"", ""P302"", ""AIT401"", ""AIT402"", ""FIT401"", ""LIT401"", ""P401"", ""P402"", ""P403"", ""P404"", ""UV401"", ""AIT501"", ""AIT502"", ""AIT503"", ""AIT504"", ""FIT501"", ""FIT502"", ""FIT503"", ""FIT504"", ""P501"", ""P502"", ""PIT501"", ""PIT502"", ""PIT503"", ""FIT601"", ""P601"", ""P602"", ""P603""]","{""AIT201"": 0.020032062913131587, ""AIT202"": -4.980681608515074, ""AIT203"": -0.00754401159643614, ""AIT401"": -0.30466207731604183, ""AIT402"": -0.04518661474729321, ""AIT501"": 2.4077837242243767, ""AIT502"": 0.05490756739293301, ""AIT503"": 0.9575395053013902, ""AIT504"": 0.019908113958894247, ""DPIT301"": -0.03436832948593027, ""FIT101"": -0.02827536065153991, ""FIT201"": 0.12873569719839584, ""FIT301"": 0.2158769255624855, ""FIT401"": 2.778441671274316, ""FIT501"": 1.3892488942207293, ""FIT502"": -0.6085531156653374, ""FIT503"": 5.361334366600977, ""FIT504"": 20.62760603893295, ""FIT601"": 0.07851384938698165, ""LIT101"": -0.00023451217285132015, ""LIT301"": 0.00042093844253088264, ""LIT401"": 0.0007945417596214033, ""MV101"": -0.16745789626009408, ""MV201"": 0.08494504549896227, ""MV301"": 0.17678932426570534, ""MV302"": 0.09281394890959505, ""MV303"": -0.17393509408896948, ""MV304"": -0.038119370404991026, ""P101"": 0.13822923512381263, ""P102"": -2.119810620440643e-12, ""P201"": 9.629658181964373e-13, ""P202"": 4.784977969407578e-12, ""P203"": -0.46079265165192607, ""P204"": -2.949418487219191e-12, ""P205"": -0.46079265164880023, ""P206"": 1.2984613384503518e-12, ""P301"": -1.9984014443252818e-15, ""P302"": 0.07016575188031643, ""P401"": 1.3322676295501878e-15, ""P402"": 5.329070518200751e-15, ""P403"": 4.440892098500626e-15, ""P404"": 2.6645352591003757e-15, ""P501"": 0.0, ""P502"": 0.0, ""P601"": 0.0, ""P602"": -0.45038886460895633, ""P603"": 0.0, ""PIT501"": 0.03995761416107779, ""PIT502"": -0.007167592471812187, ""PIT503"": -0.042568724893701226, ""UV401"": 0.0}",57.742114893024336,0.9255484008438226,0.2785445681762578,0.5277732166151081,0.369764483621793
AIT503,mlp_next,all51,ridge,"[""FIT101"", ""LIT101"", ""MV101"", ""P101"", ""P102"", ""AIT201"", ""AIT202"", ""AIT203"", ""FIT201"", ""MV201"", ""P201"", ""P202"", ""P203"", ""P204"", ""P205"", ""P206"", ""DPIT301"", ""FIT301"", ""LIT301"", ""MV301"", ""MV302"", ""MV303"", ""MV304"", ""P301"", ""P302"", ""AIT401"", ""AIT402"", ""FIT401"", ""LIT401"", ""P401"", ""P402"", ""P403"", ""P404"", ""UV401"", ""AIT501"", ""AIT502"", ""AIT503"", ""AIT504"", ""FIT501"", ""FIT502"", ""FIT503"", ""FIT504"", ""P501"", ""P502"", ""PIT501"", ""PIT502"", ""PIT503"", ""FIT601"", ""P601"", ""P602"", ""P603""]","{""AIT201"": 0.04600313969516388, ""AIT202"": -0.6047492585686272, ""AIT203"": 0.013561901659956967, ""AIT401"": -0.016234061911968883, ""AIT402"": -0.05866936545028476, ""AIT501"": 0.15145033672688007, ""AIT502"": 0.0442074306500971, ""AIT503"": 0.9590451235223024, ""AIT504"": 0.05207137585427969, ""DPIT301"": -0.03615839182388516, ""FIT101"": -0.022914464641178255, ""FIT201"": 0.10824773336187034, ""FIT301"": 0.2274036816761518, ""FIT401"": 0.10664231239324279, ""FIT501"": 0.06495564247778296, ""FIT502"": -0.32363191198408536, ""FIT503"": 0.03419217813452417, ""FIT504"": 0.0875650975288624, ""FIT601"": 0.05003760496804513, ""LIT101"": -0.00045415709056740374, ""LIT301"": 0.0005410025483207098, ""LIT401"": 0.0010130290363517301, ""MV101"": -0.16193379551344306, ""MV201"": 0.05331680337435926, ""MV301"": 0.14128644537454707, ""MV302"": 0.09558068786395502, ""MV303"": -0.16841933334092413, ""MV304"": -0.041080822161462284, ""P101"": 0.15162977978833955, ""P102"": 0.0, ""P201"": 0.0, ""P202"": 0.0, ""P203"": -0.41078302240649844, ""P204"": 0.0, ""P205"": -0.4107830224064362, ""P206"": 0.0, ""P301"": 0.0, ""P302"": 0.0717376354000174, ""P401"": 0.0, ""P402"": 0.0, ""P403"": 0.0, ""P404"": 0.0, ""P501"": 0.0, ""P502"": 0.0, ""P601"": 0.0, ""P602"": -0.37046746559691884, ""P603"": 0.0, ""PIT501"": 0.029240046156868506, ""PIT502"": 0.004942214933047999, ""PIT503"": -0.03241855943122064, ""UV401"": 0.0}",2.152647974590309,0.920773795990147,0.2964077203751722,0.5444333938831932,0.3831486863759955
AIT504,mlp_next,self_only,ols,"[""AIT504""]","{""AIT504"": 0.8501064754306087}",1.8246502289239783,0.0470144534113097,0.0833018606081869,0.2886206170878771,0.1966318176881367
AIT504,mlp_next,self_only,ridge,"[""AIT504""]","{""AIT504"": 0.8496644466509328}",1.8302269461749496,0.0473956331626979,0.0832685411285469,0.2885628893821015,0.1965847353843772
AIT504,mlp_next,self_plus_local,ols,"[""AIT504""]","{""AIT504"": 0.8501064754306087}",1.8246502289239783,0.0470144534113097,0.0833018606081869,0.2886206170878771,0.1966318176881367
AIT504,mlp_next,self_plus_local,ridge,"[""AIT504""]","{""AIT504"": 0.8496644466509328}",1.8302269461749496,0.0473956331626979,0.0832685411285469,0.2885628893821015,0.1965847353843772
AIT504,mlp_next,all51,ols,"[""FIT101"", ""LIT101"", ""MV101"", ""P101"", ""P102"", ""AIT201"", ""AIT202"", ""AIT203"", ""FIT201"", ""MV201"", ""P201"", ""P202"", ""P203"", ""P204"", ""P205"", ""P206"", ""DPIT301"", ""FIT301"", ""LIT301"", ""MV301"", ""MV302"", ""MV303"", ""MV304"", ""P301"", ""P302"", ""AIT401"", ""AIT402"", ""FIT401"", ""LIT401"", ""P401"", ""P402"", ""P403"", ""P404"", ""UV401"", ""AIT501"", ""AIT502"", ""AIT503"", ""AIT504"", ""FIT501"", ""FIT502"", ""FIT503"", ""FIT504"", ""P501"", ""P502"", ""PIT501"", ""PIT502"", ""PIT503"", ""FIT601"", ""P601"", ""P602"", ""P603""]","{""AIT201"": -0.032879222249855546, ""AIT202"": -1.1958879641000806, ""AIT203"": -0.010777213216582954, ""AIT401"": 0.8556659388916037, ""AIT402"": 0.014159650636141809, ""AIT501"": 2.328197524526636, ""AIT502"": -0.0332668088888127, ""AIT503"": 0.04334691930019874, ""AIT504"": 0.255795782430165, ""DPIT301"": -0.017305478680997632, ""FIT101"": -0.004952493195714136, ""FIT201"": 0.11026299863593113, ""FIT301"": 0.1777087516954264, ""FIT401"": 0.9731469260817543, ""FIT501"": -3.9945317370572058, ""FIT502"": 0.49044427478175745, ""FIT503"": -14.029811182184785, ""FIT504"": -43.59760158908939, ""FIT601"": -0.4588994129867169, ""LIT101"": 0.00032982710488436295, ""LIT301"": -0.0001521042879996104, ""LIT401"": 0.0014753040615272106, ""MV101"": -0.15670650170683284, ""MV201"": 0.16095331554476647, ""MV301"": -0.3080492946716844, ""MV302"": 0.039463278422125034, ""MV303"": 0.11479869432168235, ""MV304"": 0.16236723002357462, ""P101"": -0.1552618215656639, ""P102"": -7.574291888134965e-12, ""P201"": -8.406938339922121e-13, ""P202"": -3.898159572912618e-12, ""P203"": -0.17376633877438868, ""P204"": -2.437661184018225e-12, ""P205"": -0.17376633877582243, ""P206"": -1.9445833832065773e-12, ""P301"": -2.986499936241671e-14, ""P302"": -0.13476013875070006, ""P401"": -1.3322676295501878e-15, ""P402"": -1.7763568394002505e-14, ""P403"": -1.0658141036401503e-14, ""P404"": -5.329070518200751e-15, ""P501"": 0.0, ""P502"": 0.0, ""P601"": 0.0, ""P602"": 0.8862282698371827, ""P603"": 0.0, ""PIT501"": -0.09105887115459121, ""PIT502"": 0.843798626572669, ""PIT503"": -0.005294131048709266, ""UV401"": -3.552713678800501e-15}",-73.56340710278452,0.0866681347368505,0.0798356743200466,0.2825520736431545,0.2058317863848183
AIT504,mlp_next,all51,ridge,"[""FIT101"", ""LIT101"", ""MV101"", ""P101"", ""P102"", ""AIT201"", ""AIT202"", ""AIT203"", ""FIT201"", ""MV201"", ""P201"", ""P202"", ""P203"", ""P204"", ""P205"", ""P206"", ""DPIT301"", ""FIT301"", ""LIT301"", ""MV301"", ""MV302"", ""MV303"", ""MV304"", ""P301"", ""P302"", ""AIT401"", ""AIT402"", ""FIT401"", ""LIT401"", ""P401"", ""P402"", ""P403"", ""P404"", ""UV401"", ""AIT501"", ""AIT502"", ""AIT503"", ""AIT504"", ""FIT501"", ""FIT502"", ""FIT503"", ""FIT504"", ""P501"", ""P502"", ""PIT501"", ""PIT502"", ""PIT503"", ""FIT601"", ""P601"", ""P602"", ""P603""]","{""AIT201"": -0.022185390323837834, ""AIT202"": -0.3022234294886907, ""AIT203"": -0.00594022479988632, ""AIT401"": 0.0672391157796151, ""AIT402"": 0.004202360734049848, ""AIT501"": 0.18290288080469108, ""AIT502"": -0.039711007290680875, ""AIT503"": 0.040444181446339246, ""AIT504"": 0.3399158057388014, ""DPIT301"": -0.019536236159174734, ""FIT101"": -0.003389624724517165, ""FIT201"": 0.09137015655445606, ""FIT301"": 0.18303250009484823, ""FIT401"": 0.4503795909641456, ""FIT501"": 0.37805917570812736, ""FIT502"": 0.4551328355781922, ""FIT503"": -0.18190970382693503, ""FIT504"": -0.29007308206477084, ""FIT601"": -0.39843492019206694, ""LIT101"": 0.00022307642910559074, ""LIT301"": -0.00022444480240745913, ""LIT401"": 0.0017930349099773417, ""MV101"": -0.15577376434687826, ""MV201"": 0.14213244719935342, ""MV301"": -0.23868692067270594, ""MV302"": 0.04344004354007783, ""MV303"": 0.11184665945808017, ""MV304"": 0.16738736112188832, ""P101"": -0.14265335118063646, ""P102"": 0.0, ""P201"": 0.0, ""P202"": 0.0, ""P203"": -0.15132454401705828, ""P204"": 0.0, ""P205"": -0.151324544017029, ""P206"": 0.0, ""P301"": 0.0, ""P302"": -0.12291858665329329, ""P401"": 0.0, ""P402"": 0.0, ""P403"": 0.0, ""P404"": 0.0, ""P501"": 0.0, ""P502"": 0.0, ""P601"": 0.0, ""P602"": 0.7148801456109373, ""P603"": 0.0, ""PIT501"": -0.09145629036585914, ""PIT502"": 0.929670112750852, ""PIT503"": 0.0025960916953735643, ""UV401"": 0.0}",19.381075315138183,-0.369193303450551,0.1196831894439294,0.3459525826524922,0.2568572838682456
FIT501,mlp_next,self_only,ols,"[""FIT501""]","{""FIT501"": 0.8248157332010614}",0.3038985673724377,0.1862934301339291,2.0924861722609167e-05,0.0045743700902538,0.0036944879982319
FIT501,mlp_next,self_only,ridge,"[""FIT501""]","{""FIT501"": 0.2904453621681001}",1.2316226817668396,-0.1110845514919902,2.8572081709901588e-05,0.0053452859334091,0.0034959678216814
FIT501,mlp_next,self_plus_local,ols,"[""FIT501""]","{""FIT501"": 0.8248157332010614}",0.3038985673724377,0.1862934301339291,2.0924861722609167e-05,0.0045743700902538,0.0036944879982319
FIT501,mlp_next,self_plus_local,ridge,"[""FIT501""]","{""FIT501"": 0.2904453621681001}",1.2316226817668396,-0.1110845514919902,2.8572081709901588e-05,0.0053452859334091,0.0034959678216814
FIT501,mlp_next,all51,ols,"[""FIT101"", ""LIT101"", ""MV101"", ""P101"", ""P102"", ""AIT201"", ""AIT202"", ""AIT203"", ""FIT201"", ""MV201"", ""P201"", ""P202"", ""P203"", ""P204"", ""P205"", ""P206"", ""DPIT301"", ""FIT301"", ""LIT301"", ""MV301"", ""MV302"", ""MV303"", ""MV304"", ""P301"", ""P302"", ""AIT401"", ""AIT402"", ""FIT401"", ""LIT401"", ""P401"", ""P402"", ""P403"", ""P404"", ""UV401"", ""AIT501"", ""AIT502"", ""AIT503"", ""AIT504"", ""FIT501"", ""FIT502"", ""FIT503"", ""FIT504"", ""P501"", ""P502"", ""PIT501"", ""PIT502"", ""PIT503"", ""FIT601"", ""P601"", ""P602"", ""P603""]","{""AIT201"": -0.0003496646179660793, ""AIT202"": -0.013354885074325473, ""AIT203"": 8.258610963485019e-05, ""AIT401"": 0.02646706426476013, ""AIT402"": -5.414391826547016e-05, ""AIT501"": 0.045622882694619504, ""AIT502"": -0.00024100545084834875, ""AIT503"": 9.56171172945934e-05, ""AIT504"": 0.0014554671939520083, ""DPIT301"": -6.379575994817314e-05, ""FIT101"": 0.0001947615135004677, ""FIT201"": 0.0027109838986500556, ""FIT301"": 0.0014971382034658918, ""FIT401"": 0.14838045565485475, ""FIT501"": 0.19282644715916836, ""FIT502"": 0.04495627257291314, ""FIT503"": -0.11061352860129416, ""FIT504"": 0.10938911613021968, ""FIT601"": 0.002158889471160156, ""LIT101"": -1.324685481825246e-06, ""LIT301"": -1.4481487241287463e-05, ""LIT401"": 2.9875543882356206e-05, ""MV101"": 0.001223427229792983, ""MV201"": 0.0010621968687454268, ""MV301"": 0.0009526743423539631, ""MV302"": 0.0022490319903658742, ""MV303"": -0.002449347443712775, ""MV304"": 0.0018231663611304482, ""P101"": -0.004121961293703223, ""P102"": -7.0803226562971e-14, ""P201"": 1.854701288384053e-14, ""P202"": 5.209374598358352e-14, ""P203"": -0.0034309040328955273, ""P204"": -1.2464855536631347e-13, ""P205"": -0.003430904032864105, ""P206"": -2.3125598658246815e-14, ""P301"": -1.1102230246251565e-16, ""P302"": -0.004352247857630822, ""P401"": 8.326672684688674e-17, ""P402"": 1.6653345369377348e-16, ""P403"": 1.1102230246251565e-16, ""P404"": 1.0408340855860843e-16, ""P501"": 0.0, ""P502"": 0.0, ""P601"": 0.0, ""P602"": 0.0005902382832957934, ""P603"": 0.0, ""PIT501"": -0.0006215599631669969, ""PIT502"": 0.008681473007623368, ""PIT503"": -0.0007781329233600639, ""UV401"": -6.938893903907228e-18}",-2.696886944174413,0.3053756210840187,1.7862605042457145e-05,0.0042264175187098,0.0028298778992077
FIT501,mlp_next,all51,ridge,"[""FIT101"", ""LIT101"", ""MV101"", ""P101"", ""P102"", ""AIT201"", ""AIT202"", ""AIT203"", ""FIT201"", ""MV201"", ""P201"", ""P202"", ""P203"", ""P204"", ""P205"", ""P206"", ""DPIT301"", ""FIT301"", ""LIT301"", ""MV301"", ""MV302"", ""MV303"", ""MV304"", ""P301"", ""P302"", ""AIT401"", ""AIT402"", ""FIT401"", ""LIT401"", ""P401"", ""P402"", ""P403"", ""P404"", ""UV401"", ""AIT501"", ""AIT502"", ""AIT503"", ""AIT504"", ""FIT501"", ""FIT502"", ""FIT503"", ""FIT504"", ""P501"", ""P502"", ""PIT501"", ""PIT502"", ""PIT503"", ""FIT601"", ""P601"", ""P602"", ""P603""]","{""AIT201"": -0.00012986526105015976, ""AIT202"": -0.00822713690335127, ""AIT203"": 9.689215981646134e-05, ""AIT401"": 0.0022632095787416683, ""AIT402"": -0.0007351613637061068, ""AIT501"": 0.003295871525119849, ""AIT502"": -6.352251240434914e-05, ""AIT503"": -3.300759112870229e-05, ""AIT504"": 0.0052765214829509485, ""DPIT301"": -0.0001369902295721761, ""FIT101"": 0.0002651076054196311, ""FIT201"": 0.00266957737375549, ""FIT301"": 0.0018306868731383357, ""FIT401"": 0.021568764187634544, ""FIT501"": 0.02099719828568211, ""FIT502"": 0.034713347513538544, ""FIT503"": -0.0039431160710825305, ""FIT504"": -0.0029644887714433835, ""FIT601"": 0.002056046959317593, ""LIT101"": -3.881299404858993e-06, ""LIT301"": -1.863904888759161e-05, ""LIT401"": 4.066005745165445e-05, ""MV101"": 0.001145802397349878, ""MV201"": 0.0009320876021562026, ""MV301"": 0.0009276236059361717, ""MV302"": 0.0024187190315936528, ""MV303"": -0.002425856752985249, ""MV304"": 0.0018390310369304156, ""P101"": -0.0042837471709815484, ""P102"": 0.0, ""P201"": 0.0, ""P202"": 0.0, ""P203"": -0.0032790983323753363, ""P204"": 0.0, ""P205"": -0.0032790983323750613, ""P206"": 0.0, ""P301"": 0.0, ""P302"": -0.004323615697650959, ""P401"": 0.0, ""P402"": 0.0, ""P403"": 0.0, ""P404"": 0.0, ""P501"": 0.0, ""P502"": 0.0, ""P601"": 0.0, ""P602"": 0.00045848837358506914, ""P603"": 0.0, ""PIT501"": -0.0013592016761577235, ""PIT502"": 0.013741294511655486, ""PIT503"": 4.132593861627045e-05, ""UV401"": 0.0}",1.707249170896642,-0.6616899042928353,4.273116718094852e-05,0.006536908074996,0.0045120103785227
FIT502,mlp_next,self_only,ols,"[""FIT502""]","{""FIT502"": 0.3005083243816043}",0.9037668095551584,-2.0389376149346434,4.510209245535003e-05,0.0067158091437555,0.0054415084836197
FIT502,mlp_next,self_only,ridge,"[""FIT502""]","{""FIT502"": 0.20771749917815044}",1.0240561368790813,-2.041806461989652,4.514467016556014e-05,0.0067189783572772,0.0055848559277956
FIT502,mlp_next,self_plus_local,ols,"[""FIT502""]","{""FIT502"": 0.3005083243816043}",0.9037668095551584,-2.0389376149346434,4.510209245535003e-05,0.0067158091437555,0.0054415084836197
FIT502,mlp_next,self_plus_local,ridge,"[""FIT502""]","{""FIT502"": 0.20771749917815044}",1.0240561368790813,-2.041806461989652,4.514467016556014e-05,0.0067189783572772,0.0055848559277956
FIT502,mlp_next,all51,ols,"[""FIT101"", ""LIT101"", ""MV101"", ""P101"", ""P102"", ""AIT201"", ""AIT202"", ""AIT203"", ""FIT201"", ""MV201"", ""P201"", ""P202"", ""P203"", ""P204"", ""P205"", ""P206"", ""DPIT301"", ""FIT301"", ""LIT301"", ""MV301"", ""MV302"", ""MV303"", ""MV304"", ""P301"", ""P302"", ""AIT401"", ""AIT402"", ""FIT401"", ""LIT401"", ""P401"", ""P402"", ""P403"", ""P404"", ""UV401"", ""AIT501"", ""AIT502"", ""AIT503"", ""AIT504"", ""FIT501"", ""FIT502"", ""FIT503"", ""FIT504"", ""P501"", ""P502"", ""PIT501"", ""PIT502"", ""PIT503"", ""FIT601"", ""P601"", ""P602"", ""P603""]","{""AIT201"": -0.000251611330492382, ""AIT202"": -0.04944607279398056, ""AIT203"": -0.0001911543559357337, ""AIT401"": 0.0048794877099700585, ""AIT402"": 0.00021479991947533517, ""AIT501"": -0.018084763518242727, ""AIT502"": -0.0002480952305855544, ""AIT503"": -9.052034742159168e-05, ""AIT504"": 0.0012440592124577108, ""DPIT301"": -0.000297825904613417, ""FIT101"": 0.0014935114709796371, ""FIT201"": 0.0009945081299998098, ""FIT301"": 0.0024314118674063434, ""FIT401"": 0.17268923918827908, ""FIT501"": 0.23133209976611122, ""FIT502"": 0.02917168927081443, ""FIT503"": -0.03431267416873464, ""FIT504"": 0.20567724354307926, ""FIT601"": 0.0038316329605665262, ""LIT101"": -3.7918344461474113e-07, ""LIT301"": -1.9975876086465727e-05, ""LIT401"": 3.2096795357440186e-05, ""MV101"": -0.0015460782765769811, ""MV201"": 0.000597262438365636, ""MV301"": 0.0046020245307957924, ""MV302"": 0.0024750867433878947, ""MV303"": -0.0025487342810226396, ""MV304"": 0.003175538204200289, ""P101"": -0.0047521677278319074, ""P102"": -9.317459997992827e-14, ""P201"": 2.477293543912129e-14, ""P202"": 8.431623454985271e-14, ""P203"": -0.0007455912135907815, ""P204"": -1.4567687334210433e-13, ""P205"": -0.000745591213537503, ""P206"": -1.6143336667440167e-14, ""P301"": -8.673617379884035e-17, ""P302"": -0.0004880949204940947, ""P401"": 1.3877787807814457e-16, ""P402"": 1.8041124150158794e-16, ""P403"": 1.1102230246251565e-16, ""P404"": 8.326672684688674e-17, ""P501"": 0.0, ""P502"": 0.0, ""P601"": 0.0, ""P602"": -0.009457539529880965, ""P603"": 0.0, ""PIT501"": -0.000792490021663048, ""PIT502"": 0.007401760526014584, ""PIT503"": -0.0013283049647036665, ""UV401"": 6.938893903907228e-18}",0.9264002937382276,0.2155320810320234,1.1642603137251515e-05,0.00341212589704,0.0023927623228085
FIT502,mlp_next,all51,ridge,"[""FIT101"", ""LIT101"", ""MV101"", ""P101"", ""P102"", ""AIT201"", ""AIT202"", ""AIT203"", ""FIT201"", ""MV201"", ""P201"", ""P202"", ""P203"", ""P204"", ""P205"", ""P206"", ""DPIT301"", ""FIT301"", ""LIT301"", ""MV301"", ""MV302"", ""MV303"", ""MV304"", ""P301"", ""P302"", ""AIT401"", ""AIT402"", ""FIT401"", ""LIT401"", ""P401"", ""P402"", ""P403"", ""P404"", ""UV401"", ""AIT501"", ""AIT502"", ""AIT503"", ""AIT504"", ""FIT501"", ""FIT502"", ""FIT503"", ""FIT504"", ""P501"", ""P502"", ""PIT501"", ""PIT502"", ""PIT503"", ""FIT601"", ""P601"", ""P602"", ""P603""]","{""AIT201"": 5.47549178373438e-06, ""AIT202"": -0.014512747758282426, ""AIT203"": 6.027334582288899e-05, ""AIT401"": 0.0007544614296852479, ""AIT402"": -0.0007145013658085272, ""AIT501"": -0.003467692460747174, ""AIT502"": 0.0002660870685746228, ""AIT503"": -0.0002146293966644479, ""AIT504"": 0.005504538745066769, ""DPIT301"": -0.0003742905189963112, ""FIT101"": 0.001585140238139368, ""FIT201"": 0.0007452992263568268, ""FIT301"": 0.0029204273349782706, ""FIT401"": 0.02418811003332309, ""FIT501"": 0.023660452491995415, ""FIT502"": 0.025901197793132946, ""FIT503"": -0.003723159990953671, ""FIT504"": -0.002921389263200599, ""FIT601"": 0.0030641638416535337, ""LIT101"": -4.227495456143847e-06, ""LIT301"": -2.237279461893079e-05, ""LIT401"": 4.282019773476078e-05, ""MV101"": -0.0015341656353687761, ""MV201"": 0.0007242546467609879, ""MV301"": 0.003742055258279143, ""MV302"": 0.002703139839699297, ""MV303"": -0.0025132239721979027, ""MV304"": 0.0032370952444409347, ""P101"": -0.004954036403863304, ""P102"": 0.0, ""P201"": 0.0, ""P202"": 0.0, ""P203"": -0.0009183530575028878, ""P204"": 0.0, ""P205"": -0.0009183530575027277, ""P206"": 0.0, ""P301"": 0.0, ""P302"": -0.00067512306071818, ""P401"": 0.0, ""P402"": 0.0, ""P403"": 0.0, ""P404"": 0.0, ""P501"": 0.0, ""P502"": 0.0, ""P601"": 0.0, ""P602"": -0.007497850305762303, ""P603"": 0.0, ""PIT501"": -0.0017003576552945062, ""PIT502"": 0.01323133262439666, ""PIT503"": -0.0005425591686607632, ""UV401"": 0.0}",1.7623973553783858,-1.6215693394567667,3.890776241842427e-05,0.0062376087099484,0.0045215818529738
FIT503,mlp_next,self_only,ols,"[""FIT503""]","{""FIT503"": 0.9068203229724948}",0.0683443320642558,-2.762739179375469,6.878278168343874e-06,0.0026226471681001,0.0021133650654343
FIT503,mlp_next,self_only,ridge,"[""FIT503""]","{""FIT503"": 0.046414444662180525}",0.698391300480185,-0.0668907656127699,1.950273753053488e-06,0.0013965220202537,0.0010237899671055
FIT503,mlp_next,self_plus_local,ols,"[""FIT503""]","{""FIT503"": 0.9068203229724948}",0.0683443320642558,-2.762739179375469,6.878278168343874e-06,0.0026226471681001,0.0021133650654343
FIT503,mlp_next,self_plus_local,ridge,"[""FIT503""]","{""FIT503"": 0.046414444662180525}",0.698391300480185,-0.0668907656127699,1.950273753053488e-06,0.0013965220202537,0.0010237899671055
FIT503,mlp_next,all51,ols,"[""FIT101"", ""LIT101"", ""MV101"", ""P101"", ""P102"", ""AIT201"", ""AIT202"", ""AIT203"", ""FIT201"", ""MV201"", ""P201"", ""P202"", ""P203"", ""P204"", ""P205"", ""P206"", ""DPIT301"", ""FIT301"", ""LIT301"", ""MV301"", ""MV302"", ""MV303"", ""MV304"", ""P301"", ""P302"", ""AIT401"", ""AIT402"", ""FIT401"", ""LIT401"", ""P401"", ""P402"", ""P403"", ""P404"", ""UV401"", ""AIT501"", ""AIT502"", ""AIT503"", ""AIT504"", ""FIT501"", ""FIT502"", ""FIT503"", ""FIT504"", ""P501"", ""P502"", ""PIT501"", ""PIT502"", ""PIT503"", ""FIT601"", ""P601"", ""P602"", ""P603""]","{""AIT201"": 5.708901839934121e-05, ""AIT202"": 0.02662565725538287, ""AIT203"": 8.92712795553997e-05, ""AIT401"": -0.00542677673918632, ""AIT402"": -1.334676285676302e-05, ""AIT501"": 0.011879235742994536, ""AIT502"": 0.00017707017667967055, ""AIT503"": 0.00014782289142281982, ""AIT504"": -0.0007867372038567952, ""DPIT301"": -5.074311256486608e-05, ""FIT101"": 2.2983363886488694e-05, ""FIT201"": 0.0007716999989979247, ""FIT301"": 0.00015707529761809272, ""FIT401"": -0.014938594537450512, ""FIT501"": -0.004397077695112912, ""FIT502"": 0.0012061243455899543, ""FIT503"": 0.06805046803655941, ""FIT504"": 0.09112317810883333, ""FIT601"": 0.0013630140546513783, ""LIT101"": 9.70340985576265e-07, ""LIT301"": -5.483822575562056e-06, ""LIT401"": -5.239883960763943e-06, ""MV101"": 0.0006212166218834256, ""MV201"": 9.809378514901552e-05, ""MV301"": 0.000674598872888536, ""MV302"": 0.0005461353727002855, ""MV303"": -0.00043706912634474163, ""MV304"": -0.0002801318592157121, ""P101"": -0.0013885936815834735, ""P102"": 4.8862511801452124e-14, ""P201"": -9.439335164201923e-16, ""P202"": -7.013053332505237e-15, ""P203"": -0.0004598176592503946, ""P204"": 2.4232352235920018e-14, ""P205"": -0.0004598176592571761, ""P206"": 1.4406878467987383e-15, ""P301"": 5.117434254131581e-17, ""P302"": 0.0003840594105273369, ""P401"": 1.3877787807814457e-17, ""P402"": -2.42861286636753e-17, ""P403"": 1.3877787807814457e-17, ""P404"": -6.938893903907228e-18, ""P501"": 0.0, ""P502"": 0.0, ""P601"": 0.0, ""P602"": -0.0004407433966223141, ""P603"": 0.0, ""PIT501"": 0.0004624592906454193, ""PIT502"": -0.0037685376346388785, ""PIT503"": 0.00033860399069878064, ""UV401"": 0.0}",0.914773886778455,0.3564682250924341,1.1763745364665369e-06,0.0010846080105118,0.0007714287356434
FIT503,mlp_next,all51,ridge,"[""FIT101"", ""LIT101"", ""MV101"", ""P101"", ""P102"", ""AIT201"", ""AIT202"", ""AIT203"", ""FIT201"", ""MV201"", ""P201"", ""P202"", ""P203"", ""P204"", ""P205"", ""P206"", ""DPIT301"", ""FIT301"", ""LIT301"", ""MV301"", ""MV302"", ""MV303"", ""MV304"", ""P301"", ""P302"", ""AIT401"", ""AIT402"", ""FIT401"", ""LIT401"", ""P401"", ""P402"", ""P403"", ""P404"", ""UV401"", ""AIT501"", ""AIT502"", ""AIT503"", ""AIT504"", ""FIT501"", ""FIT502"", ""FIT503"", ""FIT504"", ""P501"", ""P502"", ""PIT501"", ""PIT502"", ""PIT503"", ""FIT601"", ""P601"", ""P602"", ""P603""]","{""AIT201"": -4.1179059378330215e-05, ""AIT202"": 0.004774952408824655, ""AIT203"": -5.6538184961984313e-05, ""AIT401"": -0.00042574637065379055, ""AIT402"": 0.000154922474196186, ""AIT501"": 0.001681668882112912, ""AIT502"": 7.459122569732509e-05, ""AIT503"": 0.00015754840880144607, ""AIT504"": -0.001419989638714634, ""DPIT301"": -3.4837012803010956e-05, ""FIT101"": -9.74622561055698e-06, ""FIT201"": 0.0008605429513051829, ""FIT301"": 5.223685243130091e-05, ""FIT401"": -0.003350416996281827, ""FIT501"": -0.0031134813917911334, ""FIT502"": -0.0004156873602121036, ""FIT503"": 0.0010304432985480873, ""FIT504"": 0.0010254739406550177, ""FIT601"": 0.0013102015614383832, ""LIT101"": 2.2858111576049525e-06, ""LIT301"": -5.903620612177158e-06, ""LIT401"": -6.986665557553422e-06, ""MV101"": 0.0005947755994593872, ""MV201"": -2.5654408785336383e-05, ""MV301"": 0.000640708615518513, ""MV302"": 0.0004920040124042278, ""MV303"": -0.00043095758340687255, ""MV304"": -0.000318866947266381, ""P101"": -0.0012306522505280597, ""P102"": 0.0, ""P201"": 0.0, ""P202"": 0.0, ""P203"": -0.0003919197822073911, ""P204"": 0.0, ""P205"": -0.0003919197822074986, ""P206"": 0.0, ""P301"": 0.0, ""P302"": 0.0004019758697514817, ""P401"": 0.0, ""P402"": 0.0, ""P403"": 0.0, ""P404"": 0.0, ""P501"": 0.0, ""P502"": 0.0, ""P601"": 0.0, ""P602"": -0.0003533505023915087, ""P603"": 0.0, ""PIT501"": 0.0005839249319666318, ""PIT502"": -0.004523067853453144, ""PIT503"": 0.0003076031155090086, ""UV401"": 0.0}",0.5353980753776969,0.2368031008895836,1.3951220956458152e-06,0.0011811528671792,0.0008754921497703
FIT504,mlp_next,self_only,ols,"[""FIT504""]","{""FIT504"": 0.5842511444817606}",0.1270935869112764,-2.163934748888832,1.909794755769689e-06,0.0013819532393571,0.0010979134780114
FIT504,mlp_next,self_only,ridge,"[""FIT504""]","{""FIT504"": 0.007651993563951176}",0.3035641791614081,-0.1668233066966624,7.043106792331104e-07,0.0008392321962562,0.0006655645544124
FIT504,mlp_next,self_plus_local,ols,"[""FIT504""]","{""FIT504"": 0.5842511444817606}",0.1270935869112764,-2.163934748888832,1.909794755769689e-06,0.0013819532393571,0.0010979134780114
FIT504,mlp_next,self_plus_local,ridge,"[""FIT504""]","{""FIT504"": 0.007651993563951176}",0.3035641791614081,-0.1668233066966624,7.043106792331104e-07,0.0008392321962562,0.0006655645544124
FIT504,mlp_next,all51,ols,"[""FIT101"", ""LIT101"", ""MV101"", ""P101"", ""P102"", ""AIT201"", ""AIT202"", ""AIT203"", ""FIT201"", ""MV201"", ""P201"", ""P202"", ""P203"", ""P204"", ""P205"", ""P206"", ""DPIT301"", ""FIT301"", ""LIT301"", ""MV301"", ""MV302"", ""MV303"", ""MV304"", ""P301"", ""P302"", ""AIT401"", ""AIT402"", ""FIT401"", ""LIT401"", ""P401"", ""P402"", ""P403"", ""P404"", ""UV401"", ""AIT501"", ""AIT502"", ""AIT503"", ""AIT504"", ""FIT501"", ""FIT502"", ""FIT503"", ""FIT504"", ""P501"", ""P502"", ""PIT501"", ""PIT502"", ""PIT503"", ""FIT601"", ""P601"", ""P602"", ""P603""]","{""AIT201"": -4.2400894528877e-05, ""AIT202"": 0.007776809131454623, ""AIT203"": 6.477931345248766e-05, ""AIT401"": -0.0026339750444769688, ""AIT402"": 2.9313966803575777e-06, ""AIT501"": 0.02232265676525048, ""AIT502"": 0.00010931272951918624, ""AIT503"": 0.00011284663922611713, ""AIT504"": -0.0005934440732262166, ""DPIT301"": 1.853579716220178e-05, ""FIT101"": -8.69718308493445e-05, ""FIT201"": 0.0003975525156934371, ""FIT301"": -0.00019573717871590056, ""FIT401"": 0.0030936208018990095, ""FIT501"": 0.014382615162884122, ""FIT502"": -0.00021460996499756118, ""FIT503"": 0.03888607653326242, ""FIT504"": 0.16405118074187264, ""FIT601"": -0.00019382165140470128, ""LIT101"": 7.93175198764337e-07, ""LIT301"": -1.0678830078213707e-06, ""LIT401"": -7.174611894317966e-06, ""MV101"": 0.00047245539777810325, ""MV201"": -0.0001864120487452101, ""MV301"": 0.000286253770610467, ""MV302"": 5.938358529427321e-06, ""MV303"": -2.0432022623557836e-06, ""MV304"": -0.0005346102532394383, ""P101"": -0.0004789635995136229, ""P102"": 3.1181247904868425e-14, ""P201"": 3.521873209190972e-15, ""P202"": 1.319842672653504e-14, ""P203"": -0.0002760428271120703, ""P204"": 4.238146292245837e-15, ""P205"": -0.0002760428271069574, ""P206"": 4.964805693299934e-15, ""P301"": 9.80118763926896e-17, ""P302"": -0.00012686298525893102, ""P401"": 2.42861286636753e-17, ""P402"": 7.28583859910259e-17, ""P403"": 6.071532165918825e-17, ""P404"": 3.469446951953614e-17, ""P501"": 0.0, ""P502"": 0.0, ""P601"": 0.0, ""P602"": -1.382867533528481e-05, ""P603"": 0.0, ""PIT501"": 0.00017899602452396777, ""PIT502"": -0.0034205719331459783, ""PIT503"": -5.885068089226211e-05, ""UV401"": 6.938893903907228e-18}",0.2773940130789274,0.4815856873605109,3.129220461776444e-07,0.0005593943565836,0.0004077984493401
FIT504,mlp_next,all51,ridge,"[""FIT101"", ""LIT101"", ""MV101"", ""P101"", ""P102"", ""AIT201"", ""AIT202"", ""AIT203"", ""FIT201"", ""MV201"", ""P201"", ""P202"", ""P203"", ""P204"", ""P205"", ""P206"", ""DPIT301"", ""FIT301"", ""LIT301"", ""MV301"", ""MV302"", ""MV303"", ""MV304"", ""P301"", ""P302"", ""AIT401"", ""AIT402"", ""FIT401"", ""LIT401"", ""P401"", ""P402"", ""P403"", ""P404"", ""UV401"", ""AIT501"", ""AIT502"", ""AIT503"", ""AIT504"", ""FIT501"", ""FIT502"", ""FIT503"", ""FIT504"", ""P501"", ""P502"", ""PIT501"", ""PIT502"", ""PIT503"", ""FIT601"", ""P601"", ""P602"", ""P603""]","{""AIT201"": -3.429606896522012e-05, ""AIT202"": 0.001881274407040038, ""AIT203"": -2.055503302696217e-06, ""AIT401"": -0.00016903268186998442, ""AIT402"": 7.047940414065875e-05, ""AIT501"": 0.0022931838104342846, ""AIT502"": -5.307013012142106e-06, ""AIT503"": 0.00011736340896317387, ""AIT504"": -0.0008038757342176631, ""DPIT301"": 1.9291987991210774e-05, ""FIT101"": -9.425715992822567e-05, ""FIT201"": 0.0005489269683260962, ""FIT301"": -0.0002039438997731899, ""FIT401"": -0.0012271321857106813, ""FIT501"": -0.0011260180472336722, ""FIT502"": -0.0004897670919084565, ""FIT503"": 0.0005286056013134655, ""FIT504"": 0.0010309737801701198, ""FIT601"": -0.00017292282335207643, ""LIT101"": 1.13739929264498e-06, ""LIT301"": -1.4020928754644692e-06, ""LIT401"": -7.325520432466763e-06, ""MV101"": 0.0004596268169137542, ""MV201"": -0.00027180852575654584, ""MV301"": 0.00030733711089709617, ""MV302"": 4.59775307480392e-06, ""MV303"": -6.486786065618436e-06, ""MV304"": -0.0005617694222142801, ""P101"": -0.00040925337994546554, ""P102"": 0.0, ""P201"": 0.0, ""P202"": 0.0, ""P203"": -0.00022782886706873367, ""P204"": 0.0, ""P205"": -0.00022782886706876077, ""P206"": 0.0, ""P301"": 0.0, ""P302"": -0.00014366203323088703, ""P401"": 0.0, ""P402"": 0.0, ""P403"": 0.0, ""P404"": 0.0, ""P501"": 0.0, ""P502"": 0.0, ""P601"": 0.0, ""P602"": -0.00010454189660055301, ""P603"": 0.0, ""PIT501"": 0.00019384326949553162, ""PIT502"": -0.003663413269999376, ""PIT503"": -1.2980827038204716e-05, ""UV401"": 0.0}",0.2458040131979573,0.3517960440094166,3.9126486924382484e-07,0.000625511685937,0.0004610502130474
PIT501,mlp_next,self_only,ols,"[""PIT501""]","{""PIT501"": 0.9027854227915587}",24.044057074809277,-0.3325056393811163,0.6340283998548893,0.7962590029976988,0.5630849963553158
PIT501,mlp_next,self_only,ridge,"[""PIT501""]","{""PIT501"": 0.9027547696366763}",24.051684444762454,-0.3324001599510975,0.633978210983446,0.7962274869554843,0.5630573410635552
PIT501,mlp_next,self_plus_local,ols,"[""PIT501""]","{""PIT501"": 0.9027854227915587}",24.044057074809277,-0.3325056393811163,0.6340283998548893,0.7962590029976988,0.5630849963553158
PIT501,mlp_next,self_plus_local,ridge,"[""PIT501""]","{""PIT501"": 0.9027547696366763}",24.051684444762454,-0.3324001599510975,0.633978210983446,0.7962274869554843,0.5630573410635552
PIT501,mlp_next,all51,ols,"[""FIT101"", ""LIT101"", ""MV101"", ""P101"", ""P102"", ""AIT201"", ""AIT202"", ""AIT203"", ""FIT201"", ""MV201"", ""P201"", ""P202"", ""P203"", ""P204"", ""P205"", ""P206"", ""DPIT301"", ""FIT301"", ""LIT301"", ""MV301"", ""MV302"", ""MV303"", ""MV304"", ""P301"", ""P302"", ""AIT401"", ""AIT402"", ""FIT401"", ""LIT401"", ""P401"", ""P402"", ""P403"", ""P404"", ""UV401"", ""AIT501"", ""AIT502"", ""AIT503"", ""AIT504"", ""FIT501"", ""FIT502"", ""FIT503"", ""FIT504"", ""P501"", ""P502"", ""PIT501"", ""PIT502"", ""PIT503"", ""FIT601"", ""P601"", ""P602"", ""P603""]","{""AIT201"": 0.11128933885375278, ""AIT202"": 8.322046126968916, ""AIT203"": 0.062934380831907, ""AIT401"": -2.917767418133307, ""AIT402"": -0.08108869029949484, ""AIT501"": -4.448057236259882, ""AIT502"": 0.04089991815243921, ""AIT503"": 0.005461157603507516, ""AIT504"": -0.3565302318050658, ""DPIT301"": -0.003906273664530779, ""FIT101"": 0.07213826264947848, ""FIT201"": -0.04311899467309785, ""FIT301"": 0.043715926117010695, ""FIT401"": -24.401018105731435, ""FIT501"": -22.073222878274024, ""FIT502"": 5.120926027684937, ""FIT503"": 15.019873015741139, ""FIT504"": -15.138873845980351, ""FIT601"": 0.08221617054458463, ""LIT101"": -0.00042620903041498334, ""LIT301"": 0.0005619548801112373, ""LIT401"": 0.003022742338883, ""MV101"": 0.06670997754315569, ""MV201"": -0.30484778948007263, ""MV301"": -0.4010021127741292, ""MV302"": 0.13619018340608707, ""MV303"": 0.31303866932963065, ""MV304"": -0.09619000254556186, ""P101"": -0.1357559994308338, ""P102"": 1.0762314650580862e-11, ""P201"": -2.7694097015640295e-12, ""P202"": -8.777201188081563e-12, ""P203"": 0.06416637085791324, ""P204"": 2.1124213489542853e-11, ""P205"": 0.06416637085048377, ""P206"": 2.9943825197165097e-12, ""P301"": 2.6201263381153694e-14, ""P302"": 0.5362593888694851, ""P401"": -7.105427357601002e-15, ""P402"": -1.7763568394002505e-14, ""P403"": -1.0658141036401503e-14, ""P404"": -1.454392162258955e-14, ""P501"": 0.0, ""P502"": 0.0, ""P601"": 0.0, ""P602"": 0.6792692180802352, ""P603"": 0.0, ""PIT501"": 0.43539490439503936, ""PIT502"": -2.1940966675668894, ""PIT503"": 0.20613202191717184, ""UV401"": 0.0}",526.4351379354799,0.1795697345874828,0.390374399175989,0.6247994871764773,0.4591708524751921
PIT501,mlp_next,all51,ridge,"[""FIT101"", ""LIT101"", ""MV101"", ""P101"", ""P102"", ""AIT201"", ""AIT202"", ""AIT203"", ""FIT201"", ""MV201"", ""P201"", ""P202"", ""P203"", ""P204"", ""P205"", ""P206"", ""DPIT301"", ""FIT301"", ""LIT301"", ""MV301"", ""MV302"", ""MV303"", ""MV304"", ""P301"", ""P302"", ""AIT401"", ""AIT402"", ""FIT401"", ""LIT401"", ""P401"", ""P402"", ""P403"", ""P404"", ""UV401"", ""AIT501"", ""AIT502"", ""AIT503"", ""AIT504"", ""FIT501"", ""FIT502"", ""FIT503"", ""FIT504"", ""P501"", ""P502"", ""PIT501"", ""PIT502"", ""PIT503"", ""FIT601"", ""P601"", ""P602"", ""P603""]","{""AIT201"": 0.056728010868169955, ""AIT202"": 1.9358279762230004, ""AIT203"": 0.029192346991301337, ""AIT401"": -0.25417310633600093, ""AIT402"": 0.02487373348847087, ""AIT501"": -0.14631667252851507, ""AIT502"": 0.014208565130510718, ""AIT503"": 0.019602236716433255, ""AIT504"": -0.8690146177699863, ""DPIT301"": 0.00796917274827599, ""FIT101"": 0.06068690590339107, ""FIT201"": -0.059710035130301806, ""FIT301"": -0.025731058246039554, ""FIT401"": -2.9376288788675944, ""FIT501"": -2.7227315789936117, ""FIT502"": 2.065445464547815, ""FIT503"": 0.5237126136898508, ""FIT504"": 0.3939965392130736, ""FIT601"": 0.14749335996793492, ""LIT101"": 0.0001506589530405055, ""LIT301"": 0.0008963986707100183, ""LIT401"": 0.0014530780724096185, ""MV101"": 0.05737807925293404, ""MV201"": -0.3215721577216968, ""MV301"": -0.34136116619376744, ""MV302"": 0.1028863396911873, ""MV303"": 0.30407334355839927, ""MV304"": -0.10469335159140056, ""P101"": -0.06805657264382516, ""P102"": 0.0, ""P201"": 0.0, ""P202"": 0.0, ""P203"": 0.07327125187851831, ""P204"": 0.0, ""P205"": 0.07327125187848, ""P206"": 0.0, ""P301"": 0.0, ""P302"": 0.547024840235359, ""P401"": 0.0, ""P402"": 0.0, ""P403"": 0.0, ""P404"": 0.0, ""P501"": 0.0, ""P502"": 0.0, ""P601"": 0.0, ""P602"": 0.5432294854808999, ""P603"": 0.0, ""PIT501"": 0.5321322318303855, ""PIT502"": -2.7925451137033033, ""PIT503"": 0.11136174434410386, ""UV401"": 0.0}",99.38273218657844,-0.6202068523226059,0.7709214337652931,0.8780213173752065,0.6146722605004253
PIT502,mlp_next,self_only,ols,"[""PIT502""]","{""PIT502"": 0.5340102648493255}",0.5208076972626158,0.948712277003612,0.0014780570178416,0.0384455071216608,0.0312157455383148
PIT502,mlp_next,self_only,ridge,"[""PIT502""]","{""PIT502"": 0.5151419706704782}",0.5416700912872385,0.938610993042551,0.0017691651578717,0.0420614450283365,0.0338691867515434
PIT502,mlp_next,self_plus_local,ols,"[""PIT502""]","{""PIT502"": 0.5340102648493255}",0.5208076972626158,0.948712277003612,0.0014780570178416,0.0384455071216608,0.0312157455383148
PIT502,mlp_next,self_plus_local,ridge,"[""PIT502""]","{""PIT502"": 0.5151419706704782}",0.5416700912872385,0.938610993042551,0.0017691651578717,0.0420614450283365,0.0338691867515434
PIT502,mlp_next,all51,ols,"[""FIT101"", ""LIT101"", ""MV101"", ""P101"", ""P102"", ""AIT201"", ""AIT202"", ""AIT203"", ""FIT201"", ""MV201"", ""P201"", ""P202"", ""P203"", ""P204"", ""P205"", ""P206"", ""DPIT301"", ""FIT301"", ""LIT301"", ""MV301"", ""MV302"", ""MV303"", ""MV304"", ""P301"", ""P302"", ""AIT401"", ""AIT402"", ""FIT401"", ""LIT401"", ""P401"", ""P402"", ""P403"", ""P404"", ""UV401"", ""AIT501"", ""AIT502"", ""AIT503"", ""AIT504"", ""FIT501"", ""FIT502"", ""FIT503"", ""FIT504"", ""P501"", ""P502"", ""PIT501"", ""PIT502"", ""PIT503"", ""FIT601"", ""P601"", ""P602"", ""P603""]","{""AIT201"": 0.0011869254836790722, ""AIT202"": -0.23212277177152207, ""AIT203"": -0.0009670378604634475, ""AIT401"": -0.017457966938963773, ""AIT402"": 0.0023366179127781543, ""AIT501"": 0.12096632187211222, ""AIT502"": -0.0005771186898906322, ""AIT503"": 0.0007592571879282972, ""AIT504"": 0.002769361431799077, ""DPIT301"": -0.0005189836255422298, ""FIT101"": -0.004478434418222937, ""FIT201"": 0.005655375114391879, ""FIT301"": 0.004391595163178746, ""FIT401"": 0.18502251661606997, ""FIT501"": 0.2453500815020734, ""FIT502"": 0.029300424870477227, ""FIT503"": 0.0221178558660865, ""FIT504"": 0.25404816406331415, ""FIT601"": 0.019678245992448617, ""LIT101"": -9.295822778665252e-07, ""LIT301"": -9.895384373991012e-05, ""LIT401"": 6.670534171693276e-05, ""MV101"": 0.011914678492552398, ""MV201"": 0.0070106276802696646, ""MV301"": 0.004754647007177509, ""MV302"": 0.007031293247928084, ""MV303"": -0.012407986708648079, ""MV304"": 0.002994510857564263, ""P101"": -0.025135035200438985, ""P102"": -2.449472916166151e-13, ""P201"": 3.947276533411426e-14, ""P202"": 1.8467866125249088e-13, ""P203"": -0.008804566491877277, ""P204"": -2.1161544738745874e-13, ""P205"": -0.008804566491755516, ""P206"": 2.3254835557207088e-14, ""P301"": -4.579669976578771e-16, ""P302"": -0.016095220599535047, ""P401"": 1.6653345369377348e-16, ""P402"": 8.326672684688674e-17, ""P403"": 1.1102230246251565e-16, ""P404"": 4.163336342344337e-17, ""P501"": 0.0, ""P502"": 0.0, ""P601"": 0.0, ""P602"": -0.02663953501755457, ""P603"": 0.0, ""PIT501"": -0.003932412150680034, ""PIT502"": 0.3796142335775685, ""PIT503"": -0.0024166136529129995, ""UV401"": 1.3877787807814457e-17}",4.435326418323033,0.6733972337806217,0.0094123404677383,0.0970172173778362,0.0607360867530769
PIT502,mlp_next,all51,ridge,"[""FIT101"", ""LIT101"", ""MV101"", ""P101"", ""P102"", ""AIT201"", ""AIT202"", ""AIT203"", ""FIT201"", ""MV201"", ""P201"", ""P202"", ""P203"", ""P204"", ""P205"", ""P206"", ""DPIT301"", ""FIT301"", ""LIT301"", ""MV301"", ""MV302"", ""MV303"", ""MV304"", ""P301"", ""P302"", ""AIT401"", ""AIT402"", ""FIT401"", ""LIT401"", ""P401"", ""P402"", ""P403"", ""P404"", ""UV401"", ""AIT501"", ""AIT502"", ""AIT503"", ""AIT504"", ""FIT501"", ""FIT502"", ""FIT503"", ""FIT504"", ""P501"", ""P502"", ""PIT501"", ""PIT502"", ""PIT503"", ""FIT601"", ""P601"", ""P602"", ""P603""]","{""AIT201"": 0.0026567535320362163, ""AIT202"": -0.03941822772820773, ""AIT203"": 1.012476307289423e-05, ""AIT401"": -0.0007799429723542026, ""AIT402"": 0.0008079206007566268, ""AIT501"": 0.006221263729895055, ""AIT502"": -0.0009231068718495554, ""AIT503"": 0.0005898679485087156, ""AIT504"": 0.009816747649055286, ""DPIT301"": -0.0006779155100925378, ""FIT101"": -0.004098313982209926, ""FIT201"": 0.004742366558707904, ""FIT301"": 0.004962351358494096, ""FIT401"": 0.03371048927924971, ""FIT501"": 0.033204086377023295, ""FIT502"": 0.030894153872221556, ""FIT503"": -0.005052921835358485, ""FIT504"": -0.0045199801172805575, ""FIT601"": 0.01743125269174129, ""LIT101"": -1.4909108392971831e-05, ""LIT301"": -0.0001000476380342609, ""LIT401"": 9.371487254494731e-05, ""MV101"": 0.011862100755880003, ""MV201"": 0.0054441153371083606, ""MV301"": 0.0027311232208029087, ""MV302"": 0.007151799545912869, ""MV303"": -0.011937815945016835, ""MV304"": 0.002860187835080452, ""P101"": -0.02331117707405159, ""P102"": 0.0, ""P201"": 0.0, ""P202"": 0.0, ""P203"": -0.0076101490396630715, ""P204"": 0.0, ""P205"": -0.0076101490396627, ""P206"": 0.0, ""P301"": 0.0, ""P302"": -0.01516957922353294, ""P401"": 0.0, ""P402"": 0.0, ""P403"": 0.0, ""P404"": 0.0, ""P501"": 0.0, ""P502"": 0.0, ""P601"": 0.0, ""P602"": -0.021575763602450834, ""P603"": 0.0, ""PIT501"": -0.0051102496507435145, ""PIT502"": 0.3671599024229274, ""PIT503"": -0.0009869045082773762, ""UV401"": 0.0}",1.5245252991000078,0.6596057583803047,0.0098097959563211,0.0990444140591539,0.0619562302003975
PIT503,mlp_next,self_only,ols,"[""PIT503""]","{""PIT503"": 0.8888122153595418}",20.86727709160263,-0.7453437409091901,0.4618095107746582,0.6795656780434531,0.5070511474633403
PIT503,mlp_next,self_only,ridge,"[""PIT503""]","{""PIT503"": 0.8887717864919428}",20.874875763228488,-0.7451867098114571,0.4617679611058332,0.6795351066029136,0.5070273400374711
PIT503,mlp_next,self_plus_local,ols,"[""PIT503""]","{""PIT503"": 0.8888122153595418}",20.86727709160263,-0.7453437409091901,0.4618095107746582,0.6795656780434531,0.5070511474633403
PIT503,mlp_next,self_plus_local,ridge,"[""PIT503""]","{""PIT503"": 0.8887717864919428}",20.874875763228488,-0.7451867098114571,0.4617679611058332,0.6795351066029136,0.5070273400374711
PIT503,mlp_next,all51,ols,"[""FIT101"", ""LIT101"", ""MV101"", ""P101"", ""P102"", ""AIT201"", ""AIT202"", ""AIT203"", ""FIT201"", ""MV201"", ""P201"", ""P202"", ""P203"", ""P204"", ""P205"", ""P206"", ""DPIT301"", ""FIT301"", ""LIT301"", ""MV301"", ""MV302"", ""MV303"", ""MV304"", ""P301"", ""P302"", ""AIT401"", ""AIT402"", ""FIT401"", ""LIT401"", ""P401"", ""P402"", ""P403"", ""P404"", ""UV401"", ""AIT501"", ""AIT502"", ""AIT503"", ""AIT504"", ""FIT501"", ""FIT502"", ""FIT503"", ""FIT504"", ""P501"", ""P502"", ""PIT501"", ""PIT502"", ""PIT503"", ""FIT601"", ""P601"", ""P602"", ""P603""]","{""AIT201"": 0.06536181038574462, ""AIT202"": 7.307630332683047, ""AIT203"": 0.03214831049723993, ""AIT401"": -1.4845963875684534, ""AIT402"": -0.03522278670577772, ""AIT501"": 1.1115215938910743, ""AIT502"": 0.05646975953510247, ""AIT503"": -0.016213642983691656, ""AIT504"": -0.2587512575362957, ""DPIT301"": 0.028800248493579428, ""FIT101"": -0.000567185057677966, ""FIT201"": -0.11337189372544093, ""FIT301"": -0.03033422409155273, ""FIT401"": -21.60848091464301, ""FIT501"": -22.07103230752099, ""FIT502"": 2.1423020359792013, ""FIT503"": 10.253701084755305, ""FIT504"": -6.608905144363296, ""FIT601"": 0.2764325869580269, ""LIT101"": -1.5515919845703096e-05, ""LIT301"": 0.0006433134031960108, ""LIT401"": 0.0007304931008698112, ""MV101"": 0.20211397683353774, ""MV201"": 0.09067904953965991, ""MV301"": -0.03342414993521472, ""MV302"": -0.0009549580871975327, ""MV303"": 0.20741806703312923, ""MV304"": -0.19602599215720018, ""P101"": -0.2506043531318712, ""P102"": 1.1980891972962482e-11, ""P201"": -2.39915032285154e-12, ""P202"": -7.656431044722467e-12, ""P203"": 0.09364131842017329, ""P204"": 1.872768606858699e-11, ""P205"": 0.09364131841389675, ""P206"": 2.872369009310205e-12, ""P301"": 2.6645352591003757e-14, ""P302"": -0.13043809113755334, ""P401"": -7.105427357601002e-15, ""P402"": -1.2434497875801753e-14, ""P403"": -7.105427357601002e-15, ""P404"": -8.493206138382448e-15, ""P501"": 0.0, ""P502"": 0.0, ""P601"": 0.0, ""P602"": -0.28361376911571706, ""P603"": 0.0, ""PIT501"": 0.34174777950719015, ""PIT502"": -0.9506683228195348, ""PIT503"": 0.1794035812280126, ""UV401"": -4.440892098500626e-16}",264.2756855613774,0.1955364919142023,0.2128571526613089,0.4613644466810473,0.3214170643501616
PIT503,mlp_next,all51,ridge,"[""FIT101"", ""LIT101"", ""MV101"", ""P101"", ""P102"", ""AIT201"", ""AIT202"", ""AIT203"", ""FIT201"", ""MV201"", ""P201"", ""P202"", ""P203"", ""P204"", ""P205"", ""P206"", ""DPIT301"", ""FIT301"", ""LIT301"", ""MV301"", ""MV302"", ""MV303"", ""MV304"", ""P301"", ""P302"", ""AIT401"", ""AIT402"", ""FIT401"", ""LIT401"", ""P401"", ""P402"", ""P403"", ""P404"", ""UV401"", ""AIT501"", ""AIT502"", ""AIT503"", ""AIT504"", ""FIT501"", ""FIT502"", ""FIT503"", ""FIT504"", ""P501"", ""P502"", ""PIT501"", ""PIT502"", ""PIT503"", ""FIT601"", ""P601"", ""P602"", ""P603""]","{""AIT201"": 0.0270586694570187, ""AIT202"": 1.8678952958321673, ""AIT203"": -0.003391921736907275, ""AIT401"": -0.14853257966207353, ""AIT402"": 0.07143557040270336, ""AIT501"": 0.35456045819869103, ""AIT502"": 0.0045870414086238735, ""AIT503"": -0.0026222922964893878, ""AIT504"": -0.7468134703330328, ""DPIT301"": 0.03968963221395853, ""FIT101"": -0.011071666034293912, ""FIT201"": -0.10164015710387143, ""FIT301"": -0.10618592404520785, ""FIT401"": -2.8132078066893285, ""FIT501"": -2.6576899952055246, ""FIT502"": 0.33457303823214274, ""FIT503"": 0.4758895988371362, ""FIT504"": 0.4199498654008082, ""FIT601"": 0.2762891759800591, ""LIT101"": 0.0004875420393323823, ""LIT301"": 0.0009054050090176715, ""LIT401"": -0.0005967095655534184, ""MV101"": 0.19409391106931453, ""MV201"": 0.04494511776914326, ""MV301"": -0.03530935735071706, ""MV302"": -0.04160707641972933, ""MV303"": 0.21095165745807581, ""MV304"": -0.21136357264997985, ""P101"": -0.1639729771994344, ""P102"": 0.0, ""P201"": 0.0, ""P202"": 0.0, ""P203"": 0.11336266820578994, ""P204"": 0.0, ""P205"": 0.11336266820577615, ""P206"": 0.0, ""P301"": 0.0, ""P302"": -0.08745708115903623, ""P401"": 0.0, ""P402"": 0.0, ""P403"": 0.0, ""P404"": 0.0, ""P501"": 0.0, ""P502"": 0.0, ""P601"": 0.0, ""P602"": -0.2676821497989194, ""P603"": 0.0, ""PIT501"": 0.4374943685170518, ""PIT502"": -1.608440303807802, ""PIT503"": 0.09670939487189625, ""UV401"": 0.0}",66.16706288991304,0.2079867425701254,0.2095628765656221,0.4577803802759814,0.3522473130082044
FIT601,mlp_next,self_only,ols,"[""FIT601""]","{""FIT601"": 0.7845432023337503}",0.0060002788849879,0.4301731630405646,0.0108148708532586,0.1039945712682093,0.0175961924875868
FIT601,mlp_next,self_only,ridge,"[""FIT601""]","{""FIT601"": 0.7799608462837974}",0.0060655696222965,0.4318600797701885,0.0107828544837446,0.1038405242848122,0.0176540309567594
FIT601,mlp_next,self_plus_local,ols,"[""FIT601""]","{""FIT601"": 0.7845432023337503}",0.0060002788849879,0.4301731630405646,0.0108148708532586,0.1039945712682093,0.0175961924875868
FIT601,mlp_next,self_plus_local,ridge,"[""FIT601""]","{""FIT601"": 0.7799608462837974}",0.0060655696222965,0.4318600797701885,0.0107828544837446,0.1038405242848122,0.0176540309567594
FIT601,mlp_next,all51,ols,"[""FIT101"", ""LIT101"", ""MV101"", ""P101"", ""P102"", ""AIT201"", ""AIT202"", ""AIT203"", ""FIT201"", ""MV201"", ""P201"", ""P202"", ""P203"", ""P204"", ""P205"", ""P206"", ""DPIT301"", ""FIT301"", ""LIT301"", ""MV301"", ""MV302"", ""MV303"", ""MV304"", ""P301"", ""P302"", ""AIT401"", ""AIT402"", ""FIT401"", ""LIT401"", ""P401"", ""P402"", ""P403"", ""P404"", ""UV401"", ""AIT501"", ""AIT502"", ""AIT503"", ""AIT504"", ""FIT501"", ""FIT502"", ""FIT503"", ""FIT504"", ""P501"", ""P502"", ""PIT501"", ""PIT502"", ""PIT503"", ""FIT601"", ""P601"", ""P602"", ""P603""]","{""AIT201"": 0.00017436383803970542, ""AIT202"": -0.21840216387209063, ""AIT203"": 0.0002937448934357944, ""AIT401"": -0.06248466744872411, ""AIT402"": 0.0018758225285063074, ""AIT501"": -0.23441644185701413, ""AIT502"": -0.003915457801511091, ""AIT503"": -0.0007334671385677283, ""AIT504"": -0.0030682465709311324, ""DPIT301"": -0.004583918805649595, ""FIT101"": -0.002085915685623052, ""FIT201"": -0.008215326208101, ""FIT301"": 0.049834430137873656, ""FIT401"": -0.08285612941934342, ""FIT501"": 0.009818623454595866, ""FIT502"": 0.005869692768169428, ""FIT503"": 0.5319427480076435, ""FIT504"": 0.919981970023985, ""FIT601"": 0.041952671476940845, ""LIT101"": 5.6176648588789e-06, ""LIT301"": -8.091789283246054e-05, ""LIT401"": 5.372840414036989e-05, ""MV101"": 0.004492829568074258, ""MV201"": -0.009602812281524285, ""MV301"": -0.01065761365525214, ""MV302"": 0.04974662250789063, ""MV303"": -0.12687374960631448, ""MV304"": 0.03861157861935974, ""P101"": 0.013961351845853455, ""P102"": 1.9384407273781434e-13, ""P201"": 1.5306332590281357e-14, ""P202"": 1.4305223672295142e-13, ""P203"": 0.0036455527260968222, ""P204"": 5.98965321785272e-14, ""P205"": 0.0036455527262161712, ""P206"": 9.992007221626409e-14, ""P301"": 2.220446049250313e-16, ""P302"": -0.12105878368682177, ""P401"": 0.0, ""P402"": 1.3183898417423734e-16, ""P403"": 1.1102230246251565e-16, ""P404"": 0.0, ""P501"": 0.0, ""P502"": 0.0, ""P601"": 0.0, ""P602"": 1.5911067760196762, ""P603"": 0.0, ""PIT501"": -0.004923490932111502, ""PIT502"": 0.006412066400755402, ""PIT503"": 0.005324393925422298, ""UV401"": 0.0}",11.650088581507871,0.9677836837339292,0.0006114406644032,0.0247273262687915,0.0147626381024815
FIT601,mlp_next,all51,ridge,"[""FIT101"", ""LIT101"", ""MV101"", ""P101"", ""P102"", ""AIT201"", ""AIT202"", ""AIT203"", ""FIT201"", ""MV201"", ""P201"", ""P202"", ""P203"", ""P204"", ""P205"", ""P206"", ""DPIT301"", ""FIT301"", ""LIT301"", ""MV301"", ""MV302"", ""MV303"", ""MV304"", ""P301"", ""P302"", ""AIT401"", ""AIT402"", ""FIT401"", ""LIT401"", ""P401"", ""P402"", ""P403"", ""P404"", ""UV401"", ""AIT501"", ""AIT502"", ""AIT503"", ""AIT504"", ""FIT501"", ""FIT502"", ""FIT503"", ""FIT504"", ""P501"", ""P502"", ""PIT501"", ""PIT502"", ""PIT503"", ""FIT601"", ""P601"", ""P602"", ""P603""]","{""AIT201"": 0.0005334660870949409, ""AIT202"": -0.029275503814481792, ""AIT203"": 0.0016428029652788155, ""AIT401"": -0.005498737396258761, ""AIT402"": 0.0015928716036811442, ""AIT501"": -0.030463063979281703, ""AIT502"": -0.003540506786632969, ""AIT503"": -0.0005366801543810414, ""AIT504"": -0.005499222563916023, ""DPIT301"": -0.004982589944900415, ""FIT101"": -0.0018250967301735057, ""FIT201"": -0.01087960606048158, ""FIT301"": 0.05011739968481056, ""FIT401"": -0.012558088454652689, ""FIT501"": -0.010867595935188917, ""FIT502"": -0.00617040512204912, ""FIT503"": 0.007352862080498472, ""FIT504"": 0.006174943804892738, ""FIT601"": 0.11823455685386325, ""LIT101"": 3.287238817459117e-07, ""LIT301"": -7.703088835334636e-05, ""LIT401"": 5.255279715035123e-05, ""MV101"": 0.005239366077619341, ""MV201"": -0.009035363103974844, ""MV301"": 0.07249773985232132, ""MV302"": 0.04958980579076036, ""MV303"": -0.12569885981625498, ""MV304"": 0.036045595910287005, ""P101"": 0.015120281728524138, ""P102"": 0.0, ""P201"": 0.0, ""P202"": 0.0, ""P203"": 0.004837482253252406, ""P204"": 0.0, ""P205"": 0.004837482253262887, ""P206"": 0.0, ""P301"": 0.0, ""P302"": -0.11666971015415986, ""P401"": 0.0, ""P402"": 0.0, ""P403"": 0.0, ""P404"": 0.0, ""P501"": 0.0, ""P502"": 0.0, ""P601"": 0.0, ""P602"": 1.3713793309509255, ""P603"": 0.0, ""PIT501"": -0.005404418346012271, ""PIT502"": 0.002489328231502675, ""PIT503"": 0.004768576852351932, ""UV401"": 0.0}",0.3639906509865878,0.9697740895946096,0.0005736643068633,0.0239512902964191,0.012809803424256
FIT101,mlp_delta,local_support,ols,"[""FIT101"", ""MV101"", ""LIT101""]","{""FIT101"": -0.26466267782483915, ""LIT101"": -0.0002933967181681018, ""MV101"": 0.5640591053951189}",-0.278278617432707,0.0118154764532728,0.0196139419573992,0.1400497838534541,0.0976554537025274
FIT101,mlp_delta,local_support,ridge,"[""FIT101"", ""MV101"", ""LIT101""]","{""FIT101"": -0.26193034561051215, ""LIT101"": -0.00029406219941036397, ""MV101"": 0.557059098516581}",-0.2708986497533088,0.0107966567035991,0.019634163961447,0.1401219610248408,0.0977672752953197
FIT101,mlp_delta,self_only,ols,"[""FIT101""]","{""FIT101"": -0.023210045759616552}",0.0714845492870042,-0.183810438910579,0.0234968153053223,0.1532867094869034,0.1072025719208011
FIT101,mlp_delta,self_only,ridge,"[""FIT101""]","{""FIT101"": -0.023207713805144546}",0.0714802004147514,-0.1838224589765995,0.0234970538851337,0.1532874876992043,0.1072030223357765
FIT101,mlp_delta,self_plus_local,ols,"[""FIT101"", ""MV101"", ""LIT101""]","{""FIT101"": -0.26466267782483915, ""LIT101"": -0.0002933967181681018, ""MV101"": 0.5640591053951189}",-0.278278617432707,0.0118154764532728,0.0196139419573992,0.1400497838534541,0.0976554537025274
FIT101,mlp_delta,self_plus_local,ridge,"[""FIT101"", ""MV101"", ""LIT101""]","{""FIT101"": -0.26193034561051215, ""LIT101"": -0.00029406219941036397, ""MV101"": 0.557059098516581}",-0.2708986497533088,0.0107966567035991,0.019634163961447,0.1401219610248408,0.0977672752953197
FIT101,mlp_delta,all51,ols,"[""FIT101"", ""LIT101"", ""MV101"", ""P101"", ""P102"", ""AIT201"", ""AIT202"", ""AIT203"", ""FIT201"", ""MV201"", ""P201"", ""P202"", ""P203"", ""P204"", ""P205"", ""P206"", ""DPIT301"", ""FIT301"", ""LIT301"", ""MV301"", ""MV302"", ""MV303"", ""MV304"", ""P301"", ""P302"", ""AIT401"", ""AIT402"", ""FIT401"", ""LIT401"", ""P401"", ""P402"", ""P403"", ""P404"", ""UV401"", ""AIT501"", ""AIT502"", ""AIT503"", ""AIT504"", ""FIT501"", ""FIT502"", ""FIT503"", ""FIT504"", ""P501"", ""P502"", ""PIT501"", ""PIT502"", ""PIT503"", ""FIT601"", ""P601"", ""P602"", ""P603""]","{""AIT201"": -0.015784935273439243, ""AIT202"": -0.9394037180270245, ""AIT203"": -0.007719606781505156, ""AIT401"": -0.2444862197784116, ""AIT402"": 0.005505194704418917, ""AIT501"": -0.1364673961920929, ""AIT502"": -0.004561687294618616, ""AIT503"": -3.813497943039312e-05, ""AIT504"": 0.027953733954929907, ""DPIT301"": 0.0029066566893673484, ""FIT101"": -0.29790738485137497, ""FIT201"": 0.02904437748596944, ""FIT301"": -0.02055790274353743, ""FIT401"": 0.3166308016850973, ""FIT501"": -0.26685906952069127, ""FIT502"": -0.009477462388384969, ""FIT503"": 1.0407155993091666, ""FIT504"": -1.9303965444743845, ""FIT601"": -0.08157156867984675, ""LIT101"": -0.000813277711540045, ""LIT301"": 7.499503728491952e-05, ""LIT401"": -0.00013494921413623184, ""MV101"": 0.5566490053100158, ""MV201"": 0.10523657743192563, ""MV301"": -0.04892406565430471, ""MV302"": -0.02998207629351908, ""MV303"": 0.03641242793402308, ""MV304"": 0.04673843452724551, ""P101"": -0.20035120975863618, ""P102"": -9.877931805846174e-13, ""P201"": 4.1466829969749597e-14, ""P202"": 2.985389713217046e-13, ""P203"": -0.026832847077662324, ""P204"": -4.481449933368964e-13, ""P205"": -0.026832847077336446, ""P206"": 3.51316198354823e-14, ""P301"": -4.773959005888173e-15, ""P302"": 0.0014063317586911622, ""P401"": -1.3877787807814457e-17, ""P402"": -3.219646771412954e-15, ""P403"": -9.43689570931383e-16, ""P404"": -1.4849232954361469e-15, ""P501"": 0.0, ""P502"": 0.0, ""P601"": 0.0, ""P602"": 0.1637523766151042, ""P603"": 0.0, ""PIT501"": 0.019100932771086765, ""PIT502"": 0.006304103619204974, ""PIT503"": -0.010783583267554603, ""UV401"": -5.551115123125783e-17}",48.71925638256683,0.404294381543455,0.0118238397239488,0.108737480768817,0.0740232470044732
FIT101,mlp_delta,all51,ridge,"[""FIT101"", ""LIT101"", ""MV101"", ""P101"", ""P102"", ""AIT201"", ""AIT202"", ""AIT203"", ""FIT201"", ""MV201"", ""P201"", ""P202"", ""P203"", ""P204"", ""P205"", ""P206"", ""DPIT301"", ""FIT301"", ""LIT301"", ""MV301"", ""MV302"", ""MV303"", ""MV304"", ""P301"", ""P302"", ""AIT401"", ""AIT402"", ""FIT401"", ""LIT401"", ""P401"", ""P402"", ""P403"", ""P404"", ""UV401"", ""AIT501"", ""AIT502"", ""AIT503"", ""AIT504"", ""FIT501"", ""FIT502"", ""FIT503"", ""FIT504"", ""P501"", ""P502"", ""PIT501"", ""PIT502"", ""PIT503"", ""FIT601"", ""P601"", ""P602"", ""P603""]","{""AIT201"": -0.012074827671345767, ""AIT202"": -0.13310861519177034, ""AIT203"": -0.002877762640593207, ""AIT401"": -0.016844547803681244, ""AIT402"": 0.0022217910652597675, ""AIT501"": -0.029601607487505274, ""AIT502"": -0.00408071230409846, ""AIT503"": 0.00012109153837692949, ""AIT504"": 0.03633139571397024, ""DPIT301"": 0.002334361928645178, ""FIT101"": -0.29409529435746395, ""FIT201"": 0.017783751560132555, ""FIT301"": -0.016117245037998874, ""FIT401"": 0.03820685270005308, ""FIT501"": 0.028164098623402814, ""FIT502"": 0.004031965820268429, ""FIT503"": 0.002395453182830421, ""FIT504"": -0.015362387713504944, ""FIT601"": -0.07046471273108892, ""LIT101"": -0.0008551464668232566, ""LIT301"": 0.00010477144440274693, ""LIT401"": -9.807389517511645e-05, ""MV101"": 0.5505365724784611, ""MV201"": 0.0920979105751577, ""MV301"": -0.038633107565119805, ""MV302"": -0.02741101704060786, ""MV303"": 0.03523049980080451, ""MV304"": 0.04726043059326583, ""P101"": -0.17916932809370784, ""P102"": 0.0, ""P201"": 0.0, ""P202"": 0.0, ""P203"": -0.019863043654529434, ""P204"": 0.0, ""P205"": -0.019863043654528893, ""P206"": 0.0, ""P301"": 0.0, ""P302"": -0.0009565199677526686, ""P401"": 0.0, ""P402"": 0.0, ""P403"": 0.0, ""P404"": 0.0, ""P501"": 0.0, ""P502"": 0.0, ""P601"": 0.0, ""P602"": 0.13748504015948923, ""P603"": 0.0, ""PIT501"": 0.01770790286385171, ""PIT502"": 0.016078733616812498, ""PIT503"": -0.009782359889843018, ""UV401"": 0.0}",5.217690223273076,0.4151095402196877,0.011609175468963,0.1077458837680726,0.0744431234126861
LIT101,mlp_delta,local_support,ols,"[""LIT101"", ""FIT101"", ""FIT201"", ""MV101"", ""P101""]","{""FIT101"": -1.6796395597502787, ""FIT201"": -2.092823674800502, ""LIT101"": -0.032213743020395015, ""MV101"": 2.983250084322635, ""P101"": -3.730170605207498}",26.588203913451853,0.1506097243575258,47.928332269066765,6.923029125250505,5.598691206640862
LIT101,mlp_delta,local_support,ridge,"[""LIT101"", ""FIT101"", ""FIT201"", ""MV101"", ""P101""]","{""FIT101"": -1.6645638846600328, ""FIT201"": -2.1333840092040557, ""LIT101"": -0.03220920415433677, ""MV101"": 2.9461430222236333, ""P101"": -3.628614073470761}",26.517964363612386,0.1508524954155037,47.9146334874045,6.922039691261854,5.598417538570828
LIT101,mlp_delta,self_only,ols,"[""LIT101""]","{""LIT101"": -0.004501319531198557}",1.852121263770202,0.0346698766756009,54.47044100550262,7.380409270867207,6.10293647571173
LIT101,mlp_delta,self_only,ridge,"[""LIT101""]","{""LIT101"": -0.0045013194853309145}",1.8521212366445807,0.0346698761774219,54.47044103361324,7.380409272771615,6.10293647697637
LIT101,mlp_delta,self_plus_local,ols,"[""LIT101"", ""FIT101"", ""FIT201"", ""MV101"", ""P101""]","{""FIT101"": -1.6796395597502787, ""FIT201"": -2.092823674800502, ""LIT101"": -0.032213743020395015, ""MV101"": 2.983250084322635, ""P101"": -3.730170605207498}",26.588203913451853,0.1506097243575258,47.928332269066765,6.923029125250505,5.598691206640862
LIT101,mlp_delta,self_plus_local,ridge,"[""LIT101"", ""FIT101"", ""FIT201"", ""MV101"", ""P101""]","{""FIT101"": -1.6645638846600328, ""FIT201"": -2.1333840092040557, ""LIT101"": -0.03220920415433677, ""MV101"": 2.9461430222236333, ""P101"": -3.628614073470761}",26.517964363612386,0.1508524954155037,47.9146334874045,6.922039691261854,5.598417538570828
LIT101,mlp_delta,all51,ols,"[""FIT101"", ""LIT101"", ""MV101"", ""P101"", ""P102"", ""AIT201"", ""AIT202"", ""AIT203"", ""FIT201"", ""MV201"", ""P201"", ""P202"", ""P203"", ""P204"", ""P205"", ""P206"", ""DPIT301"", ""FIT301"", ""LIT301"", ""MV301"", ""MV302"", ""MV303"", ""MV304"", ""P301"", ""P302"", ""AIT401"", ""AIT402"", ""FIT401"", ""LIT401"", ""P401"", ""P402"", ""P403"", ""P404"", ""UV401"", ""AIT501"", ""AIT502"", ""AIT503"", ""AIT504"", ""FIT501"", ""FIT502"", ""FIT503"", ""FIT504"", ""P501"", ""P502"", ""PIT501"", ""PIT502"", ""PIT503"", ""FIT601"", ""P601"", ""P602"", ""P603""]","{""AIT201"": -0.1452285678849503, ""AIT202"": 15.077327817133602, ""AIT203"": 0.2160074006840093, ""AIT401"": 1.5320671279942513, ""AIT402"": 0.48718167382373756, ""AIT501"": 29.7142437561183, ""AIT502"": -0.6123839782375711, ""AIT503"": -0.15241824700766138, ""AIT504"": -0.4526430446862806, ""DPIT301"": 0.0554374483311042, ""FIT101"": -1.0403935635712838, ""FIT201"": -4.774674752696049, ""FIT301"": -3.880023798378036, ""FIT401"": 18.830735288016452, ""FIT501"": 21.106371605072802, ""FIT502"": 32.70307173852564, ""FIT503"": 83.15311981412763, ""FIT504"": 131.87043773250883, ""FIT601"": -5.804717483987832, ""LIT101"": -0.03056875728828515, ""LIT301"": -0.026883796684067818, ""LIT401"": 0.006719938172549789, ""MV101"": 3.6820864168735996, ""MV201"": 8.147226754358702, ""MV301"": -10.697488173163322, ""MV302"": 0.8611440174028693, ""MV303"": -7.329590889436888, ""MV304"": -0.7582634651025002, ""P101"": -15.5581479933249, ""P102"": 1.499711466124154e-11, ""P201"": 5.332900787635708e-12, ""P202"": 1.4145129512144194e-11, ""P203"": 4.09523625164279, ""P204"": -3.410605131648481e-13, ""P205"": 4.095236251646118, ""P206"": -1.447064690296429e-12, ""P301"": -5.861977570020827e-14, ""P302"": 3.2941626935263817, ""P401"": 3.197442310920451e-14, ""P402"": -4.263256414560601e-14, ""P403"": 2.842170943040401e-14, ""P404"": -2.1316282072803006e-14, ""P501"": 0.0, ""P502"": 0.0, ""P601"": 0.0, ""P602"": 21.76484089703241, ""P603"": 0.0, ""PIT501"": 0.5776047291354649, ""PIT502"": -8.649313187883424, ""PIT503"": -0.6903568318957913, ""UV401"": 0.0}",-745.0196207988112,0.1456689177690745,48.20712592451493,6.943135165364055,5.500321735488698
LIT101,mlp_delta,all51,ridge,"[""FIT101"", ""LIT101"", ""MV101"", ""P101"", ""P102"", ""AIT201"", ""AIT202"", ""AIT203"", ""FIT201"", ""MV201"", ""P201"", ""P202"", ""P203"", ""P204"", ""P205"", ""P206"", ""DPIT301"", ""FIT301"", ""LIT301"", ""MV301"", ""MV302"", ""MV303"", ""MV304"", ""P301"", ""P302"", ""AIT401"", ""AIT402"", ""FIT401"", ""LIT401"", ""P401"", ""P402"", ""P403"", ""P404"", ""UV401"", ""AIT501"", ""AIT502"", ""AIT503"", ""AIT504"", ""FIT501"", ""FIT502"", ""FIT503"", ""FIT504"", ""P501"", ""P502"", ""PIT501"", ""PIT502"", ""PIT503"", ""FIT601"", ""P601"", ""P602"", ""P603""]","{""AIT201"": -0.1564516279587734, ""AIT202"": 2.287388473282836, ""AIT203"": 0.10787956164623015, ""AIT401"": 0.13717511370630237, ""AIT402"": 0.5215241269157525, ""AIT501"": 3.0314028549867174, ""AIT502"": -0.7310741661989252, ""AIT503"": -0.1619408105501683, ""AIT504"": -0.3517089520424989, ""DPIT301"": 0.03593264365177416, ""FIT101"": -1.0341422818268042, ""FIT201"": -4.6879435028370615, ""FIT301"": -3.7140083205983423, ""FIT401"": 0.6609140621364835, ""FIT501"": 0.47372045070153146, ""FIT502"": 19.8533230117579, ""FIT503"": 0.6155158693402086, ""FIT504"": 0.606691370205441, ""FIT601"": -4.332150545868079, ""LIT101"": -0.030173058136764217, ""LIT301"": -0.027797844942809395, ""LIT401"": 0.00719647863944001, ""MV101"": 3.6103078260293993, ""MV201"": 7.419955064041562, ""MV301"": -9.047524769288096, ""MV302"": 1.0089527335276345, ""MV303"": -7.441593515873497, ""MV304"": -0.7559054090636308, ""P101"": -14.167114844338064, ""P102"": 0.0, ""P201"": 0.0, ""P202"": 0.0, ""P203"": 3.9283113511652825, ""P204"": 0.0, ""P205"": 3.9283113511640058, ""P206"": 0.0, ""P301"": 0.0, ""P302"": 2.995735905473791, ""P401"": 0.0, ""P402"": 0.0, ""P403"": 0.0, ""P404"": 0.0, ""P501"": 0.0, ""P502"": 0.0, ""P601"": 0.0, ""P602"": 17.66019486274224, ""P603"": 0.0, ""PIT501"": 0.5400429088393092, ""PIT502"": -8.127343158285273, ""PIT503"": -0.5149973469233442, ""UV401"": 0.0}",-5.695575642694044,0.1760905612279408,46.490531471199866,6.818396546930948,5.458119953982721
AIT201,mlp_delta,self_only,ols,"[""AIT201""]","{""AIT201"": -0.0844461605800932}",22.533168098282463,0.0552414227980875,0.2300362332272668,0.4796209265943958,0.4060891923919595
AIT201,mlp_delta,self_only,ridge,"[""AIT201""]","{""AIT201"": -0.08444248365099104}",22.53219444905982,0.0552266741124193,0.2300398243373959,0.4796246702760356,0.4060918695123294
AIT201,mlp_delta,self_plus_local,ols,"[""AIT201""]","{""AIT201"": -0.0844461605800932}",22.533168098282463,0.0552414227980875,0.2300362332272668,0.4796209265943958,0.4060891923919595
AIT201,mlp_delta,self_plus_local,ridge,"[""AIT201""]","{""AIT201"": -0.08444248365099104}",22.53219444905982,0.0552266741124193,0.2300398243373959,0.4796246702760356,0.4060918695123294
AIT201,mlp_delta,all51,ols,"[""FIT101"", ""LIT101"", ""MV101"", ""P101"", ""P102"", ""AIT201"", ""AIT202"", ""AIT203"", ""FIT201"", ""MV201"", ""P201"", ""P202"", ""P203"", ""P204"", ""P205"", ""P206"", ""DPIT301"", ""FIT301"", ""LIT301"", ""MV301"", ""MV302"", ""MV303"", ""MV304"", ""P301"", ""P302"", ""AIT401"", ""AIT402"", ""FIT401"", ""LIT401"", ""P401"", ""P402"", ""P403"", ""P404"", ""UV401"", ""AIT501"", ""AIT502"", ""AIT503"", ""AIT504"", ""FIT501"", ""FIT502"", ""FIT503"", ""FIT504"", ""P501"", ""P502"", ""PIT501"", ""PIT502"", ""PIT503"", ""FIT601"", ""P601"", ""P602"", ""P603""]","{""AIT201"": -0.13004123327302733, ""AIT202"": -5.439957689342265, ""AIT203"": -0.0077421751266698174, ""AIT401"": -1.1953628924694037, ""AIT402"": 0.04294993341340764, ""AIT501"": 8.160423822308534, ""AIT502"": -0.11062194156264393, ""AIT503"": -0.0010069250424549203, ""AIT504"": -0.07863598670987437, ""DPIT301"": -0.00839272149165593, ""FIT101"": 0.04697280276758184, ""FIT201"": -0.22139594320478084, ""FIT301"": -0.04821348650316004, ""FIT401"": -2.6982277366569645, ""FIT501"": -2.4907279812901146, ""FIT502"": -0.45372522993361125, ""FIT503"": -4.548157695011794, ""FIT504"": -27.947346450928176, ""FIT601"": 0.20148712322049545, ""LIT101"": -0.0006312791772876748, ""LIT301"": 0.0011766412788620784, ""LIT401"": 0.0005291694715265916, ""MV101"": -0.19214756323288482, ""MV201"": -0.5082711640728945, ""MV301"": -0.35445094193540466, ""MV302"": -0.02235676451863962, ""MV303"": 0.12700639410144093, ""MV304"": -0.14697329399198267, ""P101"": -0.03672899686772416, ""P102"": -1.0051598442473164e-11, ""P201"": -4.2311293357855106e-13, ""P202"": -1.6821266601851903e-13, ""P203"": 0.35818455059213916, ""P204"": -5.241362899255364e-13, ""P205"": 0.3581845505921077, ""P206"": 6.396549956377839e-13, ""P301"": -2.2870594307278225e-14, ""P302"": 0.48711988829365993, ""P401"": 1.7763568394002505e-15, ""P402"": -1.8207657603852567e-14, ""P403"": -7.105427357601002e-15, ""P404"": -7.105427357601002e-15, ""P501"": 0.0, ""P502"": 0.0, ""P601"": 0.0, ""P602"": 0.9711719791475691, ""P603"": 0.0, ""PIT501"": -0.004943628629794805, ""PIT502"": -0.036715307872660655, ""PIT503"": 0.05026633841119654, ""UV401"": -8.881784197001252e-16}",218.0652842629907,0.3042019509202447,0.1694176334140656,0.4116037334792599,0.3612122226691681
AIT201,mlp_delta,all51,ridge,"[""FIT101"", ""LIT101"", ""MV101"", ""P101"", ""P102"", ""AIT201"", ""AIT202"", ""AIT203"", ""FIT201"", ""MV201"", ""P201"", ""P202"", ""P203"", ""P204"", ""P205"", ""P206"", ""DPIT301"", ""FIT301"", ""LIT301"", ""MV301"", ""MV302"", ""MV303"", ""MV304"", ""P301"", ""P302"", ""AIT401"", ""AIT402"", ""FIT401"", ""LIT401"", ""P401"", ""P402"", ""P403"", ""P404"", ""UV401"", ""AIT501"", ""AIT502"", ""AIT503"", ""AIT504"", ""FIT501"", ""FIT502"", ""FIT503"", ""FIT504"", ""P501"", ""P502"", ""PIT501"", ""PIT502"", ""PIT503"", ""FIT601"", ""P601"", ""P602"", ""P603""]","{""AIT201"": -0.091288811868417, ""AIT202"": -0.6260663804069463, ""AIT203"": 0.010815942406079861, ""AIT401"": -0.07238117980282724, ""AIT402"": 0.037624313683562706, ""AIT501"": 0.6838947767593516, ""AIT502"": -0.15042109327310652, ""AIT503"": -0.0005515905106240778, ""AIT504"": -0.026397671951941353, ""DPIT301"": -0.013255739257214067, ""FIT101"": 0.05349580517098093, ""FIT201"": -0.16880578715120356, ""FIT301"": -0.01621935923823675, ""FIT401"": 0.06292612109886066, ""FIT501"": 0.07868522625965195, ""FIT502"": -0.20641070836371317, ""FIT503"": -0.05686981266118601, ""FIT504"": -0.1574512820013955, ""FIT601"": 0.2562452356058246, ""LIT101"": -0.0009205826467995996, ""LIT301"": 0.0012322719029218827, ""LIT401"": 0.000969752341358297, ""MV101"": -0.18834984698013849, ""MV201"": -0.48663913711836126, ""MV301"": -0.2850662473050831, ""MV302"": -0.0012773756989496138, ""MV303"": 0.11888028876361525, ""MV304"": -0.138810532071733, ""P101"": -0.042595442475085114, ""P102"": 0.0, ""P201"": 0.0, ""P202"": 0.0, ""P203"": 0.3293295460298798, ""P204"": 0.0, ""P205"": 0.32932954602982406, ""P206"": 0.0, ""P301"": 0.0, ""P302"": 0.4683124290659107, ""P401"": 0.0, ""P402"": 0.0, ""P403"": 0.0, ""P404"": 0.0, ""P501"": 0.0, ""P502"": 0.0, ""P601"": 0.0, ""P602"": 0.8102568888315755, ""P603"": 0.0, ""PIT501"": 0.0050372544761671705, ""PIT502"": 0.0012200831335009632, ""PIT503"": 0.06079135580404496, ""UV401"": 0.0}",33.03049797341004,0.099592523455818,0.2192373260979936,0.4682278570290256,0.4080712564208007
AIT202,mlp_delta,self_only,ols,"[""AIT202""]","{""AIT202"": -0.05935295256029685}",0.4938392301769967,-0.2408180858984185,0.0001200984740037,0.0109589449311406,0.0088103509343833
AIT202,mlp_delta,self_only,ridge,"[""AIT202""]","{""AIT202"": -0.05288971622939656}",0.4396599500911189,-0.2151695558290172,0.0001176159591558,0.0108450891723342,0.0087204031171198
AIT202,mlp_delta,self_plus_local,ols,"[""AIT202""]","{""AIT202"": -0.05935295256029685}",0.4938392301769967,-0.2408180858984185,0.0001200984740037,0.0109589449311406,0.0088103509343833
AIT202,mlp_delta,self_plus_local,ridge,"[""AIT202""]","{""AIT202"": -0.05288971622939656}",0.4396599500911189,-0.2151695558290172,0.0001176159591558,0.0108450891723342,0.0087204031171198
AIT202,mlp_delta,all51,ols,"[""FIT101"", ""LIT101"", ""MV101"", ""P101"", ""P102"", ""AIT201"", ""AIT202"", ""AIT203"", ""FIT201"", ""MV201"", ""P201"", ""P202"", ""P203"", ""P204"", ""P205"", ""P206"", ""DPIT301"", ""FIT301"", ""LIT301"", ""MV301"", ""MV302"", ""MV303"", ""MV304"", ""P301"", ""P302"", ""AIT401"", ""AIT402"", ""FIT401"", ""LIT401"", ""P401"", ""P402"", ""P403"", ""P404"", ""UV401"", ""AIT501"", ""AIT502"", ""AIT503"", ""AIT504"", ""FIT501"", ""FIT502"", ""FIT503"", ""FIT504"", ""P501"", ""P502"", ""PIT501"", ""PIT502"", ""PIT503"", ""FIT601"", ""P601"", ""P602"", ""P603""]","{""AIT201"": 0.0002214934780491117, ""AIT202"": -0.2985273261568433, ""AIT203"": -4.699978951801698e-05, ""AIT401"": 0.03343425963975856, ""AIT402"": 0.0004896734373024854, ""AIT501"": 0.054660118980430536, ""AIT502"": -0.00019639844723414596, ""AIT503"": -0.00036465592250337076, ""AIT504"": 0.00010672644100242351, ""DPIT301"": -0.00036979950693932784, ""FIT101"": 0.0010894259489538805, ""FIT201"": -0.005318007882180137, ""FIT301"": 0.003878817486780029, ""FIT401"": -0.06875767130299941, ""FIT501"": -0.11457943299429833, ""FIT502"": 0.010830727328511367, ""FIT503"": 0.13107282278513416, ""FIT504"": -0.2619619046714417, ""FIT601"": 0.006075913563577219, ""LIT101"": -3.957580669681999e-06, ""LIT301"": 1.471853399603873e-06, ""LIT401"": 2.6456741086880453e-05, ""MV101"": -0.006016306727127006, ""MV201"": -0.0011636033556879886, ""MV301"": 0.005257389753860455, ""MV302"": 0.0002596749715530972, ""MV303"": -0.0003643870475412035, ""MV304"": -0.0013794772059652148, ""P101"": -0.03002117000662084, ""P102"": -3.390772905509376e-13, ""P201"": 9.68821377289597e-15, ""P202"": 1.2469365817668887e-13, ""P203"": 0.01274153227460158, ""P204"": -3.557570904533236e-14, ""P205"": 0.012741532274680533, ""P206"": 6.775136007775018e-14, ""P301"": -1.0269562977782698e-15, ""P302"": -0.0025808000282712754, ""P401"": -6.938893903907228e-17, ""P402"": -4.440892098500626e-16, ""P403"": -1.8041124150158794e-16, ""P404"": -2.42861286636753e-16, ""P501"": 0.0, ""P502"": 0.0, ""P601"": 0.0, ""P602"": -0.020953473356363772, ""P603"": 0.0, ""PIT501"": 0.0008087645188081388, ""PIT502"": 0.007537530043006076, ""PIT503"": -0.0005694825642579976, ""UV401"": -1.1275702593849246e-17}",-2.691782727547515,-0.0496238201345078,0.000101592828561,0.0100793267910649,0.007606865578602
AIT202,mlp_delta,all51,ridge,"[""FIT101"", ""LIT101"", ""MV101"", ""P101"", ""P102"", ""AIT201"", ""AIT202"", ""AIT203"", ""FIT201"", ""MV201"", ""P201"", ""P202"", ""P203"", ""P204"", ""P205"", ""P206"", ""DPIT301"", ""FIT301"", ""LIT301"", ""MV301"", ""MV302"", ""MV303"", ""MV304"", ""P301"", ""P302"", ""AIT401"", ""AIT402"", ""FIT401"", ""LIT401"", ""P401"", ""P402"", ""P403"", ""P404"", ""UV401"", ""AIT501"", ""AIT502"", ""AIT503"", ""AIT504"", ""FIT501"", ""FIT502"", ""FIT503"", ""FIT504"", ""P501"", ""P502"", ""PIT501"", ""PIT502"", ""PIT503"", ""FIT601"", ""P601"", ""P602"", ""P603""]","{""AIT201"": 0.0015558766975316937, ""AIT202"": -0.03626448322769886, ""AIT203"": 0.0013695351308966098, ""AIT401"": 0.002207805202937263, ""AIT402"": -6.755554727459364e-05, ""AIT501"": 0.0011013041583053937, ""AIT502"": -0.0006301172328505453, ""AIT503"": -0.00023339287198191543, ""AIT504"": 0.0007564605996283013, ""DPIT301"": -0.0004473601540373976, ""FIT101"": 0.00141582947038205, ""FIT201"": -0.005813872656234992, ""FIT301"": 0.0043197307107548195, ""FIT401"": -0.0030877044905232636, ""FIT501"": -0.0033137574076872417, ""FIT502"": 0.006096627856451168, ""FIT503"": 0.0012015835933469972, ""FIT504"": -0.0009836739626874903, ""FIT601"": 0.004859869617710722, ""LIT101"": -1.6982685922188417e-05, ""LIT301"": 1.1492594758710543e-05, ""LIT401"": 3.420239444796605e-05, ""MV101"": -0.005732461746709272, ""MV201"": -0.002155832646846412, ""MV301"": 0.0036693722307438235, ""MV302"": 0.00038224985347374624, ""MV303"": -0.00021690153135648513, ""MV304"": -0.0013825450114772807, ""P101"": -0.026895599149193768, ""P102"": 0.0, ""P201"": 0.0, ""P202"": 0.0, ""P203"": 0.012310504249767427, ""P204"": 0.0, ""P205"": 0.012310504249765793, ""P206"": 0.0, ""P301"": 0.0, ""P302"": -0.002216295453236658, ""P401"": 0.0, ""P402"": 0.0, ""P403"": 0.0, ""P404"": 0.0, ""P501"": 0.0, ""P502"": 0.0, ""P601"": 0.0, ""P602"": -0.017023006285053797, ""P603"": 0.0, ""PIT501"": 0.0008124059023491042, ""PIT502"": 0.006768064781587035, ""PIT503"": -0.0006718615484519281, ""UV401"": 0.0}",-0.8100880627799295,-0.0300331480987441,9.969665228597282e-05,0.0099848210943397,0.0073190685942365
AIT203,mlp_delta,self_only,ols,"[""AIT203""]","{""AIT203"": -0.020640328477412588}",7.0731154557170886,-0.1212896788922026,4.595226097917956,2.1436478483925376,1.5055978859588826
AIT203,mlp_delta,self_only,ridge,"[""AIT203""]","{""AIT203"": -0.020640235415789798}",7.073084996246009,-0.1212898390573937,4.5952267543007626,2.143648001492027,1.505598062292429
AIT203,mlp_delta,self_plus_local,ols,"[""AIT203""]","{""AIT203"": -0.020640328477412588}",7.0731154557170886,-0.1212896788922026,4.595226097917956,2.1436478483925376,1.5055978859588826
AIT203,mlp_delta,self_plus_local,ridge,"[""AIT203""]","{""AIT203"": -0.020640235415789798}",7.073084996246009,-0.1212898390573937,4.5952267543007626,2.143648001492027,1.505598062292429
AIT203,mlp_delta,all51,ols,"[""FIT101"", ""LIT101"", ""MV101"", ""P101"", ""P102"", ""AIT201"", ""AIT202"", ""AIT203"", ""FIT201"", ""MV201"", ""P201"", ""P202"", ""P203"", ""P204"", ""P205"", ""P206"", ""DPIT301"", ""FIT301"", ""LIT301"", ""MV301"", ""MV302"", ""MV303"", ""MV304"", ""P301"", ""P302"", ""AIT401"", ""AIT402"", ""FIT401"", ""LIT401"", ""P401"", ""P402"", ""P403"", ""P404"", ""UV401"", ""AIT501"", ""AIT502"", ""AIT503"", ""AIT504"", ""FIT501"", ""FIT502"", ""FIT503"", ""FIT504"", ""P501"", ""P502"", ""PIT501"", ""PIT502"", ""PIT503"", ""FIT601"", ""P601"", ""P602"", ""P603""]","{""AIT201"": -0.0008695483816452626, ""AIT202"": 38.53059406455792, ""AIT203"": -0.5213957385036861, ""AIT401"": 20.85225532540681, ""AIT402"": -0.16299801539140768, ""AIT501"": -74.77428240878359, ""AIT502"": 0.27263923202616436, ""AIT503"": 0.19632674082659562, ""AIT504"": 0.35481583676198714, ""DPIT301"": -0.13677767507255112, ""FIT101"": 0.02387269556873683, ""FIT201"": 0.8843428673002849, ""FIT301"": 1.7116818409239172, ""FIT401"": -6.670945840061926, ""FIT501"": -0.2626625464009599, ""FIT502"": -0.14289601482333494, ""FIT503"": -13.907468172946531, ""FIT504"": 43.23444838028008, ""FIT601"": 1.1709295044907784, ""LIT101"": -0.0028299277111606207, ""LIT301"": -0.0037369425554096836, ""LIT401"": -0.004921099001403917, ""MV101"": -0.30323129540118104, ""MV201"": -2.612293247310804, ""MV301"": 8.066720748304627, ""MV302"": -0.5910745145026997, ""MV303"": 0.2289765585618858, ""MV304"": -0.8309059111623824, ""P101"": 8.934872005578981, ""P102"": 4.339094361593965e-11, ""P201"": -2.7581131822884686e-12, ""P202"": -1.721922604502879e-11, ""P203"": 0.021075339094491774, ""P204"": 1.6790346890616092e-11, ""P205"": 0.021075339082466393, ""P206"": -5.451972207026756e-12, ""P301"": 9.947598300641403e-14, ""P302"": -1.028012490825345, ""P401"": -2.842170943040401e-14, ""P402"": 7.105427357601002e-14, ""P403"": 2.1316282072803006e-14, ""P404"": 2.2870594307278225e-14, ""P501"": 0.0, ""P502"": 0.0, ""P601"": 0.0, ""P602"": -15.663352753733399, ""P603"": 0.0, ""PIT501"": 0.1721431429042415, ""PIT502"": -3.9558339858030256, ""PIT503"": -0.15313009173234882, ""UV401"": 1.7763568394002505e-15}",-2729.00577069301,0.1473559607263668,3.4942729031228823,1.8692974357022163,1.2972050950048124
AIT203,mlp_delta,all51,ridge,"[""FIT101"", ""LIT101"", ""MV101"", ""P101"", ""P102"", ""AIT201"", ""AIT202"", ""AIT203"", ""FIT201"", ""MV201"", ""P201"", ""P202"", ""P203"", ""P204"", ""P205"", ""P206"", ""DPIT301"", ""FIT301"", ""LIT301"", ""MV301"", ""MV302"", ""MV303"", ""MV304"", ""P301"", ""P302"", ""AIT401"", ""AIT402"", ""FIT401"", ""LIT401"", ""P401"", ""P402"", ""P403"", ""P404"", ""UV401"", ""AIT501"", ""AIT502"", ""AIT503"", ""AIT504"", ""FIT501"", ""FIT502"", ""FIT503"", ""FIT504"", ""P501"", ""P502"", ""PIT501"", ""PIT502"", ""PIT503"", ""FIT601"", ""P601"", ""P602"", ""P603""]","{""AIT201"": -0.31251204229061685, ""AIT202"": 4.295941995450878, ""AIT203"": -0.6311398813291873, ""AIT401"": 1.3326163772411346, ""AIT402"": -0.11524261866462053, ""AIT501"": -6.362897886930592, ""AIT502"": 0.6311362980662233, ""AIT503"": 0.1988307490269255, ""AIT504"": -0.15444198518698146, ""DPIT301"": -0.09090480415636451, ""FIT101"": -0.025721773550885927, ""FIT201"": 0.7918154890531152, ""FIT301"": 1.440675846024271, ""FIT401"": -1.433678514818814, ""FIT501"": -1.2370682638573505, ""FIT502"": -0.8376397103754628, ""FIT503"": 0.10442078700550676, ""FIT504"": 0.46242524749184705, ""FIT601"": 0.19719913316889945, ""LIT101"": -0.0006982394551703317, ""LIT301"": -0.003856229136873869, ""LIT401"": -0.008838907380065063, ""MV101"": -0.32206413754612706, ""MV201"": -2.036771852665203, ""MV301"": 6.877359253039292, ""MV302"": -0.7569113144879489, ""MV303"": 0.2936648368235207, ""MV304"": -0.8328782345494355, ""P101"": 8.052219105079493, ""P102"": 0.0, ""P201"": 0.0, ""P202"": 0.0, ""P203"": -0.17859361484418568, ""P204"": 0.0, ""P205"": -0.1785936148439274, ""P206"": 0.0, ""P301"": 0.0, ""P302"": -0.9131615705196333, ""P401"": 0.0, ""P402"": 0.0, ""P403"": 0.0, ""P404"": 0.0, ""P501"": 0.0, ""P502"": 0.0, ""P601"": 0.0, ""P602"": -12.805088311878393, ""P603"": 0.0, ""PIT501"": 0.15362591301465583, ""PIT502"": -4.085293236087636, ""PIT503"": -0.32649146685774677, ""UV401"": 0.0}",23.292949699881007,0.0203596323093826,4.014724356183647,2.003677707662499,1.484595852150336
FIT201,mlp_delta,local_support,ols,"[""FIT201"", ""P101"", ""P102"", ""LIT101""]","{""FIT201"": -0.7981202184969034, ""LIT101"": 0.0002039775799097184, ""P101"": 1.9981812055144679, ""P102"": 0.0}",-2.1678672961231737,0.8170720758462469,0.0033217933753076,0.0576350013039619,0.0407339152042552
FIT201,mlp_delta,local_support,ridge,"[""FIT201"", ""P101"", ""P102"", ""LIT101""]","{""FIT201"": -0.7640357481296441, ""LIT101"": 0.0002071888592759933, ""P101"": 1.9152343593410803, ""P102"": 0.0}",-2.086995153087011,0.8125875828524163,0.0034032274110757,0.0583371872057248,0.0410855614540668
FIT201,mlp_delta,self_only,ols,"[""FIT201""]","{""FIT201"": -0.0005922116378049514}",-0.0101206079171993,-0.0522378331632169,0.0191076167272955,0.1382303032163914,0.05441953738529
FIT201,mlp_delta,self_only,ridge,"[""FIT201""]","{""FIT201"": -0.0005921438617628696}",-0.0101207320742731,-0.0522378781464867,0.0191076175441479,0.1382303061710708,0.0544195175751571
FIT201,mlp_delta,self_plus_local,ols,"[""FIT201"", ""P101"", ""P102"", ""LIT101""]","{""FIT201"": -0.7981202184969034, ""LIT101"": 0.0002039775799097184, ""P101"": 1.9981812055144679, ""P102"": 0.0}",-2.1678672961231737,0.8170720758462469,0.0033217933753076,0.0576350013039619,0.0407339152042552
FIT201,mlp_delta,self_plus_local,ridge,"[""FIT201"", ""P101"", ""P102"", ""LIT101""]","{""FIT201"": -0.7640357481296441, ""LIT101"": 0.0002071888592759933, ""P101"": 1.9152343593410803, ""P102"": 0.0}",-2.086995153087011,0.8125875828524163,0.0034032274110757,0.0583371872057248,0.0410855614540668
FIT201,mlp_delta,all51,ols,"[""FIT101"", ""LIT101"", ""MV101"", ""P101"", ""P102"", ""AIT201"", ""AIT202"", ""AIT203"", ""FIT201"", ""MV201"", ""P201"", ""P202"", ""P203"", ""P204"", ""P205"", ""P206"", ""DPIT301"", ""FIT301"", ""LIT301"", ""MV301"", ""MV302"", ""MV303"", ""MV304"", ""P301"", ""P302"", ""AIT401"", ""AIT402"", ""FIT401"", ""LIT401"", ""P401"", ""P402"", ""P403"", ""P404"", ""UV401"", ""AIT501"", ""AIT502"", ""AIT503"", ""AIT504"", ""FIT501"", ""FIT502"", ""FIT503"", ""FIT504"", ""P501"", ""P502"", ""PIT501"", ""PIT502"", ""PIT503"", ""FIT601"", ""P601"", ""P602"", ""P603""]","{""AIT201"": -0.009834465003814843, ""AIT202"": -0.7932304970353987, ""AIT203"": -0.004986800900117249, ""AIT401"": -0.07428260394170301, ""AIT402"": -0.003681671090894456, ""AIT501"": 0.7401415018740766, ""AIT502"": 0.0033549039287143756, ""AIT503"": -0.001173079568556168, ""AIT504"": 0.03335037288612683, ""DPIT301"": 0.0031028277234423918, ""FIT101"": -0.0039676019801813, ""FIT201"": -0.9040503898838139, ""FIT301"": 0.01688516163252174, ""FIT401"": -0.005143037462471056, ""FIT501"": 0.27516743724311304, ""FIT502"": 0.18033692887047412, ""FIT503"": -0.2243354540889381, ""FIT504"": 0.0070578606740806125, ""FIT601"": 0.01071279621184077, ""LIT101"": 0.00011177911181302965, ""LIT301"": -3.96668487842311e-05, ""LIT401"": 2.227318048131366e-05, ""MV101"": -0.014179560133512854, ""MV201"": -0.09205658789858598, ""MV301"": 0.006631947072748653, ""MV302"": -0.02338324809855974, ""MV303"": -0.0025701913158746384, ""MV304"": 0.013088259112097383, ""P101"": 1.9693415067364557, ""P102"": -3.713616653772123e-12, ""P201"": 2.6710404721352887e-14, ""P202"": 4.656552921034063e-13, ""P203"": 0.1695804621067293, ""P204"": -9.14823772291129e-14, ""P205"": 0.1695804621066687, ""P206"": 1.3455903058456897e-13, ""P301"": 2.0816681711721685e-16, ""P302"": -0.005239889493345626, ""P401"": 4.996003610813204e-16, ""P402"": 1.8041124150158794e-16, ""P403"": 2.220446049250313e-16, ""P404"": 1.5959455978986625e-16, ""P501"": 0.0, ""P502"": 0.0, ""P601"": 0.0, ""P602"": 0.014558324433679723, ""P603"": 0.0, ""PIT501"": 0.004212341925692642, ""PIT502"": 0.005804583182654727, ""PIT503"": 0.006625699233616, ""UV401"": 0.0}",10.932771800643303,0.8985542938061045,0.0018421554628535,0.0429203385687197,0.0267553104898692
FIT201,mlp_delta,all51,ridge,"[""FIT101"", ""LIT101"", ""MV101"", ""P101"", ""P102"", ""AIT201"", ""AIT202"", ""AIT203"", ""FIT201"", ""MV201"", ""P201"", ""P202"", ""P203"", ""P204"", ""P205"", ""P206"", ""DPIT301"", ""FIT301"", ""LIT301"", ""MV301"", ""MV302"", ""MV303"", ""MV304"", ""P301"", ""P302"", ""AIT401"", ""AIT402"", ""FIT401"", ""LIT401"", ""P401"", ""P402"", ""P403"", ""P404"", ""UV401"", ""AIT501"", ""AIT502"", ""AIT503"", ""AIT504"", ""FIT501"", ""FIT502"", ""FIT503"", ""FIT504"", ""P501"", ""P502"", ""PIT501"", ""PIT502"", ""PIT503"", ""FIT601"", ""P601"", ""P602"", ""P603""]","{""AIT201"": -0.005221694809074152, ""AIT202"": -0.11077581529443178, ""AIT203"": -0.0029945294494587425, ""AIT401"": -0.0025676978979855035, ""AIT402"": -0.00687078709571999, ""AIT501"": 0.05388995407778053, ""AIT502"": 0.002354576895111107, ""AIT503"": -0.001052960810847925, ""AIT504"": 0.04481756912295136, ""DPIT301"": 0.0026240281218199765, ""FIT101"": -0.0012857581818461472, ""FIT201"": -0.8318851773859959, ""FIT301"": 0.02042360341651837, ""FIT401"": 0.030427116281994418, ""FIT501"": 0.030951335704050172, ""FIT502"": 0.12731858343039043, ""FIT503"": -0.006510642454059468, ""FIT504"": -0.005822939599491291, ""FIT601"": 0.010139627610127332, ""LIT101"": 7.668990601185542e-05, ""LIT301"": -5.977022825297951e-05, ""LIT401"": 7.262193882519499e-05, ""MV101"": -0.017009583101436705, ""MV201"": 0.0012985799611357003, ""MV301"": 0.0048943416795912955, ""MV302"": -0.022010101225941738, ""MV303"": -0.001491959251238903, ""MV304"": 0.014122448065186907, ""P101"": 1.7999120604182757, ""P102"": 0.0, ""P201"": 0.0, ""P202"": 0.0, ""P203"": 0.12715743025513646, ""P204"": 0.0, ""P205"": 0.12715743025512946, ""P206"": 0.0, ""P301"": 0.0, ""P302"": -0.00456491314935667, ""P401"": 0.0, ""P402"": 0.0, ""P403"": 0.0, ""P404"": 0.0, ""P501"": 0.0, ""P502"": 0.0, ""P601"": 0.0, ""P602"": 0.01527530515121675, ""P603"": 0.0, ""PIT501"": 0.0046323134235297415, ""PIT502"": 0.013965911579456603, ""PIT503"": 0.007289171009316186, ""UV401"": 0.0}",-1.2714344022057424,0.897611612932002,0.0018592736316465,0.0431192953519252,0.0265127384677679
DPIT301,mlp_delta,local_support,ols,"[""DPIT301"", ""P302"", ""P301"", ""MV301"", ""MV302"", ""FIT301"", ""LIT301""]","{""DPIT301"": -0.5552143397901336, ""FIT301"": -0.43080299354514284, ""LIT301"": -0.0015706418598221323, ""MV301"": -1.0101971956442475, ""MV302"": 2.9493896915069118, ""P301"": -2.220446049250313e-15, ""P302"": 7.675955906059068}",-7.054753677177687,0.6630085166796589,0.3953737571021269,0.6287875293786661,0.3990700680620076
DPIT301,mlp_delta,local_support,ridge,"[""DPIT301"", ""P302"", ""P301"", ""MV301"", ""MV302"", ""FIT301"", ""LIT301""]","{""DPIT301"": -0.5569951236355357, ""FIT301"": -0.34301508665550057, ""LIT301"": -0.0015607494795766151, ""MV301"": -1.0012252605304781, ""MV302"": 2.9780124158662433, ""P301"": 0.0, ""P302"": 7.4853440154171755}",-6.908171718446116,0.6578289127921318,0.4014507042971563,0.6336013764956294,0.3994595921751881
DPIT301,mlp_delta,self_only,ols,"[""DPIT301""]","{""DPIT301"": -0.011854696732419663}",0.05471717728032,0.0254537322630701,1.1433820687353484,1.0692904510633905,0.4932427662700646
DPIT301,mlp_delta,self_only,ridge,"[""DPIT301""]","{""DPIT301"": -0.011854663499228943}",0.0547166263302772,0.0254536647038592,1.1433821479988917,1.0692904881270064,0.4932428069192263
DPIT301,mlp_delta,self_plus_local,ols,"[""DPIT301"", ""P302"", ""P301"", ""MV301"", ""MV302"", ""FIT301"", ""LIT301""]","{""DPIT301"": -0.5552143397901336, ""FIT301"": -0.43080299354514284, ""LIT301"": -0.0015706418598221323, ""MV301"": -1.0101971956442475, ""MV302"": 2.9493896915069118, ""P301"": -2.220446049250313e-15, ""P302"": 7.675955906059068}",-7.054753677177687,0.6630085166796589,0.3953737571021269,0.6287875293786661,0.3990700680620076
DPIT301,mlp_delta,self_plus_local,ridge,"[""DPIT301"", ""P302"", ""P301"", ""MV301"", ""MV302"", ""FIT301"", ""LIT301""]","{""DPIT301"": -0.5569951236355357, ""FIT301"": -0.34301508665550057, ""LIT301"": -0.0015607494795766151, ""MV301"": -1.0012252605304781, ""MV302"": 2.9780124158662433, ""P301"": 0.0, ""P302"": 7.4853440154171755}",-6.908171718446116,0.6578289127921318,0.4014507042971563,0.6336013764956294,0.3994595921751881
DPIT301,mlp_delta,all51,ols,"[""FIT101"", ""LIT101"", ""MV101"", ""P101"", ""P102"", ""AIT201"", ""AIT202"", ""AIT203"", ""FIT201"", ""MV201"", ""P201"", ""P202"", ""P203"", ""P204"", ""P205"", ""P206"", ""DPIT301"", ""FIT301"", ""LIT301"", ""MV301"", ""MV302"", ""MV303"", ""MV304"", ""P301"", ""P302"", ""AIT401"", ""AIT402"", ""FIT401"", ""LIT401"", ""P401"", ""P402"", ""P403"", ""P404"", ""UV401"", ""AIT501"", ""AIT502"", ""AIT503"", ""AIT504"", ""FIT501"", ""FIT502"", ""FIT503"", ""FIT504"", ""P501"", ""P502"", ""PIT501"", ""PIT502"", ""PIT503"", ""FIT601"", ""P601"", ""P602"", ""P603""]","{""AIT201"": -0.0018670180267494202, ""AIT202"": 2.4195540851557293, ""AIT203"": -0.019107432912063797, ""AIT401"": 2.002190154187229, ""AIT402"": 0.028134655919456714, ""AIT501"": 1.2840880633655163, ""AIT502"": 0.03543528164924448, ""AIT503"": 0.024706071161687326, ""AIT504"": -0.01673756239819979, ""DPIT301"": -0.5308431573395851, ""FIT101"": -0.1433999406503944, ""FIT201"": 0.2534593146358453, ""FIT301"": -1.362221689510281, ""FIT401"": 1.89988029509308, ""FIT501"": -3.6575322237709895, ""FIT502"": -0.6302094030327083, ""FIT503"": 7.737772141522871, ""FIT504"": -19.952593481730386, ""FIT601"": -0.894183720697658, ""LIT101"": -0.0013847665128780108, ""LIT301"": -0.0002687767651823325, ""LIT401"": -0.003199624799806816, ""MV101"": 0.027972027987216878, ""MV201"": 0.11321121503929, ""MV301"": 0.7486212968732014, ""MV302"": 1.82312819685823, ""MV303"": 2.5115144565709175, ""MV304"": -1.3650028172837096, ""P101"": -0.20369177441277178, ""P102"": -2.8522670336705858e-12, ""P201"": -3.8623271247928415e-13, ""P202"": -2.8917979122411452e-12, ""P203"": 0.022649572021599035, ""P204"": -3.490541189421492e-13, ""P205"": 0.02264957202012466, ""P206"": -1.8973711490843925e-12, ""P301"": -4.3520742565306136e-14, ""P302"": 10.237443103499203, ""P401"": -1.0269562977782698e-15, ""P402"": -3.375077994860476e-14, ""P403"": -1.1546319456101628e-14, ""P404"": -1.4210854715202004e-14, ""P501"": 0.0, ""P502"": 0.0, ""P601"": 0.0, ""P602"": -4.155797846709782, ""P603"": 0.0, ""PIT501"": -0.025162695442749405, ""PIT502"": 0.21164941283415878, ""PIT503"": 0.023799883702924074, ""UV401"": -8.881784197001252e-16}",-336.49930123406614,0.8388862185944543,0.1890260265559547,0.4347712347384021,0.3005662375528721
DPIT301,mlp_delta,all51,ridge,"[""FIT101"", ""LIT101"", ""MV101"", ""P101"", ""P102"", ""AIT201"", ""AIT202"", ""AIT203"", ""FIT201"", ""MV201"", ""P201"", ""P202"", ""P203"", ""P204"", ""P205"", ""P206"", ""DPIT301"", ""FIT301"", ""LIT301"", ""MV301"", ""MV302"", ""MV303"", ""MV304"", ""P301"", ""P302"", ""AIT401"", ""AIT402"", ""FIT401"", ""LIT401"", ""P401"", ""P402"", ""P403"", ""P404"", ""UV401"", ""AIT501"", ""AIT502"", ""AIT503"", ""AIT504"", ""FIT501"", ""FIT502"", ""FIT503"", ""FIT504"", ""P501"", ""P502"", ""PIT501"", ""PIT502"", ""PIT503"", ""FIT601"", ""P601"", ""P602"", ""P603""]","{""AIT201"": -0.010535586017814524, ""AIT202"": 0.3401260657628189, ""AIT203"": -0.0324588028504329, ""AIT401"": 0.13619047050053118, ""AIT402"": 0.03763516030058305, ""AIT501"": 0.18085578331735774, ""AIT502"": 0.027990397218280345, ""AIT503"": 0.02394382770166508, ""AIT504"": -0.025196670513450013, ""DPIT301"": -0.5358834103435006, ""FIT101"": -0.14880495960874598, ""FIT201"": 0.262205157660564, ""FIT301"": -1.1790712794949374, ""FIT401"": 0.0063847913052235625, ""FIT501"": -0.0879490453147563, ""FIT502"": -0.38024873909794626, ""FIT503"": 0.05192314024627947, ""FIT504"": -0.08661772031999947, ""FIT601"": -1.0138067361786889, ""LIT101"": -0.0013132579850522017, ""LIT301"": -0.00031094216128884006, ""LIT401"": -0.003285910137619541, ""MV101"": 0.025523788323320834, ""MV201"": 0.09619356331592685, ""MV301"": 0.5503488610368096, ""MV302"": 1.9664744786875423, ""MV303"": 2.3763273181576063, ""MV304"": -1.2580801314394126, ""P101"": -0.18365823526105882, ""P102"": 0.0, ""P201"": 0.0, ""P202"": 0.0, ""P203"": 0.022045842808181816, ""P204"": 0.0, ""P205"": 0.022045842807324523, ""P206"": 0.0, ""P301"": 0.0, ""P302"": 9.779628045180095, ""P401"": 0.0, ""P402"": 0.0, ""P403"": 0.0, ""P404"": 0.0, ""P501"": 0.0, ""P502"": 0.0, ""P601"": 0.0, ""P602"": -3.602999282877043, ""P603"": 0.0, ""PIT501"": -0.010964337387530812, ""PIT502"": 0.18755978805398038, ""PIT503"": 0.029617357360985103, ""UV401"": 0.0}",-34.385424094247284,0.833824258602513,0.1949649485743846,0.4415483536085087,0.301318322967832
FIT301,mlp_delta,self_only,ols,"[""FIT301""]","{""FIT301"": -0.025326841056785964}",0.0354145613119097,0.0271825632777102,0.0255971081459182,0.159990962700767,0.0584207865661811
FIT301,mlp_delta,self_only,ridge,"[""FIT301""]","{""FIT301"": -0.02532205290536809}",0.0354057259558533,0.0271802767554979,0.0255971683096798,0.1599911507230316,0.0584205027975902
FIT301,mlp_delta,self_plus_local,ols,"[""FIT301""]","{""FIT301"": -0.025326841056785964}",0.0354145613119097,0.0271825632777102,0.0255971081459182,0.159990962700767,0.0584207865661811
FIT301,mlp_delta,self_plus_local,ridge,"[""FIT301""]","{""FIT301"": -0.02532205290536809}",0.0354057259558533,0.0271802767554979,0.0255971683096798,0.1599911507230316,0.0584205027975902
FIT301,mlp_delta,all51,ols,"[""FIT101"", ""LIT101"", ""MV101"", ""P101"", ""P102"", ""AIT201"", ""AIT202"", ""AIT203"", ""FIT201"", ""MV201"", ""P201"", ""P202"", ""P203"", ""P204"", ""P205"", ""P206"", ""DPIT301"", ""FIT301"", ""LIT301"", ""MV301"", ""MV302"", ""MV303"", ""MV304"", ""P301"", ""P302"", ""AIT401"", ""AIT402"", ""FIT401"", ""LIT401"", ""P401"", ""P402"", ""P403"", ""P404"", ""UV401"", ""AIT501"", ""AIT502"", ""AIT503"", ""AIT504"", ""FIT501"", ""FIT502"", ""FIT503"", ""FIT504"", ""P501"", ""P502"", ""PIT501"", ""PIT502"", ""PIT503"", ""FIT601"", ""P601"", ""P602"", ""P603""]","{""AIT201"": -0.00018081248530194688, ""AIT202"": -0.34026049835361966, ""AIT203"": -0.003133943598744561, ""AIT401"": -0.3030140571876602, ""AIT402"": 0.004287643895402607, ""AIT501"": 0.039821626929559734, ""AIT502"": 0.0024445176879554845, ""AIT503"": 0.0012647649094582047, ""AIT504"": -0.00017271369293037075, ""DPIT301"": -0.0008634530818690256, ""FIT101"": 0.0019276891022843435, ""FIT201"": 0.0124034145137876, ""FIT301"": -0.9624361100997934, ""FIT401"": 0.4925885856807551, ""FIT501"": -0.437978981628271, ""FIT502"": -0.15337906040590946, ""FIT503"": 0.7152764563091556, ""FIT504"": -0.3019507484120717, ""FIT601"": -0.043872426469794584, ""LIT101"": -1.9835139200466098e-05, ""LIT301"": 0.00012258419462121695, ""LIT401"": -0.0004805971352417754, ""MV101"": -0.034200348508481325, ""MV201"": -0.03692876508402219, ""MV301"": -0.05681487821869982, ""MV302"": 0.013366325975452294, ""MV303"": 0.3470180364036183, ""MV304"": 0.06942995458892272, ""P101"": 0.10313141643790472, ""P102"": -1.5756250471010702e-12, ""P201"": 9.255790578421852e-14, ""P202"": 3.509692536596276e-13, ""P203"": 0.00042008088488075176, ""P204"": -3.910760604242114e-13, ""P205"": 0.0004200808849883046, ""P206"": -3.524958103184872e-14, ""P301"": -1.9984014443252818e-15, ""P302"": 2.0533470476132263, ""P401"": 6.938893903907228e-17, ""P402"": -1.6653345369377348e-15, ""P403"": -4.996003610813204e-16, ""P404"": -5.689893001203927e-16, ""P501"": 0.0, ""P502"": 0.0, ""P601"": 0.0, ""P602"": -0.2947471352718824, ""P603"": 0.0, ""PIT501"": 0.0005079954730164704, ""PIT502"": 0.053101465321756934, ""PIT503"": -0.0019919438422137947, ""UV401"": -5.551115123125783e-17}",45.373458684190894,0.8640760410679169,0.0035764781191921,0.0598036630917552,0.0350768359354271
FIT301,mlp_delta,all51,ridge,"[""FIT101"", ""LIT101"", ""MV101"", ""P101"", ""P102"", ""AIT201"", ""AIT202"", ""AIT203"", ""FIT201"", ""MV201"", ""P201"", ""P202"", ""P203"", ""P204"", ""P205"", ""P206"", ""DPIT301"", ""FIT301"", ""LIT301"", ""MV301"", ""MV302"", ""MV303"", ""MV304"", ""P301"", ""P302"", ""AIT401"", ""AIT402"", ""FIT401"", ""LIT401"", ""P401"", ""P402"", ""P403"", ""P404"", ""UV401"", ""AIT501"", ""AIT502"", ""AIT503"", ""AIT504"", ""FIT501"", ""FIT502"", ""FIT503"", ""FIT504"", ""P501"", ""P502"", ""PIT501"", ""PIT502"", ""PIT503"", ""FIT601"", ""P601"", ""P602"", ""P603""]","{""AIT201"": 0.0010523709060375839, ""AIT202"": -0.040773796115687176, ""AIT203"": -0.0015609985687996355, ""AIT401"": -0.019418562349650524, ""AIT402"": 0.003908957226815682, ""AIT501"": -0.0006307180014496364, ""AIT502"": 0.0018294156356069306, ""AIT503"": 0.0013930409016364978, ""AIT504"": 0.0018758237585328138, ""DPIT301"": -0.0038032835009364327, ""FIT101"": 0.0017438333608893856, ""FIT201"": 0.014836010556944819, ""FIT301"": -0.9088977476465767, ""FIT401"": 0.010811116277095703, ""FIT501"": -0.006431278157735876, ""FIT502"": -0.0898167787676623, ""FIT503"": 0.004047828522559676, ""FIT504"": -0.0018770906403438906, ""FIT601"": -0.04178431533949436, ""LIT101"": -3.5317987364573735e-05, ""LIT301"": 0.00014065747900304904, ""LIT401"": -0.0004785015034567197, ""MV101"": -0.03350947581548654, ""MV201"": -0.03283054630304179, ""MV301"": -0.06283701780272433, ""MV302"": 0.05309304226020199, ""MV303"": 0.3179472649478455, ""MV304"": 0.08921729491559348, ""P101"": 0.0958537613976869, ""P102"": 0.0, ""P201"": 0.0, ""P202"": 0.0, ""P203"": -0.0006037842230070053, ""P204"": 0.0, ""P205"": -0.0006037842232333641, ""P206"": 0.0, ""P301"": 0.0, ""P302"": 1.947006228297635, ""P401"": 0.0, ""P402"": 0.0, ""P403"": 0.0, ""P404"": 0.0, ""P501"": 0.0, ""P502"": 0.0, ""P601"": 0.0, ""P602"": -0.2647966671968639, ""P603"": 0.0, ""PIT501"": 0.0005897288634453859, ""PIT502"": 0.05181342378840278, ""PIT503"": -0.0017134296888045818, ""UV401"": 0.0}",0.6400445085442877,0.8692677256776213,0.0034398727219227,0.0586504281478209,0.0345344718229949
LIT301,mlp_delta,local_support,ols,"[""LIT301"", ""FIT301"", ""DPIT301"", ""MV301"", ""MV302"", ""MV303"", ""MV304"", ""P301"", ""P302""]","{""DPIT301"": 0.796956095228159, ""FIT301"": -7.824570509392732, ""LIT301"": -0.03078362115791461, ""MV301"": -2.0334112493063348, ""MV302"": -6.403765273138486, ""MV303"": 2.992439118083635, ""MV304"": 0.4768113395515091, ""P301"": 0.0, ""P302"": 7.370516040868937}",24.784310771067545,0.1400657441270991,48.81350462178053,6.9866662022584505,5.50690079204142
LIT301,mlp_delta,local_support,ridge,"[""LIT301"", ""FIT301"", ""DPIT301"", ""MV301"", ""MV302"", ""MV303"", ""MV304"", ""P301"", ""P302""]","{""DPIT301"": 0.7718653789125262, ""FIT301"": -7.503778624883475, ""LIT301"": -0.03080017391427939, ""MV301"": -1.9593671958479981, ""MV302"": -6.131520768387143, ""MV303"": 2.8398937754893536, ""MV304"": 0.5701267034495519, ""P301"": 0.0, ""P302"": 6.824782911989584}",25.116477152199558,0.1407010418489872,48.77744243671021,6.984084939110507,5.504508453350706
LIT301,mlp_delta,self_only,ols,"[""LIT301""]","{""LIT301"": -0.025115509792522837}",21.852258933211605,0.1017456105282561,50.98871744271371,7.140638447835999,5.670333444976607
LIT301,mlp_delta,self_only,ridge,"[""LIT301""]","{""LIT301"": -0.025115509150610886}",21.85225835049189,0.1017456082924479,50.98871756962763,7.140638456722734,5.670333450790642
LIT301,mlp_delta,self_plus_local,ols,"[""LIT301"", ""FIT301"", ""DPIT301"", ""MV301"", ""MV302"", ""MV303"", ""MV304"", ""P301"", ""P302""]","{""DPIT301"": 0.796956095228159, ""FIT301"": -7.824570509392732, ""LIT301"": -0.03078362115791461, ""MV301"": -2.0334112493063348, ""MV302"": -6.403765273138486, ""MV303"": 2.992439118083635, ""MV304"": 0.4768113395515091, ""P301"": 0.0, ""P302"": 7.370516040868937}",24.784310771067545,0.1400657441270991,48.81350462178053,6.9866662022584505,5.50690079204142
LIT301,mlp_delta,self_plus_local,ridge,"[""LIT301"", ""FIT301"", ""DPIT301"", ""MV301"", ""MV302"", ""MV303"", ""MV304"", ""P301"", ""P302""]","{""DPIT301"": 0.7718653789125262, ""FIT301"": -7.503778624883475, ""LIT301"": -0.03080017391427939, ""MV301"": -1.9593671958479981, ""MV302"": -6.131520768387143, ""MV303"": 2.8398937754893536, ""MV304"": 0.5701267034495519, ""P301"": 0.0, ""P302"": 6.824782911989584}",25.116477152199558,0.1407010418489872,48.77744243671021,6.984084939110507,5.504508453350706
LIT301,mlp_delta,all51,ols,"[""FIT101"", ""LIT101"", ""MV101"", ""P101"", ""P102"", ""AIT201"", ""AIT202"", ""AIT203"", ""FIT201"", ""MV201"", ""P201"", ""P202"", ""P203"", ""P204"", ""P205"", ""P206"", ""DPIT301"", ""FIT301"", ""LIT301"", ""MV301"", ""MV302"", ""MV303"", ""MV304"", ""P301"", ""P302"", ""AIT401"", ""AIT402"", ""FIT401"", ""LIT401"", ""P401"", ""P402"", ""P403"", ""P404"", ""UV401"", ""AIT501"", ""AIT502"", ""AIT503"", ""AIT504"", ""FIT501"", ""FIT502"", ""FIT503"", ""FIT504"", ""P501"", ""P502"", ""PIT501"", ""PIT502"", ""PIT503"", ""FIT601"", ""P601"", ""P602"", ""P603""]","{""AIT201"": -0.04293943866023131, ""AIT202"": -61.54872000544877, ""AIT203"": -0.2642134754793401, ""AIT401"": 1.0532923675027723, ""AIT402"": 0.4141781574912855, ""AIT501"": 9.025703508654416, ""AIT502"": -0.3585750849745146, ""AIT503"": -0.1869634689430697, ""AIT504"": 2.596424324294839, ""DPIT301"": 0.2467658856007624, ""FIT101"": 1.0177692660534037, ""FIT201"": 4.388369196241415, ""FIT301"": -7.907282782286234, ""FIT401"": -42.58649303607873, ""FIT501"": -115.2552002441695, ""FIT502"": 20.768900434951448, ""FIT503"": -27.610317100995, ""FIT504"": -184.31347885556184, ""FIT601"": -4.81382091612209, ""LIT101"": -0.010677687845845916, ""LIT301"": -0.0464936340373896, ""LIT401"": 0.017691111946133375, ""MV101"": -2.146673032579103, ""MV201"": 1.2818574148477544, ""MV301"": 7.145024314104543, ""MV302"": -7.073995862364428, ""MV303"": 4.602722269588544, ""MV304"": -2.948417336372314, ""P101"": -6.074213195290893, ""P102"": -9.363704256415417e-11, ""P201"": -3.0813129825446595e-12, ""P202"": 7.31015248334188e-12, ""P203"": -1.942440379296323, ""P204"": 1.0954348539371495e-11, ""P205"": -1.9424403792911134, ""P206"": 1.3531842313341258e-11, ""P301"": -1.971756091734278e-13, ""P302"": 13.994274867193644, ""P401"": -7.105427357601002e-14, ""P402"": -1.1723955140041653e-13, ""P403"": -8.881784197001252e-14, ""P404"": -4.263256414560601e-14, ""P501"": 0.0, ""P502"": 0.0, ""P601"": 0.0, ""P602"": -15.92133261540043, ""P603"": 0.0, ""PIT501"": -0.12209782120486423, ""PIT502"": -6.3104928200001655, ""PIT503"": 0.6834288917371953, ""UV401"": 0.0}",667.7282519929865,-0.0008480709718223,56.81236862519403,7.53739800098111,5.80029611355983
LIT301,mlp_delta,all51,ridge,"[""FIT101"", ""LIT101"", ""MV101"", ""P101"", ""P102"", ""AIT201"", ""AIT202"", ""AIT203"", ""FIT201"", ""MV201"", ""P201"", ""P202"", ""P203"", ""P204"", ""P205"", ""P206"", ""DPIT301"", ""FIT301"", ""LIT301"", ""MV301"", ""MV302"", ""MV303"", ""MV304"", ""P301"", ""P302"", ""AIT401"", ""AIT402"", ""FIT401"", ""LIT401"", ""P401"", ""P402"", ""P403"", ""P404"", ""UV401"", ""AIT501"", ""AIT502"", ""AIT503"", ""AIT504"", ""FIT501"", ""FIT502"", ""FIT503"", ""FIT504"", ""P501"", ""P502"", ""PIT501"", ""PIT502"", ""PIT503"", ""FIT601"", ""P601"", ""P602"", ""P603""]","{""AIT201"": 0.20352503763730334, ""AIT202"": -5.857080670508572, ""AIT203"": 0.04466718260356401, ""AIT401"": 0.01776479922772753, ""AIT402"": 0.47777780695097083, ""AIT501"": 0.43525222657813323, ""AIT502"": -0.5241932124308604, ""AIT503"": -0.1297209367598185, ""AIT504"": 1.8728941415626572, ""DPIT301"": 0.2227264042853544, ""FIT101"": 1.076442077412711, ""FIT201"": 3.8043537362477595, ""FIT301"": -7.507608952561046, ""FIT401"": -5.339226982131676, ""FIT501"": -6.002640107009275, ""FIT502"": 10.692826028864674, ""FIT503"": 0.5188462345733594, ""FIT504"": -0.042763646707836694, ""FIT601"": -5.343172287790811, ""LIT101"": -0.012973138842736853, ""LIT301"": -0.043151103416904604, ""LIT401"": 0.01693845229473154, ""MV101"": -2.0979633031244487, ""MV201"": 0.6410955392482811, ""MV301"": 6.198443138869869, ""MV302"": -6.732962111847752, ""MV303"": 4.360685142605528, ""MV304"": -2.755439183999132, ""P101"": -5.060273177939394, ""P102"": 0.0, ""P201"": 0.0, ""P202"": 0.0, ""P203"": -1.4240092590532294, ""P204"": 0.0, ""P205"": -1.4240092590552884, ""P206"": 0.0, ""P301"": 0.0, ""P302"": 13.269743388375883, ""P401"": 0.0, ""P402"": 0.0, ""P403"": 0.0, ""P404"": 0.0, ""P501"": 0.0, ""P502"": 0.0, ""P601"": 0.0, ""P602"": -13.660396142862854, ""P603"": 0.0, ""PIT501"": 0.07931255263220977, ""PIT502"": -7.181120916839339, ""PIT503"": 0.4181015853038693, ""UV401"": 0.0}",-56.447194659850034,-0.0871301492754388,61.71010423612766,7.855577905929497,6.000505977845346
AIT401,mlp_delta,self_only,ols,"[""AIT401""]","{""AIT401"": -26.86542974466072}",3998.262321058341,-0.4915650253138253,21.64419989407821,4.652332736819047,3.2249931630414888
AIT401,mlp_delta,self_only,ridge,"[""AIT401""]","{""AIT401"": -1.8510658198486916}",276.05492804656643,-0.523555509895226,22.10841595656102,4.701958736161029,3.262794488130366
AIT401,mlp_delta,self_plus_local,ols,"[""AIT401""]","{""AIT401"": -26.86542974466072}",3998.262321058341,-0.4915650253138253,21.64419989407821,4.652332736819047,3.2249931630414888
AIT401,mlp_delta,self_plus_local,ridge,"[""AIT401""]","{""AIT401"": -1.8510658198486916}",276.05492804656643,-0.523555509895226,22.10841595656102,4.701958736161029,3.262794488130366
AIT401,mlp_delta,all51,ols,"[""FIT101"", ""LIT101"", ""MV101"", ""P101"", ""P102"", ""AIT201"", ""AIT202"", ""AIT203"", ""FIT201"", ""MV201"", ""P201"", ""P202"", ""P203"", ""P204"", ""P205"", ""P206"", ""DPIT301"", ""FIT301"", ""LIT301"", ""MV301"", ""MV302"", ""MV303"", ""MV304"", ""P301"", ""P302"", ""AIT401"", ""AIT402"", ""FIT401"", ""LIT401"", ""P401"", ""P402"", ""P403"", ""P404"", ""UV401"", ""AIT501"", ""AIT502"", ""AIT503"", ""AIT504"", ""FIT501"", ""FIT502"", ""FIT503"", ""FIT504"", ""P501"", ""P502"", ""PIT501"", ""PIT502"", ""PIT503"", ""FIT601"", ""P601"", ""P602"", ""P603""]","{""AIT201"": 0.2093251185297909, ""AIT202"": -39.66513910910667, ""AIT203"": -0.3752389962286267, ""AIT401"": -25.69901768867893, ""AIT402"": -0.6198837185260881, ""AIT501"": -7.412798914972525, ""AIT502"": 0.7566736456494256, ""AIT503"": 0.02631228219693682, ""AIT504"": 1.0924846865651778, ""DPIT301"": 0.0916467644040182, ""FIT101"": 0.9195359010685336, ""FIT201"": -0.16296361182607294, ""FIT301"": -1.0923139040871144, ""FIT401"": -10.777995668560942, ""FIT501"": -16.910556158584743, ""FIT502"": -3.389650161025024, ""FIT503"": -39.794685008481345, ""FIT504"": 78.62191979600945, ""FIT601"": -0.7074881534401042, ""LIT101"": 0.006786407849672419, ""LIT301"": -0.00664574405409013, ""LIT401"": -0.012915556466584377, ""MV101"": -0.09262739596276318, ""MV201"": -0.28216888885527114, ""MV301"": -1.7076652252316382, ""MV302"": 2.118461172740596, ""MV303"": 1.422058595884951, ""MV304"": -0.44725107519675644, ""P101"": -6.838204599566034, ""P102"": -2.9888522212750956e-11, ""P201"": 3.9679301511164056e-12, ""P202"": 2.842492907717542e-11, ""P203"": 4.524237561913655, ""P204"": -2.920830244335093e-12, ""P205"": 4.524237561928191, ""P206"": 1.5364598482392466e-11, ""P301"": 2.353672812205332e-13, ""P302"": 2.0441536129345, ""P401"": -8.881784197001252e-15, ""P402"": 1.4921397450962104e-13, ""P403"": 4.263256414560601e-14, ""P404"": 7.815970093361102e-14, ""P501"": 0.0, ""P502"": 0.0, ""P601"": 0.0, ""P602"": -4.448770061278127, ""P603"": 0.0, ""PIT501"": 0.05437176092376639, ""PIT502"": 2.7913719084104107, ""PIT503"": 0.17591070808343723, ""UV401"": 2.6645352591003757e-15}",4264.89851142909,-0.1416378543374405,16.566383299800925,4.070182219483659,2.6974036953684783
AIT401,mlp_delta,all51,ridge,"[""FIT101"", ""LIT101"", ""MV101"", ""P101"", ""P102"", ""AIT201"", ""AIT202"", ""AIT203"", ""FIT201"", ""MV201"", ""P201"", ""P202"", ""P203"", ""P204"", ""P205"", ""P206"", ""DPIT301"", ""FIT301"", ""LIT301"", ""MV301"", ""MV302"", ""MV303"", ""MV304"", ""P301"", ""P302"", ""AIT401"", ""AIT402"", ""FIT401"", ""LIT401"", ""P401"", ""P402"", ""P403"", ""P404"", ""UV401"", ""AIT501"", ""AIT502"", ""AIT503"", ""AIT504"", ""FIT501"", ""FIT502"", ""FIT503"", ""FIT504"", ""P501"", ""P502"", ""PIT501"", ""PIT502"", ""PIT503"", ""FIT601"", ""P601"", ""P602"", ""P603""]","{""AIT201"": 0.35527829296116625, ""AIT202"": -4.67409748722913, ""AIT203"": -0.17060252155642935, ""AIT401"": -1.742695888225862, ""AIT402"": -0.6638828264105594, ""AIT501"": -1.2407226503569089, ""AIT502"": 0.7485434110892337, ""AIT503"": 0.048877062712816936, ""AIT504"": 0.9739605046936689, ""DPIT301"": 0.08619685740928931, ""FIT101"": 0.9573712857896247, ""FIT201"": -0.21472319223056427, ""FIT301"": -1.0007790223910984, ""FIT401"": -1.2699559915858214, ""FIT501"": -1.260287282665043, ""FIT502"": -2.449869524285299, ""FIT503"": -0.09798050303835301, ""FIT504"": 0.5458002879920288, ""FIT601"": -0.8382562896652875, ""LIT101"": 0.005330894215465748, ""LIT301"": -0.00467588889351808, ""LIT401"": -0.012866877031710248, ""MV101"": -0.0457437999437331, ""MV201"": -0.3898127457115852, ""MV301"": -1.9035465998878622, ""MV302"": 2.1416640541146155, ""MV303"": 1.4101763645044347, ""MV304"": -0.42626636989860917, ""P101"": -6.212862240336822, ""P102"": 0.0, ""P201"": 0.0, ""P202"": 0.0, ""P203"": 4.256457605686753, ""P204"": 0.0, ""P205"": 4.256457605686149, ""P206"": 0.0, ""P301"": 0.0, ""P302"": 1.9630779002238374, ""P401"": 0.0, ""P402"": 0.0, ""P403"": 0.0, ""P404"": 0.0, ""P501"": 0.0, ""P502"": 0.0, ""P601"": 0.0, ""P602"": -3.899311887852359, ""P603"": 0.0, ""PIT501"": 0.026982338508266427, ""PIT502"": 2.404982192321155, ""PIT503"": 0.05613170242036602, ""UV401"": 0.0}",234.56061227149945,-0.0586582328364813,15.362260459414651,3.91947196180999,2.5749453804896194
AIT402,mlp_delta,self_only,ols,"[""AIT402""]","{""AIT402"": -0.43120008970609136}",69.59295632205684,-0.539320749005626,0.5929046131584065,0.7700029955515799,0.5514641133180994
AIT402,mlp_delta,self_only,ridge,"[""AIT402""]","{""AIT402"": -0.4311707171099859}",69.58831691402739,-0.539429406106056,0.5929464649272072,0.7700301714395399,0.5514960034055194
AIT402,mlp_delta,self_plus_local,ols,"[""AIT402""]","{""AIT402"": -0.43120008970609136}",69.59295632205684,-0.539320749005626,0.5929046131584065,0.7700029955515799,0.5514641133180994
AIT402,mlp_delta,self_plus_local,ridge,"[""AIT402""]","{""AIT402"": -0.4311707171099859}",69.58831691402739,-0.539429406106056,0.5929464649272072,0.7700301714395399,0.5514960034055194
AIT402,mlp_delta,all51,ols,"[""FIT101"", ""LIT101"", ""MV101"", ""P101"", ""P102"", ""AIT201"", ""AIT202"", ""AIT203"", ""FIT201"", ""MV201"", ""P201"", ""P202"", ""P203"", ""P204"", ""P205"", ""P206"", ""DPIT301"", ""FIT301"", ""LIT301"", ""MV301"", ""MV302"", ""MV303"", ""MV304"", ""P301"", ""P302"", ""AIT401"", ""AIT402"", ""FIT401"", ""LIT401"", ""P401"", ""P402"", ""P403"", ""P404"", ""UV401"", ""AIT501"", ""AIT502"", ""AIT503"", ""AIT504"", ""FIT501"", ""FIT502"", ""FIT503"", ""FIT504"", ""P501"", ""P502"", ""PIT501"", ""PIT502"", ""PIT503"", ""FIT601"", ""P601"", ""P602"", ""P603""]","{""AIT201"": -0.1119166439166109, ""AIT202"": -2.863142747081162, ""AIT203"": -0.021464774610028686, ""AIT401"": 1.2949008803068531, ""AIT402"": -0.5260454061879138, ""AIT501"": -1.4081200789129702, ""AIT502"": 0.275022477847788, ""AIT503"": 0.038324588401696946, ""AIT504"": -0.2533997137840539, ""DPIT301"": -0.015138545021152527, ""FIT101"": 0.13990975723107346, ""FIT201"": 0.6137318302884274, ""FIT301"": 0.03414607576086684, ""FIT401"": -1.1505363085574936, ""FIT501"": 1.335504872537372, ""FIT502"": -0.3740323484315559, ""FIT503"": -6.409326684665092, ""FIT504"": 20.415292046811036, ""FIT601"": 0.4461913140670603, ""LIT101"": 0.0006444821335367377, ""LIT301"": -0.001212621654519186, ""LIT401"": 0.0023605862021209845, ""MV101"": -0.28391430653064154, ""MV201"": -0.15252218788712452, ""MV301"": -1.3536376260678389, ""MV302"": -0.1291709215005204, ""MV303"": 0.23211109074827882, ""MV304"": 0.24648394773640242, ""P101"": -0.28045441839364266, ""P102"": 1.55649798605495e-12, ""P201"": 5.602740493770852e-13, ""P202"": 3.4555136529945685e-12, ""P203"": -0.5205906866397647, ""P204"": -6.615125114350917e-13, ""P205"": -0.5205906866379582, ""P206"": 1.902561441724515e-12, ""P301"": 2.375877272697835e-14, ""P302"": 0.044527446610194754, ""P401"": 3.885780586188048e-16, ""P402"": 2.930988785010413e-14, ""P403"": 1.1823875212257917e-14, ""P404"": 1.27675647831893e-14, ""P501"": 0.0, ""P502"": 0.0, ""P601"": 0.0, ""P602"": 1.890691515206118, ""P603"": 0.0, ""PIT501"": 0.1320541494976989, ""PIT502"": 0.14422251235389905, ""PIT503"": -0.21672242163695554, ""UV401"": 1.1102230246251565e-15}",-77.49847730365943,0.3652385916031261,0.2444928826799425,0.4944622156241491,0.3254638957413691
AIT402,mlp_delta,all51,ridge,"[""FIT101"", ""LIT101"", ""MV101"", ""P101"", ""P102"", ""AIT201"", ""AIT202"", ""AIT203"", ""FIT201"", ""MV201"", ""P201"", ""P202"", ""P203"", ""P204"", ""P205"", ""P206"", ""DPIT301"", ""FIT301"", ""LIT301"", ""MV301"", ""MV302"", ""MV303"", ""MV304"", ""P301"", ""P302"", ""AIT401"", ""AIT402"", ""FIT401"", ""LIT401"", ""P401"", ""P402"", ""P403"", ""P404"", ""UV401"", ""AIT501"", ""AIT502"", ""AIT503"", ""AIT504"", ""FIT501"", ""FIT502"", ""FIT503"", ""FIT504"", ""P501"", ""P502"", ""PIT501"", ""PIT502"", ""PIT503"", ""FIT601"", ""P601"", ""P602"", ""P603""]","{""AIT201"": -0.10347166495660283, ""AIT202"": -0.34593348501646753, ""AIT203"": -0.005296958587152299, ""AIT401"": 0.08833270816293096, ""AIT402"": -0.5297213627388633, ""AIT501"": -0.1804391817115159, ""AIT502"": 0.27740844965542033, ""AIT503"": 0.040178968291052254, ""AIT504"": -0.2633268543795765, ""DPIT301"": -0.016611646238407506, ""FIT101"": 0.14073493773309564, ""FIT201"": 0.5534717930568668, ""FIT301"": 0.04512620507676878, ""FIT401"": -0.099377728522092, ""FIT501"": -0.0544751238905699, ""FIT502"": -0.25879462041485024, ""FIT503"": -0.03079358391744514, ""FIT504"": 0.10867953506510268, ""FIT601"": 0.5508902698020887, ""LIT101"": 0.0005444218955921337, ""LIT301"": -0.00109159986793076, ""LIT401"": 0.0023546253117125355, ""MV101"": -0.27406475938486324, ""MV201"": -0.1929643387234034, ""MV301"": -1.2150528624976358, ""MV302"": -0.12239913521286915, ""MV303"": 0.22859129398236858, ""MV304"": 0.24321480954116328, ""P101"": -0.23471745884415487, ""P102"": 0.0, ""P201"": 0.0, ""P202"": 0.0, ""P203"": -0.46244710346788503, ""P204"": 0.0, ""P205"": -0.4624471034677568, ""P206"": 0.0, ""P301"": 0.0, ""P302"": 0.036258280116308744, ""P401"": 0.0, ""P402"": 0.0, ""P403"": 0.0, ""P404"": 0.0, ""P501"": 0.0, ""P502"": 0.0, ""P601"": 0.0, ""P602"": 1.572900035388903, ""P603"": 0.0, ""PIT501"": 0.1145357864453652, ""PIT502"": 0.11730254001680995, ""PIT503"": -0.21765183166374982, ""UV401"": 0.0}",70.18018698237755,0.3400101135135713,0.254210208358769,0.5041926302106855,0.3343730074801346
FIT401,mlp_delta,self_only,ols,"[""FIT401""]","{""FIT401"": -0.21406454934665708}",0.3698034333616206,-0.2193343286680149,2.101237855202171e-05,0.0045839261067366,0.0033092123480237
FIT401,mlp_delta,self_only,ridge,"[""FIT401""]","{""FIT401"": -0.07399170097821636}",0.1281149891467912,-0.0522122467088512,1.8132419899201688e-05,0.004258217925283,0.0031892759632481
FIT401,mlp_delta,self_plus_local,ols,"[""FIT401""]","{""FIT401"": -0.21406454934665708}",0.3698034333616206,-0.2193343286680149,2.101237855202171e-05,0.0045839261067366,0.0033092123480237
FIT401,mlp_delta,self_plus_local,ridge,"[""FIT401""]","{""FIT401"": -0.07399170097821636}",0.1281149891467912,-0.0522122467088512,1.8132419899201688e-05,0.004258217925283,0.0031892759632481
FIT401,mlp_delta,all51,ols,"[""FIT101"", ""LIT101"", ""MV101"", ""P101"", ""P102"", ""AIT201"", ""AIT202"", ""AIT203"", ""FIT201"", ""MV201"", ""P201"", ""P202"", ""P203"", ""P204"", ""P205"", ""P206"", ""DPIT301"", ""FIT301"", ""LIT301"", ""MV301"", ""MV302"", ""MV303"", ""MV304"", ""P301"", ""P302"", ""AIT401"", ""AIT402"", ""FIT401"", ""LIT401"", ""P401"", ""P402"", ""P403"", ""P404"", ""UV401"", ""AIT501"", ""AIT502"", ""AIT503"", ""AIT504"", ""FIT501"", ""FIT502"", ""FIT503"", ""FIT504"", ""P501"", ""P502"", ""PIT501"", ""PIT502"", ""PIT503"", ""FIT601"", ""P601"", ""P602"", ""P603""]","{""AIT201"": -0.00020290802882373188, ""AIT202"": -0.012188312767931597, ""AIT203"": 4.4683206325114416e-05, ""AIT401"": 0.008250253242376543, ""AIT402"": 0.00012472114772732603, ""AIT501"": 0.005929546506654385, ""AIT502"": -0.00031804623741185124, ""AIT503"": 0.0002970036612209605, ""AIT504"": -0.00022217424878700652, ""DPIT301"": -0.00010431876869835578, ""FIT101"": 0.0004364449072052116, ""FIT201"": 0.0029374665657644866, ""FIT301"": 0.0013562644133131418, ""FIT401"": -0.8241469788690874, ""FIT501"": 0.22661073943118126, ""FIT502"": 0.0332038347478601, ""FIT503"": -0.015438117971325145, ""FIT504"": 0.1282355419196129, ""FIT601"": 0.002922027131200989, ""LIT101"": -2.5265450463401994e-06, ""LIT301"": -1.4671194643278013e-05, ""LIT401"": 3.750618167974035e-05, ""MV101"": -0.00044151822988829136, ""MV201"": 0.0037714019069969764, ""MV301"": 0.00836707828108696, ""MV302"": 0.0019777374214903043, ""MV303"": -0.003909130836134381, ""MV304"": 0.0008438840441182619, ""P101"": -0.010176303992110693, ""P102"": 2.0316056779587366e-13, ""P201"": -4.6381843678278134e-14, ""P202"": -4.019354293838262e-15, ""P203"": -0.0019378699163051477, ""P204"": 4.932807634583369e-13, ""P205"": -0.0019378699164249035, ""P206"": 2.278953935286321e-13, ""P301"": 1.6982942829812941e-15, ""P302"": -0.0006902858009012071, ""P401"": -5.551115123125783e-17, ""P402"": 5.551115123125783e-16, ""P403"": 1.1102230246251565e-16, ""P404"": 2.7755575615628914e-17, ""P501"": 0.0, ""P502"": 0.0, ""P601"": 0.0, ""P602"": -0.009574801581670638, ""P603"": 0.0, ""PIT501"": -0.0010885443844401033, ""PIT502"": -0.004664599662841859, ""PIT503"": -0.0006179870485379204, ""UV401"": 0.0}",0.1621621759703281,0.6056902400306159,6.795007528644227e-06,0.0026067235236296,0.001797173307755
FIT401,mlp_delta,all51,ridge,"[""FIT101"", ""LIT101"", ""MV101"", ""P101"", ""P102"", ""AIT201"", ""AIT202"", ""AIT203"", ""FIT201"", ""MV201"", ""P201"", ""P202"", ""P203"", ""P204"", ""P205"", ""P206"", ""DPIT301"", ""FIT301"", ""LIT301"", ""MV301"", ""MV302"", ""MV303"", ""MV304"", ""P301"", ""P302"", ""AIT401"", ""AIT402"", ""FIT401"", ""LIT401"", ""P401"", ""P402"", ""P403"", ""P404"", ""UV401"", ""AIT501"", ""AIT502"", ""AIT503"", ""AIT504"", ""FIT501"", ""FIT502"", ""FIT503"", ""FIT504"", ""P501"", ""P502"", ""PIT501"", ""PIT502"", ""PIT503"", ""FIT601"", ""P601"", ""P602"", ""P603""]","{""AIT201"": -0.00024187233167150395, ""AIT202"": 0.010747959078659077, ""AIT203"": 0.00014043152926577031, ""AIT401"": -0.00014254553918768565, ""AIT402"": 0.0012872608967268446, ""AIT501"": 0.0019083351876410105, ""AIT502"": -0.0010320725175787878, ""AIT503"": 0.0005216621445880775, ""AIT504"": -0.0063343893580763136, ""DPIT301"": 1.9634178810350206e-05, ""FIT101"": 0.0003810757073752444, ""FIT201"": 0.002717584740546055, ""FIT301"": 0.0005390002431312002, ""FIT401"": -0.0478087509268373, ""FIT501"": -0.027475014683740036, ""FIT502"": 0.007380799663081012, ""FIT503"": 0.00496124219902438, ""FIT504"": 0.006385999622181846, ""FIT601"": 0.0026920430053220725, ""LIT101"": -1.0756566715509009e-06, ""LIT301"": -7.117980112527409e-06, ""LIT401"": 2.2894705728901687e-05, ""MV101"": -0.0003273438924199697, ""MV201"": 0.0028712451108309253, ""MV301"": 0.00784044056633226, ""MV302"": 0.0014859958743861645, ""MV303"": -0.00391720393373178, ""MV304"": 0.0006754441203787919, ""P101"": -0.008322460208836455, ""P102"": 0.0, ""P201"": 0.0, ""P202"": 0.0, ""P203"": -0.001817086852182965, ""P204"": 0.0, ""P205"": -0.0018170868521833392, ""P206"": 0.0, ""P301"": 0.0, ""P302"": -0.0001035927508676067, ""P401"": 0.0, ""P402"": 0.0, ""P403"": 0.0, ""P404"": 0.0, ""P501"": 0.0, ""P502"": 0.0, ""P601"": 0.0, ""P602"": -0.008199136755288597, ""P603"": 0.0, ""PIT501"": -0.00016756091951577293, ""PIT502"": -0.013204408260554088, ""PIT503"": -0.0018137119787950797, ""UV401"": 0.0}",0.3312730611064489,-0.6783725636026956,2.8922830128363363e-05,0.005377994991478,0.0043090562692577
LIT401,mlp_delta,self_only,ols,"[""LIT401""]","{""LIT401"": -0.006601955963749326}",7.623128592630052,-0.3239935398057083,42.76824136301907,6.539743218431369,5.281160324126762
LIT401,mlp_delta,self_only,ridge,"[""LIT401""]","{""LIT401"": -0.00660195572490256}",7.623128379449585,-0.3239935407986765,42.76824139509439,6.539743220883706,5.281160324866966
LIT401,mlp_delta,self_plus_local,ols,"[""LIT401""]","{""LIT401"": -0.006601955963749326}",7.623128592630052,-0.3239935398057083,42.76824136301907,6.539743218431369,5.281160324126762
LIT401,mlp_delta,self_plus_local,ridge,"[""LIT401""]","{""LIT401"": -0.00660195572490256}",7.623128379449585,-0.3239935407986765,42.76824139509439,6.539743220883706,5.281160324866966
LIT401,mlp_delta,all51,ols,"[""FIT101"", ""LIT101"", ""MV101"", ""P101"", ""P102"", ""AIT201"", ""AIT202"", ""AIT203"", ""FIT201"", ""MV201"", ""P201"", ""P202"", ""P203"", ""P204"", ""P205"", ""P206"", ""DPIT301"", ""FIT301"", ""LIT301"", ""MV301"", ""MV302"", ""MV303"", ""MV304"", ""P301"", ""P302"", ""AIT401"", ""AIT402"", ""FIT401"", ""LIT401"", ""P401"", ""P402"", ""P403"", ""P404"", ""UV401"", ""AIT501"", ""AIT502"", ""AIT503"", ""AIT504"", ""FIT501"", ""FIT502"", ""FIT503"", ""FIT504"", ""P501"", ""P502"", ""PIT501"", ""PIT502"", ""PIT503"", ""FIT601"", ""P601"", ""P602"", ""P603""]","{""AIT201"": 0.3323800945835353, ""AIT202"": -22.61655619753778, ""AIT203"": -0.3193745660371953, ""AIT401"": -17.589958363229325, ""AIT402"": -0.28104643553488384, ""AIT501"": 56.39521035048183, ""AIT502"": 0.7772326790264539, ""AIT503"": -0.174256531474537, ""AIT504"": 0.2868117370401131, ""DPIT301"": 0.8967055596649356, ""FIT101"": -0.37985434773273546, ""FIT201"": -1.7718838436571018, ""FIT301"": -1.540500951091182, ""FIT401"": 131.66065700418318, ""FIT501"": 76.83323724522836, ""FIT502"": 8.211360154436989, ""FIT503"": -5.497694197458992, ""FIT504"": 174.81343247944375, ""FIT601"": 1.3660989801844887, ""LIT101"": -0.009744921316442534, ""LIT301"": 0.023485016602666775, ""LIT401"": -0.05107544682959886, ""MV101"": 0.4765540369084492, ""MV201"": -2.3032363037060812, ""MV301"": -11.010875455623527, ""MV302"": -1.858214169848095, ""MV303"": 0.7817145947587618, ""MV304"": 0.3574567767533312, ""P101"": 2.1749206588950734, ""P102"": -5.624664622949638e-11, ""P201"": 1.6234014132976426e-11, ""P202"": 4.683520238302208e-11, ""P203"": 5.347425721637995, ""P204"": -9.28821464185603e-11, ""P205"": 5.347425721671844, ""P206"": -1.8204993068593467e-11, ""P301"": -3.019806626980426e-14, ""P302"": -5.035878548426526, ""P401"": 8.526512829121202e-14, ""P402"": 7.105427357601002e-14, ""P403"": 8.526512829121202e-14, ""P404"": 7.105427357601002e-14, ""P501"": 0.0, ""P502"": 0.0, ""P601"": 0.0, ""P602"": 10.523219665273439, ""P603"": 0.0, ""PIT501"": 0.5113606456713065, ""PIT502"": -13.985602530561605, ""PIT503"": -0.9135009950339006, ""UV401"": 8.881784197001252e-15}",2008.6120986798253,-1.01085239113594,64.95546830396637,8.059495536568425,5.941914556975025
LIT401,mlp_delta,all51,ridge,"[""FIT101"", ""LIT101"", ""MV101"", ""P101"", ""P102"", ""AIT201"", ""AIT202"", ""AIT203"", ""FIT201"", ""MV201"", ""P201"", ""P202"", ""P203"", ""P204"", ""P205"", ""P206"", ""DPIT301"", ""FIT301"", ""LIT301"", ""MV301"", ""MV302"", ""MV303"", ""MV304"", ""P301"", ""P302"", ""AIT401"", ""AIT402"", ""FIT401"", ""LIT401"", ""P401"", ""P402"", ""P403"", ""P404"", ""UV401"", ""AIT501"", ""AIT502"", ""AIT503"", ""AIT504"", ""FIT501"", ""FIT502"", ""FIT503"", ""FIT504"", ""P501"", ""P502"", ""PIT501"", ""PIT502"", ""PIT503"", ""FIT601"", ""P601"", ""P602"", ""P603""]","{""AIT201"": 0.5664651956614691, ""AIT202"": -5.63317692135613, ""AIT203"": -0.2792645955661992, ""AIT401"": -0.9025888560473204, ""AIT402"": -0.6391092783694333, ""AIT501"": 4.494867486753874, ""AIT502"": 0.7238452484986696, ""AIT503"": -0.23470671795473316, ""AIT504"": 2.322530331308162, ""DPIT301"": 0.832433845968618, ""FIT101"": -0.3184868296238352, ""FIT201"": -1.107162123718546, ""FIT301"": -1.1917232158781785, ""FIT401"": 11.960811515489235, ""FIT501"": 10.141417830884489, ""FIT502"": 8.935725322603506, ""FIT503"": -1.5432311270768937, ""FIT504"": -0.91226752325789, ""FIT601"": 1.9681474509779078, ""LIT101"": -0.011689178988590171, ""LIT301"": 0.021443821476596823, ""LIT401"": -0.04436399320038609, ""MV101"": 0.441656492448742, ""MV201"": -1.8549020759556754, ""MV301"": -10.11469990545972, ""MV302"": -1.6542598318845076, ""MV303"": 0.7601510819486564, ""MV304"": 0.3541034785691147, ""P101"": 1.6555623643027642, ""P102"": 0.0, ""P201"": 0.0, ""P202"": 0.0, ""P203"": 4.831295224699511, ""P204"": 0.0, ""P205"": 4.831295224699353, ""P206"": 0.0, ""P301"": 0.0, ""P302"": -5.106933770043562, ""P401"": 0.0, ""P402"": 0.0, ""P403"": 0.0, ""P404"": 0.0, ""P501"": 0.0, ""P502"": 0.0, ""P601"": 0.0, ""P602"": 8.436672083004881, ""P603"": 0.0, ""PIT501"": 0.12712341454837836, ""PIT502"": -10.491803913446724, ""PIT503"": -0.4063240205269717, ""UV401"": 0.0}",139.8354787130884,-0.3604343175070952,43.94536793451106,6.629130254755224,5.040568234374551
AIT501,mlp_delta,self_only,ols,"[""AIT501""]","{""AIT501"": 0.0009479434186748382}",-0.0070574737781498,-0.1653794179469989,4.412066503530421e-06,0.0021004919670235,0.00166066191528
AIT501,mlp_delta,self_only,ridge,"[""AIT501""]","{""AIT501"": 0.0003340007634369265}",-0.0022162591389015,-0.1683631315090981,4.423362689528504e-06,0.0021031791862626,0.0016639072652721
AIT501,mlp_delta,self_plus_local,ols,"[""AIT501""]","{""AIT501"": 0.0009479434186748382}",-0.0070574737781498,-0.1653794179469989,4.412066503530421e-06,0.0021004919670235,0.00166066191528
AIT501,mlp_delta,self_plus_local,ridge,"[""AIT501""]","{""AIT501"": 0.0003340007634369265}",-0.0022162591389015,-0.1683631315090981,4.423362689528504e-06,0.0021031791862626,0.0016639072652721
AIT501,mlp_delta,all51,ols,"[""FIT101"", ""LIT101"", ""MV101"", ""P101"", ""P102"", ""AIT201"", ""AIT202"", ""AIT203"", ""FIT201"", ""MV201"", ""P201"", ""P202"", ""P203"", ""P204"", ""P205"", ""P206"", ""DPIT301"", ""FIT301"", ""LIT301"", ""MV301"", ""MV302"", ""MV303"", ""MV304"", ""P301"", ""P302"", ""AIT401"", ""AIT402"", ""FIT401"", ""LIT401"", ""P401"", ""P402"", ""P403"", ""P404"", ""UV401"", ""AIT501"", ""AIT502"", ""AIT503"", ""AIT504"", ""FIT501"", ""FIT502"", ""FIT503"", ""FIT504"", ""P501"", ""P502"", ""PIT501"", ""PIT502"", ""PIT503"", ""FIT601"", ""P601"", ""P602"", ""P603""]","{""AIT201"": 0.0006495429378313988, ""AIT202"": 0.04802450846640731, ""AIT203"": 6.8482579216656e-05, ""AIT401"": -0.001214831694501576, ""AIT402"": -0.000304737907939803, ""AIT501"": -0.09992634952811072, ""AIT502"": 7.421108417122058e-05, ""AIT503"": 4.9281373132179646e-05, ""AIT504"": -0.00023474581184789855, ""DPIT301"": -2.601359647210269e-05, ""FIT101"": -0.0005166425720845436, ""FIT201"": -8.047822593111711e-05, ""FIT301"": 0.0003900261248720948, ""FIT401"": 0.0008090332846890741, ""FIT501"": -0.0064817431955585415, ""FIT502"": -0.0033044179676880573, ""FIT503"": 0.08668709075331334, ""FIT504"": 0.21880814766367437, ""FIT601"": -0.004969241664646315, ""LIT101"": 1.909360047256126e-06, ""LIT301"": -3.2220806368277177e-06, ""LIT401"": 1.2546435598788375e-05, ""MV101"": 0.0013827187246513999, ""MV201"": -0.002901025963291879, ""MV301"": -0.0033845705734108973, ""MV302"": -0.002311676518753138, ""MV303"": 0.001406116106491596, ""MV304"": -0.002307410140236251, ""P101"": 0.00492275180185371, ""P102"": 9.105319579913451e-14, ""P201"": 3.9452084177674096e-16, ""P202"": -7.0507835681077324e-15, ""P203"": -0.000673951840866237, ""P204"": 2.6644051548396774e-14, ""P205"": -0.0006739518408708947, ""P206"": -2.2733551152676057e-15, ""P301"": 2.1163626406917047e-16, ""P302"": 0.0008615131142253368, ""P401"": -6.245004513516506e-17, ""P402"": 8.413408858487514e-17, ""P403"": 5.551115123125783e-17, ""P404"": 6.938893903907228e-18, ""P501"": 0.0, ""P502"": 0.0, ""P601"": 0.0, ""P602"": 0.015782096973610993, ""P603"": 0.0, ""PIT501"": -0.00035077930791337954, ""PIT502"": 0.0019520951961588457, ""PIT503"": 0.00015460286210908399, ""UV401"": 1.3877787807814457e-17}",0.3179766966768923,-0.0782109854912811,4.0820513041195306e-06,0.0020204086972985,0.0014337354087149
AIT501,mlp_delta,all51,ridge,"[""FIT101"", ""LIT101"", ""MV101"", ""P101"", ""P102"", ""AIT201"", ""AIT202"", ""AIT203"", ""FIT201"", ""MV201"", ""P201"", ""P202"", ""P203"", ""P204"", ""P205"", ""P206"", ""DPIT301"", ""FIT301"", ""LIT301"", ""MV301"", ""MV302"", ""MV303"", ""MV304"", ""P301"", ""P302"", ""AIT401"", ""AIT402"", ""FIT401"", ""LIT401"", ""P401"", ""P402"", ""P403"", ""P404"", ""UV401"", ""AIT501"", ""AIT502"", ""AIT503"", ""AIT504"", ""FIT501"", ""FIT502"", ""FIT503"", ""FIT504"", ""P501"", ""P502"", ""PIT501"", ""PIT502"", ""PIT503"", ""FIT601"", ""P601"", ""P602"", ""P603""]","{""AIT201"": 0.00024212682532381085, ""AIT202"": 0.0061394474234483225, ""AIT203"": -6.627870785344658e-05, ""AIT401"": -0.00027164136366991697, ""AIT402"": -0.00018377658699211702, ""AIT501"": -0.008655097677695782, ""AIT502"": 0.0004893141644473527, ""AIT503"": 6.683049773643864e-05, ""AIT504"": -0.0013029533176577741, ""DPIT301"": 1.4903770350877062e-05, ""FIT101"": -0.0005808695541733723, ""FIT201"": -0.00036444050186974325, ""FIT301"": 0.00024888899026248064, ""FIT401"": -0.0038546575610885077, ""FIT501"": -0.0038975252233133233, ""FIT502"": -0.003907666423059839, ""FIT503"": 0.0013463870078667265, ""FIT504"": 0.0017887470505734688, ""FIT601"": -0.004014834757077151, ""LIT101"": 4.891042932650196e-06, ""LIT301"": -2.9014244215851374e-06, ""LIT401"": 6.538039116129848e-06, ""MV101"": 0.0013675738493048924, ""MV201"": -0.002489490135196917, ""MV301"": -0.0024592828372717616, ""MV302"": -0.002338132944830389, ""MV303"": 0.0013187746388519884, ""MV304"": -0.0022837325872025107, ""P101"": 0.004425686062223043, ""P102"": 0.0, ""P201"": 0.0, ""P202"": 0.0, ""P203"": -0.0007960533789060779, ""P204"": 0.0, ""P205"": -0.0007960533789060135, ""P206"": 0.0, ""P301"": 0.0, ""P302"": 0.0006401724648710452, ""P401"": 0.0, ""P402"": 0.0, ""P403"": 0.0, ""P404"": 0.0, ""P501"": 0.0, ""P502"": 0.0, ""P601"": 0.0, ""P602"": 0.013410426445707023, ""P603"": 0.0, ""PIT501"": -0.0003233298932816003, ""PIT502"": 0.0006881536605534938, ""PIT503"": -0.00010866988101512571, ""UV401"": 0.0}",0.0737136221158065,0.2920879630443167,2.680118541307728e-06,0.0016371067592883,0.0011188265583518
AIT502,mlp_delta,self_only,ols,"[""AIT502""]","{""AIT502"": 0.03497393596507511}",-5.976610090484158,-0.9364093778313918,2.6913017829547967,1.6405187542222115,1.17790101447199
AIT502,mlp_delta,self_only,ridge,"[""AIT502""]","{""AIT502"": 0.034969346525052174}",-5.975942530446094,-0.9364022957768195,2.691291940022659,1.6405157542744473,1.1778981606812218
AIT502,mlp_delta,self_plus_local,ols,"[""AIT502""]","{""AIT502"": 0.03497393596507511}",-5.976610090484158,-0.9364093778313918,2.6913017829547967,1.6405187542222115,1.17790101447199
AIT502,mlp_delta,self_plus_local,ridge,"[""AIT502""]","{""AIT502"": 0.034969346525052174}",-5.975942530446094,-0.9364022957768195,2.691291940022659,1.6405157542744473,1.1778981606812218
AIT502,mlp_delta,all51,ols,"[""FIT101"", ""LIT101"", ""MV101"", ""P101"", ""P102"", ""AIT201"", ""AIT202"", ""AIT203"", ""FIT201"", ""MV201"", ""P201"", ""P202"", ""P203"", ""P204"", ""P205"", ""P206"", ""DPIT301"", ""FIT301"", ""LIT301"", ""MV301"", ""MV302"", ""MV303"", ""MV304"", ""P301"", ""P302"", ""AIT401"", ""AIT402"", ""FIT401"", ""LIT401"", ""P401"", ""P402"", ""P403"", ""P404"", ""UV401"", ""AIT501"", ""AIT502"", ""AIT503"", ""AIT504"", ""FIT501"", ""FIT502"", ""FIT503"", ""FIT504"", ""P501"", ""P502"", ""PIT501"", ""PIT502"", ""PIT503"", ""FIT601"", ""P601"", ""P602"", ""P603""]","{""AIT201"": -0.15420432833188802, ""AIT202"": -2.5839994042016308, ""AIT203"": 0.0043383030530270705, ""AIT401"": -1.2988284703913893, ""AIT402"": 0.5270828422499786, ""AIT501"": 11.227165003543663, ""AIT502"": -0.5035123018550577, ""AIT503"": -0.02364480081487108, ""AIT504"": 0.015387381666061517, ""DPIT301"": -0.04024755829862359, ""FIT101"": 0.2077896336004428, ""FIT201"": 0.22091247039786982, ""FIT301"": -0.031207581283206526, ""FIT401"": -8.301554510721035, ""FIT501"": 0.26834534463715976, ""FIT502"": -2.573391823857278, ""FIT503"": 4.279430184909586, ""FIT504"": 21.42787010904142, ""FIT601"": -0.3426294963105835, ""LIT101"": 0.00022240130139542045, ""LIT301"": 0.0018700242239919618, ""LIT401"": -0.001643851834860488, ""MV101"": -0.5512689809527033, ""MV201"": -0.4130516868569299, ""MV301"": -0.5925923268428094, ""MV302"": 0.12651648842783314, ""MV303"": 0.5398829246856146, ""MV304"": -0.15162741005413763, ""P101"": 1.535243387562189, ""P102"": 3.8926917245163395e-12, ""P201"": -5.860589791240045e-14, ""P202"": 2.2926660570021795e-12, ""P203"": -0.7751941166386185, ""P204"": 4.66304772572812e-12, ""P205"": -0.7751941166381644, ""P206"": 3.583966456943699e-12, ""P301"": 2.1871393585115584e-14, ""P302"": 0.4871629777305976, ""P401"": 3.552713678800501e-15, ""P402"": 1.2739809207573671e-14, ""P403"": 7.993605777301127e-15, ""P404"": 6.217248937900877e-15, ""P501"": 0.0, ""P502"": 0.0, ""P601"": 0.0, ""P602"": 1.930276536701078, ""P603"": 0.0, ""PIT501"": 0.11678126389302079, ""PIT502"": 0.8930183542007804, ""PIT503"": -0.14731195244241035, ""UV401"": 0.0}",164.59313756386712,-0.2994474550635508,1.8060257777646016,1.3438845849865984,0.9756244084313556
AIT502,mlp_delta,all51,ridge,"[""FIT101"", ""LIT101"", ""MV101"", ""P101"", ""P102"", ""AIT201"", ""AIT202"", ""AIT203"", ""FIT201"", ""MV201"", ""P201"", ""P202"", ""P203"", ""P204"", ""P205"", ""P206"", ""DPIT301"", ""FIT301"", ""LIT301"", ""MV301"", ""MV302"", ""MV303"", ""MV304"", ""P301"", ""P302"", ""AIT401"", ""AIT402"", ""FIT401"", ""LIT401"", ""P401"", ""P402"", ""P403"", ""P404"", ""UV401"", ""AIT501"", ""AIT502"", ""AIT503"", ""AIT504"", ""FIT501"", ""FIT502"", ""FIT503"", ""FIT504"", ""P501"", ""P502"", ""PIT501"", ""PIT502"", ""PIT503"", ""FIT601"", ""P601"", ""P602"", ""P603""]","{""AIT201"": -0.12202234028735846, ""AIT202"": 0.10453177219154636, ""AIT203"": 0.0042899346863574704, ""AIT401"": -0.0914979866195018, ""AIT402"": 0.5527512177444472, ""AIT501"": 1.0452021635211148, ""AIT502"": -0.5682641114220062, ""AIT503"": -0.018921271365155583, ""AIT504"": -0.08850003682747987, ""DPIT301"": -0.04262454140225273, ""FIT101"": 0.20742856755975533, ""FIT201"": 0.27230994381182255, ""FIT301"": -0.01273910343855484, ""FIT401"": -0.8440704815906035, ""FIT501"": -0.6742725579930023, ""FIT502"": -1.7679327320754923, ""FIT503"": 0.14781379834770927, ""FIT504"": 0.22654216184455753, ""FIT601"": -0.21608612305695804, ""LIT101"": 0.00011933286615863887, ""LIT301"": 0.0019095957277529883, ""LIT401"": -0.001535482848031616, ""MV101"": -0.5416156909744549, ""MV201"": -0.40993264731745727, ""MV301"": -0.448688763182643, ""MV302"": 0.14022041292773468, ""MV303"": 0.5261177317179067, ""MV304"": -0.1521216861774814, ""P101"": 1.4485919081274263, ""P102"": 0.0, ""P201"": 0.0, ""P202"": 0.0, ""P203"": -0.7042562704571752, ""P204"": 0.0, ""P205"": -0.7042562704571853, ""P206"": 0.0, ""P301"": 0.0, ""P302"": 0.46468503231028807, ""P401"": 0.0, ""P402"": 0.0, ""P403"": 0.0, ""P404"": 0.0, ""P501"": 0.0, ""P502"": 0.0, ""P601"": 0.0, ""P602"": 1.5750259128693465, ""P603"": 0.0, ""PIT501"": 0.13677827233880574, ""PIT502"": 0.629362832426162, ""PIT503"": -0.14124080712323203, ""UV401"": 0.0}",30.97442679414331,-0.4005919464992769,1.94660057215125,1.39520628301024,1.0099355505858545
AIT503,mlp_delta,self_only,ols,"[""AIT503""]","{""AIT503"": -0.027762505168988292}",7.494138052098012,-0.0867167552450658,0.3615616257200179,0.6012999465491561,0.428575080852716
AIT503,mlp_delta,self_only,ridge,"[""AIT503""]","{""AIT503"": -0.027762039210094982}",7.494013405628361,-0.0867147554700951,0.3615609603747143,0.6012993932931533,0.4285750104930122
AIT503,mlp_delta,self_plus_local,ols,"[""AIT503""]","{""AIT503"": -0.027762505168988292}",7.494138052098012,-0.0867167552450658,0.3615616257200179,0.6012999465491561,0.428575080852716
AIT503,mlp_delta,self_plus_local,ridge,"[""AIT503""]","{""AIT503"": -0.027762039210094982}",7.494013405628361,-0.0867147554700951,0.3615609603747143,0.6012993932931533,0.4285750104930122
AIT503,mlp_delta,all51,ols,"[""FIT101"", ""LIT101"", ""MV101"", ""P101"", ""P102"", ""AIT201"", ""AIT202"", ""AIT203"", ""FIT201"", ""MV201"", ""P201"", ""P202"", ""P203"", ""P204"", ""P205"", ""P206"", ""DPIT301"", ""FIT301"", ""LIT301"", ""MV301"", ""MV302"", ""MV303"", ""MV304"", ""P301"", ""P302"", ""AIT401"", ""AIT402"", ""FIT401"", ""LIT401"", ""P401"", ""P402"", ""P403"", ""P404"", ""UV401"", ""AIT501"", ""AIT502"", ""AIT503"", ""AIT504"", ""FIT501"", ""FIT502"", ""FIT503"", ""FIT504"", ""P501"", ""P502"", ""PIT501"", ""PIT502"", ""PIT503"", ""FIT601"", ""P601"", ""P602"", ""P603""]","{""AIT201"": 0.02003206291313231, ""AIT202"": -4.9806816085150505, ""AIT203"": -0.007544011596439318, ""AIT401"": -0.3046620773160254, ""AIT402"": -0.04518661474729191, ""AIT501"": 2.407783724224375, ""AIT502"": 0.05490756739293312, ""AIT503"": -0.042460494698610685, ""AIT504"": 0.019908113958893803, ""DPIT301"": -0.03436832948593471, ""FIT101"": -0.028275360651515168, ""FIT201"": 0.12873569719840144, ""FIT301"": 0.21587692556248184, ""FIT401"": 2.7784416712742988, ""FIT501"": 1.3892488942207208, ""FIT502"": -0.6085531156653321, ""FIT503"": 5.361334366600966, ""FIT504"": 20.627606038932928, ""FIT601"": 0.07851384938698375, ""LIT101"": -0.000234512172851008, ""LIT301"": 0.00042093844253043855, ""LIT401"": 0.0007945417596214588, ""MV101"": -0.1674578962601603, ""MV201"": 0.08494504549895024, ""MV301"": 0.176789324265705, ""MV302"": 0.09281394890959424, ""MV303"": -0.1739350940889699, ""MV304"": -0.03811937040498938, ""P101"": 0.13822923512383198, ""P102"": -2.122101105950236e-12, ""P201"": 9.629033681513022e-13, ""P202"": 4.7850057249831934e-12, ""P203"": -0.46079265165192007, ""P204"": -2.949418487219191e-12, ""P205"": -0.46079265164879524, ""P206"": 1.298294804996658e-12, ""P301"": -2.220446049250313e-15, ""P302"": 0.07016575188031846, ""P401"": 6.661338147750939e-16, ""P402"": 5.329070518200751e-15, ""P403"": 4.440892098500626e-15, ""P404"": 1.7763568394002505e-15, ""P501"": 0.0, ""P502"": 0.0, ""P601"": 0.0, ""P602"": -0.4503888646089592, ""P603"": 0.0, ""PIT501"": 0.03995761416107446, ""PIT502"": -0.007167592471811958, ""PIT503"": -0.042568724893696785, ""UV401"": 0.0}",57.74211489302282,0.1628009506905018,0.2785445681762161,0.5277732166150686,0.3697644836217736
AIT503,mlp_delta,all51,ridge,"[""FIT101"", ""LIT101"", ""MV101"", ""P101"", ""P102"", ""AIT201"", ""AIT202"", ""AIT203"", ""FIT201"", ""MV201"", ""P201"", ""P202"", ""P203"", ""P204"", ""P205"", ""P206"", ""DPIT301"", ""FIT301"", ""LIT301"", ""MV301"", ""MV302"", ""MV303"", ""MV304"", ""P301"", ""P302"", ""AIT401"", ""AIT402"", ""FIT401"", ""LIT401"", ""P401"", ""P402"", ""P403"", ""P404"", ""UV401"", ""AIT501"", ""AIT502"", ""AIT503"", ""AIT504"", ""FIT501"", ""FIT502"", ""FIT503"", ""FIT504"", ""P501"", ""P502"", ""PIT501"", ""PIT502"", ""PIT503"", ""FIT601"", ""P601"", ""P602"", ""P603""]","{""AIT201"": 0.04596708938013067, ""AIT202"": -0.6044770710054013, ""AIT203"": 0.01356346887024246, ""AIT401"": -0.016307297699319115, ""AIT402"": -0.058645468478098046, ""AIT501"": 0.15152267873030795, ""AIT502"": 0.04417569727355229, ""AIT503"": -0.040903832535075076, ""AIT504"": 0.0517401518609231, ""DPIT301"": -0.03616502832944655, ""FIT101"": -0.02292129685118417, ""FIT201"": 0.10824891775233483, ""FIT301"": 0.22744127127296004, ""FIT401"": 0.10700512807762483, ""FIT501"": 0.06531455303405832, ""FIT502"": -0.3234837133692335, ""FIT503"": 0.03412702734074854, ""FIT504"": 0.087494184928757, ""FIT601"": 0.050041550766611015, ""LIT101"": -0.00045424833195667507, ""LIT301"": 0.0005404693908789367, ""LIT401"": 0.0010134406363454145, ""MV101"": -0.16194325341771137, ""MV201"": 0.05333845451936865, ""MV301"": 0.14128047094834437, ""MV302"": 0.0955688495335751, ""MV303"": -0.1684101395038468, ""MV304"": -0.04107625571666539, ""P101"": 0.15158596049200182, ""P102"": 0.0, ""P201"": 0.0, ""P202"": 0.0, ""P203"": -0.4107904853501754, ""P204"": 0.0, ""P205"": -0.4107904853501173, ""P206"": 0.0, ""P301"": 0.0, ""P302"": 0.07173339498793602, ""P401"": 0.0, ""P402"": 0.0, ""P403"": 0.0, ""P404"": 0.0, ""P501"": 0.0, ""P502"": 0.0, ""P601"": 0.0, ""P602"": -0.37046857787661946, ""P603"": 0.0, ""PIT501"": 0.029234803237300665, ""PIT502"": 0.0051574439418356766, ""PIT503"": -0.03248045211451001, ""UV401"": 0.0}",2.172745045043037,0.1089766672143618,0.2964524501913965,0.5444744715699685,0.3831897192440172
AIT504,mlp_delta,self_only,ols,"[""AIT504""]","{""AIT504"": -0.14989352456938998}",1.8246502289239623,-0.018923017432487,0.083301860608187,0.2886206170878772,0.1966318176881368
AIT504,mlp_delta,self_only,ridge,"[""AIT504""]","{""AIT504"": -0.14981558462461636}",1.8236669240928207,-0.0189950560616789,0.0833077501128353,0.288630819755679,0.1966401193922872
AIT504,mlp_delta,self_plus_local,ols,"[""AIT504""]","{""AIT504"": -0.14989352456938998}",1.8246502289239623,-0.018923017432487,0.083301860608187,0.2886206170878772,0.1966318176881368
AIT504,mlp_delta,self_plus_local,ridge,"[""AIT504""]","{""AIT504"": -0.14981558462461636}",1.8236669240928207,-0.0189950560616789,0.0833077501128353,0.288630819755679,0.1966401193922872
AIT504,mlp_delta,all51,ols,"[""FIT101"", ""LIT101"", ""MV101"", ""P101"", ""P102"", ""AIT201"", ""AIT202"", ""AIT203"", ""FIT201"", ""MV201"", ""P201"", ""P202"", ""P203"", ""P204"", ""P205"", ""P206"", ""DPIT301"", ""FIT301"", ""LIT301"", ""MV301"", ""MV302"", ""MV303"", ""MV304"", ""P301"", ""P302"", ""AIT401"", ""AIT402"", ""FIT401"", ""LIT401"", ""P401"", ""P402"", ""P403"", ""P404"", ""UV401"", ""AIT501"", ""AIT502"", ""AIT503"", ""AIT504"", ""FIT501"", ""FIT502"", ""FIT503"", ""FIT504"", ""P501"", ""P502"", ""PIT501"", ""PIT502"", ""PIT503"", ""FIT601"", ""P601"", ""P602"", ""P603""]","{""AIT201"": -0.03287922224985049, ""AIT202"": -1.1958879640998143, ""AIT203"": -0.010777213216577305, ""AIT401"": 0.8556659388915765, ""AIT402"": 0.014159650636135085, ""AIT501"": 2.32819752452665, ""AIT502"": -0.03326680888881184, ""AIT503"": 0.04334691930019863, ""AIT504"": -0.7442042175698357, ""DPIT301"": -0.017305478680995967, ""FIT101"": -0.004952493195708851, ""FIT201"": 0.11026299863580595, ""FIT301"": 0.17770875169540262, ""FIT401"": 0.9731469260813472, ""FIT501"": -3.9945317370572324, ""FIT502"": 0.4904442747817978, ""FIT503"": -14.029811182184778, ""FIT504"": -43.597601589089386, ""FIT601"": -0.4588994129867056, ""LIT101"": 0.0003298271048844212, ""LIT301"": -0.00015210428799938835, ""LIT401"": 0.0014753040615273216, ""MV101"": -0.15670650170684447, ""MV201"": 0.16095331554473563, ""MV301"": -0.30804929467168274, ""MV302"": 0.0394632784221214, ""MV303"": 0.11479869432167925, ""MV304"": 0.16236723002358272, ""P101"": -0.1552618215655922, ""P102"": -7.681910663137614e-12, ""P201"": -8.352138425316014e-13, ""P202"": -3.881631127633511e-12, ""P203"": -0.17376633877427858, ""P204"": -2.4424143263424014e-12, ""P205"": -0.17376633877571473, ""P206"": -1.9507173654176313e-12, ""P301"": -2.964295475749168e-14, ""P302"": -0.13476013875068543, ""P401"": 4.440892098500626e-16, ""P402"": -1.9539925233402755e-14, ""P403"": -1.0658141036401503e-14, ""P404"": -7.105427357601002e-15, ""P501"": 0.0, ""P502"": 0.0, ""P601"": 0.0, ""P602"": 0.8862282698371782, ""P603"": 0.0, ""PIT501"": -0.09105887115460742, ""PIT502"": 0.8437986265726691, ""PIT503"": -0.005294131048691975, ""UV401"": -1.7763568394002505e-15}",-73.56340710278404,0.0234743187844305,0.0798356743200417,0.2825520736431459,0.2058317863848107
AIT504,mlp_delta,all51,ridge,"[""FIT101"", ""LIT101"", ""MV101"", ""P101"", ""P102"", ""AIT201"", ""AIT202"", ""AIT203"", ""FIT201"", ""MV201"", ""P201"", ""P202"", ""P203"", ""P204"", ""P205"", ""P206"", ""DPIT301"", ""FIT301"", ""LIT301"", ""MV301"", ""MV302"", ""MV303"", ""MV304"", ""P301"", ""P302"", ""AIT401"", ""AIT402"", ""FIT401"", ""LIT401"", ""P401"", ""P402"", ""P403"", ""P404"", ""UV401"", ""AIT501"", ""AIT502"", ""AIT503"", ""AIT504"", ""FIT501"", ""FIT502"", ""FIT503"", ""FIT504"", ""P501"", ""P502"", ""PIT501"", ""PIT502"", ""PIT503"", ""FIT601"", ""P601"", ""P602"", ""P603""]","{""AIT201"": -0.022032843728975463, ""AIT202"": -0.29528846460103286, ""AIT203"": -0.006019588288225509, ""AIT401"": 0.06724590002459996, ""AIT402"": 0.0037435953697723037, ""AIT501"": 0.1814997949495153, ""AIT502"": -0.03941978303129789, ""AIT503"": 0.040112957452940974, ""AIT504"": -0.6528488146664793, ""DPIT301"": -0.019543082798453636, ""FIT101"": -0.003335572048281, ""FIT201"": 0.09203039235219353, ""FIT301"": 0.18301709038756064, ""FIT401"": 0.4401443531939017, ""FIT501"": 0.3679381483182253, ""FIT502"": 0.4503082353306624, ""FIT503"": -0.1804522625078043, ""FIT504"": -0.288247275959123, ""FIT601"": -0.3985124732199273, ""LIT101"": 0.0002203108230302264, ""LIT301"": -0.0002274416934805838, ""LIT401"": 0.0017838964293042047, ""MV101"": -0.15564826067934417, ""MV201"": 0.14223624849893823, ""MV301"": -0.23890340867611776, ""MV302"": 0.04344363074024817, ""MV303"": 0.11196637898252731, ""MV304"": 0.16744879565457227, ""P101"": -0.1429682643184138, ""P102"": 0.0, ""P201"": 0.0, ""P202"": 0.0, ""P203"": -0.15136425543647689, ""P204"": 0.0, ""P205"": -0.1513642554364582, ""P206"": 0.0, ""P301"": 0.0, ""P302"": -0.12293002040516017, ""P401"": 0.0, ""P402"": 0.0, ""P403"": 0.0, ""P404"": 0.0, ""P501"": 0.0, ""P502"": 0.0, ""P601"": 0.0, ""P602"": 0.7152095024957146, ""P603"": 0.0, ""PIT501"": -0.08938794394692216, ""PIT502"": 0.926352143016846, ""PIT503"": 0.0019813305204810193, ""UV401"": 0.0}",19.001764370012356,-0.4605939349179471,0.1194105838125892,0.3455583652765321,0.2566015162504997
FIT501,mlp_delta,self_only,ols,"[""FIT501""]","{""FIT501"": -0.17518426679894142}",0.3038985673724427,-0.0642367128514111,2.0924861722608724e-05,0.0045743700902538,0.0036944879982318
FIT501,mlp_delta,self_only,ridge,"[""FIT501""]","{""FIT501"": -0.061688272626788616}",0.1068573832268159,-0.2400884601266959,2.438243225271712e-05,0.0049378570506564,0.0041137930843561
FIT501,mlp_delta,self_plus_local,ols,"[""FIT501""]","{""FIT501"": -0.17518426679894142}",0.3038985673724427,-0.0642367128514111,2.0924861722608724e-05,0.0045743700902538,0.0036944879982318
FIT501,mlp_delta,self_plus_local,ridge,"[""FIT501""]","{""FIT501"": -0.061688272626788616}",0.1068573832268159,-0.2400884601266959,2.438243225271712e-05,0.0049378570506564,0.0041137930843561
FIT501,mlp_delta,all51,ols,"[""FIT101"", ""LIT101"", ""MV101"", ""P101"", ""P102"", ""AIT201"", ""AIT202"", ""AIT203"", ""FIT201"", ""MV201"", ""P201"", ""P202"", ""P203"", ""P204"", ""P205"", ""P206"", ""DPIT301"", ""FIT301"", ""LIT301"", ""MV301"", ""MV302"", ""MV303"", ""MV304"", ""P301"", ""P302"", ""AIT401"", ""AIT402"", ""FIT401"", ""LIT401"", ""P401"", ""P402"", ""P403"", ""P404"", ""UV401"", ""AIT501"", ""AIT502"", ""AIT503"", ""AIT504"", ""FIT501"", ""FIT502"", ""FIT503"", ""FIT504"", ""P501"", ""P502"", ""PIT501"", ""PIT502"", ""PIT503"", ""FIT601"", ""P601"", ""P602"", ""P603""]","{""AIT201"": -0.00034966461796583537, ""AIT202"": -0.013354885074317067, ""AIT203"": 8.258610963499108e-05, ""AIT401"": 0.026467064264758654, ""AIT402"": -5.414391826586562e-05, ""AIT501"": 0.04562288269461928, ""AIT502"": -0.00024100545084810698, ""AIT503"": 9.561711729459688e-05, ""AIT504"": 0.0014554671939520322, ""DPIT301"": -6.379575994818268e-05, ""FIT101"": 0.0001947615135005204, ""FIT201"": 0.0027109838986465054, ""FIT301"": 0.0014971382034658937, ""FIT401"": 0.1483804556548417, ""FIT501"": -0.8071735528408341, ""FIT502"": 0.04495627257291387, ""FIT503"": -0.11061352860129141, ""FIT504"": 0.10938911613021952, ""FIT601"": 0.0021588894711601922, ""LIT101"": -1.3246854818251587e-06, ""LIT301"": -1.4481487241289198e-05, ""LIT401"": 2.9875543882359676e-05, ""MV101"": 0.0012234272297928636, ""MV201"": 0.0010621968687443137, ""MV301"": 0.000952674342354388, ""MV302"": 0.002249031990366251, ""MV303"": -0.0024493474437132087, ""MV304"": 0.0018231663611307544, ""P101"": -0.004121961293702088, ""P102"": -4.971614482943143e-14, ""P201"": 1.7315250795679749e-15, ""P202"": -4.0566508485717634e-14, ""P203"": -0.003430904032889454, ""P204"": -2.8338659543991618e-14, ""P205"": -0.003430904032862629, ""P206"": -5.638892131010209e-14, ""P301"": -4.0245584642661925e-16, ""P302"": -0.004352247857631263, ""P401"": -1.1102230246251565e-16, ""P402"": -5.551115123125783e-17, ""P403"": -5.551115123125783e-17, ""P404"": 1.3877787807814457e-16, ""P501"": 0.0, ""P502"": 0.0, ""P601"": 0.0, ""P602"": 0.0005902382832958912, ""P603"": 0.0, ""PIT501"": -0.0006215599631667467, ""PIT502"": 0.008681473007623525, ""PIT503"": -0.0007781329233603877, ""UV401"": 5.551115123125783e-17}",-2.6968869441743064,0.0915094051583976,1.7862605042460377e-05,0.0042264175187101,0.0028298778992079
FIT501,mlp_delta,all51,ridge,"[""FIT101"", ""LIT101"", ""MV101"", ""P101"", ""P102"", ""AIT201"", ""AIT202"", ""AIT203"", ""FIT201"", ""MV201"", ""P201"", ""P202"", ""P203"", ""P204"", ""P205"", ""P206"", ""DPIT301"", ""FIT301"", ""LIT301"", ""MV301"", ""MV302"", ""MV303"", ""MV304"", ""P301"", ""P302"", ""AIT401"", ""AIT402"", ""FIT401"", ""LIT401"", ""P401"", ""P402"", ""P403"", ""P404"", ""UV401"", ""AIT501"", ""AIT502"", ""AIT503"", ""AIT504"", ""FIT501"", ""FIT502"", ""FIT503"", ""FIT504"", ""P501"", ""P502"", ""PIT501"", ""PIT502"", ""PIT503"", ""FIT601"", ""P601"", ""P602"", ""P603""]","{""AIT201"": -0.00035545981070043205, ""AIT202"": 0.01165072739684184, ""AIT203"": 0.00011678108149428333, ""AIT401"": 0.0014281048298483783, ""AIT402"": 0.001170612445466184, ""AIT501"": 0.0066026173536581885, ""AIT502"": -0.0010723004998789418, ""AIT503"": 0.0003259029651620581, ""AIT504"": -0.004844505906919465, ""DPIT301"": 6.0500523880373984e-05, ""FIT101"": 0.00020384675956234768, ""FIT201"": 0.0019290613270184266, ""FIT301"": 0.00041706454909085344, ""FIT401"": -0.029088583347266224, ""FIT501"": -0.04302288423585582, ""FIT502"": 0.014562110348798216, ""FIT503"": 0.004753006281886012, ""FIT504"": 0.006624709187824724, ""FIT601"": 0.002322037899483577, ""LIT101"": 1.2474718420855061e-06, ""LIT301"": -7.874396965423152e-06, ""LIT401"": 1.4721295517924012e-05, ""MV101"": 0.001141350636709174, ""MV201"": -0.0005144288669467054, ""MV301"": 0.0009927253735784515, ""MV302"": 0.0015319680503432325, ""MV303"": -0.0020546728550007273, ""MV304"": 0.001430047368695875, ""P101"": -0.002086057360340166, ""P102"": 0.0, ""P201"": 0.0, ""P202"": 0.0, ""P203"": -0.0017840283379919916, ""P204"": 0.0, ""P205"": -0.0017840283379919014, ""P206"": 0.0, ""P301"": 0.0, ""P302"": -0.003210963827093081, ""P401"": 0.0, ""P402"": 0.0, ""P403"": 0.0, ""P404"": 0.0, ""P501"": 0.0, ""P502"": 0.0, ""P601"": 0.0, ""P602"": 5.349294257310101e-05, ""P603"": 0.0, ""PIT501"": 0.0005987822345792124, ""PIT502"": -0.001593344851168573, ""PIT503"": -0.002061551528889056, ""UV401"": 0.0}",-0.0217578041001228,-0.1891743919261217,2.3381367523444585e-05,0.0048354283702113,0.004076451584978
FIT502,mlp_delta,self_only,ols,"[""FIT502""]","{""FIT502"": -0.6994916756183954}",0.9037668095551582,0.7564140053051543,4.510209245535024e-05,0.0067158091437555,0.0054415084836198
FIT502,mlp_delta,self_only,ridge,"[""FIT502""]","{""FIT502"": -0.4835029507231897}",0.6237699632049972,0.6656173521137794,6.191389254264162e-05,0.007868538145211,0.0063291730392978
FIT502,mlp_delta,self_plus_local,ols,"[""FIT502""]","{""FIT502"": -0.6994916756183954}",0.9037668095551582,0.7564140053051543,4.510209245535024e-05,0.0067158091437555,0.0054415084836198
FIT502,mlp_delta,self_plus_local,ridge,"[""FIT502""]","{""FIT502"": -0.4835029507231897}",0.6237699632049972,0.6656173521137794,6.191389254264162e-05,0.007868538145211,0.0063291730392978
FIT502,mlp_delta,all51,ols,"[""FIT101"", ""LIT101"", ""MV101"", ""P101"", ""P102"", ""AIT201"", ""AIT202"", ""AIT203"", ""FIT201"", ""MV201"", ""P201"", ""P202"", ""P203"", ""P204"", ""P205"", ""P206"", ""DPIT301"", ""FIT301"", ""LIT301"", ""MV301"", ""MV302"", ""MV303"", ""MV304"", ""P301"", ""P302"", ""AIT401"", ""AIT402"", ""FIT401"", ""LIT401"", ""P401"", ""P402"", ""P403"", ""P404"", ""UV401"", ""AIT501"", ""AIT502"", ""AIT503"", ""AIT504"", ""FIT501"", ""FIT502"", ""FIT503"", ""FIT504"", ""P501"", ""P502"", ""PIT501"", ""PIT502"", ""PIT503"", ""FIT601"", ""P601"", ""P602"", ""P603""]","{""AIT201"": -0.0002516113304905555, ""AIT202"": -0.04944607279392627, ""AIT203"": -0.0001911543559348103, ""AIT401"": 0.004879487709960611, ""AIT402"": 0.00021479991947213808, ""AIT501"": -0.01808476351824572, ""AIT502"": -0.00024809523058335475, ""AIT503"": -9.052034742156739e-05, ""AIT504"": 0.0012440592124574011, ""DPIT301"": -0.0002978259046134482, ""FIT101"": 0.0014935114709796484, ""FIT201"": 0.0009945081299720135, ""FIT301"": 0.0024314118674069983, ""FIT401"": 0.17268923918819246, ""FIT501"": 0.23133209976608654, ""FIT502"": -0.9708283107291771, ""FIT503"": -0.03431267416871599, ""FIT504"": 0.20567724354307643, ""FIT601"": 0.0038316329605667682, ""LIT101"": -3.7918344461507656e-07, ""LIT301"": -1.997587608644144e-05, ""LIT401"": 3.209679535745927e-05, ""MV101"": -0.00154607827657706, ""MV201"": 0.0005972624383565194, ""MV301"": 0.004602024530800662, ""MV302"": 0.0024750867433913394, ""MV303"": -0.002548734281027338, ""MV304"": 0.003175538204203553, ""P101"": -0.004752167727826872, ""P102"": 6.580411129192276e-13, ""P201"": -1.4121841716840944e-14, ""P202"": -7.909992105759045e-14, ""P203"": -0.0007455912135783783, ""P204"": -1.4988010832439613e-13, ""P205"": -0.0007455912134853416, ""P206"": -2.3078761124395442e-14, ""P301"": 1.2967057982926633e-16, ""P302"": -0.00048809492049929236, ""P401"": 5.551115123125783e-17, ""P402"": 1.1102230246251565e-16, ""P403"": 8.326672684688674e-17, ""P404"": 9.020562075079397e-17, ""P501"": 0.0, ""P502"": 0.0, ""P601"": 0.0, ""P602"": -0.009457539529880009, ""P603"": 0.0, ""PIT501"": -0.0007924900216605794, ""PIT502"": 0.0074017605260154815, ""PIT503"": -0.0013283049647067509, ""UV401"": 6.938893903907228e-18}",0.926400293738098,0.937120986818234,1.164260313725342e-05,0.0034121258970403,0.0023927623228087
FIT502,mlp_delta,all51,ridge,"[""FIT101"", ""LIT101"", ""MV101"", ""P101"", ""P102"", ""AIT201"", ""AIT202"", ""AIT203"", ""FIT201"", ""MV201"", ""P201"", ""P202"", ""P203"", ""P204"", ""P205"", ""P206"", ""DPIT301"", ""FIT301"", ""LIT301"", ""MV301"", ""MV302"", ""MV303"", ""MV304"", ""P301"", ""P302"", ""AIT401"", ""AIT402"", ""FIT401"", ""LIT401"", ""P401"", ""P402"", ""P403"", ""P404"", ""UV401"", ""AIT501"", ""AIT502"", ""AIT503"", ""AIT504"", ""FIT501"", ""FIT502"", ""FIT503"", ""FIT504"", ""P501"", ""P502"", ""PIT501"", ""PIT502"", ""PIT503"", ""FIT601"", ""P601"", ""P602"", ""P603""]","{""AIT201"": 2.4739303574072464e-05, ""AIT202"": -0.006325448545358699, ""AIT203"": -7.007995117156419e-05, ""AIT401"": -0.0001248108414038251, ""AIT402"": 0.00013515488647887985, ""AIT501"": -0.006589278536309905, ""AIT502"": -0.00035966217939642937, ""AIT503"": -6.643078178414289e-05, ""AIT504"": 0.0006799384975436229, ""DPIT301"": -0.00032088896985620036, ""FIT101"": 0.0010546873645802255, ""FIT201"": 0.00199722231149152, ""FIT301"": 0.002991133840389888, ""FIT401"": 0.003369573171246074, ""FIT501"": 0.003509215327255337, ""FIT502"": -0.5836252960590295, ""FIT503"": -0.0004111772216061115, ""FIT504"": 0.00047904534968583594, ""FIT601"": 0.0012761853527548366, ""LIT101"": -4.896018453669781e-07, ""LIT301"": -2.0343066687180936e-05, ""LIT401"": 3.699509142614508e-05, ""MV101"": -0.00021731893166722995, ""MV201"": 0.0008159875804376909, ""MV301"": 0.0035028472782080073, ""MV302"": 0.0023367097997167396, ""MV303"": -0.0018293952968721561, ""MV304"": 0.0031848435879066337, ""P101"": -0.005490191141129275, ""P102"": 0.0, ""P201"": 0.0, ""P202"": 0.0, ""P203"": -0.0012337707812222906, ""P204"": 0.0, ""P205"": -0.0012337707812224807, ""P206"": 0.0, ""P301"": 0.0, ""P302"": -0.0006114480389026825, ""P401"": 0.0, ""P402"": 0.0, ""P403"": 0.0, ""P404"": 0.0, ""P501"": 0.0, ""P502"": 0.0, ""P601"": 0.0, ""P602"": -0.0046270939113800405, ""P603"": 0.0, ""PIT501"": -0.0008269298494364025, ""PIT502"": 0.005800163726999066, ""PIT503"": -0.00134040242087186, ""UV401"": 0.0}",1.3626199287737462,0.7986845476287873,3.727532921961224e-05,0.0061053525057618,0.0049311056750865
FIT503,mlp_delta,self_only,ols,"[""FIT503""]","{""FIT503"": -0.0931796770275032}",0.0683443320642544,-0.9199470375258316,6.878278168344162e-06,0.0026226471681002,0.0021133650654344
FIT503,mlp_delta,self_only,ridge,"[""FIT503""]","{""FIT503"": -0.004769283234473872}",0.0036043041426101,-1.2593079319439475,8.09405057541738e-06,0.0028450044947973,0.0023249270772344
FIT503,mlp_delta,self_plus_local,ols,"[""FIT503""]","{""FIT503"": -0.0931796770275032}",0.0683443320642544,-0.9199470375258316,6.878278168344162e-06,0.0026226471681002,0.0021133650654344
FIT503,mlp_delta,self_plus_local,ridge,"[""FIT503""]","{""FIT503"": -0.004769283234473872}",0.0036043041426101,-1.2593079319439475,8.09405057541738e-06,0.0028450044947973,0.0023249270772344
FIT503,mlp_delta,all51,ols,"[""FIT101"", ""LIT101"", ""MV101"", ""P101"", ""P102"", ""AIT201"", ""AIT202"", ""AIT203"", ""FIT201"", ""MV201"", ""P201"", ""P202"", ""P203"", ""P204"", ""P205"", ""P206"", ""DPIT301"", ""FIT301"", ""LIT301"", ""MV301"", ""MV302"", ""MV303"", ""MV304"", ""P301"", ""P302"", ""AIT401"", ""AIT402"", ""FIT401"", ""LIT401"", ""P401"", ""P402"", ""P403"", ""P404"", ""UV401"", ""AIT501"", ""AIT502"", ""AIT503"", ""AIT504"", ""FIT501"", ""FIT502"", ""FIT503"", ""FIT504"", ""P501"", ""P502"", ""PIT501"", ""PIT502"", ""PIT503"", ""FIT601"", ""P601"", ""P602"", ""P603""]","{""AIT201"": 5.708901839932332e-05, ""AIT202"": 0.026625657255382056, ""AIT203"": 8.92712795553888e-05, ""AIT401"": -0.005426776739185775, ""AIT402"": -1.3346762856734614e-05, ""AIT501"": 0.011879235742994761, ""AIT502"": 0.00017707017667966752, ""AIT503"": 0.00014782289142282676, ""AIT504"": -0.0007867372038567861, ""DPIT301"": -5.074311256487475e-05, ""FIT101"": 2.298336388647501e-05, ""FIT201"": 0.0007716999989983888, ""FIT301"": 0.00015707529761818618, ""FIT401"": -0.014938594537449041, ""FIT501"": -0.004397077695112695, ""FIT502"": 0.0012061243455897576, ""FIT503"": -0.9319495319634397, ""FIT504"": 0.09112317810883315, ""FIT601"": 0.0013630140546513451, ""LIT101"": 9.703409855726885e-07, ""LIT301"": -5.48382257556726e-06, ""LIT401"": -5.2398839607632926e-06, ""MV101"": 0.0006212166218834529, ""MV201"": 9.809378514914605e-05, ""MV301"": 0.0006745988728885095, ""MV302"": 0.0005461353727003069, ""MV303"": -0.0004370691263447179, ""MV304"": -0.00028013185921574936, ""P101"": -0.0013885936815837576, ""P102"": 7.856128941829965e-16, ""P201"": 2.004933762414507e-15, ""P202"": 2.830418191490658e-15, ""P203"": -0.00045981765924560955, ""P204"": -4.095638758694342e-14, ""P205"": -0.0004598176592628011, ""P206"": 8.952474178647307e-15, ""P301"": 1.8283985436795547e-15, ""P302"": 0.0003840594105272775, ""P401"": -1.3877787807814457e-17, ""P402"": 1.5543122344752192e-15, ""P403"": 4.440892098500626e-16, ""P404"": 8.326672684688674e-16, ""P501"": 0.0, ""P502"": 0.0, ""P601"": 0.0, ""P602"": -0.0004407433966223005, ""P603"": 0.0, ""PIT501"": 0.00046245929064546616, ""PIT502"": -0.003768537634638847, ""PIT503"": 0.00033860399069872947, ""UV401"": 1.1102230246251565e-16}",0.9147738867784698,0.6716363091122626,1.1763745364666851e-06,0.0010846080105119,0.0007714287356435
FIT503,mlp_delta,all51,ridge,"[""FIT101"", ""LIT101"", ""MV101"", ""P101"", ""P102"", ""AIT201"", ""AIT202"", ""AIT203"", ""FIT201"", ""MV201"", ""P201"", ""P202"", ""P203"", ""P204"", ""P205"", ""P206"", ""DPIT301"", ""FIT301"", ""LIT301"", ""MV301"", ""MV302"", ""MV303"", ""MV304"", ""P301"", ""P302"", ""AIT401"", ""AIT402"", ""FIT401"", ""LIT401"", ""P401"", ""P402"", ""P403"", ""P404"", ""UV401"", ""AIT501"", ""AIT502"", ""AIT503"", ""AIT504"", ""FIT501"", ""FIT502"", ""FIT503"", ""FIT504"", ""P501"", ""P502"", ""PIT501"", ""PIT502"", ""PIT503"", ""FIT601"", ""P601"", ""P602"", ""P603""]","{""AIT201"": -1.7690378023472488e-05, ""AIT202"": 0.0014499942356256286, ""AIT203"": -2.402405943079856e-05, ""AIT401"": 0.00014305356517890568, ""AIT402"": 2.0936820228820137e-05, ""AIT501"": 0.0013260709418374613, ""AIT502"": 0.000277850868436954, ""AIT503"": 9.239761501172616e-05, ""AIT504"": 3.745168041269735e-05, ""DPIT301"": -4.467885416837108e-05, ""FIT101"": -1.2011025945128184e-05, ""FIT201"": 0.0007989160024331609, ""FIT301"": -2.8300425988253468e-05, ""FIT401"": 0.005137373825812799, ""FIT501"": 0.005582640961177296, ""FIT502"": 0.002896295409135429, ""FIT503"": -0.007807990709232136, ""FIT504"": -0.0007377936905054746, ""FIT601"": 0.0014522211287506753, ""LIT101"": 2.0714074701266238e-06, ""LIT301"": -6.9133604490040155e-06, ""LIT401"": -3.986233690924685e-06, ""MV101"": 0.0006212199711870456, ""MV201"": 7.920069072362583e-05, ""MV301"": 0.0008816187438385178, ""MV302"": 0.0004126502032299504, ""MV303"": -0.00032866514028966797, ""MV304"": -0.00022243425027111227, ""P101"": -0.0016308606573713247, ""P102"": 0.0, ""P201"": 0.0, ""P202"": 0.0, ""P203"": -0.0005437597353859301, ""P204"": 0.0, ""P205"": -0.0005437597353860445, ""P206"": 0.0, ""P301"": 0.0, ""P302"": 0.0006480038632263912, ""P401"": 0.0, ""P402"": 0.0, ""P403"": 0.0, ""P404"": 0.0, ""P501"": 0.0, ""P502"": 0.0, ""P601"": 0.0, ""P602"": -0.001088393869209265, ""P603"": 0.0, ""PIT501"": 1.9839742659729996e-05, ""PIT502"": -0.0015225073118883545, ""PIT503"": 0.000102523956926872, ""UV401"": 0.0}",-0.1287080494827774,-0.0860220710323877,3.890712480875651e-06,0.0019724889051337,0.0015133741004725
FIT504,mlp_delta,self_only,ols,"[""FIT504""]","{""FIT504"": -0.4157488555182363}",0.1270935869112755,-0.1103127833613188,1.9097947557696777e-06,0.0013819532393571,0.0010979134780114
FIT504,mlp_delta,self_only,ridge,"[""FIT504""]","{""FIT504"": -0.0054451028409494675}",0.0015183998473364,-1.1344286426474426,3.671326395029136e-06,0.0019160705610778,0.0015519778489357
FIT504,mlp_delta,self_plus_local,ols,"[""FIT504""]","{""FIT504"": -0.4157488555182363}",0.1270935869112755,-0.1103127833613188,1.9097947557696777e-06,0.0013819532393571,0.0010979134780114
FIT504,mlp_delta,self_plus_local,ridge,"[""FIT504""]","{""FIT504"": -0.0054451028409494675}",0.0015183998473364,-1.1344286426474426,3.671326395029136e-06,0.0019160705610778,0.0015519778489357
FIT504,mlp_delta,all51,ols,"[""FIT101"", ""LIT101"", ""MV101"", ""P101"", ""P102"", ""AIT201"", ""AIT202"", ""AIT203"", ""FIT201"", ""MV201"", ""P201"", ""P202"", ""P203"", ""P204"", ""P205"", ""P206"", ""DPIT301"", ""FIT301"", ""LIT301"", ""MV301"", ""MV302"", ""MV303"", ""MV304"", ""P301"", ""P302"", ""AIT401"", ""AIT402"", ""FIT401"", ""LIT401"", ""P401"", ""P402"", ""P403"", ""P404"", ""UV401"", ""AIT501"", ""AIT502"", ""AIT503"", ""AIT504"", ""FIT501"", ""FIT502"", ""FIT503"", ""FIT504"", ""P501"", ""P502"", ""PIT501"", ""PIT502"", ""PIT503"", ""FIT601"", ""P601"", ""P602"", ""P603""]","{""AIT201"": -4.240089452893015e-05, ""AIT202"": 0.007776809131452794, ""AIT203"": 6.477931345245733e-05, ""AIT401"": -0.0026339750444765854, ""AIT402"": 2.9313966804483255e-06, ""AIT501"": 0.022322656765250484, ""AIT502"": 0.00010931272951912835, ""AIT503"": 0.0001128466392261154, ""AIT504"": -0.0005934440732262197, ""DPIT301"": 1.8535797162203514e-05, ""FIT101"": -8.697183084935225e-05, ""FIT201"": 0.00039755251569421874, ""FIT301"": -0.00019573717871590967, ""FIT401"": 0.0030936208019018744, ""FIT501"": 0.014382615162884776, ""FIT502"": -0.00021460996499772208, ""FIT503"": 0.038886076533262044, ""FIT504"": -0.8359488192581266, ""FIT601"": -0.00019382165140470085, ""LIT101"": 7.931751987646432e-07, ""LIT301"": -1.067883007820937e-06, ""LIT401"": -7.174611894318833e-06, ""MV101"": 0.00047245539777811653, ""MV201"": -0.00018641204874497057, ""MV301"": 0.00028625377061036587, ""MV302"": 5.938358529337874e-06, ""MV303"": -2.043202262253733e-06, ""MV304"": -0.0005346102532395073, ""P101"": -0.0004789635995138413, ""P102"": -1.021975608523143e-13, ""P201"": -1.8681074482468363e-14, ""P202"": -8.635583567673244e-14, ""P203"": -0.0002760428270916595, ""P204"": -1.3482054014857248e-14, ""P205"": -0.0002760428271290516, ""P206"": -3.9160027217460813e-14, ""P301"": -8.951173136040325e-16, ""P302"": -0.00012686298525882775, ""P401"": -4.163336342344337e-17, ""P402"": -7.719519468096792e-16, ""P403"": -3.469446951953614e-16, ""P404"": -3.5388358909926865e-16, ""P501"": 0.0, ""P502"": 0.0, ""P601"": 0.0, ""P602"": -1.3828675335319368e-05, ""P603"": 0.0, ""PIT501"": 0.00017899602452390575, ""PIT502"": -0.003420571933146001, ""PIT503"": -5.885068089218513e-05, ""UV401"": -3.469446951953614e-17}",0.2773940130792218,0.8180739856903704,3.129220461776359e-07,0.0005593943565836,0.0004077984493401
FIT504,mlp_delta,all51,ridge,"[""FIT101"", ""LIT101"", ""MV101"", ""P101"", ""P102"", ""AIT201"", ""AIT202"", ""AIT203"", ""FIT201"", ""MV201"", ""P201"", ""P202"", ""P203"", ""P204"", ""P205"", ""P206"", ""DPIT301"", ""FIT301"", ""LIT301"", ""MV301"", ""MV302"", ""MV303"", ""MV304"", ""P301"", ""P302"", ""AIT401"", ""AIT402"", ""FIT401"", ""LIT401"", ""P401"", ""P402"", ""P403"", ""P404"", ""UV401"", ""AIT501"", ""AIT502"", ""AIT503"", ""AIT504"", ""FIT501"", ""FIT502"", ""FIT503"", ""FIT504"", ""P501"", ""P502"", ""PIT501"", ""PIT502"", ""PIT503"", ""FIT601"", ""P601"", ""P602"", ""P603""]","{""AIT201"": -9.106842192933326e-06, ""AIT202"": -0.002217573593988268, ""AIT203"": 1.6966602412986777e-05, ""AIT401"": -0.0001359715971908413, ""AIT402"": -0.00020388296374426008, ""AIT501"": 0.0017647193652233974, ""AIT502"": 0.00011315708840649016, ""AIT503"": 4.6450808850228234e-05, ""AIT504"": 0.0010219303714246988, ""DPIT301"": -1.7538297583461732e-05, ""FIT101"": -7.684235784109789e-05, ""FIT201"": 0.00041637983555812874, ""FIT301"": -9.266606591325937e-06, ""FIT401"": 0.008352546292276478, ""FIT501"": 0.008463179912034366, ""FIT502"": 0.0029106675209780463, ""FIT503"": -0.0012346620298470544, ""FIT504"": -0.005518781269879331, ""FIT601"": -0.0002885518831279757, ""LIT101"": -1.2837157714085854e-08, ""LIT301"": -3.2571859390313926e-06, ""LIT401"": -2.2306848223438034e-06, ""MV101"": 0.0004251378499741841, ""MV201"": 1.6928869963600397e-05, ""MV301"": 0.0002940679078002777, ""MV302"": 0.00014909425880654508, ""MV303"": -6.643701568592226e-05, ""MV304"": -0.0004090497337582904, ""P101"": -0.0007714992217513038, ""P102"": 0.0, ""P201"": 0.0, ""P202"": 0.0, ""P203"": -0.00038211391664161423, ""P204"": 0.0, ""P205"": -0.00038211391664158914, ""P206"": 0.0, ""P301"": 0.0, ""P302"": -0.00016157359610729962, ""P401"": 0.0, ""P402"": 0.0, ""P403"": 0.0, ""P404"": 0.0, ""P501"": 0.0, ""P502"": 0.0, ""P601"": 0.0, ""P602"": 0.00015819684555417197, ""P603"": 0.0, ""PIT501"": 0.0002346090099558137, ""PIT502"": -0.0007630000148629922, ""PIT503"": 0.00024876633740193076, ""UV401"": 0.0}",-0.1159016055241662,-0.8399015075633189,3.1647246640171982e-06,0.0017789673026835,0.001451467814319
PIT501,mlp_delta,self_only,ols,"[""PIT501""]","{""PIT501"": -0.09721457720844214}",24.04405707480949,-0.3122193310220722,0.6340283998548963,0.7962590029977032,0.5630849963553197
PIT501,mlp_delta,self_only,ridge,"[""PIT501""]","{""PIT501"": -0.09721127638698801}",24.04323573728399,-0.3122305171361696,0.6340338046785063,0.7962623968758705,0.563087974358097
PIT501,mlp_delta,self_plus_local,ols,"[""PIT501""]","{""PIT501"": -0.09721457720844214}",24.04405707480949,-0.3122193310220722,0.6340283998548963,0.7962590029977032,0.5630849963553197
PIT501,mlp_delta,self_plus_local,ridge,"[""PIT501""]","{""PIT501"": -0.09721127638698801}",24.04323573728399,-0.3122305171361696,0.6340338046785063,0.7962623968758705,0.563087974358097
PIT501,mlp_delta,all51,ols,"[""FIT101"", ""LIT101"", ""MV101"", ""P101"", ""P102"", ""AIT201"", ""AIT202"", ""AIT203"", ""FIT201"", ""MV201"", ""P201"", ""P202"", ""P203"", ""P204"", ""P205"", ""P206"", ""DPIT301"", ""FIT301"", ""LIT301"", ""MV301"", ""MV302"", ""MV303"", ""MV304"", ""P301"", ""P302"", ""AIT401"", ""AIT402"", ""FIT401"", ""LIT401"", ""P401"", ""P402"", ""P403"", ""P404"", ""UV401"", ""AIT501"", ""AIT502"", ""AIT503"", ""AIT504"", ""FIT501"", ""FIT502"", ""FIT503"", ""FIT504"", ""P501"", ""P502"", ""PIT501"", ""PIT502"", ""PIT503"", ""FIT601"", ""P601"", ""P602"", ""P603""]","{""AIT201"": 0.11128933885375648, ""AIT202"": 8.32204612696903, ""AIT203"": 0.06293438083190689, ""AIT401"": -2.9177674181333115, ""AIT402"": -0.08108869029950072, ""AIT501"": -4.448057236259876, ""AIT502"": 0.04089991815244498, ""AIT503"": 0.005461157603507516, ""AIT504"": -0.3565302318050527, ""DPIT301"": -0.00390627366453522, ""FIT101"": 0.07213826264946863, ""FIT201"": -0.04311899467304742, ""FIT301"": 0.04371592611705155, ""FIT401"": -24.401018105731577, ""FIT501"": -22.073222878274066, ""FIT502"": 5.120926027684867, ""FIT503"": 15.019873015741108, ""FIT504"": -15.138873845980354, ""FIT601"": 0.08221617054456554, ""LIT101"": -0.0004262090304155379, ""LIT301"": 0.0005619548801094609, ""LIT401"": 0.0030227423388836105, ""MV101"": 0.06670997754318093, ""MV201"": -0.30484778948006686, ""MV301"": -0.4010021127741271, ""MV302"": 0.13619018340610917, ""MV303"": 0.31303866932963137, ""MV304"": -0.0961900025455742, ""P101"": -0.135755999430888, ""P102"": 1.04014947696629e-11, ""P201"": -2.7484126086108063e-12, ""P202"": -8.699707620962727e-12, ""P203"": 0.06416637085788957, ""P204"": 2.1103563341284826e-11, ""P205"": 0.06416637085043259, ""P206"": 3.0008218132593356e-12, ""P301"": 2.7977620220553945e-14, ""P302"": 0.5362593888694538, ""P401"": -1.4210854715202004e-14, ""P402"": -1.9539925233402755e-14, ""P403"": -1.7763568394002505e-14, ""P404"": -1.4765966227514582e-14, ""P501"": 0.0, ""P502"": 0.0, ""P601"": 0.0, ""P602"": 0.6792692180802475, ""P603"": 0.0, ""PIT501"": -0.5646050956049251, ""PIT502"": -2.1940966675668867, ""PIT503"": 0.2061320219171332, ""UV401"": 8.881784197001252e-16}",526.4351379354792,0.1920601142597272,0.3903743991759839,0.6247994871764732,0.4591708524752244
PIT501,mlp_delta,all51,ridge,"[""FIT101"", ""LIT101"", ""MV101"", ""P101"", ""P102"", ""AIT201"", ""AIT202"", ""AIT203"", ""FIT201"", ""MV201"", ""P201"", ""P202"", ""P203"", ""P204"", ""P205"", ""P206"", ""DPIT301"", ""FIT301"", ""LIT301"", ""MV301"", ""MV302"", ""MV303"", ""MV304"", ""P301"", ""P302"", ""AIT401"", ""AIT402"", ""FIT401"", ""LIT401"", ""P401"", ""P402"", ""P403"", ""P404"", ""UV401"", ""AIT501"", ""AIT502"", ""AIT503"", ""AIT504"", ""FIT501"", ""FIT502"", ""FIT503"", ""FIT504"", ""P501"", ""P502"", ""PIT501"", ""PIT502"", ""PIT503"", ""FIT601"", ""P601"", ""P602"", ""P603""]","{""AIT201"": 0.05717255517259582, ""AIT202"": 1.9343847649519055, ""AIT203"": 0.029056647564749676, ""AIT401"": -0.2537483829921136, ""AIT402"": 0.02503999513627955, ""AIT501"": -0.14730334071391915, ""AIT502"": 0.013988110060150235, ""AIT503"": 0.01959699379670806, ""AIT504"": -0.8669462713510006, ""DPIT301"": 0.007953661368694033, ""FIT101"": 0.06062711023013563, ""FIT201"": -0.05879709963943021, ""FIT301"": -0.02570212783475468, ""FIT401"": -2.935911768786431, ""FIT501"": -2.72077359508281, ""FIT502"": 2.066318892353695, ""FIT503"": 0.523148528500532, ""FIT504"": 0.394037304953531, ""FIT601"": 0.14740830421300716, ""LIT101"": 0.00014984091526391507, ""LIT301"": 0.0008954808238322856, ""LIT401"": 0.00145228378140134, ""MV101"": 0.05728451924137962, ""MV201"": -0.32168245392335537, ""MV301"": -0.3416491996566691, ""MV302"": 0.10290447209260443, ""MV303"": 0.30409109391053485, ""MV304"": -0.1047893921686048, ""P101"": -0.06846505465744576, ""P102"": 0.0, ""P201"": 0.0, ""P202"": 0.0, ""P203"": 0.07321944238510937, ""P204"": 0.0, ""P205"": 0.07321944238506264, ""P206"": 0.0, ""P301"": 0.0, ""P302"": 0.5471341529202638, ""P401"": 0.0, ""P402"": 0.0, ""P403"": 0.0, ""P404"": 0.0, ""P501"": 0.0, ""P502"": 0.0, ""P601"": 0.0, ""P602"": 0.5435668947284773, ""P603"": 0.0, ""PIT501"": -0.45292800666779615, ""PIT502"": -2.792127138399441, ""PIT503"": 0.09458969891510033, ""UV401"": 0.0}",98.67628435808372,-0.5958744257675641,0.7710827638476092,0.8781131839618451,0.6147769566751523
PIT502,mlp_delta,self_only,ols,"[""PIT502""]","{""PIT502"": -0.4659897351506765}",0.5208076972626178,0.8348617665118914,0.0014780570178416,0.0384455071216611,0.031215745538315
PIT502,mlp_delta,self_only,ridge,"[""PIT502""]","{""PIT502"": -0.4495248242942776}",0.5026026886587363,0.8562082622237663,0.0012869968549295,0.0358747383952766,0.0294406337098661
PIT502,mlp_delta,self_plus_local,ols,"[""PIT502""]","{""PIT502"": -0.4659897351506765}",0.5208076972626178,0.8348617665118914,0.0014780570178416,0.0384455071216611,0.031215745538315
PIT502,mlp_delta,self_plus_local,ridge,"[""PIT502""]","{""PIT502"": -0.4495248242942776}",0.5026026886587363,0.8562082622237663,0.0012869968549295,0.0358747383952766,0.0294406337098661
PIT502,mlp_delta,all51,ols,"[""FIT101"", ""LIT101"", ""MV101"", ""P101"", ""P102"", ""AIT201"", ""AIT202"", ""AIT203"", ""FIT201"", ""MV201"", ""P201"", ""P202"", ""P203"", ""P204"", ""P205"", ""P206"", ""DPIT301"", ""FIT301"", ""LIT301"", ""MV301"", ""MV302"", ""MV303"", ""MV304"", ""P301"", ""P302"", ""AIT401"", ""AIT402"", ""FIT401"", ""LIT401"", ""P401"", ""P402"", ""P403"", ""P404"", ""UV401"", ""AIT501"", ""AIT502"", ""AIT503"", ""AIT504"", ""FIT501"", ""FIT502"", ""FIT503"", ""FIT504"", ""P501"", ""P502"", ""PIT501"", ""PIT502"", ""PIT503"", ""FIT601"", ""P601"", ""P602"", ""P603""]","{""AIT201"": 0.0011869254836801091, ""AIT202"": -0.23212277177147644, ""AIT203"": -0.0009670378604630155, ""AIT401"": -0.01745796693896682, ""AIT402"": 0.002336617912776541, ""AIT501"": 0.12096632187211163, ""AIT502"": -0.0005771186898895428, ""AIT503"": 0.0007592571879282417, ""AIT504"": 0.0027693614318005447, ""DPIT301"": -0.0005189836255427849, ""FIT101"": -0.004478434418222513, ""FIT201"": 0.005655375114386348, ""FIT301"": 0.004391595163183104, ""FIT401"": 0.18502251661601848, ""FIT501"": 0.24535008150206108, ""FIT502"": 0.029300424870469452, ""FIT503"": 0.022117855866086198, ""FIT504"": 0.25404816406331404, ""FIT601"": 0.01967824599244685, ""LIT101"": -9.295822778784311e-07, ""LIT301"": -9.895384373993787e-05, ""LIT401"": 6.670534171693276e-05, ""MV101"": 0.011914678492551529, ""MV201"": 0.007010627680268167, ""MV301"": 0.004754647007178906, ""MV302"": 0.007031293247931271, ""MV303"": -0.012407986708648826, ""MV304"": 0.0029945108575632376, ""P101"": -0.025135035200438055, ""P102"": -2.797198236925702e-13, ""P201"": 4.184586704925053e-14, ""P202"": 1.956499198763062e-13, ""P203"": -0.008804566491870986, ""P204"": -2.1652818427142506e-13, ""P205"": -0.008804566491750493, ""P206"": 2.5215940446798868e-14, ""P301"": -4.718447854656915e-16, ""P302"": -0.016095220599539106, ""P401"": 1.6653345369377348e-16, ""P402"": 2.7755575615628914e-17, ""P403"": 1.1102230246251565e-16, ""P404"": 6.938893903907228e-17, ""P501"": 0.0, ""P502"": 0.0, ""P601"": 0.0, ""P602"": -0.026639535017553874, ""P603"": 0.0, ""PIT501"": -0.003932412150675843, ""PIT502"": -0.6203857664224315, ""PIT503"": -0.0024166136529176555, ""UV401"": 2.7755575615628914e-17}",4.435326418322789,-0.0516084691378262,0.0094123404677382,0.0970172173778357,0.0607360867530767
PIT502,mlp_delta,all51,ridge,"[""FIT101"", ""LIT101"", ""MV101"", ""P101"", ""P102"", ""AIT201"", ""AIT202"", ""AIT203"", ""FIT201"", ""MV201"", ""P201"", ""P202"", ""P203"", ""P204"", ""P205"", ""P206"", ""DPIT301"", ""FIT301"", ""LIT301"", ""MV301"", ""MV302"", ""MV303"", ""MV304"", ""P301"", ""P302"", ""AIT401"", ""AIT402"", ""FIT401"", ""LIT401"", ""P401"", ""P402"", ""P403"", ""P404"", ""UV401"", ""AIT501"", ""AIT502"", ""AIT503"", ""AIT504"", ""FIT501"", ""FIT502"", ""FIT503"", ""FIT504"", ""P501"", ""P502"", ""PIT501"", ""PIT502"", ""PIT503"", ""FIT601"", ""P601"", ""P602"", ""P603""]","{""AIT201"": 0.002231038525822528, ""AIT202"": -0.03257373965827473, ""AIT203"": 7.48994424399304e-05, ""AIT401"": -0.0001997973764675015, ""AIT402"": 0.00127650144303183, ""AIT501"": 0.008015990307009264, ""AIT502"": -0.0003594694204437051, ""AIT503"": 0.0008050969573084654, ""AIT504"": 0.006498777915057704, ""DPIT301"": -0.0006622072720405122, ""FIT101"": -0.0040907556606674484, ""FIT201"": 0.004577317890130695, ""FIT301"": 0.005141886433767573, ""FIT401"": 0.01883741277517508, ""FIT501"": 0.01786944701419831, ""FIT502"": 0.023462984974823225, ""FIT503"": -0.0020523612937935806, ""FIT504"": -0.0016195668621439925, ""FIT601"": 0.01766155860392066, ""LIT101"": -1.126895843003572e-05, ""LIT301"": -9.313784996917244e-05, ""LIT401"": 7.833860365444583e-05, ""MV101"": 0.011896179709584596, ""MV201"": 0.005173342681581055, ""MV301"": 0.002572820499811819, ""MV302"": 0.007100404081746332, ""MV303"": -0.011966857495375391, ""MV304"": 0.0027259072856101745, ""P101"": -0.02239404110551453, ""P102"": 0.0, ""P201"": 0.0, ""P202"": 0.0, ""P203"": -0.007786960477770267, ""P204"": 0.0, ""P205"": -0.007786960477771907, ""P206"": 0.0, ""P301"": 0.0, ""P302"": -0.015525329501004308, ""P401"": 0.0, ""P402"": 0.0, ""P403"": 0.0, ""P404"": 0.0, ""P501"": 0.0, ""P502"": 0.0, ""P601"": 0.0, ""P602"": -0.021474466274360126, ""P603"": 0.0, ""PIT501"": -0.004692274346890691, ""PIT502"": -0.5807126525305446, ""PIT503"": -0.001904488677174932, ""UV401"": 0.0}",1.361528534383576,0.2518336518498398,0.0066964051754614,0.0818315658866521,0.0512170703293003
PIT503,mlp_delta,self_only,ols,"[""PIT503""]","{""PIT503"": -0.11118778464045809}",20.867277091602624,-0.046661609473924,0.4618095107746649,0.6795656780434581,0.5070511474633439
PIT503,mlp_delta,self_only,ridge,"[""PIT503""]","{""PIT503"": -0.11118272710845503}",20.86632652021117,-0.0466733907982475,0.4618147089471906,0.6795695026612,0.5070541257020481
PIT503,mlp_delta,self_plus_local,ols,"[""PIT503""]","{""PIT503"": -0.11118778464045809}",20.867277091602624,-0.046661609473924,0.4618095107746649,0.6795656780434581,0.5070511474633439
PIT503,mlp_delta,self_plus_local,ridge,"[""PIT503""]","{""PIT503"": -0.11118272710845503}",20.86632652021117,-0.0466733907982475,0.4618147089471906,0.6795695026612,0.5070541257020481
PIT503,mlp_delta,all51,ols,"[""FIT101"", ""LIT101"", ""MV101"", ""P101"", ""P102"", ""AIT201"", ""AIT202"", ""AIT203"", ""FIT201"", ""MV201"", ""P201"", ""P202"", ""P203"", ""P204"", ""P205"", ""P206"", ""DPIT301"", ""FIT301"", ""LIT301"", ""MV301"", ""MV302"", ""MV303"", ""MV304"", ""P301"", ""P302"", ""AIT401"", ""AIT402"", ""FIT401"", ""LIT401"", ""P401"", ""P402"", ""P403"", ""P404"", ""UV401"", ""AIT501"", ""AIT502"", ""AIT503"", ""AIT504"", ""FIT501"", ""FIT502"", ""FIT503"", ""FIT504"", ""P501"", ""P502"", ""PIT501"", ""PIT502"", ""PIT503"", ""FIT601"", ""P601"", ""P602"", ""P603""]","{""AIT201"": 0.06536181038574707, ""AIT202"": 7.3076303326831935, ""AIT203"": 0.032148310497240526, ""AIT401"": -1.4845963875684518, ""AIT402"": -0.03522278670578144, ""AIT501"": 1.1115215938910892, ""AIT502"": 0.05646975953510691, ""AIT503"": -0.016213642983690768, ""AIT504"": -0.25875125753628403, ""DPIT301"": 0.02880024849357632, ""FIT101"": -0.0005671850576861563, ""FIT201"": -0.11337189372537856, ""FIT301"": -0.030334224091514095, ""FIT401"": -21.60848091464307, ""FIT501"": -22.071032307521044, ""FIT502"": 2.1423020359791254, ""FIT503"": 10.253701084755265, ""FIT504"": -6.608905144363304, ""FIT601"": 0.2764325869580057, ""LIT101"": -1.5515919845834935e-05, ""LIT301"": 0.000643313403196899, ""LIT401"": 0.0007304931008692006, ""MV101"": 0.20211397683355845, ""MV201"": 0.09067904953968194, ""MV301"": -0.03342414993521648, ""MV302"": -0.0009549580871804353, ""MV303"": 0.20741806703313348, ""MV304"": -0.19602599215721486, ""P101"": -0.25060435313192564, ""P102"": 1.2370209023782053e-11, ""P201"": -2.419266176278967e-12, ""P202"": -7.74746933274173e-12, ""P203"": 0.0936413184200986, ""P204"": 1.8751222796709044e-11, ""P205"": 0.09364131841384915, ""P206"": 2.8615443348201097e-12, ""P301"": 2.5757174171303632e-14, ""P302"": -0.13043809113758198, ""P401"": -1.0658141036401503e-14, ""P402"": -1.2434497875801753e-14, ""P403"": -8.881784197001252e-15, ""P404"": -9.2148511043888e-15, ""P501"": 0.0, ""P502"": 0.0, ""P601"": 0.0, ""P602"": -0.2836137691156999, ""P603"": 0.0, ""PIT501"": 0.341747779507223, ""PIT502"": -0.9506683228195327, ""PIT503"": -0.8205964187720224, ""UV401"": -4.440892098500626e-16}",264.275685561373,0.5175729282430162,0.2128571526613323,0.4613644466810727,0.3214170643501921
PIT503,mlp_delta,all51,ridge,"[""FIT101"", ""LIT101"", ""MV101"", ""P101"", ""P102"", ""AIT201"", ""AIT202"", ""AIT203"", ""FIT201"", ""MV201"", ""P201"", ""P202"", ""P203"", ""P204"", ""P205"", ""P206"", ""DPIT301"", ""FIT301"", ""LIT301"", ""MV301"", ""MV302"", ""MV303"", ""MV304"", ""P301"", ""P302"", ""AIT401"", ""AIT402"", ""FIT401"", ""LIT401"", ""P401"", ""P402"", ""P403"", ""P404"", ""UV401"", ""AIT501"", ""AIT502"", ""AIT503"", ""AIT504"", ""FIT501"", ""FIT502"", ""FIT503"", ""FIT504"", ""P501"", ""P502"", ""PIT501"", ""PIT502"", ""PIT503"", ""FIT601"", ""P601"", ""P602"", ""P603""]","{""AIT201"": 0.026728888827598458, ""AIT202"": 1.8679311057432428, ""AIT203"": -0.0032677218798486006, ""AIT401"": -0.14922912563086815, ""AIT402"": 0.07070769964052065, ""AIT501"": 0.35252049161973414, ""AIT502"": 0.005219433872372037, ""AIT503"": -0.0026841849796041023, ""AIT504"": -0.7474282315079603, ""DPIT301"": 0.0396978747036258, ""FIT101"": -0.010990014119875486, ""FIT201"": -0.10255748864967991, ""FIT301"": -0.1061881302039684, ""FIT401"": -2.815234671314261, ""FIT501"": -2.6597928726730626, ""FIT502"": 0.33377519497991875, ""FIT503"": 0.47568451967858216, ""FIT504"": 0.42021161256524786, ""FIT601"": 0.27632954463965403, ""LIT101"": 0.00048773449761740743, ""LIT301"": 0.0009047839017964548, ""LIT401"": -0.0005980851156074504, ""MV101"": 0.19424289033874736, ""MV201"": 0.045129442389291924, ""MV301"": -0.03505124364503287, ""MV302"": -0.04160464646824589, ""MV303"": 0.2109853040307805, ""MV304"": -0.21124476036356973, ""P101"": -0.16366207073435288, ""P102"": 0.0, ""P201"": 0.0, ""P202"": 0.0, ""P203"": 0.11343670414781216, ""P204"": 0.0, ""P205"": 0.11343670414774644, ""P206"": 0.0, ""P301"": 0.0, ""P302"": -0.08756058110509926, ""P401"": 0.0, ""P402"": 0.0, ""P403"": 0.0, ""P404"": 0.0, ""P501"": 0.0, ""P502"": 0.0, ""P601"": 0.0, ""P602"": -0.2679546856585401, ""P603"": 0.0, ""PIT501"": 0.4207223230882256, ""PIT502"": -1.6093578879766972, ""PIT503"": -0.8838415808326251, ""UV401"": 0.0}",66.90934999125967,0.5252964347104476,0.2094493762502129,0.4576563953996633,0.352218159647881
FIT601,mlp_delta,self_only,ols,"[""FIT601""]","{""FIT601"": -0.2154567989335951}",0.0060002788851809,0.1905409630626956,0.0108148708188367,0.1039945711027104,0.017596192473856
FIT601,mlp_delta,self_only,ridge,"[""FIT601""]","{""FIT601"": -0.21419835992965}",0.0059823482814631,0.1898705799961271,0.0108238275491136,0.1040376256414651,0.0175803594204788
FIT601,mlp_delta,self_plus_local,ols,"[""FIT601""]","{""FIT601"": -0.2154567989335951}",0.0060002788851809,0.1905409630626956,0.0108148708188367,0.1039945711027104,0.017596192473856
FIT601,mlp_delta,self_plus_local,ridge,"[""FIT601""]","{""FIT601"": -0.21419835992965}",0.0059823482814631,0.1898705799961271,0.0108238275491136,0.1040376256414651,0.0175803594204788
FIT601,mlp_delta,all51,ols,"[""FIT101"", ""LIT101"", ""MV101"", ""P101"", ""P102"", ""AIT201"", ""AIT202"", ""AIT203"", ""FIT201"", ""MV201"", ""P201"", ""P202"", ""P203"", ""P204"", ""P205"", ""P206"", ""DPIT301"", ""FIT301"", ""LIT301"", ""MV301"", ""MV302"", ""MV303"", ""MV304"", ""P301"", ""P302"", ""AIT401"", ""AIT402"", ""FIT401"", ""LIT401"", ""P401"", ""P402"", ""P403"", ""P404"", ""UV401"", ""AIT501"", ""AIT502"", ""AIT503"", ""AIT504"", ""FIT501"", ""FIT502"", ""FIT503"", ""FIT504"", ""P501"", ""P502"", ""PIT501"", ""PIT502"", ""PIT503"", ""FIT601"", ""P601"", ""P602"", ""P603""]","{""AIT201"": 0.00017436388664818193, ""AIT202"": -0.21840216179894037, ""AIT203"": 0.00029374494008060535, ""AIT401"": -0.06248466489014998, ""AIT402"": 0.0018758225572470567, ""AIT501"": -0.23441644229640674, ""AIT502"": -0.003915457881401699, ""AIT503"": -0.0007334671372032087, ""AIT504"": -0.0030682465277522136, ""DPIT301"": -0.004583918820751931, ""FIT101"": -0.002085915662854338, ""FIT201"": -0.008215326058405262, ""FIT301"": 0.04983443032508779, ""FIT401"": -0.08285612299311089, ""FIT501"": 0.00981861587757028, ""FIT502"": 0.005869692715996368, ""FIT503"": 0.5319427717577719, ""FIT504"": 0.9199819421778522, ""FIT601"": -0.9580473320862557, ""LIT101"": 5.617664285301559e-06, ""LIT301"": -8.091789254575932e-05, ""LIT401"": 5.3728404955297876e-05, ""MV101"": 0.004492829514012244, ""MV201"": -0.009602811955164225, ""MV301"": -0.010657612863624183, ""MV302"": 0.04974662261673449, ""MV303"": -0.12687374971616236, ""MV304"": 0.038611578647138864, ""P101"": 0.013961351441974858, ""P102"": 3.9932727263769507e-13, ""P201"": 2.759511369410106e-15, ""P202"": 9.491019081764307e-14, ""P203"": 0.003645552328876604, ""P204"": 6.802891583390647e-14, ""P205"": 0.0036455523290121554, ""P206"": 9.502815201400949e-14, ""P301"": 1.3877787807814457e-16, ""P302"": -0.1210587839043775, ""P401"": -5.551115123125783e-17, ""P402"": 1.1796119636642288e-16, ""P403"": 1.1102230246251565e-16, ""P404"": -5.551115123125783e-17, ""P501"": 0.0, ""P502"": 0.0, ""P601"": 0.0, ""P602"": 1.5911067801744623, ""P603"": 0.0, ""PIT501"": -0.004923490545696255, ""PIT502"": 0.006412066344118776, ""PIT503"": 0.005324393444538382, ""UV401"": 0.0}",11.650088148359371,0.9542355899342824,0.0006114406787447,0.0247273265587838,0.0147626380965242
FIT601,mlp_delta,all51,ridge,"[""FIT101"", ""LIT101"", ""MV101"", ""P101"", ""P102"", ""AIT201"", ""AIT202"", ""AIT203"", ""FIT201"", ""MV201"", ""P201"", ""P202"", ""P203"", ""P204"", ""P205"", ""P206"", ""DPIT301"", ""FIT301"", ""LIT301"", ""MV301"", ""MV302"", ""MV303"", ""MV304"", ""P301"", ""P302"", ""AIT401"", ""AIT402"", ""FIT401"", ""LIT401"", ""P401"", ""P402"", ""P403"", ""P404"", ""UV401"", ""AIT501"", ""AIT502"", ""AIT503"", ""AIT504"", ""FIT501"", ""FIT502"", ""FIT503"", ""FIT504"", ""P501"", ""P502"", ""PIT501"", ""PIT502"", ""PIT503"", ""FIT601"", ""P601"", ""P602"", ""P603""]","{""AIT201"": 0.00047211392421683845, ""AIT202"": -0.029233642205254408, ""AIT203"": 0.0016335133608075519, ""AIT401"": -0.005417521443040302, ""AIT402"": 0.0017083996413074663, ""AIT501"": -0.030950307429969202, ""AIT502"": -0.0036419834480321722, ""AIT503"": -0.0005327343548471161, ""AIT504"": -0.005576775561862206, ""DPIT301"": -0.004954505350138569, ""FIT101"": -0.0018567685255344857, ""FIT201"": -0.010859530576134618, ""FIT301"": 0.05170574002607971, ""FIT401"": -0.011997725315304904, ""FIT501"": -0.010601605129174648, ""FIT502"": -0.007958383681302094, ""FIT503"": 0.007494881828816297, ""FIT504"": 0.006059314622367118, ""FIT601"": -0.8527708238179178, ""LIT101"": 1.1630772082940482e-07, ""LIT301"": -7.600378436177492e-05, ""LIT401"": 5.1898726539246215e-05, ""MV101"": 0.005236016031477737, ""MV201"": -0.009521448897538174, ""MV301"": 0.08748247647727876, ""MV302"": 0.05151627843332307, ""MV303"": -0.13144268168765202, ""MV304"": 0.03879447248088055, ""P101"": 0.015895702657282684, ""P102"": 0.0, ""P201"": 0.0, ""P202"": 0.0, ""P203"": 0.004707823081149641, ""P204"": 0.0, ""P205"": 0.004707823081164564, ""P206"": 0.0, ""P301"": 0.0, ""P302"": -0.12248069631644637, ""P401"": 0.0, ""P402"": 0.0, ""P403"": 0.0, ""P404"": 0.0, ""P501"": 0.0, ""P502"": 0.0, ""P601"": 0.0, ""P602"": 1.3216755463726828, ""P603"": 0.0, ""PIT501"": -0.005489473710386434, ""PIT502"": 0.0027196340639703198, ""PIT503"": 0.004808945058300266, ""UV401"": 0.0}",0.4264367559236279,0.9514534638579925,0.0006486115950527,0.025467854150925,0.0129975261518045
