variant,S,G,num_monitored,monitored_sensors,monitored_actuators,Precision,Recall,F1,eTaP,eTaR,eTaF1,FPA,Scen,TP,FP,TN,FN,system_total_alarm_rate,system_benign_alarm_rate,system_attack_alarm_rate,system_num_alarm_intervals,system_longest_alarm_interval,threshold_min,threshold_max,growth_cap_min,growth_cap_max,max_test_cusum_max
geco_matched_plus_all_actuator_persistence_no_holdout_quality_gate_dense,0.0,0.0,39,14,25,0.0,0.0,0.0,0.0,0.0,0.0,0.0,0.0,0,0,398328,51590,0.0,0.0,0.0,0,0,1e-06,1e-06,1e-06,1e-06,1e-06
geco_matched_plus_all_actuator_persistence_no_holdout_quality_gate_dense,0.0,0.1,39,14,25,11.382946276850681,70.8955223880597,19.616308755068328,10.315768717010535,91.9949774842379,18.55130464960698,74570.0,100.0,36575,284739,113589,15015,0.7141612471605937,0.7148355124420076,0.7089552238805971,84287,1151,1e-06,1e-06,1.1e-06,0.045542297011116506,0.045542297011116506
geco_matched_plus_all_actuator_persistence_no_holdout_quality_gate_dense,0.0,0.5,39,14,25,11.757207324152375,78.12560573754604,20.438589151650223,10.004403204331453,93.41771053125201,18.073280632604412,62517.0,100.0,40305,302506,95822,11285,0.7619410648162555,0.7594394569299673,0.7812560573754603,69786,1169,1e-06,1e-06,1.5e-06,0.22770748505558253,0.22770748505558253
geco_matched_plus_all_actuator_persistence_no_holdout_quality_gate_dense,0.0,1.0,39,14,25,11.96458124646139,85.20062027524715,20.98260956736346,9.297582670180383,95.03237519782361,16.93801824138068,48193.0,100.0,43955,323421,74907,7635,0.8165399028267373,0.8119464361029102,0.8520062027524714,53006,1169,1e-06,1e-06,2e-06,0.455413970111165,0.455413970111165
geco_matched_plus_all_actuator_persistence_no_holdout_quality_gate_dense,0.0,1.5,39,14,25,12.22007188277578,88.24578406667959,21.467389382304468,8.604358687248325,95.42939034454544,15.78542946825769,45817.0,100.0,45526,327025,71303,6064,0.8280419987642192,0.8209942559900384,0.8824578406667959,49728,1176,1e-06,1e-06,2.4999999999999998e-06,0.6831204551667476,0.6831204551667476
geco_matched_plus_all_actuator_persistence_no_holdout_quality_gate_dense,0.0,2.0,39,14,25,12.369664353415953,90.48652839697617,21.76413407586816,8.03476107693698,95.82971413994915,14.826414047302297,43329.0,100.0,46682,330709,67619,4908,0.838799514578212,0.8302429153863148,0.9048652839697616,46568,1234,1e-06,1e-06,3e-06,0.9108269402223301,0.9108269402223301
geco_matched_plus_all_actuator_persistence_no_holdout_quality_gate_dense,0.0,2.5,39,14,25,12.521909651844101,92.08761387865866,22.0460382979612,7.450738212514081,96.02054157956627,13.828454036149457,42549.0,100.0,47508,331891,66437,4082,0.8432625500646784,0.83321031913398,0.9208761387865866,45329,1238,1e-06,1e-06,3.4999999999999995e-06,1.1385334252779125,1.1385334252779125
geco_matched_plus_all_actuator_persistence_no_holdout_quality_gate_dense,0.0,3.0,39,14,25,12.657291089877997,93.49098662531499,22.29603074995782,6.755350388693287,96.16436704696467,12.623897742729046,41907.0,100.0,48232,332829,65499,3358,0.8469565565280784,0.8355651623787431,0.9349098662531499,44270,1240,1e-06,1e-06,4e-06,1.366239910333495,1.366239910333495
geco_matched_plus_all_actuator_persistence_no_holdout_quality_gate_dense,0.0,3.5,39,14,25,12.750959338697603,94.42333785617367,22.467852332896705,6.202454039638238,96.21168838563716,11.653636131812894,41568.0,100.0,48713,333321,65007,2877,0.8491191728270485,0.8368003253600048,0.9442333785617367,43649,1240,1e-06,1e-06,4.5e-06,1.5939463953890776,1.5939463953890776
geco_matched_plus_all_actuator_persistence_no_holdout_quality_gate_dense,0.0,4.0,39,14,25,12.82363421203184,95.15216127156427,22.60129698819727,5.645889178992734,96.25580613775485,10.66615452469428,41302.0,100.0,49089,333712,64616,2501,0.8508239279157536,0.8377819284609669,0.9515216127156426,43158,1240,1e-06,1e-06,4.9999999999999996e-06,1.8216528804446601,1.8216528804446601
geco_matched_plus_all_actuator_persistence_no_holdout_quality_gate_dense,0.0,4.5,39,14,25,12.880769742384604,95.7259158751696,22.706216910234925,5.030608732162567,96.29736855076484,9.561710321387737,41108.0,100.0,49385,334016,64312,2205,0.8521575042563312,0.8385451185957301,0.9572591587516961,42781,1240,1e-06,1e-06,5.5e-06,2.049359365500243,2.049359365500243
geco_matched_plus_all_actuator_persistence_no_holdout_quality_gate_dense,0.0,5.0,39,14,25,12.9202110336742,96.12521806551658,22.778728339630007,4.559632997431199,96.33147015117044,8.707133459436717,40963.0,100.0,49591,334234,64094,1999,0.8530998982036727,0.8390924062581591,0.9612521806551657,42512,1287,1e-06,1e-06,5.999999999999999e-06,2.277065850555825,2.277065850555825
geco_matched_plus_all_actuator_persistence_no_holdout_quality_gate_dense,0.0,5.98,39,14,25,12.957572068169815,96.54584221748401,22.84859730769319,3.8129413942625083,96.3532148345269,7.335594678779185,40731.0,100.0,49808,334585,63743,1782,0.8543623504727528,0.839973589604547,0.9654584221748401,42136,2085,1e-06,1e-06,6.98e-06,2.723370561264767,2.723370561264767
geco_matched_plus_all_actuator_persistence_no_holdout_quality_gate_dense,0.0,6.0,39,14,25,12.95811654526535,96.55165729792596,22.849606642354185,3.8126576584355636,96.37392615175968,7.335129588052054,40727.0,100.0,49811,334589,63739,1779,0.8543779088633929,0.8399836315800044,0.9655165729792595,42131,2085,1e-06,1e-06,7e-06,2.7324788206669903,2.7324788206669903
geco_matched_plus_all_actuator_persistence_no_holdout_quality_gate_dense,0.0,7.0,39,14,25,12.967188913262707,96.70672610971118,22.868051831378427,3.187197798370786,96.41088933519619,6.170411160929732,40556.0,100.0,49891,334857,63471,1699,0.8551513831409279,0.840656443935651,0.9670672610971118,41894,13661,1e-06,1e-06,8e-06,3.1878917907781554,3.1878917907781554
geco_matched_plus_all_actuator_persistence_no_holdout_quality_gate_dense,0.0,8.0,39,14,25,12.964516606622908,96.74937003295211,22.86508759995144,3.044888719715096,96.43508751054561,5.903381188309496,40412.0,100.0,49913,335084,63244,1677,0.8557048173222677,0.8412263260428592,0.9674937003295212,41729,18593,1e-06,1e-06,9e-06,3.6433047608893205,3.6433047608893205
geco_matched_plus_all_actuator_persistence_no_holdout_quality_gate_dense,0.0,9.0,39,14,25,12.96237166257804,96.78813723589843,22.862833529835967,2.9263926801895592,96.49591087743875,5.680514676393141,40286.0,100.0,49933,335282,63046,1657,0.8561893500593442,0.841723403828001,0.9678813723589843,41579,32224,1e-06,1e-06,1e-05,4.098717731000486,4.098717731000486
geco_matched_plus_all_actuator_persistence_no_holdout_quality_gate_dense,0.0,10.0,39,14,25,12.958902758930263,96.8094591975189,22.85803205085665,2.9198537705152274,96.52411647591947,5.668243227607235,40169.0,100.0,49944,335459,62869,1646,0.8566072039793918,0.8421677612419916,0.968094591975189,41454,32224,1e-06,1e-06,1.1e-05,4.55413070111165,4.55413070111165
geco_matched_plus_all_actuator_persistence_no_holdout_quality_gate_dense,0.0,12.0,39,14,25,12.949494844772977,96.84434968017057,22.844366409700694,2.915729551361813,96.59154530123743,5.660587599523928,39920.0,100.0,49962,335860,62468,1628,0.8575384847905618,0.8431744692815971,0.9684434968017057,41185,32224,1e-06,1e-06,1.3000000000000001e-05,5.4649566413339805,5.4649566413339805
geco_matched_plus_all_actuator_persistence_no_holdout_quality_gate_dense,0.0,15.0,39,14,25,12.934847022350807,96.88699360341151,22.822754264084434,2.9236963068842727,96.65409694975118,5.67570774678503,39539.0,100.0,49984,336445,61883,1606,0.8588876195217795,0.8446431081922435,0.9688699360341151,40777,32224,1e-06,1e-06,1.6e-05,6.831195551667476,6.831195551667476
geco_matched_plus_all_actuator_persistence_no_holdout_quality_gate_dense,0.0,20.0,39,14,25,12.917327246530988,96.97034308974607,22.797783428576636,2.9038667208074376,96.81140406484634,5.638603039304899,39006.0,100.0,50027,337259,61069,1563,0.8607924110615712,0.846686650197827,0.9697034308974607,40199,32224,1e-06,1e-06,2.1e-05,9.1082604022233,9.1082604022233
geco_matched_plus_all_actuator_persistence_no_holdout_quality_gate_dense,0.0,25.0,39,14,25,12.898438325315825,97.03430897460748,22.7701222882017,2.8888489918150926,96.90042139608428,5.610436544297665,38508.0,100.0,50060,338049,60279,1530,0.8626216332753969,0.8486699403506658,0.9703430897460749,39663,32264,1e-06,1e-06,2.6e-05,11.385325252779126,11.385325252779126
geco_matched_plus_all_actuator_persistence_no_holdout_quality_gate_dense,0.1,0.0,39,14,25,0.0,0.0,0.0,0.0,0.0,0.0,0.0,0.0,0,0,398328,51590,0.0,0.0,0.0,0,0,1e-06,144.12077451352442,1e-06,144.12077451352442,63.35953520982656
geco_matched_plus_all_actuator_persistence_no_holdout_quality_gate_dense,0.1,0.1,39,14,25,32.952537395156675,25.663888350455515,28.8550599875775,20.152296320174496,60.01956971647673,30.173481390164053,10443.0,100.0,13240,26939,371389,38350,0.08930293964678009,0.06763019421180534,0.25663888350455516,12968,1122,1e-06,144.12077451352442,1.1e-06,144.13748881050108,63.35953520982656
geco_matched_plus_all_actuator_persistence_no_holdout_quality_gate_dense,0.1,0.5,39,14,25,35.09761757755115,31.953867028493892,33.45204395336803,23.39606369052884,62.24280692155715,34.00877813090929,10296.0,100.0,16485,30484,367844,35105,0.10439457856765011,0.07652989496093672,0.31953867028493893,13091,1122,1e-06,144.12077451352442,1.5e-06,144.20434599840766,63.35953520982656
geco_matched_plus_all_actuator_persistence_no_holdout_quality_gate_dense,0.1,1.0,39,14,25,38.3349240937168,41.26187245590231,39.74458312717632,24.963699946375655,64.97667935341867,36.06963500751693,9914.0,100.0,21287,34242,364086,30303,0.1234202676932241,0.08596433090317528,0.41261872455902304,12504,1124,1e-06,144.12077451352442,2e-06,144.28791748329093,63.35953520982656
geco_matched_plus_all_actuator_persistence_no_holdout_quality_gate_dense,0.1,1.5,39,14,25,39.8281957452087,49.788718743942624,44.25492324391379,26.111890701153424,72.73929254243951,38.42868429540042,9037.0,100.0,25686,38806,359522,25904,0.1433416755942194,0.09742222490008234,0.4978871874394262,11440,1125,1e-06,144.12077451352442,2.4999999999999998e-06,144.37148896817416,63.35953520982656
geco_matched_plus_all_actuator_persistence_no_holdout_quality_gate_dense,0.1,2.0,39,14,25,42.078170229149144,57.199069587129294,48.48708911509296,26.679405689782826,73.34103232978624,39.12590654424082,8761.0,100.0,29509,40620,357708,22081,0.1558706253139461,0.10197626077001867,0.5719906958712929,10926,1125,1e-06,144.12077451352442,3e-06,144.4550604530574,63.35953520982656
geco_matched_plus_all_actuator_persistence_no_holdout_quality_gate_dense,0.1,2.5,39,14,25,43.16566609303364,63.692576080635774,51.45756500904371,26.220971454690016,73.96589189866111,38.71680328498094,8382.0,100.0,32859,43264,355064,18731,0.16919305295631648,0.108614006547368,0.6369257608063578,10213,1159,1e-06,144.12077451352442,3.4999999999999995e-06,144.53863193794066,63.35953520982656
geco_matched_plus_all_actuator_persistence_no_holdout_quality_gate_dense,0.1,3.0,39,14,25,44.49872875018695,69.20721069974802,54.16837346198777,24.768707561047986,74.42707914303358,37.16816246270913,8246.0,100.0,35704,44532,353796,15886,0.17833471877097604,0.1117973127673676,0.6920721069974801,9764,1186,1e-06,144.12077451352442,4e-06,144.6222034228239,63.35953520982656
geco_matched_plus_all_actuator_persistence_no_holdout_quality_gate_dense,0.1,3.5,39,14,25,45.04121433831389,73.50649350649351,55.85636010133742,22.984990227544305,74.6709163848548,35.15015820189519,8130.0,100.0,37922,46272,352056,13668,0.18713187736431972,0.1161655720913418,0.7350649350649351,9361,1187,1e-06,144.12077451352442,4.5e-06,144.70577490770714,63.35953520982656
geco_matched_plus_all_actuator_persistence_no_holdout_quality_gate_dense,0.1,4.0,39,14,25,45.63375410686495,76.72998643147896,57.230635775472585,21.00750800360004,74.82706311745851,32.80507459756308,8111.0,100.0,39585,47160,351168,12005,0.19280179943900888,0.11839489064288727,0.7672998643147897,9110,1187,1e-06,144.12077451352442,4.9999999999999996e-06,144.78934639259037,63.35953520982656
geco_matched_plus_all_actuator_persistence_no_holdout_quality_gate_dense,0.1,4.5,39,14,25,45.56624110623373,79.07540220973057,57.81645278098626,18.176978243690957,75.00616467943514,29.262490634074332,7998.0,100.0,40795,48734,349594,10795,0.19898959365928903,0.12234640798537888,0.7907540220973057,8750,1188,1e-06,144.12077451352442,5.5e-06,144.87291787747364,63.35953520982656
geco_matched_plus_all_actuator_persistence_no_holdout_quality_gate_dense,0.1,5.0,39,14,25,45.65982308257242,80.74239193642178,58.332574797470926,15.879624649430523,75.1330954178661,26.21799135556812,7905.0,100.0,41655,49574,348754,9935,0.20276805995759228,0.1244552228314354,0.8074239193642179,8498,1194,1e-06,144.12077451352442,5.999999999999999e-06,144.95648936235688,63.35953520982656
geco_matched_plus_all_actuator_persistence_no_holdout_quality_gate_dense,0.1,5.98,39,14,25,45.28681757656458,82.40550494281837,58.451173821881554,11.140306651315898,75.31184266954291,19.409512161473483,7810.0,100.0,42513,51362,346966,9077,0.20864913161953957,0.12894398586089856,0.8240550494281838,8183,2042,1e-06,144.12077451352442,6.98e-06,145.12028947272805,63.35953520982656
geco_matched_plus_all_actuator_persistence_no_holdout_quality_gate_dense,0.1,6.0,39,14,25,45.1775679092348,82.43264198488079,58.36690158725801,11.311775953266432,75.3574659613661,19.670802525317992,7629.0,100.0,42527,51606,346722,9063,0.20922256944598794,0.12955654636380068,0.824326419848808,7997,2042,1e-06,144.12077451352442,7e-06,145.12363233212338,63.35953520982656
geco_matched_plus_all_actuator_persistence_no_holdout_quality_gate_dense,0.1,7.0,39,14,25,44.528372557587865,82.95793758480326,57.951037209554244,7.942144994614073,75.54836311873115,14.373275898145115,7341.0,100.0,42798,53316,345012,8792,0.21362559399712835,0.1338494908718443,0.8295793758480325,7616,10065,1e-06,144.12077451352442,8e-06,145.29077530188985,63.35953520982656
geco_matched_plus_all_actuator_persistence_no_holdout_quality_gate_dense,0.1,8.0,39,14,25,43.90368695189464,83.16340376041869,57.46853924306657,6.832049100376107,75.74672347574005,12.53361651753451,7118.0,100.0,42904,54819,343509,8686,0.21720180121711066,0.13762276314996685,0.8316340376041869,7370,10070,1e-06,144.12077451352442,9e-06,145.45791827165635,63.35953520982656
geco_matched_plus_all_actuator_persistence_no_holdout_quality_gate_dense,0.1,9.0,39,14,25,43.38118022328549,83.30296569102539,57.051826677994896,5.850620287745576,75.91127104210507,10.86393710330782,7043.0,100.0,42976,56090,342238,8614,0.22018678959277024,0.14081360085155953,0.8330296569102539,7289,31940,1e-06,144.12077451352442,1e-05,145.62506124142283,63.35953520982656
geco_matched_plus_all_actuator_persistence_no_holdout_quality_gate_dense,0.1,10.0,39,14,25,42.8762195182716,83.39794533824386,56.63531595332276,5.83566409647551,76.06366326440317,10.839698030792677,7011.0,100.0,43025,57322,341006,8565,0.22303397507990344,0.1439065292924424,0.8339794533824385,7255,31941,1e-06,144.12077451352442,1.1e-05,145.79220421118933,63.35953520982656
geco_matched_plus_all_actuator_persistence_no_holdout_quality_gate_dense,0.1,12.0,39,14,25,41.90799191479437,83.59178135297537,55.82741077323391,5.844539397740988,76.39234634929635,10.858341092772283,6932.0,100.0,43125,59779,338549,8465,0.2287172329179984,0.15007481271715772,0.8359178135297538,7167,31970,1e-06,144.12077451352442,1.3000000000000001e-05,146.1264901507223,63.35953520982656
geco_matched_plus_all_actuator_persistence_no_holdout_quality_gate_dense,0.1,15.0,39,14,25,40.50212104469645,83.83601473153712,54.61777909671227,5.8257913290373455,80.20121889090561,10.862531765274545,6816.0,100.0,43251,63536,334792,8339,0.23734769446876985,0.15950673816553193,0.8383601473153712,7043,31974,1e-06,144.12077451352442,1.6e-05,146.62791906002178,63.35953520982656
geco_matched_plus_all_actuator_persistence_no_holdout_quality_gate_dense,0.1,20.0,39,14,25,38.801676152354744,84.17910447761194,53.118712273641854,5.9445972057940235,80.7020014303494,11.073507783483219,6520.0,100.0,43428,68495,329833,8162,0.24876310794411427,0.17195627723885842,0.8417910447761194,6731,32159,1e-06,144.12077451352442,2.1e-05,147.46363390885423,63.35953520982656
geco_matched_plus_all_actuator_persistence_no_holdout_quality_gate_dense,0.1,25.0,39,14,25,37.40016642503581,84.50668734250823,51.85211615197522,5.857679983937292,81.15583168137816,10.926691308547348,6428.0,100.0,43597,72972,325356,7993,0.2590894340746536,0.1831957582695668,0.8450668734250824,6631,32225,1e-06,144.12077451352442,2.6e-05,148.2993487576867,63.35953520982656
geco_matched_plus_all_actuator_persistence_no_holdout_quality_gate_dense,0.2,0.0,39,14,25,0.0,0.0,0.0,0.0,0.0,0.0,0.0,0.0,0,0,398328,51590,0.0,0.0,0.0,0,0,1e-06,288.24154902704885,1e-06,288.24154902704885,68.75420972713873
geco_matched_plus_all_actuator_persistence_no_holdout_quality_gate_dense,0.2,0.1,39,14,25,42.747701736465785,24.336111649544485,31.0153162055336,29.766864216487964,54.243492312108984,38.43951476942085,4994.0,100.0,12555,16815,381513,39035,0.06527856187127432,0.04221395432909562,0.24336111649544484,7199,1114,1e-06,288.24154902704885,1.1e-06,288.2582633240255,68.76505527946559
geco_matched_plus_all_actuator_persistence_no_holdout_quality_gate_dense,0.2,0.5,39,14,25,46.13153654606709,30.52335723977515,36.73840769903762,34.83452709013013,56.36577372677242,43.058521830610005,4945.0,100.0,15747,18388,379940,35843,0.0758693806426949,0.04616296117772288,0.3052335723977515,7451,1114,1e-06,288.24154902704885,1.5e-06,288.3251205119321,68.808437488773
geco_matched_plus_all_actuator_persistence_no_holdout_quality_gate_dense,0.2,1.0,39,14,25,50.25599568849367,39.76545842217484,44.39947625282705,37.33645225943595,57.17558084044613,45.17378950464036,4743.0,100.0,20515,20306,378022,31075,0.09072986633119813,0.050978088409551925,0.3976545842217484,7094,1116,1e-06,288.24154902704885,2e-06,288.4086919968153,68.86266525040728
geco_matched_plus_all_actuator_persistence_no_holdout_quality_gate_dense,0.2,1.5,39,14,25,50.81159243192603,48.360147315371194,49.55557100435987,38.0172607260728,61.37528482028014,46.95161377190799,4120.0,100.0,24949,24152,374176,26641,0.10913321983116923,0.06063344781185355,0.48360147315371194,6325,1117,1e-06,288.24154902704885,2.4999999999999998e-06,288.49226348169856,68.91689301204154
geco_matched_plus_all_actuator_persistence_no_holdout_quality_gate_dense,0.2,2.0,39,14,25,53.186500756932396,55.84221748400853,54.48201520481108,38.996616899095,61.924608801658735,47.85614184324313,3955.0,100.0,28809,25357,372971,22781,0.12039082677287861,0.06365859291839891,0.5584221748400853,5952,1117,1e-06,288.24154902704885,3e-06,288.57583496658185,68.97112077367582
geco_matched_plus_all_actuator_persistence_no_holdout_quality_gate_dense,0.2,2.5,39,14,25,53.37973320076228,62.43845706532274,57.55483092866396,38.404192273493855,64.28795413475719,48.08404610895147,3560.0,100.0,32212,28133,370195,19378,0.13412444045359376,0.07062772388584282,0.6243845706532274,5230,1154,1e-06,288.24154902704885,3.4999999999999995e-06,288.6594064514651,69.02534853531009
geco_matched_plus_all_actuator_persistence_no_holdout_quality_gate_dense,0.2,3.0,39,14,25,54.54941092355995,68.02868773018027,60.54792629908219,36.99856792446386,64.73456788424801,47.08566757304388,3373.0,100.0,35096,29242,369086,16494,0.1429993910001378,0.07341186158141029,0.6802868773018027,4739,1185,1e-06,288.24154902704885,4e-06,288.7429779363483,69.07957629694435
geco_matched_plus_all_actuator_persistence_no_holdout_quality_gate_dense,0.2,3.5,39,14,25,54.55381919088652,72.40356658267106,62.22388805597201,34.57545672800055,64.98249869504966,45.13551051065177,3244.0,100.0,37353,31117,367211,14237,0.15218328673224898,0.07811903757707216,0.7240356658267106,4331,1186,1e-06,288.24154902704885,4.5e-06,288.82654942123156,69.13380405857863
geco_matched_plus_all_actuator_persistence_no_holdout_quality_gate_dense,0.2,4.0,39,14,25,54.973246972683754,75.67745687148673,63.684854416442384,31.93915683918102,65.12919691109403,42.8599343572867,3208.0,100.0,39042,31978,366350,12548,0.15785098617970386,0.0802805727942801,0.7567745687148673,4068,1186,1e-06,288.24154902704885,4.9999999999999996e-06,288.9101209061148,69.1880318202129
geco_matched_plus_all_actuator_persistence_no_holdout_quality_gate_dense,0.2,4.5,39,14,25,54.46357329294186,78.06163985268462,64.16161487417651,28.093305756347714,65.30850978232678,39.286858038570614,3030.0,100.0,40272,33671,364657,11318,0.16434772558555114,0.08453083890662971,0.7806163985268463,3639,1187,1e-06,288.24154902704885,5.5e-06,288.99369239099804,69.24225958184716
geco_matched_plus_all_actuator_persistence_no_holdout_quality_gate_dense,0.2,5.0,39,14,25,54.451121052492255,79.74413646055437,64.71402504247152,24.982107142554906,65.42250835636038,36.157271490478244,2943.0,100.0,41140,34414,363914,10450,0.16792837806000205,0.08639613584784399,0.7974413646055437,3405,1187,1e-06,288.24154902704885,5.999999999999999e-06,289.07726387588133,69.29648734348145
geco_matched_plus_all_actuator_persistence_no_holdout_quality_gate_dense,0.2,5.98,39,14,25,53.63373020430561,81.46733863151773,64.68338553169222,17.68123558543063,65.61682698503029,27.856267972844467,2895.0,100.0,42029,36334,361994,9561,0.17417173796113958,0.09121628406740175,0.8146733863151774,3146,2042,1e-06,288.24154902704885,6.98e-06,289.24106398625247,69.40277375628462
geco_matched_plus_all_actuator_persistence_no_holdout_quality_gate_dense,0.2,6.0,39,14,25,53.62919685682213,81.49059895328551,64.68741825791263,17.591041585657557,65.6314150418179,27.74551480723796,2895.0,100.0,42041,36351,361977,9549,0.17423619415093416,0.09125896246309574,0.8149059895328552,3142,2042,1e-06,288.24154902704885,7e-06,289.2444068456478,69.40494286674999
geco_matched_plus_all_actuator_persistence_no_holdout_quality_gate_dense,0.2,7.0,39,14,25,52.57744764365388,82.04690831556503,64.08672480620154,12.26753735920158,65.79293550046809,20.679282731850662,2630.0,100.0,42328,38178,360150,9262,0.17893482812423597,0.09584563475326867,0.8204690831556504,2785,10065,1e-06,288.24154902704885,8e-06,289.4115498154143,69.51339839001852
geco_matched_plus_all_actuator_persistence_no_holdout_quality_gate_dense,0.2,8.0,39,14,25,51.616355719880325,82.26400465206434,63.43227812154366,10.543476837369566,69.39653795610701,18.30574568754171,2405.0,100.0,42440,39782,358546,9150,0.18274885645828795,0.09987246691169087,0.8226400465206435,2538,10070,1e-06,288.24154902704885,9e-06,289.57869278518075,69.62185391328707
geco_matched_plus_all_actuator_persistence_no_holdout_quality_gate_dense,0.2,9.0,39,14,25,50.64973736555618,82.42682690443884,62.74428795915807,8.860003979320041,71.31051659194007,15.761690363738301,2339.0,100.0,42524,41433,356895,9066,0.18660511470979158,0.10401729228173766,0.8242682690443884,2466,31915,1e-06,288.24154902704885,1e-05,289.7458357549473,69.73030943655561
geco_matched_plus_all_actuator_persistence_no_holdout_quality_gate_dense,0.2,10.0,39,14,25,49.91382645703633,82.52180655165729,62.20348765003689,8.78736440286736,71.44995650580246,15.649994224013735,2326.0,100.0,42573,42720,355608,9017,0.18957454469481105,0.10724829788515997,0.825218065516573,2452,31916,1e-06,288.24154902704885,1.1e-05,289.91297872471375,69.83876495982416
geco_matched_plus_all_actuator_persistence_no_holdout_quality_gate_dense,0.2,12.0,39,14,25,48.52068989024473,82.77767009110293,61.18019540987364,8.618447114699485,71.8649551155974,15.391106685370143,2279.0,100.0,42705,45309,353019,8885,0.19562231339933053,0.11374796649996988,0.8277767009110293,2395,31946,1e-06,288.24154902704885,1.3000000000000001e-05,290.24726466424676,70.05567600636124
geco_matched_plus_all_actuator_persistence_no_holdout_quality_gate_dense,0.2,15.0,39,14,25,46.68025150105155,83.03547199069587,59.763251696789176,8.592456000311152,72.22955095744223,15.3579269282057,2217.0,100.0,42838,48931,349397,8752,0.20396827866411213,0.12284097527665643,0.8303547199069587,2331,31949,1e-06,288.24154902704885,1.6e-05,290.74869357354623,70.38104257616688
geco_matched_plus_all_actuator_persistence_no_holdout_quality_gate_dense,0.2,20.0,39,14,25,44.28312719939086,83.42120566001164,57.85476152067538,8.810741839198382,77.92546503082056,15.83147753082948,1977.0,100.0,43037,54149,344179,8553,0.2160082503922937,0.13594073226085035,0.8342120566001163,2079,32134,1e-06,288.24154902704885,2.1e-05,291.58440842237866,70.92332019250958
geco_matched_plus_all_actuator_persistence_no_holdout_quality_gate_dense,0.2,25.0,39,14,25,42.28661996634446,83.77980228726497,56.204730757727475,8.976662705830984,78.44920792101075,16.109924304953015,1801.0,100.0,43222,58990,339338,8368,0.22717917487186554,0.1480940330581832,0.8377980228726497,1895,32139,1e-06,288.24154902704885,2.6e-05,292.42012327121114,71.4655978088523
geco_matched_plus_all_actuator_persistence_no_holdout_quality_gate_dense,0.3,0.0,39,14,25,0.0,0.0,0.0,0.0,0.0,0.0,0.0,0.0,0,0,398328,51590,0.0,0.0,0.0,0,0,1e-06,432.3623235405733,1e-06,432.3623235405733,103.13131459070807
geco_matched_plus_all_actuator_persistence_no_holdout_quality_gate_dense,0.3,0.1,39,14,25,46.35818658673661,23.98333010273309,31.612161471640267,33.38715306285086,50.46089649806691,40.185685508298526,4122.0,100.0,12373,14317,384011,39217,0.05932192088336097,0.035942740655941836,0.2398333010273309,6298,1105,1e-06,432.3623235405733,1.1e-06,432.37903783754996,103.14216014303493
geco_matched_plus_all_actuator_persistence_no_holdout_quality_gate_dense,0.3,0.5,39,14,25,50.18869141695965,30.160883892227176,37.678737907570856,38.97257635564516,56.01344242794135,45.96441012943468,4085.0,100.0,15560,15443,382885,36030,0.06890811214487973,0.03876955674720331,0.30160883892227175,6560,1105,1e-06,432.3623235405733,1.5e-06,432.44589502545654,103.18554235234234
geco_matched_plus_all_actuator_persistence_no_holdout_quality_gate_dense,0.3,1.0,39,14,25,54.71113982663005,39.393293273890286,45.80553552109629,41.843360527684936,56.825928435514705,48.197120620469875,3923.0,100.0,20323,16823,381505,31267,0.08256171124516024,0.04223403828001045,0.3939329327389029,6247,1107,1e-06,432.3623235405733,2e-06,432.5294665103398,103.23977011397662
geco_matched_plus_all_actuator_persistence_no_holdout_quality_gate_dense,0.3,1.5,39,14,25,54.7969458891225,47.99379724752859,51.17024024799793,42.337791958026045,59.3131486109424,49.40805726360716,3305.0,100.0,24760,20425,377903,26830,0.10042941158166599,0.05127683717940993,0.4799379724752859,5482,1108,1e-06,432.3623235405733,2.4999999999999998e-06,432.613037995223,103.29399787561088
geco_matched_plus_all_actuator_persistence_no_holdout_quality_gate_dense,0.3,2.0,39,14,25,56.90155399228966,55.50300445822833,56.1935787738441,43.29347826433344,59.878000831114385,50.25278207159036,3138.0,100.0,28634,21688,376640,22956,0.11184704768424468,0.05444759093008777,0.5550300445822833,5107,1108,1e-06,432.3623235405733,3e-06,432.6966094801063,103.34822563724516
geco_matched_plus_all_actuator_persistence_no_holdout_quality_gate_dense,0.3,2.5,39,14,25,57.01217341781163,62.093428959100606,59.444413516673166,41.68599620063388,62.219520710048236,49.923868934772315,2982.0,100.0,32034,24154,374174,19556,0.12488497904062518,0.060638468799582255,0.620934289591006,4636,1154,1e-06,432.3623235405733,3.4999999999999995e-06,432.78018096498954,103.40245339887943
geco_matched_plus_all_actuator_persistence_no_holdout_quality_gate_dense,0.3,3.0,39,14,25,58.033266313288244,67.69722814498934,62.49384903060723,40.69212173635306,62.658945850626914,49.34105688418599,2731.0,100.0,34925,25256,373072,16665,0.13375992958716923,0.06340503303809926,0.6769722814498934,4081,1185,1e-06,432.3623235405733,4e-06,432.8637524498728,103.4566811605137
geco_matched_plus_all_actuator_persistence_no_holdout_quality_gate_dense,0.3,3.5,39,14,25,57.94666375722814,72.06435355689086,64.23899990496679,38.125526497888316,62.89683187987761,47.4741407541179,2617.0,100.0,37178,26981,371347,14412,0.14260154072519882,0.06773563495410817,0.7206435355689087,3692,1186,1e-06,432.3623235405733,4.5e-06,432.947323934756,103.51090892214798
geco_matched_plus_all_actuator_persistence_no_holdout_quality_gate_dense,0.3,4.0,39,14,25,58.27985365561087,75.34018220585385,65.72090427960299,35.95181324886592,64.75641658252052,46.23476352505541,2458.0,100.0,38868,27824,370504,12722,0.14823145550967065,0.06985198128175775,0.7534018220585385,3304,1186,1e-06,432.3623235405733,4.9999999999999996e-06,433.03089541963925,103.56513668378224
geco_matched_plus_all_actuator_persistence_no_holdout_quality_gate_dense,0.3,4.5,39,14,25,57.90218474289922,77.72630354719907,66.36544938473887,31.583609650588173,64.94407684354604,42.49906833246243,2384.0,100.0,40099,29154,369174,11491,0.15392360385670278,0.07319093812134723,0.7772630354719907,2982,1187,1e-06,432.3623235405733,5.5e-06,433.1144669045225,103.61936444541651
geco_matched_plus_all_actuator_persistence_no_holdout_quality_gate_dense,0.3,5.0,39,14,25,57.92204487297301,79.41461523551075,66.98658469789002,28.36049671516388,65.0538387773383,39.50055783679128,2303.0,100.0,40970,29763,368565,10620,0.1572130921634609,0.0747198288847382,0.7941461523551075,2753,1187,1e-06,432.3623235405733,5.999999999999999e-06,433.1980383894058,103.67359220705079
geco_matched_plus_all_actuator_persistence_no_holdout_quality_gate_dense,0.3,5.98,39,14,25,57.06049123572227,81.14557084706338,67.0043855437114,20.48201408408481,65.26258614716876,31.17885452903152,2195.0,100.0,41863,31503,366825,9727,0.16306526967136234,0.07908808820871242,0.8114557084706339,2433,2042,1e-06,432.3623235405733,6.98e-06,433.3618384997769,103.77987861985396
geco_matched_plus_all_actuator_persistence_no_holdout_quality_gate_dense,0.3,6.0,39,14,25,57.0478850214563,81.17076952897848,67.00428017120686,20.401454678084793,65.2771742039564,31.08708270457875,2188.0,100.0,41876,31529,366799,9714,0.1631519521334999,0.07915336104918559,0.8117076952897848,2423,2042,1e-06,432.3623235405733,7e-06,433.36518135917225,103.78204773031933
geco_matched_plus_all_actuator_persistence_no_holdout_quality_gate_dense,0.3,7.0,39,14,25,55.69568432729386,81.75033921302578,66.25351493158647,14.109995608406145,65.48679549790488,23.217478595334132,1981.0,100.0,42175,33549,364779,9415,0.16830622468983236,0.08422455865517865,0.8175033921302578,2122,10065,1e-06,432.3623235405733,8e-06,433.5323243289387,103.89050325358787
geco_matched_plus_all_actuator_persistence_no_holdout_quality_gate_dense,0.3,8.0,39,14,25,54.694917665929346,81.95968210893584,65.60742298113999,11.882945157515227,65.64531610185949,20.12323450609626,1890.0,100.0,42283,35024,363304,9307,0.17182464360172298,0.08792753710509932,0.8195968210893584,2012,10070,1e-06,432.3623235405733,9e-06,433.6994672987052,103.99895877685641
geco_matched_plus_all_actuator_persistence_no_holdout_quality_gate_dense,0.3,9.0,39,14,25,53.80951776166224,82.12444272145764,65.01799320171568,9.947584020282573,67.55266106304559,17.341513462203864,1846.0,100.0,42368,36369,361959,9222,0.1750030005467663,0.0913041513526541,0.8212444272145765,1962,31905,1e-06,432.3623235405733,1e-05,433.86661026847173,104.10741430012496
geco_matched_plus_all_actuator_persistence_no_holdout_quality_gate_dense,0.3,10.0,39,14,25,52.95219073773561,82.22523744911805,64.41913439635535,9.806895751270964,67.69994274298543,17.132069730767597,1833.0,100.0,42420,37690,360638,9170,0.17805466773945475,0.0946205137474644,0.8222523744911805,1948,31906,1e-06,432.3623235405733,1.1e-05,434.0337532382382,104.2158698233935
geco_matched_plus_all_actuator_persistence_no_holdout_quality_gate_dense,0.3,12.0,39,14,25,51.33726611414715,82.48691606900562,63.286809485213745,9.63193686931969,68.1110460589484,16.877183535610744,1790.0,100.0,42555,40338,357990,9035,0.18424023933250058,0.10126830150027114,0.8248691606900562,1898,31936,1e-06,432.3623235405733,1.3000000000000001e-05,434.3680391777712,104.43278086993058
geco_matched_plus_all_actuator_persistence_no_holdout_quality_gate_dense,0.3,15.0,39,14,25,49.22289351104552,82.75247140918782,61.72843076300227,9.590008617218256,70.19714260695471,16.87467699187232,1732.0,100.0,42692,44040,354288,8898,0.19277290528496305,0.11056214978610593,0.8275247140918782,1836,31939,1e-06,432.3623235405733,1.6e-05,434.8694680870707,104.75814743973622
geco_matched_plus_all_actuator_persistence_no_holdout_quality_gate_dense,0.3,20.0,39,14,25,46.44144485457281,83.16340376041869,59.6000639008703,9.655795777576834,74.18970959709547,17.087634726898106,1501.0,100.0,42904,49479,348849,8686,0.20533297178596988,0.12421672591432187,0.8316340376041869,1593,32124,1e-06,432.3623235405733,2.1e-05,435.7051829359031,105.30042505607892
geco_matched_plus_all_actuator_persistence_no_holdout_quality_gate_dense,0.3,25.0,39,14,25,44.30632242409287,83.52587710796666,57.899722533877075,9.959697269372294,76.44051601869506,17.623206464143117,1270.0,100.0,43091,54166,344162,8499,0.21616605692592872,0.13598341065654435,0.8352587710796666,1351,32129,1e-06,432.3623235405733,2.6e-05,436.5408977847356,105.84270267242164
geco_matched_plus_all_actuator_persistence_no_holdout_quality_gate_dense,0.4,0.0,39,14,25,0.0,0.0,0.0,0.0,0.0,0.0,0.0,0.0,0,0,398328,51590,0.0,0.0,0.0,0,0,1e-06,576.4830980540977,1e-06,576.4830980540977,137.50841945427746
geco_matched_plus_all_actuator_persistence_no_holdout_quality_gate_dense,0.4,0.1,39,14,25,49.79780237735387,23.630548555921692,32.05163597165806,37.79679339358337,50.04347789974728,43.066419696195,3158.0,100.0,12191,12290,386038,39399,0.05441213732280104,0.030853969592898316,0.2363054855592169,5296,1097,1e-06,576.4830980540977,1.1e-06,576.4998123510743,137.51926500660431
geco_matched_plus_all_actuator_persistence_no_holdout_quality_gate_dense,0.4,0.5,39,14,25,53.66543321929763,29.7984105446792,38.319457600079765,43.69592668149905,52.15342165342752,47.551540586261204,3129.0,100.0,15373,13273,385055,36217,0.06366937975364399,0.03332178506155731,0.297984105446792,5569,1097,1e-06,576.4830980540977,1.5e-06,576.5666695389809,137.56264721591174
geco_matched_plus_all_actuator_persistence_no_holdout_quality_gate_dense,0.4,1.0,39,14,25,58.172201508714124,39.01337468501648,46.704335820116256,46.670264626013335,54.669176995847856,50.354036226151464,2995.0,100.0,20127,14472,383856,31463,0.07690067967940825,0.03633186720491655,0.3901337468501648,5289,1098,1e-06,576.4830980540977,2e-06,576.6502410238642,137.616874977546
geco_matched_plus_all_actuator_persistence_no_holdout_quality_gate_dense,0.4,1.5,39,14,25,58.65421364418116,47.59643341732894,52.549917606523,47.26103273384612,57.13246397759111,51.73002792834688,2575.0,100.0,24555,17309,381019,27035,0.09304806653656889,0.043454138298086,0.47596433417328937,4724,1099,1e-06,576.4830980540977,2.4999999999999998e-06,576.7338125087474,137.67110273918027
geco_matched_plus_all_actuator_persistence_no_holdout_quality_gate_dense,0.4,2.0,39,14,25,59.77728753020275,55.14828455126962,57.369561929727276,47.64691918315973,59.465214256751906,52.90407663274106,2408.0,100.0,28451,19144,379184,23139,0.10578594321631941,0.04806089453917375,0.5514828455126962,4349,1099,1e-06,576.4830980540977,3e-06,576.8173839936306,137.72533050081455
geco_matched_plus_all_actuator_persistence_no_holdout_quality_gate_dense,0.4,2.5,39,14,25,60.83223375977664,61.66117464624927,61.24389938681016,46.76707224589685,60.007920649463806,52.56651738838853,2294.0,100.0,31811,20482,377846,19779,0.11622784596304216,0.051419935329678056,0.6166117464624927,3926,1154,1e-06,576.4830980540977,3.4999999999999995e-06,576.9009554785139,137.7795582624488
geco_matched_plus_all_actuator_persistence_no_holdout_quality_gate_dense,0.4,3.0,39,14,25,61.24558927311221,67.28823415390579,64.12487300267848,44.1183517039993,60.482890997476126,51.020530697073,2259.0,100.0,34714,21966,376362,16876,0.12597851163989882,0.0551455082243779,0.6728823415390579,3596,1177,1e-06,576.4830980540977,4e-06,576.9845269633971,137.83378602408308
geco_matched_plus_all_actuator_persistence_no_holdout_quality_gate_dense,0.4,3.5,39,14,25,61.53282605437986,71.63403760418686,66.20032423040062,41.77360158376591,60.68585628672122,49.48429037162376,2155.0,100.0,36956,23103,375225,14634,0.1334887690645851,0.05799993974814725,0.7163403760418686,3213,1178,1e-06,576.4830980540977,4.5e-06,577.0680984482805,137.88801378571736
geco_matched_plus_all_actuator_persistence_no_holdout_quality_gate_dense,0.4,4.0,39,14,25,61.229950757635734,74.95832525683271,67.40219787881165,38.784504753402345,62.6029225367946,47.89594551512902,2071.0,100.0,38671,24486,373842,12919,0.1403744682364342,0.061471952762547445,0.7495832525683271,2903,1178,1e-06,576.4830980540977,4.9999999999999996e-06,577.1516699331637,137.94224154735164
geco_matched_plus_all_actuator_persistence_no_holdout_quality_gate_dense,0.4,4.5,39,14,25,60.98787702750218,77.32893971699943,68.19312325324992,35.26977868622157,64.47605544970601,45.59701617558755,1833.0,100.0,39894,25519,372809,11696,0.14538871527700603,0.06406529292442409,0.7732893971699942,2412,1179,1e-06,576.4830980540977,5.5e-06,577.2352414180469,137.9964693089859
geco_matched_plus_all_actuator_persistence_no_holdout_quality_gate_dense,0.4,5.0,39,14,25,60.38610152930553,79.06377204884669,68.47410963848343,31.658302129195704,64.66302913834635,42.506092598838165,1724.0,100.0,40789,26758,371570,10801,0.15013180179499375,0.06717579482235746,0.7906377204884668,2154,1187,1e-06,576.4830980540977,5.999999999999999e-06,577.3188129029302,138.05069707062017
geco_matched_plus_all_actuator_persistence_no_holdout_quality_gate_dense,0.4,5.98,39,14,25,59.796788220605336,80.76565225818956,68.71717063436435,23.351766866193195,64.81854900879043,34.33417766597002,1608.0,100.0,41667,28014,370314,9923,0.1548748883129815,0.07032897511598482,0.8076565225818957,1826,2042,1e-06,576.4830980540977,6.98e-06,577.4826130133013,138.15698348342335
geco_matched_plus_all_actuator_persistence_no_holdout_quality_gate_dense,0.4,6.0,39,14,25,59.27673850002842,80.82961814305098,68.39541406288441,23.972748428265984,64.90673949492131,35.01354414992775,1390.0,100.0,41700,28648,369680,9890,0.1563573806782569,0.07192062822598462,0.8082961814305097,1595,2042,1e-06,576.4830980540977,7e-06,577.4859558726966,138.1591525938887
geco_matched_plus_all_actuator_persistence_no_holdout_quality_gate_dense,0.4,7.0,39,14,25,58.1945175864076,81.39561930606706,67.86695542554223,16.493954207609125,65.08112335750818,26.31796623378318,1307.0,100.0,41992,30166,368162,9598,0.16038033597233273,0.07573155791207246,0.8139561930606707,1423,10065,1e-06,576.4830980540977,8e-06,577.6530988424631,138.26760811715727
geco_matched_plus_all_actuator_persistence_no_holdout_quality_gate_dense,0.4,8.0,39,14,25,57.08496537142702,81.64179104477613,67.1899053225176,13.984482113853156,65.33032188849278,23.03758370038648,1215.0,100.0,42119,31664,366664,9471,0.1639921052280638,0.07949227772087325,0.8164179104477612,1314,10070,1e-06,576.4830980540977,9e-06,577.8202418122296,138.3760636404258
geco_matched_plus_all_actuator_persistence_no_holdout_quality_gate_dense,0.4,9.0,39,14,25,56.10628173432225,81.82012017832913,66.56626506024097,11.691300621342574,67.25416687012196,19.91979293812014,1174.0,100.0,42211,33023,365305,9379,0.16721713734502733,0.08290403888252897,0.8182012017832914,1267,31811,1e-06,576.4830980540977,1e-05,577.9873847819961,138.48451916369433
geco_matched_plus_all_actuator_persistence_no_holdout_quality_gate_dense,0.4,10.0,39,14,25,55.15391943208362,81.92479162628416,65.9252384554792,11.471631064105878,67.39162104497728,19.605882150806487,1170.0,100.0,42265,34366,363962,9325,0.17032214759133887,0.08627563214235505,0.8192479162628417,1262,31812,1e-06,576.4830980540977,1.1e-05,578.1545277517627,138.5929746869629
geco_matched_plus_all_actuator_persistence_no_holdout_quality_gate_dense,0.4,12.0,39,14,25,53.36983198036624,82.19616204690831,64.71822656339425,11.135467009612924,67.8074301037404,19.12945758356554,1142.0,100.0,42405,37050,361278,9185,0.17659884690099084,0.09301379767427849,0.8219616204690832,1227,31842,1e-06,576.4830980540977,1.3000000000000001e-05,578.4888136912956,138.80988573349998
geco_matched_plus_all_actuator_persistence_no_holdout_quality_gate_dense,0.4,15.0,39,14,25,51.054052432659425,82.47916262841636,63.06888501871272,11.086507382134487,68.18974036991199,19.07219580728322,1085.0,100.0,42551,40794,357534,9039,0.1852448668424024,0.1024130867024161,0.8247916262841636,1167,31845,1e-06,576.4830980540977,1.6e-05,578.990242600595,139.1352523033056
geco_matched_plus_all_actuator_persistence_no_holdout_quality_gate_dense,0.4,20.0,39,14,25,47.9410446088321,82.90947858112038,60.752787444073576,10.843177670047519,73.89945780741049,18.911494697119338,1061.0,100.0,42773,46447,351881,8817,0.19830280184389154,0.11660490851760358,0.8290947858112038,1141,32030,1e-06,576.4830980540977,2.1e-05,579.8259574494275,139.67752991964832
geco_matched_plus_all_actuator_persistence_no_holdout_quality_gate_dense,0.4,25.0,39,14,25,45.83906868551063,83.27001356852102,59.12860357725368,11.2599981015431,76.10004621845255,19.617352134309463,844.0,100.0,42959,50758,347570,8631,0.20829795651652078,0.12742764756682934,0.8327001356852103,912,32035,1e-06,576.4830980540977,2.6e-05,580.66167229826,140.21980753599104
geco_matched_plus_all_actuator_persistence_no_holdout_quality_gate_dense,0.5,0.0,39,14,25,0.0,0.0,0.0,0.0,0.0,0.0,0.0,0.0,0,0,398328,51590,0.0,0.0,0.0,0,0,1e-06,720.6038725676221,1e-06,720.6038725676221,171.8855243178468
geco_matched_plus_all_actuator_persistence_no_holdout_quality_gate_dense,0.5,0.1,39,14,25,51.191740663635976,23.35530141500291,32.07635071279301,38.59637210196383,49.708295537104895,43.453192733736266,3088.0,100.0,12049,11488,386840,39541,0.052313977213625594,0.028840553513687212,0.23355301415002908,5213,1088,1e-06,720.6038725676221,1.1e-06,720.6205868645987,171.89636987017366
geco_matched_plus_all_actuator_persistence_no_holdout_quality_gate_dense,0.5,0.5,39,14,25,55.00325591491209,29.4708276797829,38.37843295638126,44.51435040241076,51.81709737953631,47.888918576406724,3062.0,100.0,15204,12438,385890,36386,0.061437862010410786,0.03122552268482256,0.294708276797829,5489,1088,1e-06,720.6038725676221,1.5e-06,720.6874440525054,171.93975207948108
geco_matched_plus_all_actuator_persistence_no_holdout_quality_gate_dense,0.5,1.0,39,14,25,59.01304695127363,38.664469858499714,46.71920928435081,47.25330193156775,54.3395061347453,50.54926897032631,2881.0,100.0,19947,13854,384474,31643,0.07512702314644001,0.0347803819967464,0.3866446985849971,5166,1089,1e-06,720.6038725676221,2e-06,720.7710155373886,171.99397984111533
geco_matched_plus_all_actuator_persistence_no_holdout_quality_gate_dense,0.5,1.5,39,14,25,59.70716633148575,47.18937778639271,52.715343640379366,48.01681951846823,56.79304712631913,52.03749572567465,2514.0,100.0,24345,16429,381899,27245,0.09062540285118621,0.041244903697455364,0.4718937778639271,4658,1090,1e-06,720.6038725676221,2.4999999999999998e-06,720.8545870222719,172.0482076027496
geco_matched_plus_all_actuator_persistence_no_holdout_quality_gate_dense,0.5,2.0,39,14,25,60.99021027380979,54.70440007753441,57.67654782706436,48.6076951768753,57.41189669157165,52.644231593966616,2343.0,100.0,28222,18051,380277,23368,0.10284763001258007,0.04531692474543592,0.5470440007753441,4279,1090,1e-06,720.6038725676221,3e-06,720.9381585071551,172.1024353643839
geco_matched_plus_all_actuator_persistence_no_holdout_quality_gate_dense,0.5,2.5,39,14,25,61.6843421026933,61.219228532661376,61.4509052348941,47.53640936598129,59.68728833339409,52.923363641433326,2218.0,100.0,31583,19618,378710,20007,0.11380073702319089,0.04925086863087707,0.6121922853266137,3852,1154,1e-06,720.6038725676221,3.4999999999999995e-06,721.0217299920383,172.15666312601815
geco_matched_plus_all_actuator_persistence_no_holdout_quality_gate_dense,0.5,3.0,39,14,25,62.283680768813895,66.83271951928668,64.47806410592062,45.05661019406668,60.18154407974387,51.53219174526821,2187.0,100.0,34479,20879,377449,17111,0.12304019843615947,0.052416601393826194,0.6683271951928669,3523,1176,1e-06,720.6038725676221,4e-06,721.1053014769216,172.21089088765243
geco_matched_plus_all_actuator_persistence_no_holdout_quality_gate_dense,0.5,3.5,39,14,25,62.288408697717024,71.18433805000969,66.43991750189963,42.04083670217584,60.395609373184776,49.573800116386415,2154.0,100.0,36724,22234,376094,14866,0.13104165647962518,0.055818320580024505,0.7118433805000969,3216,1177,1e-06,720.6038725676221,4.5e-06,721.1888729618049,172.2651186492867
geco_matched_plus_all_actuator_persistence_no_holdout_quality_gate_dense,0.5,4.0,39,14,25,62.137728037262264,74.47373522000387,67.74876126324699,38.67271318709997,62.3084311284742,47.7244757425079,2152.0,100.0,38421,23411,374917,13169,0.13742948715099196,0.05877317185836798,0.7447373522000388,2995,1177,1e-06,720.6038725676221,4.9999999999999996e-06,721.2724444466882,172.31934641092099
geco_matched_plus_all_actuator_persistence_no_holdout_quality_gate_dense,0.5,4.5,39,14,25,61.57979747779089,76.85597984105446,68.37503664488092,34.88846090268895,62.47316038436126,44.77313308313006,1916.0,100.0,39650,24738,373590,11940,0.1431105223618526,0.0621045972163644,0.7685597984105447,2499,1178,1e-06,720.6038725676221,5.5e-06,721.3560159315714,172.37357417255524
geco_matched_plus_all_actuator_persistence_no_holdout_quality_gate_dense,0.5,5.0,39,14,25,61.062240163885036,78.57724365187052,68.72128701961383,30.85203146722648,64.37833084667699,41.713635038837054,1906.0,100.0,40538,25850,372478,11052,0.14755577683044466,0.06489626639352493,0.7857724365187052,2346,1178,1e-06,720.6038725676221,5.999999999999999e-06,721.4395874164546,172.42780193418952
geco_matched_plus_all_actuator_persistence_no_holdout_quality_gate_dense,0.5,5.98,39,14,25,60.19841961536226,80.33145958519093,68.82275769301029,23.2220799072068,64.62672337135767,34.167043334938896,1659.0,100.0,41443,27401,370927,10147,0.1530145493178757,0.06879004237713643,0.8033145958519092,1884,2042,1e-06,720.6038725676221,6.98e-06,721.6033875268257,172.5340883469927
geco_matched_plus_all_actuator_persistence_no_holdout_quality_gate_dense,0.5,6.0,39,14,25,59.68916390847604,80.39930219034697,68.51337958374629,23.670146738205222,64.71948554363532,34.662882514417454,1468.0,100.0,41478,28012,370316,10112,0.15445036651123092,0.07032395412825611,0.8039930219034697,1680,2042,1e-06,720.6038725676221,7e-06,721.6067303862211,172.53625745745805
geco_matched_plus_all_actuator_persistence_no_holdout_quality_gate_dense,0.5,7.0,39,14,25,58.455728073856484,81.00407055630936,67.90705232369191,16.808134932514644,64.98201983518767,26.70802031563048,1239.0,100.0,41790,29700,368628,9800,0.158895620979823,0.07456166777128397,0.8100407055630936,1358,10065,1e-06,720.6038725676221,8e-06,721.7738733559876,172.6447129807266
geco_matched_plus_all_actuator_persistence_no_holdout_quality_gate_dense,0.5,8.0,39,14,25,57.32434428247135,81.25411901531304,67.22313095352641,14.329730709672738,65.2312183661723,23.4976028795237,1131.0,100.0,41919,31207,367121,9671,0.16253183913513128,0.07834498202486394,0.8125411901531304,1234,10070,1e-06,720.6038725676221,9e-06,721.941016325754,172.75316850399514
geco_matched_plus_all_actuator_persistence_no_holdout_quality_gate_dense,0.5,9.0,39,14,25,56.3291902980572,81.43438650901338,66.59427928320639,12.011920300160702,67.15506334780147,20.378729402476065,1090.0,100.0,42012,32571,365757,9578,0.1657702070155006,0.08176929565584141,0.8143438650901338,1185,31660,1e-06,720.6038725676221,1e-05,722.1081592955205,172.86162402726367
geco_matched_plus_all_actuator_persistence_no_holdout_quality_gate_dense,0.5,10.0,39,14,25,55.362829994999075,81.54293467726303,65.94970840910516,11.777570654527542,67.2964237726568,20.046752197635627,1086.0,100.0,42068,33918,364410,9522,0.16888855302521794,0.0851509308911249,0.8154293467726303,1181,31661,1e-06,720.6038725676221,1.1e-05,722.2753022652871,172.97007955053223
geco_matched_plus_all_actuator_persistence_no_holdout_quality_gate_dense,0.5,12.0,39,14,25,53.55638449045878,81.82012017832913,64.73781881201785,11.456380050109127,67.71451718814505,19.59718206760955,1059.0,100.0,42211,36605,361723,9379,0.1751785880982757,0.0918966279046414,0.8182012017832914,1146,31691,1e-06,720.6038725676221,1.3000000000000001e-05,722.60958820482,173.18699059706933
geco_matched_plus_all_actuator_persistence_no_holdout_quality_gate_dense,0.5,15.0,39,14,25,51.219423721025834,82.10893584027913,63.08593895437588,11.337970444587542,68.10368052449208,19.439614044649282,1005.0,100.0,42360,40343,357985,9230,0.18381794015798433,0.1012808539695929,0.8210893584027913,1088,31694,1e-06,720.6038725676221,1.6e-05,723.1110171141195,173.51235716687495
geco_matched_plus_all_actuator_persistence_no_holdout_quality_gate_dense,0.5,20.0,39,14,25,48.4980056980057,82.49079278930024,61.083680206688676,11.12640301744483,70.27956410459005,19.211337491901336,982.0,100.0,42557,45193,353135,9033,0.19503553980947638,0.11345674921170493,0.8249079278930025,1064,31695,1e-06,720.6038725676221,2.1e-05,723.946731962952,174.05463478321767
geco_matched_plus_all_actuator_persistence_no_holdout_quality_gate_dense,0.5,25.0,39,14,25,46.54334705972068,82.81449893390192,59.59381799921888,11.60561003687549,74.15547817128896,20.070164213986306,778.0,100.0,42724,49070,349258,8866,0.20402384434496953,0.1231899339238015,0.8281449893390191,849,31884,1e-06,720.6038725676221,2.6e-05,724.7824468117844,174.59691239956038
geco_matched_plus_all_actuator_persistence_no_holdout_quality_gate_dense,0.6,0.0,39,14,25,0.0,0.0,0.0,0.0,0.0,0.0,0.0,0.0,0,0,398328,51590,0.0,0.0,0.0,0,0,1e-06,864.7246470811466,1e-06,864.7246470811466,206.26262918141614
geco_matched_plus_all_actuator_persistence_no_holdout_quality_gate_dense,0.6,0.1,39,14,25,53.41184932122629,23.03159527040124,32.184842082453,39.48523261360196,47.54393095355047,43.14147341235661,3104.0,100.0,11882,10364,387964,39708,0.04944456545414942,0.026018758410154445,0.2303159527040124,5229,1080,1e-06,864.7246470811466,1.1e-06,864.7413613781232,206.273474733743
geco_matched_plus_all_actuator_persistence_no_holdout_quality_gate_dense,0.6,0.5,39,14,25,57.098894418905054,29.131614654002714,38.57991811169155,45.30698710152994,51.35986270651747,48.14392197120752,3091.0,100.0,15029,11292,387036,36561,0.05850177143390573,0.028348496716274027,0.29131614654002713,5515,1080,1e-06,864.7246470811466,1.5e-06,864.8082185660298,206.31685694305042
geco_matched_plus_all_actuator_persistence_no_holdout_quality_gate_dense,0.6,1.0,39,14,25,61.41808225997137,38.26516766815274,47.152820904791476,48.18592606035188,52.14926043445472,50.08931552694599,2976.0,100.0,19741,12401,385927,31849,0.07143968456474291,0.031132634411841498,0.38265167668152744,5268,1081,1e-06,864.7246470811466,2e-06,864.8917900509131,206.37108470468468
geco_matched_plus_all_actuator_persistence_no_holdout_quality_gate_dense,0.6,1.5,39,14,25,61.18237590630229,46.78038379530916,53.02078298695022,48.702838831420095,56.32917471060599,52.239134049160064,2499.0,100.0,24134,15312,383016,27456,0.0876737538840411,0.03844068205097307,0.46780383795309166,4648,1082,1e-06,864.7246470811466,2.4999999999999998e-06,864.9753615357963,206.42531246631896
geco_matched_plus_all_actuator_persistence_no_holdout_quality_gate_dense,0.6,2.0,39,14,25,62.36748329621381,54.27989920527234,58.04332055135247,48.843296558647246,56.96418471465775,52.592095261255636,2376.0,100.0,28003,16897,381431,23587,0.09979596281989163,0.04241981482597257,0.5427989920527234,4318,1082,1e-06,864.7246470811466,3e-06,865.0589330206795,206.47954022795324
geco_matched_plus_all_actuator_persistence_no_holdout_quality_gate_dense,0.6,2.5,39,14,25,62.89071114942759,60.80248110098856,61.828969024411876,47.68931040173116,59.24708593326861,52.84361112410013,2245.0,100.0,31368,18509,379819,20222,0.11085797856498296,0.04646673093530959,0.6080248110098856,3884,1154,1e-06,864.7246470811466,3.4999999999999995e-06,865.1425045055628,206.5337679895875
geco_matched_plus_all_actuator_persistence_no_holdout_quality_gate_dense,0.6,3.0,39,14,25,63.38958587765071,66.40240356658266,64.86102696152682,45.102187905201376,59.73758299584966,51.39835141044482,2223.0,100.0,34257,19785,378543,17333,0.1201152209958259,0.04967012110622401,0.6640240356658267,3565,1176,1e-06,864.7246470811466,4e-06,865.226075990446,206.58799575122177
geco_matched_plus_all_actuator_persistence_no_holdout_quality_gate_dense,0.6,3.5,39,14,25,63.28848354544508,70.75208373715837,66.81249084785473,42.01281305680297,59.96477236508755,49.40867664096265,2196.0,100.0,36501,21173,377155,15089,0.1281878031107891,0.053154686589945974,0.7075208373715837,3267,1177,1e-06,864.7246470811466,4.5e-06,865.3096474753294,206.64222351285605
geco_matched_plus_all_actuator_persistence_no_holdout_quality_gate_dense,0.6,4.0,39,14,25,63.06113018220228,74.06474122892034,68.12144550819205,38.68077707957127,61.920642004098006,47.61639690176612,2187.0,100.0,38210,22382,375946,13380,0.1346734293804649,0.05618987367194875,0.7406474122892034,3038,1177,1e-06,864.7246470811466,4.9999999999999996e-06,865.3932189602126,206.69645127449033
geco_matched_plus_all_actuator_persistence_no_holdout_quality_gate_dense,0.6,4.5,39,14,25,62.448953749723,76.47606125218066,68.75435661508435,33.99116599040186,62.149971756446035,43.94684847260209,2116.0,100.0,39454,23724,374604,12136,0.1404211434083544,0.05955895643791047,0.7647606125218066,2715,1178,1e-06,864.7246470811466,5.5e-06,865.4767904450958,206.75067903612458
geco_matched_plus_all_actuator_persistence_no_holdout_quality_gate_dense,0.6,5.0,39,14,25,61.88329115865348,78.21477030432254,69.09713600753456,30.05725989183122,64.09899957303323,40.92431666090107,2104.0,100.0,40351,24854,373474,11239,0.14492640881227245,0.06239581450462935,0.7821477030432255,2561,1178,1e-06,864.7246470811466,5.999999999999999e-06,865.5603619299791,206.80490679775886
geco_matched_plus_all_actuator_persistence_no_holdout_quality_gate_dense,0.6,5.98,39,14,25,60.81337950342592,79.99806163985268,69.09882382487129,22.823697567195218,64.40031801031988,33.70295145819083,1786.0,100.0,41271,26594,371734,10319,0.1508385972554999,0.06676407382860357,0.7999806163985268,2023,2042,1e-06,864.7246470811466,6.98e-06,865.7241620403502,206.91119321056203
geco_matched_plus_all_actuator_persistence_no_holdout_quality_gate_dense,0.6,6.0,39,14,25,60.45704749077707,80.04845900368288,68.88688718744265,22.61976353562608,64.4647519530031,33.48878815890334,1772.0,100.0,41297,27011,371317,10293,0.15182322112029303,0.06781094977003876,0.8004845900368288,2006,2042,1e-06,864.7246470811466,7e-06,865.7275048997456,206.9133623210274
geco_matched_plus_all_actuator_persistence_no_holdout_quality_gate_dense,0.6,7.0,39,14,25,59.12804990692189,80.65322736964528,68.23328769032724,16.059374964986006,64.72987087645899,25.73414956441904,1529.0,100.0,41609,28762,369566,9981,0.15640850110464574,0.07220682452652086,0.8065322736964528,1674,10065,1e-06,864.7246470811466,8e-06,865.894647869512,207.02181784429595
geco_matched_plus_all_actuator_persistence_no_holdout_quality_gate_dense,0.6,8.0,39,14,25,57.853450306986545,80.91296762938553,67.46725067276533,13.94980044952852,64.99625683295362,22.969730066233414,1336.0,100.0,41743,30410,367918,9847,0.16036922283616126,0.0763441184149746,0.8091296762938553,1459,10070,1e-06,864.7246470811466,9e-06,866.0617908392785,207.13027336756448
geco_matched_plus_all_actuator_persistence_no_holdout_quality_gate_dense,0.6,9.0,39,14,25,56.73084745762712,81.09905020352781,66.76081059518111,11.886535797533407,66.93422536983891,20.187982307080347,1175.0,100.0,41839,31911,366417,9751,0.16391875852933202,0.08011236970536845,0.8109905020352781,1285,31551,1e-06,864.7246470811466,1e-05,866.228933809045,207.23872889083302
geco_matched_plus_all_actuator_persistence_no_holdout_quality_gate_dense,0.6,10.0,39,14,25,55.7293745177854,81.20566001163016,66.09763024202455,11.759682232626679,67.07558579469422,20.011032986899526,1148.0,100.0,41894,33280,365048,9696,0.16708377971096955,0.08354923580566768,0.8120566001163017,1259,31552,1e-06,864.7246470811466,1.1e-05,866.3960767788116,207.34718441410158
geco_matched_plus_all_actuator_persistence_no_holdout_quality_gate_dense,0.6,12.0,39,14,25,53.95258692610799,81.47896879240163,64.91841761839677,11.464092670133965,67.4870938701558,19.598902361541544,1129.0,100.0,42035,35876,362452,9555,0.17316711045123778,0.09006647787752807,0.8147896879240163,1232,31582,1e-06,864.7246470811466,1.3000000000000001e-05,866.7303627183445,207.56409546063867
geco_matched_plus_all_actuator_persistence_no_holdout_quality_gate_dense,0.6,15.0,39,14,25,52.15949721015972,81.72126381081604,63.67666271456513,11.289432560628395,67.79809305644295,19.35582111914514,1109.0,100.0,42160,38669,359659,9430,0.1796527367209136,0.09707828724066599,0.8172126381081605,1208,31582,1e-06,864.7246470811466,1.6e-05,867.2317916276439,207.8894620304443
geco_matched_plus_all_actuator_persistence_no_holdout_quality_gate_dense,0.6,20.0,39,14,25,49.598210102146,82.07210699748013,61.83063420902758,11.14251539893909,68.25498454084682,19.15758599143584,1056.0,100.0,42341,43027,355301,9249,0.18974124173738324,0.10801901950151634,0.8207210699748013,1151,31582,1e-06,864.7246470811466,2.1e-05,868.0675064764764,208.431739646787
geco_matched_plus_all_actuator_persistence_no_holdout_quality_gate_dense,0.6,25.0,39,14,25,48.38775859121217,82.28920333397946,60.94096536874215,11.030061158652154,71.96435315585401,19.12830455177205,987.0,100.0,42453,45282,353046,9137,0.19500220040096194,0.11368018316563235,0.8228920333397945,1077,31775,1e-06,864.7246470811466,2.6e-05,868.9032213253089,208.97401726312972
geco_matched_plus_all_actuator_persistence_no_holdout_quality_gate_dense,0.7,0.0,39,14,25,0.0,0.0,0.0,0.0,0.0,0.0,0.0,0.0,0,0,398328,51590,0.0,0.0,0.0,0,0,1e-06,1008.8454215946709,1e-06,1008.8454215946709,240.63973404498552
geco_matched_plus_all_actuator_persistence_no_holdout_quality_gate_dense,0.7,0.1,39,14,25,58.0341202142432,22.682690443884475,32.61699696184185,40.87244174841021,47.12564019756874,43.776862886945715,3135.0,100.0,11702,8462,389866,39888,0.044817055552345095,0.021243799080155047,0.22682690443884473,5258,1072,1e-06,1008.8454215946709,1.1e-06,1008.8621358916475,240.65057959731237
geco_matched_plus_all_actuator_persistence_no_holdout_quality_gate_dense,0.7,0.5,39,14,25,61.31806342249969,28.74781934483427,39.14380352877522,46.61186243978668,49.21590572382137,47.8785026805929,3129.0,100.0,14831,9356,388972,36759,0.05375868491591801,0.023488180594886627,0.2874781934483427,5546,1072,1e-06,1008.8454215946709,1.5e-06,1008.9289930795542,240.6939618066198
geco_matched_plus_all_actuator_persistence_no_holdout_quality_gate_dense,0.7,1.0,39,14,25,65.23771367521367,37.87555727854235,47.9262220696083,49.27691058140465,51.71708112172102,50.46751671045051,3033.0,100.0,19540,10412,387916,32050,0.06657213092163461,0.02613926211564339,0.37875557278542354,5317,1073,1e-06,1008.8454215946709,2e-06,1009.0125645644374,240.74818956825405
geco_matched_plus_all_actuator_persistence_no_holdout_quality_gate_dense,0.7,1.5,39,14,25,64.1048994133562,46.38689668540415,53.825305608348984,49.17980696371116,54.187269430704355,51.56224870526803,2585.0,100.0,23931,13400,384928,27659,0.082972897283505,0.03364061778233014,0.4638689668540415,4727,1074,1e-06,1008.8454215946709,2.4999999999999998e-06,1009.0961360493206,240.80241732988833
geco_matched_plus_all_actuator_persistence_no_holdout_quality_gate_dense,0.7,2.0,39,14,25,64.98503134063056,53.857336693157585,58.900218345239864,49.23882138284691,56.54883356336787,52.64126360775593,2467.0,100.0,27785,14971,383357,23805,0.09503065002956095,0.037584603643228694,0.5385733669315759,4405,1074,1e-06,1008.8454215946709,3e-06,1009.1797075342039,240.8566450915226
geco_matched_plus_all_actuator_persistence_no_holdout_quality_gate_dense,0.7,2.5,39,14,25,65.36564893505403,60.379918588873814,62.77394327170135,48.42741987223128,57.1557513034289,52.43080948722366,2278.0,100.0,31150,16505,381823,20440,0.10591930085037718,0.04143570123114619,0.6037991858887382,3912,1154,1e-06,1008.8454215946709,3.4999999999999995e-06,1009.2632790190871,240.91087285315686
geco_matched_plus_all_actuator_persistence_no_holdout_quality_gate_dense,0.7,3.0,39,14,25,65.88151044186812,65.97984105446793,65.9306390850015,46.08735945262227,59.39785017143715,51.902822799901784,2229.0,100.0,34039,17628,380700,17551,0.11483648131437284,0.0442549858408146,0.6597984105446792,3568,1171,1e-06,1008.8454215946709,4e-06,1009.3468505039704,240.96510061479114
geco_matched_plus_all_actuator_persistence_no_holdout_quality_gate_dense,0.7,3.5,39,14,25,66.11692240405293,70.32564450474898,68.1563721070033,43.31129693794159,59.644482345657956,50.18231911909996,2205.0,100.0,36281,18593,379735,15309,0.1219644468547602,0.04667761241991525,0.7032564450474899,3269,1172,1e-06,1008.8454215946709,4.5e-06,1009.4304219888537,241.01932837642542
geco_matched_plus_all_actuator_persistence_no_holdout_quality_gate_dense,0.7,4.0,39,14,25,65.93679458239278,73.60534987400659,69.56035904011723,39.989149645938674,59.86930273007353,47.95032266384345,2190.0,100.0,37973,19617,378711,13617,0.12800110242310822,0.04924835813701271,0.7360534987400659,3032,1177,1e-06,1008.8454215946709,4.9999999999999996e-06,1009.513993473737,241.0735561380597
geco_matched_plus_all_actuator_persistence_no_holdout_quality_gate_dense,0.7,4.5,39,14,25,65.53759216223898,75.98371777476255,70.3751245478129,35.114285691209524,60.06793045496275,44.320095838829445,2175.0,100.0,39200,20613,377715,12390,0.13294200276494827,0.051748810025908296,0.7598371777476255,2772,1178,1e-06,1008.8454215946709,5.5e-06,1009.5975649586202,241.12778389969395
geco_matched_plus_all_actuator_persistence_no_holdout_quality_gate_dense,0.7,5.0,39,14,25,65.02254517144061,77.70691994572591,70.80110204514146,31.1172395243165,61.977949961369326,41.43248915070027,2166.0,100.0,40089,21565,376763,11501,0.13703385950328725,0.05413880018477235,0.7770691994572592,2621,1178,1e-06,1008.8454215946709,5.999999999999999e-06,1009.6811364435034,241.18201166132823
geco_matched_plus_all_actuator_persistence_no_holdout_quality_gate_dense,0.7,5.98,39,14,25,63.9606338511448,79.49021128125607,70.88482879020967,22.817691900978517,62.269861621681024,33.397470214529044,2070.0,100.0,41009,23107,375221,10581,0.14250596775412408,0.058009981723604664,0.7949021128125606,2315,2042,1e-06,1008.8454215946709,6.98e-06,1009.8449365538745,241.2882980741314
geco_matched_plus_all_actuator_persistence_no_holdout_quality_gate_dense,0.7,6.0,39,14,25,63.55849506668112,79.53867028493895,70.65630084975592,22.538982332772896,62.33104712361581,33.106583770524594,2070.0,100.0,41034,23527,374801,10556,0.14349503687338583,0.05906438914663292,0.7953867028493894,2312,2042,1e-06,1008.8454215946709,7e-06,1009.8482794132699,241.29046718459676
geco_matched_plus_all_actuator_persistence_no_holdout_quality_gate_dense,0.7,7.0,39,14,25,61.766243074947354,80.1763907734057,69.77740664827888,15.712611000286755,64.36717326614718,25.259217765973773,1881.0,100.0,41363,25604,372724,10227,0.14884267799910206,0.0642786849028941,0.801763907734057,2035,10065,1e-06,1008.8454215946709,8e-06,1010.0154223830364,241.39892270786532
geco_matched_plus_all_actuator_persistence_no_holdout_quality_gate_dense,0.7,8.0,39,14,25,60.27389302778141,80.44969955417717,68.91547459920795,13.646427230476574,64.6600175945719,22.536541578335257,1620.0,100.0,41504,27355,370973,10086,0.15304788872639014,0.06867455965937619,0.8044969955417717,1744,10070,1e-06,1008.8454215946709,9e-06,1010.1825653528028,241.50737823113386
geco_matched_plus_all_actuator_persistence_no_holdout_quality_gate_dense,0.7,9.0,39,14,25,59.17621114035712,80.62027524714091,68.25353846153847,11.41496959099274,66.56895323098408,19.488185496145803,1570.0,100.0,41592,28693,369635,9998,0.15621735516249627,0.0720336004498805,0.8062027524714092,1689,31452,1e-06,1008.8454215946709,1e-05,1010.3497083225693,241.6158337544024
geco_matched_plus_all_actuator_persistence_no_holdout_quality_gate_dense,0.7,10.0,39,14,25,58.31757901665057,80.72106997480132,67.71437166155823,11.255774630562918,66.7017844488059,19.261256049532648,1566.0,100.0,41644,29765,368563,9946,0.158715588173845,0.07472484987246691,0.8072106997480132,1685,31453,1e-06,1008.8454215946709,1.1e-05,1010.5168512923359,241.72428927767095
geco_matched_plus_all_actuator_persistence_no_holdout_quality_gate_dense,0.7,12.0,39,14,25,56.813913611496695,80.92265943012211,66.7583471920174,11.057119254599579,67.00779911346105,18.98197657217885,1556.0,100.0,41748,31734,366594,9842,0.1633230944305407,0.07966801229137796,0.8092265943012211,1670,31480,1e-06,1008.8454215946709,1.3000000000000001e-05,1010.8511372318688,241.94120032420804
geco_matched_plus_all_actuator_persistence_no_holdout_quality_gate_dense,0.7,15.0,39,14,25,55.63031020223643,81.09905020352781,65.99263401130924,10.87593635354982,67.25175398321231,18.723855596735675,1546.0,100.0,41839,33370,364958,9751,0.16716157166416992,0.08377518025345947,0.8109905020352781,1655,31480,1e-06,1008.8454215946709,1.6e-05,1011.3525661411683,242.26656689401366
geco_matched_plus_all_actuator_persistence_no_holdout_quality_gate_dense,0.7,20.0,39,14,25,54.277289950470085,81.35491374297345,65.11321237695572,10.714883009259937,67.53687491545054,18.49542381466575,1540.0,100.0,41971,35356,362972,9619,0.1718690961464089,0.08876102106806451,0.8135491374297344,1645,31481,1e-06,1008.8454215946709,2.1e-05,1012.1882809900007,242.80884451035638
geco_matched_plus_all_actuator_persistence_no_holdout_quality_gate_dense,0.7,25.0,39,14,25,53.11734552157774,81.54681139755766,64.33115175240076,10.505003900423564,67.77410765063105,18.190478944137013,1535.0,100.0,42070,37132,361196,9520,0.17603652221071395,0.09321965817115543,0.8154681139755766,1636,31676,1e-06,1008.8454215946709,2.6e-05,1013.0239958388332,243.3511221266991
geco_matched_plus_all_actuator_persistence_no_holdout_quality_gate_dense,0.8,0.0,39,14,25,0.0,0.0,0.0,0.0,0.0,0.0,0.0,0.0,0,0,398328,51590,0.0,0.0,0.0,0,0,1e-06,1152.9661961081954,1e-06,1152.9661961081954,275.0168389085549
geco_matched_plus_all_actuator_persistence_no_holdout_quality_gate_dense,0.8,0.1,39,14,25,64.44968288713027,22.25818957162241,33.088881524918236,46.358631033175854,45.00868522919711,45.6736854530548,2538.0,96.875,11483,6334,391994,40107,0.03960054943345232,0.015901468136811873,0.22258189571622408,4623,1063,1e-06,1152.9661961081954,1.1e-06,1152.982910405172,275.02768446088174
geco_matched_plus_all_actuator_persistence_no_holdout_quality_gate_dense,0.8,0.5,39,14,25,66.9832094687586,28.30199651095173,39.79124652531749,51.82922323772519,47.114425296686974,49.35949103534084,2549.0,96.875,14601,7197,391131,36989,0.0484488284531848,0.01806802434174851,0.2830199651095173,4931,1063,1e-06,1152.9661961081954,1.5e-06,1153.0497675930787,275.07106667018917
geco_matched_plus_all_actuator_persistence_no_holdout_quality_gate_dense,0.8,1.0,39,14,25,70.19279738086577,37.4025974025974,48.80121396054628,54.13315673525083,47.90993328165878,50.831779537089126,2486.0,96.875,19296,8194,390134,32294,0.06110002267079779,0.020570986724508446,0.37402597402597404,4736,1064,1e-06,1152.9661961081954,2e-06,1153.1333390779619,275.1252944318235
geco_matched_plus_all_actuator_persistence_no_holdout_quality_gate_dense,0.8,1.5,39,14,25,68.95054352577739,45.85966272533437,55.0830587988778,53.4114168167507,53.754884198658516,53.58260010220718,2245.0,96.875,23659,10654,387674,27931,0.07626500829039959,0.026746801630816813,0.45859662725334366,4366,1065,1e-06,1152.9661961081954,2.4999999999999998e-06,1153.2169105628452,275.17952219345773
geco_matched_plus_all_actuator_persistence_no_holdout_quality_gate_dense,0.8,2.0,39,14,25,69.94710609297121,53.316534212056595,60.50993246364696,53.81708997107775,54.41198209944855,54.11290109264733,2123.0,96.875,27506,11818,386510,24084,0.08740259336145698,0.0296690164889237,0.533165342120566,4040,1065,1e-06,1152.9661961081954,3e-06,1153.3004820477283,275.233749955092
geco_matched_plus_all_actuator_persistence_no_holdout_quality_gate_dense,0.8,2.5,39,14,25,69.47245228664026,59.833301027330876,64.29359938347461,52.01209540842691,56.751583531351756,54.27857545801372,2006.0,96.875,30868,13564,384764,20722,0.09875577327424108,0.03405233877608403,0.5983330102733088,3625,1154,1e-06,1152.9661961081954,3.4999999999999995e-06,1153.3840535326117,275.2879777167263
geco_matched_plus_all_actuator_persistence_no_holdout_quality_gate_dense,0.8,3.0,39,14,25,69.38632907230054,65.44291529366156,67.3569547522145,48.998219104808115,57.29194476725807,52.821505967861796,1988.0,96.875,33762,14896,383432,17828,0.10814859596637609,0.03739631660340222,0.6544291529366156,3317,1169,1e-06,1152.9661961081954,4e-06,1153.4676250174948,275.34220547836054
geco_matched_plus_all_actuator_persistence_no_holdout_quality_gate_dense,0.8,3.5,39,14,25,69.21331897877576,69.784842023648,69.49790552670694,46.25483202474987,59.253146049267336,51.95330945540654,1917.0,96.875,36002,16014,382314,15588,0.11561217821914216,0.04020304874374887,0.69784842023648,2969,1170,1e-06,1152.9661961081954,4.5e-06,1153.5511965023782,275.3964332399948
geco_matched_plus_all_actuator_persistence_no_holdout_quality_gate_dense,0.8,4.0,39,14,25,68.64155271926151,73.07617755378949,70.78948109620423,42.44630624185732,59.492971960515796,49.54433563991032,1916.0,96.875,37700,17223,381105,13890,0.1220733555892407,0.04323823582575164,0.7307617755378949,2747,1170,1e-06,1152.9661961081954,4.9999999999999996e-06,1153.6347679872613,275.4506610016291
geco_matched_plus_all_actuator_persistence_no_holdout_quality_gate_dense,0.8,4.5,39,14,25,68.21009831928355,75.44097693351425,71.64354941140738,37.42079508523916,59.687062954707045,46.001166067303764,1889.0,96.875,38920,18139,380189,12670,0.12682088736169703,0.045537848205498985,0.7544097693351425,2476,1171,1e-06,1152.9661961081954,5.5e-06,1153.7183394721446,275.50488876326335
geco_matched_plus_all_actuator_persistence_no_holdout_quality_gate_dense,0.8,5.0,39,14,25,67.65640668286962,77.16030238418298,72.09649813904208,33.10933081199483,61.594239498981636,43.06794442888401,1886.0,96.875,39807,19030,379298,11783,0.13077271858427536,0.0477746982386375,0.7716030238418298,2331,1171,1e-06,1152.9661961081954,5.999999999999999e-06,1153.8019109570278,275.5591165248976
geco_matched_plus_all_actuator_persistence_no_holdout_quality_gate_dense,0.8,5.98,39,14,25,66.93803039273732,78.89319635588292,72.42557431891382,24.27178508153272,61.81905938097422,34.85757243073562,1850.0,96.875,40701,20103,378225,10889,0.13514462635413566,0.05046845815508827,0.7889319635588292,2085,2042,1e-06,1152.9661961081954,6.98e-06,1153.965711067399,275.6654029377008
geco_matched_plus_all_actuator_persistence_no_holdout_quality_gate_dense,0.8,6.0,39,14,25,66.79462571976967,78.92227175809265,72.35377220183568,24.080976035277367,61.85255457778157,34.66562758174154,1849.0,96.875,40716,20241,378087,10874,0.13548468832098293,0.05081490630836898,0.7892227175809265,2081,2042,1e-06,1152.9661961081954,7e-06,1153.9690539267942,275.66757204816616
geco_matched_plus_all_actuator_persistence_no_holdout_quality_gate_dense,0.8,7.0,39,14,25,65.8514260020555,79.48633456096142,72.02929862465089,16.758577902713935,62.046723072064935,26.389464397683206,1717.0,96.875,41007,21265,377063,10583,0.1384074431340822,0.05338565202546645,0.7948633456096142,1859,10065,1e-06,1152.9661961081954,8e-06,1154.136196896561,275.7760275714347
geco_matched_plus_all_actuator_persistence_no_holdout_quality_gate_dense,0.8,8.0,39,14,25,65.07376218817272,79.68792401628222,71.64316957984072,14.401849859463583,62.224655868496995,23.3900826577267,1562.0,96.875,41111,22065,376263,10479,0.14041669815388583,0.05539404711694885,0.7968792401628223,1680,10070,1e-06,1152.9661961081954,9e-06,1154.3033398663274,275.8844830947033
geco_matched_plus_all_actuator_persistence_no_holdout_quality_gate_dense,0.8,9.0,39,14,25,64.53200426305561,79.8100407055631,71.36246251971507,12.34875582477085,64.05973642945152,20.70602416114972,1429.0,96.875,41174,22630,375698,10416,0.14181250805702372,0.05681247615030829,0.7981004070556309,1539,31351,1e-06,1152.9661961081954,1e-05,1154.4704828360939,275.9929386179718
geco_matched_plus_all_actuator_persistence_no_holdout_quality_gate_dense,0.8,10.0,39,14,25,64.14894610666583,79.87594495057182,71.15377974237663,12.338118326507447,64.14580660217318,20.695552764711596,1408.0,96.875,41208,23030,375298,10382,0.1427771282767082,0.05781667369604949,0.7987594495057182,1521,31352,1e-06,1152.9661961081954,1.1e-05,1154.6376258058604,276.10139414124035
geco_matched_plus_all_actuator_persistence_no_holdout_quality_gate_dense,0.8,12.0,39,14,25,63.454327514138186,80.036828842799,70.78740292468841,12.26755250406064,64.37790823850737,20.60811851780973,1404.0,96.875,41291,23781,374547,10299,0.1446307993901111,0.05970205458817859,0.8003682884279899,1509,31366,1e-06,1152.9661961081954,1.3000000000000001e-05,1154.9719117453933,276.3183051877774
geco_matched_plus_all_actuator_persistence_no_holdout_quality_gate_dense,0.8,15.0,39,14,25,62.51359680928209,80.20740453576275,70.263707527466,12.13803850115229,66.32072664847996,20.520423229919253,1401.0,96.875,41379,24813,373515,10211,0.14712014189252265,0.06229288425619088,0.8020740453576275,1501,31375,1e-06,1152.9661961081954,1.6e-05,1155.4733406546927,276.64367175758304
geco_matched_plus_all_actuator_persistence_no_holdout_quality_gate_dense,0.8,20.0,39,14,25,61.88224413383654,80.41093235123085,69.9402328306372,12.060581173396368,66.56412427252036,20.421113681042545,1403.0,96.875,41484,25553,372775,10106,0.14899826190550278,0.0641506497158121,0.8041093235123086,1499,31380,1e-06,1152.9661961081954,2.1e-05,1156.3090555035253,277.1859493739258
geco_matched_plus_all_actuator_persistence_no_holdout_quality_gate_dense,0.8,25.0,39,14,25,61.48951597389721,80.54661756154293,69.7396134900855,11.926978570442577,66.74511541449304,20.23760957431255,1403.0,96.875,41554,26025,372303,10036,0.15020292586649123,0.0653356028197867,0.8054661756154293,1492,31575,1e-06,1152.9661961081954,2.6e-05,1157.1447703523577,277.72822699026847
geco_matched_plus_all_actuator_persistence_no_holdout_quality_gate_dense,0.9,0.0,39,14,25,0.0,0.0,0.0,0.0,0.0,0.0,0.0,0.0,0,0,398328,51590,0.0,0.0,0.0,0,0,1e-06,1297.08697062172,1e-06,1297.08697062172,309.39394377212426
geco_matched_plus_all_actuator_persistence_no_holdout_quality_gate_dense,0.9,0.1,39,14,25,73.58294331773271,21.942236867610003,33.80416280944844,52.181658056883975,44.81181115961037,48.216743369001875,2329.0,96.875,11320,4064,394264,40270,0.03419289737241008,0.010202647064730574,0.21942236867610002,4383,1055,1e-06,1297.08697062172,1.1e-06,1297.1036849186967,309.4047893244511
geco_matched_plus_all_actuator_persistence_no_holdout_quality_gate_dense,0.9,0.5,39,14,25,76.60343270099368,27.94339988369839,40.94931045746993,58.39885990031015,46.93472263902274,52.04293304716384,2322.0,96.875,14416,4403,393925,37174,0.04182762192221694,0.011053704484746239,0.2794339988369839,4671,1055,1e-06,1297.08697062172,1.5e-06,1297.1705421066033,309.4481715337585
geco_matched_plus_all_actuator_persistence_no_holdout_quality_gate_dense,0.9,1.0,39,14,25,80.08654371297736,36.95095948827292,50.56968153542106,61.22473677007449,47.714409014108604,53.63181638702758,2303.0,96.875,19063,4740,393588,32527,0.052905196057948335,0.011899740917033198,0.3695095948827292,4527,1056,1e-06,1297.08697062172,2e-06,1297.2541135914864,309.5023992953928
geco_matched_plus_all_actuator_persistence_no_holdout_quality_gate_dense,0.9,1.5,39,14,25,77.41690094261617,45.37119596821089,57.21234341582646,58.87294343819545,48.36242381283255,53.10259692591547,2150.0,96.875,23407,6828,391500,28183,0.06720113442894038,0.017141652105802253,0.4537119596821089,4258,1057,1e-06,1297.08697062172,2.4999999999999998e-06,1297.3376850763698,309.5566270570271
geco_matched_plus_all_actuator_persistence_no_holdout_quality_gate_dense,0.9,2.0,39,14,25,78.678383534717,52.75828648962977,63.16253596955351,58.91603522360076,48.91193089939962,53.44990075090863,2128.0,96.875,27218,7376,390952,24372,0.07688956654323677,0.018517402743467696,0.5275828648962977,4037,1057,1e-06,1297.08697062172,3e-06,1297.421256561253,309.6108548186613
geco_matched_plus_all_actuator_persistence_no_holdout_quality_gate_dense,0.9,2.5,39,14,25,78.13291058324171,59.2304710215158,67.38111776315064,56.79666098334906,49.42926996647658,52.85747959726431,2090.0,96.875,30557,8552,389776,21033,0.08692472850608333,0.021469743527946818,0.592304710215158,3705,1154,1e-06,1297.08697062172,3.4999999999999995e-06,1297.5048280461363,309.66508258029563
geco_matched_plus_all_actuator_persistence_no_holdout_quality_gate_dense,0.9,3.0,39,14,25,78.84093536893273,64.76448924210119,71.11281380029584,54.502219289087115,49.87454587497759,52.08579576017601,2084.0,96.875,33412,8967,389361,18178,0.09419271956223134,0.02251159848165331,0.6476448924210119,3413,1167,1e-06,1297.08697062172,4e-06,1297.5883995310194,309.7193103419299
geco_matched_plus_all_actuator_persistence_no_holdout_quality_gate_dense,0.9,3.5,39,14,25,78.61775346333715,69.08121729017252,73.54161077980231,51.326821719338355,50.07362352930605,50.692478547362526,2081.0,96.875,35639,9693,388635,15951,0.1007561377851075,0.024334217027173585,0.6908121729017251,3138,1168,1e-06,1297.08697062172,4.5e-06,1297.6719710159027,309.77353810356414
geco_matched_plus_all_actuator_persistence_no_holdout_quality_gate_dense,0.9,4.0,39,14,25,78.93445050992341,72.31246365574724,75.47849310079715,48.18696285433391,51.95015246668368,49.99784663586476,2081.0,96.875,37306,9956,388372,14284,0.10504580834729885,0.024994476913498424,0.7231246365574724,2914,1168,1e-06,1297.08697062172,4.9999999999999996e-06,1297.7555425007859,309.82776586519844
geco_matched_plus_all_actuator_persistence_no_holdout_quality_gate_dense,0.9,4.5,39,14,25,78.49718757642455,74.65981779414615,76.53042977209958,43.0944270569955,53.81707685682902,47.862554998416456,2046.0,96.875,38517,10551,387777,13073,0.10905987313243747,0.026488220762788457,0.7465981779414615,2637,1169,1e-06,1297.08697062172,5.5e-06,1297.8391139856692,309.8819936268327
geco_matched_plus_all_actuator_persistence_no_holdout_quality_gate_dense,0.9,5.0,39,14,25,78.5520542481053,76.34425276216321,77.43241914872702,38.89411414358687,53.943621247234866,45.19906379180798,2046.0,96.875,39386,10754,387574,12204,0.11144252952760281,0.026997851017252113,0.7634425276216321,2495,1169,1e-06,1297.08697062172,5.999999999999999e-06,1297.9226854705523,309.93622138846695
geco_matched_plus_all_actuator_persistence_no_holdout_quality_gate_dense,0.9,5.98,39,14,25,78.49191960543502,78.04613297150611,78.2683915363457,29.247675108979927,54.12288621391749,37.97428173271015,2045.0,96.875,40264,11033,387295,11326,0.1140141092376833,0.0276982788054066,0.7804613297150611,2287,2042,1e-06,1297.08697062172,6.98e-06,1298.0864855809236,310.0425078012701
geco_matched_plus_all_actuator_persistence_no_holdout_quality_gate_dense,0.9,6.0,39,14,25,78.47095039551105,78.06939329327389,78.26965680749349,29.09521770800901,55.85171736306223,38.25959994165543,2045.0,96.875,40276,11050,387278,11314,0.1140785654274779,0.0277409572011006,0.7806939329327389,2284,2042,1e-06,1297.08697062172,7e-06,1298.0898284403188,310.0446769117355
geco_matched_plus_all_actuator_persistence_no_holdout_quality_gate_dense,0.9,7.0,39,14,25,78.33175575173374,78.6005039736383,78.46589974554215,20.130561504549643,56.00601908675132,29.616055858953143,2045.0,96.875,40550,11217,387111,11040,0.11505874403780245,0.02816020967644755,0.786005039736383,2202,10065,1e-06,1297.08697062172,8e-06,1298.2569714100855,310.15313243500407
geco_matched_plus_all_actuator_persistence_no_holdout_quality_gate_dense,0.9,8.0,39,14,25,78.21509680896108,78.77301802674937,78.49306601769229,16.913534544299804,56.14510035192306,25.995889346805324,2044.0,96.875,40639,11319,387009,10951,0.11548326583955298,0.028416280050611555,0.7877301802674938,2181,10070,1e-06,1297.08697062172,9e-06,1298.424114379852,310.2615879582726
geco_matched_plus_all_actuator_persistence_no_holdout_quality_gate_dense,0.9,9.0,39,14,25,78.09633467664557,78.88350455514635,78.48794599807137,14.07112776032945,57.97168584697713,22.64561743745574,2045.0,96.875,40696,11414,386914,10894,0.11582110517916598,0.02865477696772509,0.7888350455514634,2178,31235,1e-06,1297.08697062172,1e-05,1298.5912573496184,310.37004348154113
geco_matched_plus_all_actuator_persistence_no_holdout_quality_gate_dense,0.9,10.0,39,14,25,77.9903115246903,78.9532855204497,78.46884421626515,14.04029607051517,58.074841121677004,22.613503775869006,2044.0,96.875,40732,11495,386833,10858,0.11608115256557862,0.028858126970737683,0.789532855204497,2180,31236,1e-06,1297.08697062172,1.1e-05,1298.758400319385,310.4784990048097
geco_matched_plus_all_actuator_persistence_no_holdout_quality_gate_dense,0.9,12.0,39,14,25,77.82587140568988,79.11416941267687,78.46473268354576,14.036148060659146,58.3258720949141,22.627079087377545,2043.0,96.875,40815,11629,386699,10775,0.11656346267542085,0.029194533148560985,0.7911416941267687,2170,31247,1e-06,1297.08697062172,1.3000000000000001e-05,1299.0926862589179,310.69541005134676
geco_matched_plus_all_actuator_persistence_no_holdout_quality_gate_dense,0.9,15.0,39,14,25,77.61944518234603,79.2924985462299,78.44705250642427,14.045043111382993,62.0122805063863,22.902860940110358,2043.0,96.875,40907,11795,386533,10683,0.11713690050186923,0.029611275130043583,0.792924985462299,2163,31256,1e-06,1297.08697062172,1.6e-05,1299.5941151682173,311.0207766211524
geco_matched_plus_all_actuator_persistence_no_holdout_quality_gate_dense,0.9,20.0,39,14,25,77.24122344432726,79.496026361698,78.35240624343274,14.067530729206995,62.2521424270439,22.949100548648886,2046.0,96.875,41012,12084,386244,10578,0.11801261563218186,0.030336807856841598,0.79496026361698,2162,31264,1e-06,1297.08697062172,2.1e-05,1300.4298300170499,311.5630542374951
geco_matched_plus_all_actuator_persistence_no_holdout_quality_gate_dense,0.9,25.0,39,14,25,76.85846833027797,79.64140337274665,78.22519229304699,14.006859789898742,62.4444395018702,22.88124641082925,2046.0,96.875,41087,12371,385957,10503,0.11881720669099703,0.031057319595910907,0.7964140337274666,2156,31459,1e-06,1297.08697062172,2.6e-05,1301.2655448658822,312.1053318538378
geco_matched_plus_all_actuator_persistence_no_holdout_quality_gate_dense,1.0,0.0,39,14,25,0.0,0.0,0.0,0.0,0.0,0.0,0.0,0.0,0,0,398328,51590,0.0,0.0,0.0,0,0,1e-06,1441.2077451352443,1e-06,1441.2077451352443,343.7710486356936
geco_matched_plus_all_actuator_persistence_no_holdout_quality_gate_dense,1.0,0.1,39,14,25,97.51819696571079,21.554564838146927,35.30551013604686,97.43776164372758,42.875976042824604,59.548540332317245,25.0,78.125,11120,283,398045,40470,0.025344618352677598,0.0007104697636118977,0.21554564838146928,1939,1046,1e-06,1441.2077451352443,1.1e-06,1441.224459432221,343.78189418802043
geco_matched_plus_all_actuator_persistence_no_holdout_quality_gate_dense,1.0,0.5,39,14,25,97.89495479329146,27.493700329521225,42.93043175592851,97.92476682372637,46.69171841246533,63.23311800410845,23.0,78.125,14184,305,398023,37406,0.03220364599771514,0.0007657006286276636,0.27493700329521226,2231,1046,1e-06,1441.2077451352443,1.5e-06,1441.2913166201276,343.82527639732785
geco_matched_plus_all_actuator_persistence_no_holdout_quality_gate_dense,1.0,1.0,39,14,25,98.06387642208537,36.423725528203136,53.11793306196291,98.33963514874836,47.47324973654679,64.03414982276689,14.0,78.125,18791,371,397957,32799,0.04258998306358047,0.0009313932236749613,0.3642372552820314,2113,1047,1e-06,1441.2077451352443,2e-06,1441.3748881050108,343.87950415896216
geco_matched_plus_all_actuator_persistence_no_holdout_quality_gate_dense,1.0,1.5,39,14,25,98.27799326541921,44.69276991665051,61.44355171816498,98.45362446594211,48.066210694105386,64.59593203895014,12.0,78.125,23057,404,397924,28533,0.052145057543819096,0.0010142395211986102,0.44692769916650515,2005,1048,1e-06,1441.2077451352443,2.4999999999999998e-06,1441.4584595898941,343.9337319205964
geco_matched_plus_all_actuator_persistence_no_holdout_quality_gate_dense,1.0,2.0,39,14,25,98.36215740876447,52.035278154681144,68.06369006871023,98.59230620344455,48.610270175787434,65.11568968000162,10.0,78.125,26845,447,397881,24745,0.060659942478407176,0.001122190757365789,0.5203527815468114,1807,1048,1e-06,1441.2077451352443,3e-06,1441.5420310747772,343.98795968223067
geco_matched_plus_all_actuator_persistence_no_holdout_quality_gate_dense,1.0,2.5,39,14,25,98.41637824071051,58.42411320023261,73.32149459959132,98.6116206983912,49.09666239147296,65.55490793105191,10.0,78.125,30141,485,397843,21449,0.06807018167755013,0.001217589524211203,0.5842411320023261,1521,1154,1e-06,1441.2077451352443,3.4999999999999995e-06,1441.6256025596606,344.042187443865
geco_matched_plus_all_actuator_persistence_no_holdout_quality_gate_dense,1.0,3.0,39,14,25,98.45690066857688,63.94068617949215,77.53073072131996,98.45365517544369,49.53502004618724,65.90914845926225,9.0,78.125,32987,517,397811,18603,0.0744669028578541,0.0012979253278704987,0.6394068617949215,1236,1155,1e-06,1441.2077451352443,4e-06,1441.7091740445437,344.0964152054992
geco_matched_plus_all_actuator_persistence_no_holdout_quality_gate_dense,1.0,3.5,39,14,25,98.47484188727822,68.2089552238806,80.59410929412304,98.28756753082753,49.71667368405678,66.03230937193473,10.0,78.125,35189,545,397783,16401,0.07942336159033424,0.0013682191560723826,0.682089552238806,970,1156,1e-06,1441.2077451352443,4.5e-06,1441.792745529427,344.1506429671335
geco_matched_plus_all_actuator_persistence_no_holdout_quality_gate_dense,1.0,4.0,39,14,25,98.42656408612491,71.41887962783485,82.77543134435658,98.07703024707479,49.870375480404675,66.11996067621692,11.0,78.125,36845,589,397739,14745,0.08320182788863749,0.0014786808861039144,0.7141887962783485,747,1156,1e-06,1441.2077451352443,4.9999999999999996e-06,1441.8763170143102,344.2048707287678
geco_matched_plus_all_actuator_persistence_no_holdout_quality_gate_dense,1.0,4.5,39,14,25,98.42136590667944,73.71777476255087,84.29697110749078,97.78627709782866,50.001451687722806,66.16863051091661,9.0,78.125,38031,610,397718,13559,0.08588453896043279,0.0015314012572553272,0.7371777476255088,506,1157,1e-06,1441.2077451352443,5.5e-06,1441.9598884991935,344.25909849040204
geco_matched_plus_all_actuator_persistence_no_holdout_quality_gate_dense,1.0,5.0,39,14,25,98.37359301884406,75.38670284938942,85.359670781893,97.39744304621748,50.11879502990795,66.18176477563709,8.0,78.125,38892,643,397685,12698,0.08787156770789344,0.001614247554778976,0.7538670284938942,364,1157,1e-06,1441.2077451352443,5.999999999999999e-06,1442.0434599840767,344.3133262520363
geco_matched_plus_all_actuator_persistence_no_holdout_quality_gate_dense,1.0,5.98,39,14,25,98.28485282851,77.08664469858499,86.40457127958894,95.80674750602616,50.31274820374384,65.9775171009991,7.0,78.125,39769,694,397634,11821,0.08993416578132016,0.0017422827418609788,0.7708664469858499,163,2042,1e-06,1441.2077451352443,6.98e-06,1442.207260094448,344.41961266483946
geco_matched_plus_all_actuator_persistence_no_holdout_quality_gate_dense,1.0,6.0,39,14,25,98.28054745787836,77.1118433805001,86.41873397923274,95.75251781240502,50.320563793319906,65.97137033030577,7.0,78.125,39782,696,397632,11808,0.0899675051898346,0.0017473037295896849,0.771118433805001,159,2042,1e-06,1441.2077451352443,7e-06,1442.2106029538431,344.42178177530485
geco_matched_plus_all_actuator_persistence_no_holdout_quality_gate_dense,1.0,7.0,39,14,25,98.15531602155806,77.66427602248498,86.71572340655773,92.75601570757557,50.497955882569336,65.39419657341344,7.0,78.125,40067,753,397575,11523,0.09072764370396383,0.0018904018798578056,0.7766427602248498,78,10065,1e-06,1441.2077451352443,8e-06,1442.3777459236098,344.5302372985734
geco_matched_plus_all_actuator_persistence_no_holdout_quality_gate_dense,1.0,8.0,39,14,25,98.04213558577253,77.84648187633262,86.78486921007422,91.20785473163374,50.63446005395298,65.11823335648127,7.0,78.125,40161,802,397526,11429,0.09104547939846816,0.0020134160792111026,0.7784648187633262,59,10070,1e-06,1441.2077451352443,9e-06,1442.5448888933763,344.63869282184197
geco_matched_plus_all_actuator_persistence_no_holdout_quality_gate_dense,1.0,9.0,39,14,25,97.9043446513326,77.96859856561349,86.80658214189371,88.19216270265878,52.46451667777025,65.79082076078164,8.0,78.125,40224,861,397467,11366,0.09131663992105228,0.002161535217207929,0.7796859856561349,57,31128,1e-06,1441.2077451352443,1e-05,1442.7120318631428,344.7471483451105
geco_matched_plus_all_actuator_persistence_no_holdout_quality_gate_dense,1.0,10.0,39,14,25,97.749563021946,78.04807133165342,86.79485244982862,87.13703345567669,52.57728341621011,65.5828064957424,7.0,78.125,40265,927,397401,11325,0.09155446103512195,0.002327227812255227,0.7804807133165342,60,31129,1e-06,1441.2077451352443,1.1e-05,1442.8791748329093,344.85560386837903
geco_matched_plus_all_actuator_persistence_no_holdout_quality_gate_dense,1.0,12.0,39,14,25,97.47385707730577,78.2341539057957,86.80064948331666,86.97102004123293,54.560582294374925,67.05484030249802,7.0,78.125,40361,1046,397282,11229,0.0920323258904956,0.0026259765821132334,0.782341539057957,58,31140,1e-06,1441.2077451352443,1.3000000000000001e-05,1443.2134607724422,345.0725149149161
geco_matched_plus_all_actuator_persistence_no_holdout_quality_gate_dense,1.0,15.0,39,14,25,97.12907174920186,78.43186664082187,86.78484487769306,86.99354476830963,54.808141281987155,67.2482059288238,7.0,78.125,40463,1196,397132,11127,0.0925924279535382,0.0030025506617661827,0.7843186664082187,52,31148,1e-06,1441.2077451352443,1.6e-05,1443.7148896817416,345.3978814847217
geco_matched_plus_all_actuator_persistence_no_holdout_quality_gate_dense,1.0,20.0,39,14,25,96.47299450614788,78.62764101570072,86.64096457596891,84.88038411987586,56.7317674475211,68.00848881182738,11.0,78.125,40564,1483,396845,11026,0.09345480732044506,0.0037230624008354925,0.7862764101570072,56,31157,1e-06,1441.2077451352443,2.1e-05,1444.5506045305742,345.94015910106447
geco_matched_plus_all_actuator_persistence_no_holdout_quality_gate_dense,1.0,25.0,39,14,25,95.8329405109833,78.813723589843,86.4940756025442,84.82801944210625,58.65944872483485,69.35748355534741,14.0,78.125,40660,1768,396560,10930,0.09430162829671185,0.004438553152176096,0.7881372358984299,56,31352,1e-06,1441.2077451352443,2.6e-05,1445.3863193794066,346.48243671740715
geco_matched_plus_all_actuator_persistence_no_holdout_quality_gate_dense,1.2,0.0,39,14,25,0.0,0.0,0.0,0.0,0.0,0.0,0.0,0.0,0,0,398328,51590,0.0,0.0,0.0,0,0,1e-06,1729.4492941622932,1e-06,1729.4492941622932,412.5252583628323
geco_matched_plus_all_actuator_persistence_no_holdout_quality_gate_dense,1.2,0.1,39,14,25,97.97303330654523,21.267687536344255,34.948796763764356,97.88419542150496,40.93365081241832,57.726835333355844,19.0,75.0,10972,227,398101,40618,0.02489120239688121,0.00056988210720813,0.21267687536344254,1896,1029,1e-06,1729.4492941622932,1.1e-06,1729.46600845927,412.5361039151591
geco_matched_plus_all_actuator_persistence_no_holdout_quality_gate_dense,1.2,0.5,39,14,25,98.291980037956,27.10602830005815,42.493580685841046,98.25637144089367,46.46025586283491,63.08903465137692,18.0,75.0,13984,243,398085,37606,0.03162131766232958,0.0006100500090377779,0.2710602830005815,2183,1029,1e-06,1729.4492941622932,1.5e-06,1729.5328656471765,412.57948612446654
geco_matched_plus_all_actuator_persistence_no_holdout_quality_gate_dense,1.2,1.0,39,14,25,98.39489768801488,35.88486140724947,52.59001491371351,98.7042130994951,47.23646866092277,63.89497996767468,8.0,75.0,18513,302,398026,33077,0.041818731413279756,0.0007581691470346046,0.3588486140724947,2079,1030,1e-06,1729.4492941622932,2e-06,1729.6164371320597,412.63371388610085
geco_matched_plus_all_actuator_persistence_no_holdout_quality_gate_dense,1.2,1.5,39,14,25,98.56511184324606,44.072494669509595,60.909748452945436,98.7822209355642,47.8253114999879,64.44812771104728,7.0,75.0,22737,331,397997,28853,0.051271565040740756,0.0008309734691008415,0.44072494669509593,1975,1031,1e-06,1729.4492941622932,2.4999999999999998e-06,1729.700008616943,412.6879416477351
geco_matched_plus_all_actuator_persistence_no_holdout_quality_gate_dense,1.2,2.0,39,14,25,98.63299437553545,51.32777670091103,67.51915550059283,98.91752844211949,48.35482685085884,64.95638574962946,6.0,75.0,26480,367,397961,25110,0.05967087335914544,0.0009213512482175493,0.5132777670091103,1785,1031,1e-06,1729.4492941622932,3e-06,1729.7835801018261,412.74216940936935
geco_matched_plus_all_actuator_persistence_no_holdout_quality_gate_dense,1.2,2.5,39,14,25,98.66065508553243,57.68559798410545,72.80377718521419,98.91295318027133,48.848975786965674,65.39974794172713,6.0,75.0,29760,404,397924,21830,0.06704332789530537,0.0010142395211986102,0.5768559798410545,1507,1150,1e-06,1729.4492941622932,3.4999999999999995e-06,1729.8671515867095,412.79639717100366
geco_matched_plus_all_actuator_persistence_no_holdout_quality_gate_dense,1.2,3.0,39,14,25,98.68285593169018,63.173095561155264,77.0327124893637,98.77937245807833,49.28000568140085,65.75534892971872,5.0,75.0,32591,435,397893,18999,0.07340448703986059,0.001092064830993553,0.6317309556115527,1226,1151,1e-06,1729.4492941622932,4e-06,1729.9507230715926,412.8506249326379
geco_matched_plus_all_actuator_persistence_no_holdout_quality_gate_dense,1.2,3.5,39,14,25,98.68921296033592,67.42391936421788,80.11423833433138,98.69346132544871,49.46659185682879,65.90209797397215,6.0,75.0,34784,462,397866,16806,0.07833871949999778,0.001159848165331084,0.6742391936421788,959,1152,1e-06,1729.4492941622932,4.5e-06,1730.034294556476,412.90485269427217
geco_matched_plus_all_actuator_persistence_no_holdout_quality_gate_dense,1.2,4.0,39,14,25,98.63544063896033,70.6163985268463,82.30669302456933,98.54349866308185,49.61858357720529,66.00324118656053,7.0,75.0,36431,504,397824,15159,0.08209273689872376,0.0012652889076339097,0.7061639852684629,739,1152,1e-06,1729.4492941622932,4.9999999999999996e-06,1730.117866041359,412.9590804559065
geco_matched_plus_all_actuator_persistence_no_holdout_quality_gate_dense,1.2,4.5,39,14,25,98.62848451472478,72.90172514053111,83.83580575772098,98.35886093388146,49.74934004937376,66.07721094420636,5.0,75.0,37610,523,397805,13980,0.0847554443254104,0.0013129882910566167,0.7290172514053112,499,1153,1e-06,1729.4492941622932,5.5e-06,1730.2014375262424,413.0133082175407
geco_matched_plus_all_actuator_persistence_no_holdout_quality_gate_dense,1.2,5.0,39,14,25,98.57765248590466,74.55902306648575,84.90232866129567,97.99748441079258,49.86511034493735,66.09724902695288,5.0,75.0,38465,555,397773,13125,0.08672691468223098,0.0013933240947159125,0.7455902306648575,358,1153,1e-06,1729.4492941622932,5.999999999999999e-06,1730.2850090111256,413.067535979175
geco_matched_plus_all_actuator_persistence_no_holdout_quality_gate_dense,1.2,5.98,39,14,25,98.49027315290053,76.25121147509208,85.95557789164326,96.75941628288021,50.057581825051614,65.98067608443813,4.0,75.0,39338,603,397725,12252,0.08877395436501763,0.0015138278002048563,0.7625121147509207,159,2042,1e-06,1729.4492941622932,6.98e-06,1730.4488091214969,413.17382239197815
geco_matched_plus_all_actuator_persistence_no_holdout_quality_gate_dense,1.2,6.0,39,14,25,98.48336962234401,76.27641015700716,85.96895583689252,96.70435216764002,50.065397414627675,65.97465536020715,4.0,75.0,39351,606,397722,12239,0.08880951640076636,0.0015213592817979152,0.7627641015700717,156,2042,1e-06,1729.4492941622932,7e-06,1730.452151980892,413.17599150244354
geco_matched_plus_all_actuator_persistence_no_holdout_quality_gate_dense,1.2,7.0,39,14,25,98.35963867381378,76.82690443884474,86.26994319047515,94.00476566013467,50.24274382742715,65.48546143220209,4.0,75.0,39635,661,397667,11955,0.08956298703319271,0.00165943644433733,0.7682690443884473,76,10065,1e-06,1729.4492941622932,8e-06,1730.6192949506587,413.2844470257121
geco_matched_plus_all_actuator_persistence_no_holdout_quality_gate_dense,1.2,8.0,39,14,25,98.23936696340257,77.00717193254508,86.33706400086928,92.52125249372394,50.37920232236085,65.23627800203329,4.0,75.0,39728,712,397616,11862,0.08988304535493134,0.0017874716314193327,0.7700717193254507,59,10070,1e-06,1729.4492941622932,9e-06,1730.7864379204252,413.39290254898066
geco_matched_plus_all_actuator_persistence_no_holdout_quality_gate_dense,1.2,9.0,39,14,25,98.08730373912401,77.13704206241519,86.35974002018207,89.76307016109104,52.21593659158702,66.02472981040626,5.0,75.0,39795,776,397552,11795,0.09017420952262412,0.0019481432387379244,0.771370420624152,56,30709,1e-06,1729.4492941622932,1e-05,1730.9535808901917,413.50135807224916
geco_matched_plus_all_actuator_persistence_no_holdout_quality_gate_dense,1.2,10.0,39,14,25,97.9278814246737,77.22426826904439,86.35245413067744,89.04261351246083,52.3353809754358,65.9236837826565,4.0,75.0,39840,843,397485,11750,0.09042314377286528,0.0021163463276495753,0.7722426826904439,58,30710,1e-06,1729.4492941622932,1.1e-05,1731.1207238599582,413.6098135955177
geco_matched_plus_all_actuator_persistence_no_holdout_quality_gate_dense,1.2,12.0,39,14,25,97.64559190259645,77.41616592362861,86.3620637460537,88.85284972425809,54.32661081048139,67.42690841750685,4.0,75.0,39939,963,397365,11651,0.0909098991371761,0.0024176055913719347,0.7741616592362861,56,30721,1e-06,1729.4492941622932,1.3000000000000001e-05,1731.455009799491,413.8267246420548
geco_matched_plus_all_actuator_persistence_no_holdout_quality_gate_dense,1.2,15.0,39,14,25,97.28843210146512,77.61387865865478,86.34457179207953,88.8158578359868,54.57806676185908,67.60952853587064,4.0,75.0,40041,1116,397212,11549,0.09147666908192159,0.002801711152617943,0.7761387865865478,50,30729,1e-06,1729.4492941622932,1.6e-05,1731.9564387087905,414.1520912118604
geco_matched_plus_all_actuator_persistence_no_holdout_quality_gate_dense,1.2,20.0,39,14,25,96.61588080968542,77.80771467338631,86.19775169910992,86.87517035345833,56.50814219055217,68.47595291334667,7.0,75.0,40141,1406,396922,11449,0.09234349370329704,0.0035297543732803116,0.7780771467338632,54,30738,1e-06,1729.4492941622932,2.1e-05,1732.7921535576231,414.69436882820315
geco_matched_plus_all_actuator_persistence_no_holdout_quality_gate_dense,1.2,25.0,39,14,25,95.96670323904021,77.98992052723396,86.04944608409257,86.82497670157895,58.43659681232204,69.85682495397015,10.0,75.0,40235,1691,396637,11355,0.09318586942509524,0.004245245124620915,0.7798992052723396,54,30933,1e-06,1729.4492941622932,2.6e-05,1733.6278684064555,415.23664644454584
geco_matched_plus_all_actuator_persistence_no_holdout_quality_gate_dense,1.4,0.0,39,14,25,0.0,0.0,0.0,0.0,0.0,0.0,0.0,0.0,0,0,398328,51590,0.0,0.0,0.0,0,0,1e-06,2017.6908431893419,1e-06,2017.6908431893419,481.27946808997103
geco_matched_plus_all_actuator_persistence_no_holdout_quality_gate_dense,1.4,0.1,39,14,25,98.07953618987227,20.986625314983524,34.57503712337735,97.97461659146998,40.677976272028424,57.487697080320444,18.0,75.0,10827,212,398116,40763,0.024535582039393846,0.000532224699242835,0.20986625314983523,1862,1012,1e-06,2017.6908431893419,1.1e-06,2017.7075574863186,481.29031364229786
geco_matched_plus_all_actuator_persistence_no_holdout_quality_gate_dense,1.4,0.5,39,14,25,98.37386776977391,26.735801511920915,42.04477907667922,98.32197248794833,46.19987664809984,62.86195517004424,17.0,75.0,13793,228,398100,37797,0.0311634564520646,0.0005723926010724829,0.26735801511920915,2145,1012,1e-06,2017.6908431893419,1.5e-06,2017.7744146742252,481.3336958516053
geco_matched_plus_all_actuator_persistence_no_holdout_quality_gate_dense,1.4,1.0,39,14,25,98.45689003992662,35.37119596821089,52.044948947578575,98.75046858517614,46.97180866921753,63.662031691707114,7.0,75.0,18248,286,398042,33342,0.04119417316044257,0.0007180012452049567,0.35371195968210895,2038,1013,1e-06,2017.6908431893419,2e-06,2017.8579861591083,481.3879236132396
geco_matched_plus_all_actuator_persistence_no_holdout_quality_gate_dense,1.4,1.5,39,14,25,98.61410532799508,43.44640434192673,60.31835735141754,98.82797530140934,47.558002274185384,64.21463519906364,6.0,75.0,22414,315,398013,29176,0.0505180944083144,0.0007908055672711936,0.4344640434192673,1949,1014,1e-06,2017.6908431893419,2.4999999999999998e-06,2017.9415576439917,481.44215137487384
geco_matched_plus_all_actuator_persistence_no_holdout_quality_gate_dense,1.4,2.0,39,14,25,98.67769843968416,50.62802868773018,66.92117500864731,98.96708222958766,48.08578191995811,64.7237925064408,5.0,75.0,26119,350,397978,25471,0.05883072026458155,0.0008786728525235484,0.5062802868773018,1761,1014,1e-06,2017.6908431893419,3e-06,2018.0251291288748,481.4963791365081
geco_matched_plus_all_actuator_persistence_no_holdout_quality_gate_dense,1.4,2.5,39,14,25,98.70291340434827,56.9354526070944,72.21477830090106,98.97076626750227,48.57874326836616,65.16965675732999,5.0,75.0,29373,386,397942,22217,0.06614316386541548,0.0009690506316402563,0.569354526070944,1492,1144,1e-06,2017.6908431893419,3.4999999999999995e-06,2018.1087006137582,481.5506068981424
geco_matched_plus_all_actuator_persistence_no_holdout_quality_gate_dense,1.4,3.0,39,14,25,98.72121193535527,62.39968986237643,76.46646634758133,98.8411252214578,49.009225045401884,65.5274328532311,4.0,75.0,32192,417,397911,19398,0.07247765148315916,0.0010468759414351992,0.6239968986237643,1214,1145,1e-06,2017.6908431893419,4e-06,2018.1922720986413,481.60483465977666
geco_matched_plus_all_actuator_persistence_no_holdout_quality_gate_dense,1.4,3.5,39,14,25,98.72770613745368,66.63306842411319,79.56578597136871,98.76541196507802,49.19540013278025,65.67690312063685,5.0,75.0,34376,443,397885,17214,0.07738965767095338,0.001112148781908377,0.666330684241132,947,1146,1e-06,2017.6908431893419,4.5e-06,2018.2758435835246,481.6590624214109
geco_matched_plus_all_actuator_persistence_no_holdout_quality_gate_dense,1.4,4.0,39,14,25,98.67408158233569,69.81779414615235,81.7749423904283,98.62780543639029,49.34720914735695,65.78146934204048,6.0,75.0,36019,484,397844,15571,0.08113256193350789,0.0012150790303468498,0.6981779414615236,727,1146,1e-06,2017.6908431893419,4.9999999999999996e-06,2018.3594150684078,481.7132901830452
geco_matched_plus_all_actuator_persistence_no_holdout_quality_gate_dense,1.4,4.5,39,14,25,98.66567631376502,72.09536731924791,83.31336028761186,98.46029924538429,49.47778291372559,65.85994952191011,4.0,75.0,37194,503,397825,14396,0.08378637885125734,0.0012627784137695568,0.7209536731924792,487,1147,1e-06,2017.6908431893419,5.5e-06,2018.4429865532911,481.76751794467947
geco_matched_plus_all_actuator_persistence_no_holdout_quality_gate_dense,1.4,5.0,39,14,25,98.6158631415241,73.74685016476062,84.38726849284684,98.12559064100985,49.59601415578297,65.88932186555489,4.0,75.0,38046,534,397794,13544,0.08574895869914073,0.0013406037235644997,0.7374685016476061,348,1147,1e-06,2017.6908431893419,5.999999999999999e-06,2018.5265580381742,481.8217457063137
geco_matched_plus_all_actuator_persistence_no_holdout_quality_gate_dense,1.4,5.98,39,14,25,98.52933731585077,75.45066873425083,85.45929568806534,96.94125427561295,49.796553622127874,65.79545429894914,3.0,75.0,38925,581,397747,12665,0.08780711151809885,0.0014585969351890904,0.7545066873425083,149,2042,1e-06,2017.6908431893419,6.98e-06,2018.6903581485456,481.9280321191169
geco_matched_plus_all_actuator_persistence_no_holdout_quality_gate_dense,1.4,6.0,39,14,25,98.52234198674155,75.47586741616593,85.47282465536922,96.88623933358681,49.804369211703936,65.7895973458129,3.0,75.0,38938,584,397744,12652,0.08784267355384759,0.0014661284167821493,0.7547586741616592,146,2042,1e-06,2017.6908431893419,7e-06,2018.6937010079407,481.9302012295823
geco_matched_plus_all_actuator_persistence_no_holdout_quality_gate_dense,1.4,7.0,39,14,25,98.39955849889624,76.03411513859275,85.78301659850854,94.24169486333102,49.988393269912315,65.32604904046285,3.0,75.0,39226,638,397690,12364,0.08860281206797684,0.0016016950854572112,0.7603411513859275,66,10065,1e-06,2017.6908431893419,8e-06,2018.8608439777074,482.03865675285084
geco_matched_plus_all_actuator_persistence_no_holdout_quality_gate_dense,1.4,8.0,39,14,25,98.28047286996076,76.22213607288234,85.85714129758408,92.78928873529924,50.13023042233311,65.09325601487012,3.0,75.0,39323,688,397640,12267,0.08892953827141835,0.001727219778674861,0.7622213607288234,49,10070,1e-06,2017.6908431893419,9e-06,2019.027986947474,482.1471122761194
geco_matched_plus_all_actuator_persistence_no_holdout_quality_gate_dense,1.4,9.0,39,14,25,98.12904833084205,76.35006784260516,85.88030088302628,89.98745625360728,51.966919015109326,65.88554727749155,4.0,75.0,39389,751,397577,12201,0.08921625718464253,0.0018853808921290996,0.7635006784260515,46,30500,1e-06,2017.6908431893419,1e-05,2019.1951299172404,482.2555677993879
geco_matched_plus_all_actuator_persistence_no_holdout_quality_gate_dense,1.4,10.0,39,14,25,97.97272117462921,76.43923240938166,85.87667817205823,89.26891239264036,52.08640907540805,65.78736534727254,3.0,75.0,39435,816,397512,12155,0.0894629688076494,0.0020485629933120445,0.7643923240938166,48,30501,1e-06,2017.6908431893419,1.1e-05,2019.3622728870068,482.36402332265646
geco_matched_plus_all_actuator_persistence_no_holdout_quality_gate_dense,1.4,12.0,39,14,25,97.69194652432847,76.62919170381856,85.8880910740085,89.10008460671777,54.07759323400369,67.30543762328026,3.0,75.0,39533,934,397394,12057,0.08994305629025734,0.0023448012693056976,0.7662919170381857,46,30512,1e-06,2017.6908431893419,1.3000000000000001e-05,2019.6965588265398,482.5809343691935
geco_matched_plus_all_actuator_persistence_no_holdout_quality_gate_dense,1.4,15.0,39,14,25,97.3401773215119,76.82496607869741,85.8743107239971,89.12137905868502,54.32900350893143,67.5059296313532,3.0,75.0,39634,1083,397245,11956,0.09049871309883134,0.002718864855094294,0.7682496607869742,40,30520,1e-06,2017.6908431893419,1.6e-05,2020.1979877358392,482.90630093899915
geco_matched_plus_all_actuator_persistence_no_holdout_quality_gate_dense,1.4,20.0,39,14,25,96.65977375015204,77.01492537313432,85.7263067047845,86.63764178427375,56.25898758472461,68.21918802472088,7.0,75.0,39732,1373,396955,11858,0.0913610924657382,0.003446908075756663,0.7701492537313432,45,30529,1e-06,2017.6908431893419,2.1e-05,2021.0337025846718,483.4485785553419
geco_matched_plus_all_actuator_persistence_no_holdout_quality_gate_dense,1.4,25.0,39,14,25,96.00077140033267,77.19325450668735,85.57583832045813,87.10424619936795,56.46680574695374,68.51657744645446,9.0,75.0,39824,1659,396669,11766,0.0922012455603021,0.00416490932096162,0.7719325450668735,44,30724,1e-06,2017.6908431893419,2.6e-05,2021.8694174335042,483.9908561716846
geco_matched_plus_all_actuator_persistence_no_holdout_quality_gate_dense,1.42,0.0,39,14,25,0.0,0.0,0.0,0.0,0.0,0.0,0.0,0.0,0,0,398328,51590,0.0,0.0,0.0,0,0,1e-06,2046.5149980920469,1e-06,2046.5149980920469,488.1548890626849
geco_matched_plus_all_actuator_persistence_no_holdout_quality_gate_dense,1.42,0.1,39,14,25,98.07744626825065,20.963364993215738,34.54333487711005,97.97455733325722,40.648348624227744,57.45809374401723,18.0,75.0,10815,212,398116,40775,0.024508910512582294,0.000532224699242835,0.20963364993215738,1863,1010,1e-06,2046.5149980920469,1.1e-06,2046.5317123890236,488.16573461501173
geco_matched_plus_all_actuator_persistence_no_holdout_quality_gate_dense,1.42,0.5,39,14,25,98.3724748376044,26.712541190153132,42.01588438848153,98.3219652156692,46.17015764739926,62.83443753555426,17.0,75.0,13781,228,398100,37809,0.031136784925253045,0.0005723926010724829,0.26712541190153133,2146,1010,1e-06,2046.5149980920469,1.5e-06,2046.5985695769302,488.20911682431915
geco_matched_plus_all_actuator_persistence_no_holdout_quality_gate_dense,1.42,1.0,39,14,25,98.45589029262499,35.347935646443105,52.019625741670474,98.75050651174723,46.94208966851695,63.63473852508433,7.0,75.0,18236,286,398042,33354,0.04116750163363102,0.0007180012452049567,0.35347935646443107,2039,1011,1e-06,2046.5149980920469,2e-06,2046.6821410618134,488.26334458595346
geco_matched_plus_all_actuator_persistence_no_holdout_quality_gate_dense,1.42,1.5,39,14,25,98.61343428118673,43.425082380306264,60.29767992679119,98.82777341452156,47.52832894993476,64.18753777055666,6.0,75.0,22403,315,398013,29187,0.050493645508737146,0.0007908055672711936,0.4342508238030626,1949,1012,1e-06,2046.5149980920469,2.4999999999999998e-06,2046.7657125466967,488.3175723475877
geco_matched_plus_all_actuator_persistence_no_holdout_quality_gate_dense,1.42,2.0,39,14,25,98.67714868848742,50.60670672610971,66.90241902419024,98.9668954104005,48.05610859570747,64.6968670701987,5.0,75.0,26108,350,397978,25482,0.05880627136500429,0.0008786728525235484,0.5060670672610971,1761,1012,1e-06,2046.5149980920469,3e-06,2046.8492840315798,488.37180010922197
geco_matched_plus_all_actuator_persistence_no_holdout_quality_gate_dense,1.42,2.5,39,14,25,98.70243377706063,56.914130645473925,72.19749686493398,98.9705751889816,48.54906994411553,65.14290856548693,5.0,75.0,29362,386,397942,22228,0.06611871496583822,0.0009690506316402563,0.5691413064547393,1492,1144,1e-06,2046.5149980920469,3.4999999999999995e-06,2046.9328555164632,488.4260278708563
geco_matched_plus_all_actuator_persistence_no_holdout_quality_gate_dense,1.42,3.0,39,14,25,98.72078041597644,62.37836790075596,76.4503254620611,98.84090152528842,48.97955172115126,65.5008551536786,4.0,75.0,32181,417,397911,19409,0.0724532025835819,0.0010468759414351992,0.6237836790075596,1214,1145,1e-06,2046.5149980920469,4e-06,2047.0164270013463,488.4802556324905
geco_matched_plus_all_actuator_persistence_no_holdout_quality_gate_dense,1.42,3.5,39,14,25,98.72723093719473,66.6078697421981,79.54766424371499,98.76677573897553,49.16563545562972,65.65067454653222,5.0,75.0,34363,443,397885,17227,0.07736076351690753,0.001112148781908377,0.666078697421981,949,1146,1e-06,2046.5149980920469,4.5e-06,2047.0999984862297,488.5344833941248
geco_matched_plus_all_actuator_persistence_no_holdout_quality_gate_dense,1.42,4.0,39,14,25,98.67360920800219,69.79259546423725,81.7574931880109,98.62951349119032,49.31744447020641,65.75539803926809,6.0,75.0,36006,484,397844,15584,0.08110366777946204,0.0012150790303468498,0.6979259546423725,729,1146,1e-06,2046.5149980920469,4.9999999999999996e-06,2047.1835699711128,488.5887111557591
geco_matched_plus_all_actuator_persistence_no_holdout_quality_gate_dense,1.42,4.5,39,14,25,98.66528684392082,72.07404535762745,83.29898292934271,98.46266563626915,49.45070756531861,65.83648765612257,4.0,75.0,37183,503,397825,14407,0.08376192995168008,0.0012627784137695568,0.7207404535762745,489,1147,1e-06,2046.5149980920469,5.5e-06,2047.2671414559961,488.64293891739334
geco_matched_plus_all_actuator_persistence_no_holdout_quality_gate_dense,1.42,5.0,39,14,25,98.61546838134252,73.72552820314014,84.37316296764604,98.1290292548201,49.568938807375986,65.8661985696523,4.0,75.0,38035,534,397794,13555,0.08572450979956348,0.0013406037235644997,0.7372552820314014,350,1147,1e-06,2046.5149980920469,5.999999999999999e-06,2047.3507129408792,488.6971666790276
geco_matched_plus_all_actuator_persistence_no_holdout_quality_gate_dense,1.42,5.98,39,14,25,98.52892771236866,75.42934677263035,85.44546302903882,96.95031891162901,49.76947827372088,65.77390213547034,3.0,75.0,38914,581,397747,12676,0.08778266261852159,0.0014585969351890904,0.7542934677263036,151,2042,1e-06,2046.5149980920469,6.98e-06,2047.5145130512506,488.80345309183076
geco_matched_plus_all_actuator_persistence_no_holdout_quality_gate_dense,1.42,6.0,39,14,25,98.52193060160461,75.45454545454545,85.45899605931878,96.8955341143253,49.77729386329695,65.76811181939924,3.0,75.0,38927,584,397744,12663,0.08781822465427033,0.0014661284167821493,0.7545454545454545,148,2042,1e-06,2046.5149980920469,7e-06,2047.5178559106457,488.80562220229615
geco_matched_plus_all_actuator_persistence_no_holdout_quality_gate_dense,1.42,7.0,39,14,25,98.39911675407122,76.01279317697228,85.76927703596776,94.273441483485,49.961317921505334,65.31054512713894,3.0,75.0,39215,638,397690,12375,0.08857836316839958,0.0016016950854572112,0.7601279317697228,68,10065,1e-06,2046.5149980920469,8e-06,2047.6849988804124,488.9140777255647
geco_matched_plus_all_actuator_persistence_no_holdout_quality_gate_dense,1.42,8.0,39,14,25,98.28,76.20081411126188,85.8434326891582,92.84133255855865,50.10315507392611,65.08321880044716,3.0,75.0,39312,688,397640,12278,0.08890508937184109,0.001727219778674861,0.7620081411126187,51,10070,1e-06,2046.5149980920469,9e-06,2047.852141850179,489.02253324883327
geco_matched_plus_all_actuator_persistence_no_holdout_quality_gate_dense,1.42,9.0,39,14,25,98.12853547309925,76.32874588098468,85.86661433290811,90.07902875403626,51.93984366670234,65.8882948636876,4.0,75.0,39378,751,397577,12212,0.08919180828506527,0.0018853808921290996,0.7632874588098468,48,30470,1e-06,2046.5149980920469,1e-05,2048.0192848199454,489.1309887721018
geco_matched_plus_all_actuator_persistence_no_holdout_quality_gate_dense,1.42,10.0,39,14,25,97.97216699801193,76.4179104477612,85.8630077316781,89.36595661437805,52.05933372700107,65.79208213736855,3.0,75.0,39424,816,397512,12166,0.08943851990807214,0.0020485629933120445,0.764179104477612,50,30471,1e-06,2046.5149980920469,1.1e-05,2048.1864277897116,489.23944429537033
geco_matched_plus_all_actuator_persistence_no_holdout_quality_gate_dense,1.42,12.0,39,14,25,97.69131896381253,76.6078697421981,85.87445407730917,89.19748634141902,54.050517885596705,67.31221641603706,3.0,75.0,39522,934,397394,12068,0.08991860739068008,0.0023448012693056976,0.766078697421981,48,30482,1e-06,2046.5149980920469,1.3000000000000001e-05,2048.5207137292446,489.4563553419074
geco_matched_plus_all_actuator_persistence_no_holdout_quality_gate_dense,1.42,15.0,39,14,25,97.33945855647816,76.80364411707696,85.86070902314293,89.21803148382446,54.30192816052444,67.51271597711606,3.0,75.0,39623,1083,397245,11967,0.09047426419925408,0.002718864855094294,0.7680364411707695,42,30490,1e-06,2046.5149980920469,1.6e-05,2049.022142638544,489.781721911713
geco_matched_plus_all_actuator_persistence_no_holdout_quality_gate_dense,1.42,20.0,39,14,25,96.65887964179686,76.99360341151386,85.71274437874929,86.75175993272515,56.231912236317626,68.23460716711503,7.0,75.0,39721,1373,396955,11869,0.09133664356616095,0.003446908075756663,0.7699360341151386,47,30499,1e-06,2046.5149980920469,2.1e-05,2049.857857487377,490.32399952805577
geco_matched_plus_all_actuator_persistence_no_holdout_quality_gate_dense,1.42,25.0,39,14,25,95.99971064814815,77.17193254506687,85.562313296512,87.2151300292028,56.43973039854675,68.5308998368085,9.0,75.0,39813,1659,396669,11777,0.09217679666072484,0.00416490932096162,0.7717193254506687,46,30694,1e-06,2046.5149980920469,2.6e-05,2050.693572336209,490.86627714439845
geco_matched_plus_all_actuator_persistence_no_holdout_quality_gate_dense,1.6,0.0,39,14,25,0.0,0.0,0.0,0.0,0.0,0.0,0.0,0.0,0,0,398328,51590,0.0,0.0,0.0,0,0,1e-06,2305.932392216391,1e-06,2305.932392216391,550.0336778171098
geco_matched_plus_all_actuator_persistence_no_holdout_quality_gate_dense,1.6,0.1,39,14,25,98.10248418736823,20.744330296569103,34.246947951167215,97.98790666717119,40.468889559958825,57.28085411741296,18.0,75.0,10702,207,398121,40888,0.02424664049893536,0.00051967222992107,0.20744330296569102,1840,995,1e-06,2305.932392216391,1.1e-06,2305.9491065133675,550.0445233694367
geco_matched_plus_all_actuator_persistence_no_holdout_quality_gate_dense,1.6,0.5,39,14,25,98.39163360980888,26.443109129676294,41.68359941944848,98.33476645219181,45.98655483551005,62.6667922569267,17.0,75.0,13642,223,398105,37948,0.030816726603514418,0.000559840131750718,0.26443109129676295,2130,995,1e-06,2305.932392216391,1.5e-06,2306.015963701274,550.0879055787441
geco_matched_plus_all_actuator_persistence_no_holdout_quality_gate_dense,1.6,1.0,39,14,25,98.46665939102914,34.977708858305874,51.61908576005493,98.74209971256995,46.75611168123017,63.46190235018675,7.0,75.0,18045,281,398047,33545,0.040731866695708996,0.0007054487758831917,0.3497770885830587,2012,996,1e-06,2305.932392216391,2e-06,2306.0995351861575,550.1421333403783
geco_matched_plus_all_actuator_persistence_no_holdout_quality_gate_dense,1.6,1.5,39,14,25,98.62007567326953,42.94436906377205,59.833907231112015,98.8202366350522,47.341046392922465,64.01494718959444,6.0,75.0,22155,310,398018,29435,0.04993132081846025,0.0007782530979494286,0.4294436906377205,1928,998,1e-06,2305.932392216391,2.4999999999999998e-06,2306.1831066710406,550.1963611020127
geco_matched_plus_all_actuator_persistence_no_holdout_quality_gate_dense,1.6,2.0,39,14,25,98.68174697183906,50.060089164566776,66.42404290068286,98.9603038908989,47.86987101524042,64.52647742079684,5.0,75.0,25826,345,397983,25764,0.05816837734876133,0.0008661203832017834,0.5006008916456678,1743,1000,1e-06,2305.932392216391,3e-06,2306.2666781559237,550.250588863647
geco_matched_plus_all_actuator_persistence_no_holdout_quality_gate_dense,1.6,2.5,39,14,25,98.70509465384222,56.293855398333015,71.6971350277116,98.96554574485735,48.36499362231571,64.97591075602212,5.0,75.0,29042,381,397947,22548,0.065396361114692,0.0009564981623184913,0.5629385539833301,1480,1140,1e-06,2305.932392216391,3.4999999999999995e-06,2306.350249640807,550.3048166252812
geco_matched_plus_all_actuator_persistence_no_holdout_quality_gate_dense,1.6,3.0,39,14,25,98.72263905252062,61.721263810816055,75.9553456419064,98.83579970071767,48.79850451056779,65.33764958310229,4.0,75.0,31842,412,397916,19748,0.07168861881498406,0.0010343234721134343,0.6172126381081605,1207,1141,1e-06,2305.932392216391,4e-06,2306.4338211256904,550.3590443869155
geco_matched_plus_all_actuator_persistence_no_holdout_quality_gate_dense,1.6,3.5,39,14,25,98.72873976896732,65.93525877107966,79.06652410394682,98.76198671033858,48.98682080929026,65.49001412557749,5.0,75.0,34016,438,397890,17574,0.07657839873043533,0.001099596312586612,0.6593525877107966,944,1142,1e-06,2305.932392216391,4.5e-06,2306.5173926105736,550.4132721485497
geco_matched_plus_all_actuator_persistence_no_holdout_quality_gate_dense,1.6,4.0,39,14,25,98.67437870149998,69.11223105252957,81.28904290730017,98.62296734395277,49.1423440818326,65.5981264996966,6.0,75.0,35655,479,397849,15935,0.08031241248405264,0.0012025265610250849,0.6911223105252956,724,1142,1e-06,2305.932392216391,4.9999999999999996e-06,2306.6009640954567,550.467499910184
geco_matched_plus_all_actuator_persistence_no_holdout_quality_gate_dense,1.6,4.5,39,14,25,98.66559485530546,71.3742973444466,82.82982791586998,98.45150629918089,49.27644940036707,65.67938540228985,4.0,75.0,36822,498,397830,14768,0.08294844838392774,0.0012502259444477917,0.713742973444466,482,1143,1e-06,2305.932392216391,5.5e-06,2306.68453558034,550.5217276718183
geco_matched_plus_all_actuator_persistence_no_holdout_quality_gate_dense,1.6,5.0,39,14,25,98.61507448228919,73.0141500290754,83.90524240702997,98.11032284029558,49.39440658372473,65.70773961427835,4.0,75.0,37668,529,397799,13922,0.08489769246840535,0.0013280512542427347,0.730141500290754,343,1143,1e-06,2305.932392216391,5.999999999999999e-06,2306.7681070652234,550.5759554334526
geco_matched_plus_all_actuator_persistence_no_holdout_quality_gate_dense,1.6,5.98,39,14,25,98.52734384987089,74.69858499709245,84.97403613992923,96.92022232468017,49.59448928557009,65.61401069979844,3.0,75.0,38537,576,397752,13053,0.08693361901502052,0.0014460444658673255,0.7469858499709245,147,2042,1e-06,2305.932392216391,6.98e-06,2306.9319071755945,550.6822418462557
geco_matched_plus_all_actuator_persistence_no_holdout_quality_gate_dense,1.6,6.0,39,14,25,98.52027907689948,74.72378367900757,84.9877093001466,96.86448624300535,49.60230487514616,65.60807049188516,3.0,75.0,38550,579,397749,13040,0.08696918105076926,0.0014535759474603844,0.7472378367900756,144,2042,1e-06,2305.932392216391,7e-06,2306.9352500349896,550.6844109567211
geco_matched_plus_all_actuator_persistence_no_holdout_quality_gate_dense,1.6,7.0,39,14,25,98.39604713036869,75.2704012405505,85.29350392619845,94.23614403994624,49.78605487465483,65.15170402488555,3.0,75.0,38832,633,397695,12758,0.08771598380149272,0.0015891426161354463,0.752704012405505,66,10065,1e-06,2305.932392216391,8e-06,2307.1023930047563,550.7928664799896
geco_matched_plus_all_actuator_persistence_no_holdout_quality_gate_dense,1.6,8.0,39,14,25,98.2757750176714,75.4584221748401,85.36874191355453,92.8019633527666,49.927892027075615,64.9255391431152,3.0,75.0,38929,683,397645,12661,0.08804271000493423,0.0017146673093530959,0.7545842217484009,49,10070,1e-06,2305.932392216391,9e-06,2307.2695359745226,550.9013220032582
geco_matched_plus_all_actuator_persistence_no_holdout_quality_gate_dense,1.6,9.0,39,14,25,98.12284542412118,75.5863539445629,85.39269251404234,90.0129899349457,51.76458061985184,65.72950370200485,4.0,75.0,38995,746,397582,12595,0.08832942891815843,0.0018728284228073347,0.755863539445629,46,30151,1e-06,2305.932392216391,1e-05,2307.4366789442893,551.0097775265267
geco_matched_plus_all_actuator_persistence_no_holdout_quality_gate_dense,1.6,10.0,39,14,25,97.96497039044465,75.6755185113394,85.38964589575906,89.29361860893657,51.884070680150565,65.63241603573393,3.0,75.0,39041,811,397517,12549,0.08857614054116528,0.0020360105239902795,0.756755185113394,48,30152,1e-06,2305.932392216391,1.1e-05,2307.6038219140555,551.1182330497952
geco_matched_plus_all_actuator_persistence_no_holdout_quality_gate_dense,1.6,12.0,39,14,25,97.68144154936607,75.86547780577632,85.40225621331471,89.12337882873896,53.8752548387462,67.15511363071435,3.0,75.0,39139,929,397399,12451,0.08905622802377322,0.0023322487999839327,0.7586547780577632,46,30163,1e-06,2305.932392216391,1.3000000000000001e-05,2307.9381078535885,551.3351440963323
geco_matched_plus_all_actuator_persistence_no_holdout_quality_gate_dense,1.6,15.0,39,14,25,97.32625626271144,76.06125218065517,85.3897375636506,89.14321919342999,54.12666511367393,67.35574884802739,3.0,75.0,39240,1078,397250,12350,0.08961188483234722,0.002706312385772529,0.7606125218065517,40,30171,1e-06,2305.932392216391,1.6e-05,2308.439536762888,551.660510666138
geco_matched_plus_all_actuator_persistence_no_holdout_quality_gate_dense,1.6,20.0,39,14,25,96.63931607134083,76.25121147509208,85.24313079656757,86.6567392064855,56.05664918946711,68.07611372975941,7.0,75.0,39338,1368,396960,12252,0.09047426419925408,0.003434355606434898,0.7625121147509207,45,30180,1e-06,2305.932392216391,2.1e-05,2309.2752516117207,552.2027882824807
geco_matched_plus_all_actuator_persistence_no_holdout_quality_gate_dense,1.6,25.0,39,14,25,95.962128218858,76.42372552820314,85.08567482411843,87.09323908650877,56.26446735169625,68.36402212180515,9.0,75.0,39427,1659,396669,12163,0.09131886254828658,0.00416490932096162,0.7642372552820313,44,30375,1e-06,2305.932392216391,2.6e-05,2310.110966460553,552.7450658988234
geco_matched_plus_all_actuator_persistence_no_holdout_quality_gate_dense,1.8,0.0,39,14,25,0.0,0.0,0.0,0.0,0.0,0.0,0.0,0.0,0,0,398328,51590,0.0,0.0,0.0,0,0,1e-06,2594.17394124344,1e-06,2594.17394124344,618.7878875442485
geco_matched_plus_all_actuator_persistence_no_holdout_quality_gate_dense,1.8,0.1,39,14,25,98.14505657577443,20.51172707889126,33.931892515872505,98.02951266465844,40.24313055914937,57.06138806398955,17.0,75.0,10582,200,398128,41008,0.023964366840179767,0.0005020987728705991,0.2051172707889126,1813,988,1e-06,2594.17394124344,1.1e-06,2594.1906555404166,618.7987330965753
geco_matched_plus_all_actuator_persistence_no_holdout_quality_gate_dense,1.8,0.5,39,14,25,98.42485232990593,26.162046908315567,41.33653890326631,98.36732683686982,45.7592957393739,62.46201457248204,16.0,75.0,13497,216,398112,38093,0.03047888726390142,0.0005422666747002471,0.26162046908315567,2106,990,1e-06,2594.17394124344,1.5e-06,2594.257512728323,618.8421153058828
geco_matched_plus_all_actuator_persistence_no_holdout_quality_gate_dense,1.8,1.0,39,14,25,98.4922957972055,34.568714867222326,51.175803836607024,98.73625880491804,46.52883418348897,63.25102499605625,7.0,75.0,17834,273,398055,33756,0.040245111331398166,0.0006853648249683678,0.3456871486722233,1987,994,1e-06,2594.17394124344,2e-06,2594.3410842132066,618.896343067517
geco_matched_plus_all_actuator_persistence_no_holdout_quality_gate_dense,1.8,1.5,39,14,25,98.63914924297043,42.430703624733475,59.33696565557995,98.81515523797782,47.11390034272742,63.80590017124439,6.0,75.0,21890,302,398026,29700,0.049324543583497436,0.0007581691470346046,0.42430703624733473,1909,998,1e-06,2594.17394124344,2.4999999999999998e-06,2594.4246556980897,618.9505708291514
geco_matched_plus_all_actuator_persistence_no_holdout_quality_gate_dense,1.8,2.0,39,14,25,98.69592136831514,49.437875557278545,65.87715673106726,98.9542354929005,47.640167083847984,64.3161843791155,5.0,75.0,25505,337,397991,26085,0.05743713298867794,0.0008460364322869595,0.49437875557278543,1722,1000,1e-06,2594.17394124344,3e-06,2594.508227182973,619.0047985907856
geco_matched_plus_all_actuator_persistence_no_holdout_quality_gate_dense,1.8,2.5,39,14,25,98.7158742727304,55.58053886412095,71.11871721418207,98.95900970199737,48.13314289777547,64.7649527295849,5.0,75.0,28674,373,397955,22916,0.0645606532745967,0.0009364142114036674,0.5558053886412095,1463,1134,1e-06,2594.17394124344,3.4999999999999995e-06,2594.591798667856,619.0590263524199
geco_matched_plus_all_actuator_persistence_no_holdout_quality_gate_dense,1.8,3.0,39,14,25,98.73111592700776,60.93235123085869,75.35748960193698,98.82711694010538,48.564872404479374,65.12601323370518,4.0,75.0,31435,404,397924,20155,0.07076622851275122,0.0010142395211986102,0.609323512308587,1192,1135,1e-06,2594.17394124344,4e-06,2594.6753701527396,619.1132541140541
geco_matched_plus_all_actuator_persistence_no_holdout_quality_gate_dense,1.8,3.5,39,14,25,98.73540569949711,65.07656522581897,78.44800392555466,98.75213375545269,48.75154435100353,65.27727430716133,5.0,75.0,33573,430,397898,18017,0.07557599384776782,0.0010795123616717881,0.6507656522581896,932,1136,1e-06,2594.17394124344,4.5e-06,2594.7589416376227,619.1674818756884
geco_matched_plus_all_actuator_persistence_no_holdout_quality_gate_dense,1.8,4.0,39,14,25,98.67911829042572,68.20507850358597,80.6597285897671,98.61580393603897,48.90592571229704,65.38558343711465,6.0,75.0,35187,471,397857,16403,0.07925444192052775,0.0011824426101102608,0.6820507850358597,722,1136,1e-06,2594.17394124344,4.9999999999999996e-06,2594.842513122506,619.2217096373226
geco_matched_plus_all_actuator_persistence_no_holdout_quality_gate_dense,1.8,4.5,39,14,25,98.6695628563671,70.4400077534406,82.19859760235241,98.44300289117861,49.039391560532174,65.46659325843498,4.0,75.0,36340,490,397838,15250,0.08185936103912268,0.0012301419935329678,0.7044000775344059,483,1137,1e-06,2594.17394124344,5.5e-06,2594.926084607389,619.275937398957
geco_matched_plus_all_actuator_persistence_no_holdout_quality_gate_dense,1.8,5.0,39,14,25,98.61807379114612,72.06823027718549,83.27826992642035,98.10326285408341,49.15707468519011,65.49583546476511,4.0,75.0,37180,521,397807,14410,0.08379526936019452,0.0013079673033279107,0.720682302771855,347,1137,1e-06,2594.17394124344,5.999999999999999e-06,2595.0096560922725,619.3301651605913
geco_matched_plus_all_actuator_persistence_no_holdout_quality_gate_dense,1.8,5.98,39,14,25,98.52899282625023,73.7449118046133,84.35417890757513,96.93693879313355,49.35697468123566,65.40961165178527,3.0,75.0,38045,568,397760,13545,0.0858223053978725,0.0014259605149525014,0.737449118046133,154,2042,1e-06,2594.17394124344,6.98e-06,2595.1734562026436,619.4364515733944
geco_matched_plus_all_actuator_persistence_no_holdout_quality_gate_dense,1.8,6.0,39,14,25,98.52187419104324,73.7720488466757,84.36931944136555,96.87774875246174,49.36483594726168,65.40303132531209,3.0,75.0,38059,571,397757,13531,0.08586009006085553,0.0014334919965455605,0.7377204884667571,150,2042,1e-06,2594.17394124344,7e-06,2595.1767990620388,619.4386206838598
geco_matched_plus_all_actuator_persistence_no_holdout_quality_gate_dense,1.8,7.0,39,14,25,98.39603757121593,74.31866640821865,84.67909359954061,94.25247451024103,49.548585946770345,64.95191091254235,3.0,75.0,38341,625,397703,13249,0.086606892811579,0.0015690586652206222,0.7431866640821865,72,10065,1e-06,2594.17394124344,8e-06,2595.3439420318055,619.5470762071283
geco_matched_plus_all_actuator_persistence_no_holdout_quality_gate_dense,1.8,8.0,39,14,25,98.27423107406744,74.50668734250824,84.75574126544878,92.86230395386197,49.690423099191136,64.73909365081155,3.0,75.0,38438,675,397653,13152,0.08693361901502052,0.001694583358438272,0.7450668734250824,55,10070,1e-06,2594.17394124344,9e-06,2595.5110850015717,619.6555317303969
geco_matched_plus_all_actuator_persistence_no_holdout_quality_gate_dense,1.8,9.0,39,14,25,98.11936190815963,74.63461911223105,84.7806940285362,90.11702722879662,51.527111691967356,65.56529853965695,4.0,75.0,38504,738,397590,13086,0.0872203379282447,0.0018527444718925107,0.7463461911223105,52,29724,1e-06,2594.17394124344,1e-05,2595.6782279713384,619.7639872536654
geco_matched_plus_all_actuator_persistence_no_holdout_quality_gate_dense,1.8,10.0,39,14,25,97.95949482885676,74.72378367900757,84.7783776651309,89.40001825043935,51.646601752266086,65.4706527407349,3.0,75.0,38550,803,397525,13040,0.08746704955125156,0.0020159265730754555,0.7472378367900756,54,29725,1e-06,2594.17394124344,1.1e-05,2595.8453709411046,619.8724427769339
geco_matched_plus_all_actuator_persistence_no_holdout_quality_gate_dense,1.8,12.0,39,14,25,97.67242032904547,74.91374297344447,84.79250540264812,89.22795520144572,53.63778591086172,66.99982684577706,3.0,75.0,38648,921,397407,12942,0.08794713703385951,0.002312164849069109,0.7491374297344446,52,29736,1e-06,2594.17394124344,1.3000000000000001e-05,2596.1796568806376,620.089353823471
geco_matched_plus_all_actuator_persistence_no_holdout_quality_gate_dense,1.8,15.0,39,14,25,97.31284060373189,75.10951734832332,84.7815860582656,89.24528681958188,53.88919618578946,67.20053294071728,3.0,75.0,38749,1070,397258,12841,0.08850279384243351,0.002686228434857705,0.7510951734832332,46,29744,1e-06,2594.17394124344,1.6e-05,2596.6810857899372,620.4147203932766
geco_matched_plus_all_actuator_persistence_no_holdout_quality_gate_dense,1.8,20.0,39,14,25,96.61750441465416,75.29947664276023,84.63675283505997,86.76611451189888,55.81918026158264,67.9342620041006,7.0,75.0,38847,1360,396968,12743,0.08936517320934037,0.003414271655520074,0.7529947664276022,51,29753,1e-06,2594.17394124344,2.1e-05,2597.51680063877,620.9569980096194
geco_matched_plus_all_actuator_persistence_no_holdout_quality_gate_dense,1.8,25.0,39,14,25,95.92716700340019,75.46617561542934,84.47535150147544,85.74136514307531,56.02699842381177,67.77014573438419,10.0,75.0,38933,1653,396675,12657,0.09020754893113857,0.0041498463577755015,0.7546617561542934,51,29799,1e-06,2594.17394124344,2.6e-05,2598.352515487602,621.4992756259621
geco_matched_plus_all_actuator_persistence_no_holdout_quality_gate_dense,2.0,0.0,39,14,25,0.0,0.0,0.0,0.0,0.0,0.0,0.0,0.0,0,0,398328,51590,0.0,0.0,0.0,0,0,1e-06,2882.4154902704886,1e-06,2882.4154902704886,687.5420972713872
geco_matched_plus_all_actuator_persistence_no_holdout_quality_gate_dense,2.0,0.1,39,14,25,98.18762325100948,20.267493700329524,33.599511560275715,97.98042654784949,40.01212127049059,56.82052793644996,17.0,75.0,10456,193,398135,41134,0.023668757418018393,0.00048452531582012816,0.20267493700329522,1783,988,1e-06,2882.4154902704886,1.1e-06,2882.4322045674653,687.552942823714
geco_matched_plus_all_actuator_persistence_no_holdout_quality_gate_dense,2.0,0.5,39,14,25,98.45722300140253,25.85384764489242,40.953682238973244,98.33042117889235,45.52426692311924,62.23530702365808,16.0,75.0,13338,209,398119,38252,0.030109931143008282,0.000524693217649776,0.2585384764489242,2076,990,1e-06,2882.4154902704886,1.5e-06,2882.4990617553717,687.5963250330215
geco_matched_plus_all_actuator_persistence_no_holdout_quality_gate_dense,2.0,1.0,39,14,25,98.51839427485184,34.15584415584416,50.72543036444239,98.70575862997589,46.291338838936824,63.02500943612564,7.0,75.0,17621,265,398063,33969,0.039753910712618745,0.0006652808740535438,0.34155844155844156,1962,994,1e-06,2882.4154902704886,2e-06,2882.5826332402553,687.6505527946557
geco_matched_plus_all_actuator_persistence_no_holdout_quality_gate_dense,2.0,1.5,39,14,25,98.65961520926415,41.946113587904634,58.86513247375007,98.80768239912956,46.874714969527005,63.58464760211626,6.0,75.0,21640,294,398034,29950,0.048751105757049065,0.0007380851961197807,0.4194611358790463,1886,998,1e-06,2882.4154902704886,2.4999999999999998e-06,2882.6662047251384,687.7047805562901
geco_matched_plus_all_actuator_persistence_no_holdout_quality_gate_dense,2.0,2.0,39,14,25,98.70450097847359,48.883504555146345,65.3850142597874,98.92602599351521,47.39933735844926,64.09043479794505,5.0,75.0,25219,331,397997,26371,0.0567881258362635,0.0008309734691008415,0.48883504555146345,1698,1000,1e-06,2882.4154902704886,3e-06,2882.7497762100215,687.7590083179243
geco_matched_plus_all_actuator_persistence_no_holdout_quality_gate_dense,2.0,2.5,39,14,25,98.72544922691182,54.95251017639078,70.6049361193435,98.93145924994488,47.890577467278526,64.53914983192169,5.0,75.0,28350,366,397962,23240,0.06382496366004473,0.0009188407543531963,0.5495251017639078,1446,1130,1e-06,2882.4154902704886,3.4999999999999995e-06,2882.8333476949047,687.8132360795586
geco_matched_plus_all_actuator_persistence_no_holdout_quality_gate_dense,2.0,3.0,39,14,25,98.7419785246839,60.248110098856365,74.83507487841287,98.86093581136257,48.32098235693379,64.91364692867299,4.0,75.0,31082,396,397932,20508,0.06996386008117035,0.0009941555702837862,0.6024811009885637,1175,1131,1e-06,2882.4154902704886,4e-06,2882.9169191797882,687.8674638411928
geco_matched_plus_all_actuator_persistence_no_holdout_quality_gate_dense,2.0,3.5,39,14,25,98.74464540694908,64.34192672998643,77.91470084266366,98.79835861463172,48.50646671575916,65.06724111669064,5.0,75.0,33194,422,397906,18396,0.07471583710809525,0.001059428410756964,0.6434192672998643,918,1132,1e-06,2882.4154902704886,4.5e-06,2883.0004906646714,687.9216916028271
geco_matched_plus_all_actuator_persistence_no_holdout_quality_gate_dense,2.0,4.0,39,14,25,98.69798315037018,67.44330296569102,80.13081077346476,98.66990835215805,48.66020860675332,65.17741820518975,6.0,75.0,34794,459,397869,16796,0.07835427789063786,0.001152316683738025,0.6744330296569102,713,1132,1e-06,2882.4154902704886,4.9999999999999996e-06,2883.0840621495545,687.9759193644613
geco_matched_plus_all_actuator_persistence_no_holdout_quality_gate_dense,2.0,4.5,39,14,25,98.6846802317599,69.66078697421982,81.67077618825775,98.43703531587184,48.793263366938874,65.24559458478856,4.0,75.0,35938,479,397849,15652,0.08094141599135843,0.0012025265610250849,0.6966078697421981,477,1133,1e-06,2882.4154902704886,5.5e-06,2883.1676336344376,688.0301471260957
geco_matched_plus_all_actuator_persistence_no_holdout_quality_gate_dense,2.0,5.0,39,14,25,98.63462002736125,71.2735026167862,82.751015539727,98.09833989226794,48.910581079997186,65.27558702398882,4.0,75.0,36770,509,397819,14820,0.0828573206673216,0.0012778413769556746,0.712735026167862,343,1133,1e-06,2882.4154902704886,5.999999999999999e-06,2883.251205119321,688.08437488773
geco_matched_plus_all_actuator_persistence_no_holdout_quality_gate_dense,2.0,5.98,39,14,25,98.54412149777428,72.94824578406669,83.83604366228559,96.93225834609575,49.110435399592795,65.19169551791578,3.0,75.0,37634,556,397772,13956,0.08488213407776528,0.0013958345885802656,0.7294824578406668,152,2042,1e-06,2882.4154902704886,6.98e-06,2883.4150052296923,688.1906613005331
geco_matched_plus_all_actuator_persistence_no_holdout_quality_gate_dense,2.0,6.0,39,14,25,98.53687902423704,72.97344446598179,83.85006013630897,96.87612753537589,49.11825098916886,65.18587900754466,3.0,75.0,37647,559,397769,13943,0.08491769611351402,0.0014033660701733245,0.7297344446598178,149,2042,1e-06,2882.4154902704886,7e-06,2883.4183480890874,688.1928304109985
geco_matched_plus_all_actuator_persistence_no_holdout_quality_gate_dense,2.0,7.0,39,14,25,98.40956853384532,73.52200038767202,84.16451244272352,94.22638431279255,49.30204666512747,64.7335662324657,3.0,75.0,37930,613,397715,13660,0.08566672149147178,0.0015389327388483864,0.7352200038767203,71,10065,1e-06,2882.4154902704886,8e-06,2883.585491058854,688.301285934267
geco_matched_plus_all_actuator_persistence_no_holdout_quality_gate_dense,2.0,8.0,39,14,25,98.2864231991936,73.71195968210894,84.243639303951,92.86992783373968,49.44392949399821,64.53137101539507,3.0,75.0,38028,663,397665,13562,0.0859956703221476,0.001664457432066036,0.7371195968210894,54,10070,1e-06,2882.4154902704886,9e-06,2883.7526340286204,688.4097414575356
geco_matched_plus_all_actuator_persistence_no_holdout_quality_gate_dense,2.0,9.0,39,14,25,98.1273504713822,73.84182981197907,84.26978719638986,90.09570389440272,51.28066376322439,65.35982745162345,4.0,75.0,38095,727,397601,13495,0.08628683448984037,0.0018251290393846277,0.7384182981197907,50,29384,1e-06,2882.4154902704886,1e-05,2883.919776998387,688.5181969808041
geco_matched_plus_all_actuator_persistence_no_holdout_quality_gate_dense,2.0,10.0,39,14,25,97.96825233740881,73.93099437875557,84.26901747641458,89.37662276907217,51.40015382352311,65.26605125861286,3.0,75.0,38141,791,397537,13449,0.08653132348561293,0.0019858006467032194,0.7393099437875558,52,29385,1e-06,2882.4154902704886,1.1e-05,2884.0869199681533,688.6266525040726
geco_matched_plus_all_actuator_persistence_no_holdout_quality_gate_dense,2.0,12.0,39,14,25,97.67804230101154,74.12095367319247,84.28442328462165,89.20217977113512,53.39133798211875,66.8000033093189,3.0,75.0,38239,909,397419,13351,0.08701141096822088,0.002282038922696873,0.7412095367319248,50,29396,1e-06,2882.4154902704886,1.3000000000000001e-05,2884.4212059076863,688.8435635506097
geco_matched_plus_all_actuator_persistence_no_holdout_quality_gate_dense,2.0,15.0,39,14,25,97.31458449667497,74.31672804807134,84.27484943069416,89.21793644035941,53.64274825704649,67.00087311803676,3.0,75.0,38340,1058,397270,13250,0.08756706777679488,0.0026561025084854695,0.7431672804807133,44,29404,1e-06,2882.4154902704886,1.6e-05,2884.922634816986,689.1689301204153
geco_matched_plus_all_actuator_persistence_no_holdout_quality_gate_dense,2.0,20.0,39,14,25,96.61656025338092,74.50281062221362,84.130805936173,86.72539563520391,55.57273233283967,67.73901058174367,7.0,75.0,38436,1346,396982,13154,0.08842055663476456,0.003379124741419132,0.7450281062221361,49,29413,1e-06,2882.4154902704886,2.1e-05,2885.7583496658185,689.7112077367581
geco_matched_plus_all_actuator_persistence_no_holdout_quality_gate_dense,2.0,25.0,39,14,25,95.90698600806653,74.66950959488273,83.9661711495706,85.67957221177461,55.7805504950688,67.57033166243086,10.0,75.0,38522,1644,396684,13068,0.08927404549273422,0.0041272519129963246,0.7466950959488273,49,29459,1e-06,2882.4154902704886,2.6e-05,2886.5940645146507,690.2534853531008
geco_matched_plus_all_actuator_persistence_no_holdout_quality_gate_dense,2.5,0.0,39,14,25,0.0,0.0,0.0,0.0,0.0,0.0,0.0,0.0,0,0,398328,51590,0.0,0.0,0.0,0,0,1e-06,3603.0193628381107,1e-06,3603.0193628381107,859.0176034158073
geco_matched_plus_all_actuator_persistence_no_holdout_quality_gate_dense,2.5,0.1,39,14,25,98.87433284813197,19.749951540996317,32.9234994749172,98.83047492382136,39.48356576047245,56.42492311681173,3.0,75.0,10189,116,398212,41401,0.022904173649420562,0.0002912172882649475,0.19749951540996316,1721,988,1e-06,3603.0193628381107,1.1e-06,3603.0360771350875,859.0176034158073
geco_matched_plus_all_actuator_persistence_no_holdout_quality_gate_dense,2.5,0.5,39,14,25,99.01065449010655,25.21806551657298,40.19774447705855,98.96732309461811,44.98754813788492,61.85684685314733,3.0,75.0,13010,130,398198,38580,0.0292053218586498,0.0003263642023658894,0.2521806551657298,2013,990,1e-06,3603.0193628381107,1.5e-06,3603.102934322994,859.0176034158073
geco_matched_plus_all_actuator_persistence_no_holdout_quality_gate_dense,2.5,1.0,39,14,25,99.00818821358551,33.28164372940493,49.81721116462601,99.0734368373953,45.74810113068466,62.59319810290439,3.0,75.0,17170,172,398156,34420,0.038544801497161704,0.00043180494466871526,0.33281643729404925,1900,994,1e-06,3603.0193628381107,2e-06,3603.1865058078774,859.0176034158073
geco_matched_plus_all_actuator_persistence_no_holdout_quality_gate_dense,2.5,1.5,39,14,25,99.0646738108667,40.85481682496608,57.85139845744243,99.07371946463863,46.32636149888008,63.132357458714985,3.0,75.0,21077,199,398129,30513,0.04728861703688227,0.0004995882790062461,0.4085481682496608,1832,998,1e-06,3603.0193628381107,2.4999999999999998e-06,3603.2700772927606,859.0176034158073
geco_matched_plus_all_actuator_persistence_no_holdout_quality_gate_dense,2.5,2.0,39,14,25,99.0606353813901,47.62744717968598,64.32704139068514,99.10279630648597,46.847101389556315,63.62017130327033,3.0,75.0,24571,233,398095,27019,0.05513004591947866,0.000584945070394248,0.47627447179685983,1654,1000,1e-06,3603.0193628381107,3e-06,3603.3536487776437,859.0176034158073
geco_matched_plus_all_actuator_persistence_no_holdout_quality_gate_dense,2.5,2.5,39,14,25,99.04256463585183,53.53750726885055,69.5043849163909,99.11819059537737,47.33459602948941,64.07142696470207,3.0,75.0,27620,267,398061,23970,0.06198240568281331,0.0006703018617822498,0.5353750726885055,1398,1119,1e-06,3603.0193628381107,3.4999999999999995e-06,3603.437220262527,859.0176034158073
geco_matched_plus_all_actuator_persistence_no_holdout_quality_gate_dense,2.5,3.0,39,14,25,99.03141361256544,58.6625314983524,73.67985392574559,99.0324309314694,47.76098139154878,64.44275687889399,3.0,75.0,30264,296,398032,21326,0.0679234882800866,0.0007431061838484867,0.586625314983524,1128,1120,1e-06,3603.0193628381107,4e-06,3603.5207917474104,859.0176034158073
geco_matched_plus_all_actuator_persistence_no_holdout_quality_gate_dense,2.5,3.5,39,14,25,99.01912702305052,62.61678619887575,76.71883534804189,99.01155121038246,47.94317704597753,64.60395504927615,3.0,75.0,32304,320,398008,19286,0.0725109908916736,0.0008033580365929586,0.6261678619887575,878,1121,1e-06,3603.0193628381107,4.5e-06,3603.6043632322935,859.0176034158073
geco_matched_plus_all_actuator_persistence_no_holdout_quality_gate_dense,2.5,4.0,39,14,25,98.96189724244817,65.5979841054468,78.89773508806695,98.95120664369304,48.094086997074584,64.72791917316933,3.0,75.0,33842,355,397973,17748,0.07600718353122124,0.0008912253218453134,0.6559798410544679,684,1121,1e-06,3603.0193628381107,4.9999999999999996e-06,3603.6879347171766,859.0176034158073
geco_matched_plus_all_actuator_persistence_no_holdout_quality_gate_dense,2.5,4.5,39,14,25,98.94641441033194,67.71855010660981,80.40691385302308,98.70033186786355,48.22485793476248,64.7922863170813,3.0,75.0,34936,372,397956,16654,0.07847652238852414,0.0009339037175393143,0.6771855010660981,458,1122,1e-06,3603.0193628381107,5.5e-06,3603.7715062020598,859.0176034158073
geco_matched_plus_all_actuator_persistence_no_holdout_quality_gate_dense,2.5,5.0,39,14,25,98.88753597520477,69.26536150416747,81.46729589859335,98.39993445458643,48.34062264852238,64.83162111434733,3.0,75.0,35734,402,397926,15856,0.08031685773852124,0.0010092185334699042,0.6926536150416748,329,1122,1e-06,3603.0193628381107,5.999999999999999e-06,3603.8550776869433,859.0176034158073
geco_matched_plus_all_actuator_persistence_no_holdout_quality_gate_dense,2.5,5.98,39,14,25,98.79198983866173,70.8586935452607,82.52570744866976,97.3000508029677,48.53855855721995,64.76754316624192,3.0,75.0,36556,447,397881,15034,0.0822438755506559,0.001122190757365789,0.7085869354526071,146,1982,1e-06,3603.0193628381107,6.98e-06,3604.0188777973144,859.0176034158073
geco_matched_plus_all_actuator_persistence_no_holdout_quality_gate_dense,2.5,6.0,39,14,25,98.7817396002161,70.8838922271758,82.53921679268706,97.23229939749186,48.54637414679601,64.75948053224532,3.0,75.0,36569,451,397877,15021,0.08228166021363893,0.001132232732823201,0.708838922271758,143,1982,1e-06,3603.0193628381107,7e-06,3604.0222206567096,859.0176034158073
geco_matched_plus_all_actuator_persistence_no_holdout_quality_gate_dense,2.5,7.0,39,14,25,98.6474542678844,71.39368094591974,82.83648385754607,94.80649834397359,48.72925629375556,64.37211644968978,3.0,75.0,36832,505,397823,14758,0.08298623304691077,0.0012677994014982628,0.7139368094591975,70,10065,1e-06,3603.0193628381107,8e-06,3604.1893636264763,859.0176034158073
geco_matched_plus_all_actuator_persistence_no_holdout_quality_gate_dense,2.5,8.0,39,14,25,98.51928925884424,71.57782515991471,82.9149452128615,93.63729364087642,48.871002093276445,64.22290505906759,3.0,75.0,36927,555,397773,14663,0.0833085139958837,0.0013933240947159125,0.7157782515991471,54,10070,1e-06,3603.0193628381107,9e-06,3604.3565065962425,859.0176034158073
geco_matched_plus_all_actuator_persistence_no_holdout_quality_gate_dense,2.5,9.0,39,14,25,98.35424864404978,71.70575692963753,82.94208650030268,91.01484727639544,50.707690686052665,65.12941117033411,4.0,75.0,36993,619,397709,14597,0.08359745553634218,0.0015539957020345042,0.7170575692963753,51,28467,1e-06,3603.0193628381107,1e-05,3604.523649566009,859.0176034158073
geco_matched_plus_all_actuator_persistence_no_holdout_quality_gate_dense,2.5,10.0,39,14,25,98.19194061505833,71.79298313626671,82.94255962378233,90.27080048324818,50.827135069901445,65.03576612999935,3.0,75.0,37038,682,397646,14552,0.08383749927764615,0.001712156815488743,0.7179298313626672,53,28468,1e-06,3603.0193628381107,1.1e-05,3604.6907925357755,859.0176034158073
geco_matched_plus_all_actuator_persistence_no_holdout_quality_gate_dense,2.5,12.0,39,14,25,97.89634628565403,71.98294243070362,82.96322773781333,90.06365540417804,52.81831922849708,66.58657838754938,3.0,75.0,37136,798,397530,14454,0.0843131415057855,0.0020033741037536906,0.7198294243070362,51,28479,1e-06,3603.0193628381107,1.3000000000000001e-05,3605.0250784753084,859.0176034158073
geco_matched_plus_all_actuator_persistence_no_holdout_quality_gate_dense,2.5,15.0,39,14,25,97.52488213724463,72.17484008528785,82.95644424640749,90.04694285650064,53.06972950342481,66.78141436920326,3.0,75.0,37235,945,397383,14355,0.08485990780542232,0.002372416701813581,0.7217484008528785,45,28487,1e-06,3603.0193628381107,1.6e-05,3605.526507384608,859.0176034158073
geco_matched_plus_all_actuator_persistence_no_holdout_quality_gate_dense,2.5,20.0,39,14,25,96.80230296428849,72.35123085869355,82.80957082163974,87.40548736077642,54.999713579218,67.51546626615576,7.0,75.0,37326,1233,397095,14264,0.08570228352722052,0.0030954389347472434,0.7235123085869355,50,28496,1e-06,3603.0193628381107,2.1e-05,3606.3622222334407,859.0176034158073
geco_matched_plus_all_actuator_persistence_no_holdout_quality_gate_dense,2.5,25.0,39,14,25,96.08578399897266,72.51599147121534,82.65341066003866,86.93292806206792,55.20748606499718,67.52968104181382,6.0,75.0,37411,1524,396804,14179,0.08653799136731583,0.003825992649273965,0.7251599147121535,46,28542,1e-06,3603.0193628381107,2.6e-05,3607.197937082273,859.0176034158073
geco_matched_plus_all_actuator_persistence_no_holdout_quality_gate_dense,3.0,0.0,39,14,25,0.0,0.0,0.0,0.0,0.0,0.0,0.0,0.0,0,0,398328,51590,0.0,0.0,0.0,0,0,1e-06,4323.623235405733,1e-06,4323.623235405733,859.0176034158073
geco_matched_plus_all_actuator_persistence_no_holdout_quality_gate_dense,3.0,0.1,39,14,25,98.86533293520455,19.25373134328358,32.23064068660058,98.80820067014328,39.06275623383135,55.990336809942434,3.0,75.0,9933,114,398214,41657,0.022330735822972184,0.00028619630053624146,0.1925373134328358,1667,988,1e-06,4323.623235405733,1.1e-06,4323.63994970271,859.0176034158073
geco_matched_plus_all_actuator_persistence_no_holdout_quality_gate_dense,3.0,0.5,39,14,25,99.0005465760912,24.57646830781159,39.377610758265135,98.94661066610304,44.55662405800512,61.44428648928147,3.0,75.0,12679,128,398200,38911,0.028465186989629222,0.00032134321463718344,0.24576468307811591,1955,990,1e-06,4323.623235405733,1.5e-06,4323.7068068906165,859.0176034158073
geco_matched_plus_all_actuator_persistence_no_holdout_quality_gate_dense,3.0,1.0,39,14,25,98.99330846213064,32.40356658267106,48.82515297107058,99.05421976941955,45.30980308456335,62.17791806739802,3.0,75.0,16717,170,398158,34873,0.037533506105557016,0.00042678395694000924,0.3240356658267106,1848,994,1e-06,4323.623235405733,2e-06,4323.790378375499,859.0176034158073
geco_matched_plus_all_actuator_persistence_no_holdout_quality_gate_dense,3.0,1.5,39,14,25,99.0500530427235,39.81585578600504,56.79957969251189,99.05517834236765,45.88427230741266,62.716875994001995,3.0,75.0,20541,197,398131,31049,0.04609284358483101,0.0004945672912775401,0.3981585578600504,1788,998,1e-06,4323.623235405733,2.4999999999999998e-06,4323.873949860383,859.0176034158073
geco_matched_plus_all_actuator_persistence_no_holdout_quality_gate_dense,3.0,2.0,39,14,25,99.04363666473462,46.37138980422563,63.16803971271652,99.08117458118501,46.399896435694124,63.20212254638289,3.0,75.0,23923,231,398097,27667,0.05368533821718624,0.000579924082665542,0.46371389804225627,1607,1000,1e-06,4323.623235405733,3e-06,4323.957521345266,859.0176034158073
geco_matched_plus_all_actuator_persistence_no_holdout_quality_gate_dense,3.0,2.5,39,14,25,99.02437228480966,52.136072882341544,68.3081064607883,99.09704590296901,46.88396534188073,63.65297001272112,3.0,75.0,26897,265,398063,24693,0.06037100093794869,0.0006652808740535438,0.5213607288234154,1360,1105,1e-06,4323.623235405733,3.4999999999999995e-06,4324.041092830149,859.0176034158073
geco_matched_plus_all_actuator_persistence_no_holdout_quality_gate_dense,3.0,3.0,39,14,25,99.01252812951333,57.140918782709825,72.46291311775623,99.00620989936712,47.307518764043,64.02322154397247,3.0,75.0,29479,294,398034,22111,0.06617428064669562,0.0007380851961197807,0.5714091878270983,1093,1106,1e-06,4323.623235405733,4e-06,4324.1246643150325,859.0176034158073
geco_matched_plus_all_actuator_persistence_no_holdout_quality_gate_dense,3.0,3.5,39,14,25,98.99886664148092,60.953673192479165,75.45168798138062,98.98155961210999,47.48638003762515,64.18163548552386,3.0,75.0,31446,318,398010,20144,0.07059953147017901,0.0007983370488642526,0.6095367319247916,845,1107,1e-06,4323.623235405733,4.5e-06,4324.208235799915,859.0176034158073
geco_matched_plus_all_actuator_persistence_no_holdout_quality_gate_dense,3.0,4.0,39,14,25,98.93930288461539,63.82438457065322,77.59396724402026,98.92115546208129,47.63468643107488,64.30420187918686,3.0,75.0,32927,353,397975,18663,0.07396903435737179,0.0008862043341166075,0.6382438457065323,662,1107,1e-06,4323.623235405733,4.9999999999999996e-06,4324.291807284799,859.0176034158073
geco_matched_plus_all_actuator_persistence_no_holdout_quality_gate_dense,3.0,4.5,39,14,25,98.92288434106722,65.86741616592363,79.07983383949454,98.66518887271576,47.763630310764654,64.3672144887422,3.0,75.0,33981,370,397958,17609,0.07634946812530283,0.0009288827298106083,0.6586741616592363,440,1108,1e-06,4323.623235405733,5.5e-06,4324.375378769682,859.0176034158073
geco_matched_plus_all_actuator_persistence_no_holdout_quality_gate_dense,3.0,5.0,39,14,25,98.8621493997838,67.36576855979841,80.13003781241353,98.35815971916276,47.87825311327572,64.4055304089826,3.0,75.0,34754,400,397928,16836,0.07813423779444255,0.0010041975457411982,0.6736576855979841,319,1108,1e-06,4323.623235405733,5.999999999999999e-06,4324.458950254565,859.0176034158073
geco_matched_plus_all_actuator_persistence_no_holdout_quality_gate_dense,3.0,5.98,39,14,25,98.76392322435488,68.92033339794534,81.18642326266398,97.28063781574772,48.07527549297422,64.34954528738379,3.0,75.0,35556,445,397883,16034,0.08001680306189128,0.001117169769637083,0.6892033339794534,145,1573,1e-06,4323.623235405733,6.98e-06,4324.622750364936,859.0176034158073
geco_matched_plus_all_actuator_persistence_no_holdout_quality_gate_dense,3.0,6.0,39,14,25,98.75340107723916,68.94553207986044,81.20034700027394,97.21210745904717,48.08309108255029,64.34154279285161,3.0,75.0,35569,449,397879,16021,0.08005458772487431,0.001127211745094495,0.6894553207986044,142,1573,1e-06,4323.623235405733,7e-06,4324.626093224332,859.0176034158073
geco_matched_plus_all_actuator_persistence_no_holdout_quality_gate_dense,3.0,7.0,39,14,25,98.61562173171134,69.45338243845707,81.50448114280515,94.75406875221631,48.26592755305989,63.95459566353534,3.0,75.0,35831,503,397825,15759,0.08075693793091185,0.0012627784137695568,0.6945338243845707,69,10065,1e-06,4323.623235405733,8e-06,4324.793236194098,859.0176034158073
geco_matched_plus_all_actuator_persistence_no_holdout_quality_gate_dense,3.0,8.0,39,14,25,98.4840177641318,69.6355882923047,81.58468456192942,93.56451160750338,48.407627676130815,63.80457552374362,3.0,75.0,35925,553,397775,15665,0.08107699625265048,0.0013883031069872064,0.6963558829230471,53,10070,1e-06,4323.623235405733,9e-06,4324.960379163865,859.0176034158073
geco_matched_plus_all_actuator_persistence_no_holdout_quality_gate_dense,3.0,9.0,39,14,25,98.31453000792199,69.7615817018802,81.61275326825177,90.92260770564393,50.244270592457084,64.7225490796399,4.0,75.0,35990,617,397711,15600,0.08136371516587466,0.0015489747143057982,0.697615817018802,50,27598,1e-06,4323.623235405733,1e-05,4325.127522133631,859.0176034158073
geco_matched_plus_all_actuator_persistence_no_holdout_quality_gate_dense,3.0,10.0,39,14,25,98.14774460666811,69.84299282806745,81.61083554166385,90.16332972270426,50.36366929985591,64.62752570983376,3.0,75.0,36032,680,397648,15558,0.08159709102547576,0.001707135827760037,0.6984299282806745,52,27599,1e-06,4323.623235405733,1.1e-05,4325.294665103398,859.0176034158073
geco_matched_plus_all_actuator_persistence_no_holdout_quality_gate_dense,3.0,12.0,39,14,25,97.84404539422009,70.0232603217678,81.6282721921569,89.94396802659084,52.354762105551636,66.1846390967594,3.0,75.0,36125,796,397532,15465,0.08206162011744363,0.0019983531160249843,0.7002326032176779,50,27610,1e-06,4323.623235405733,1.3000000000000001e-05,4325.628951042931,859.0176034158073
geco_matched_plus_all_actuator_persistence_no_holdout_quality_gate_dense,3.0,15.0,39,14,25,97.46246165437813,70.20546617561543,81.618442401298,89.91455889807352,52.606035351129506,66.37705222730956,3.0,75.0,36219,943,397385,15371,0.08259727328090896,0.0023673957140848746,0.7020546617561543,44,27618,1e-06,4323.623235405733,1.6e-05,4326.13037995223,859.0176034158073
geco_matched_plus_all_actuator_persistence_no_holdout_quality_gate_dense,3.0,20.0,39,14,25,96.72048167092923,70.37216514828455,81.4689316248906,87.22866625650035,54.53579104467292,67.11251052107889,7.0,75.0,36305,1231,397097,15285,0.08342853586653567,0.0030904179470185376,0.7037216514828455,49,27627,1e-06,4323.623235405733,2.1e-05,4326.966094801062,859.0176034158073
geco_matched_plus_all_actuator_persistence_no_holdout_quality_gate_dense,3.0,25.0,39,14,25,95.98491043870526,70.52723396006978,81.309988044292,86.73358491804268,54.743335148202334,67.12170021159972,6.0,75.0,36385,1522,396806,15205,0.08425313057045951,0.0038209716615452594,0.7052723396006978,45,27673,1e-06,4323.623235405733,2.6e-05,4327.801809649895,859.0176034158073
geco_matched_plus_all_actuator_persistence_no_holdout_quality_gate_dense,3.5,0.0,39,14,25,0.0,0.0,0.0,0.0,0.0,0.0,0.0,0.0,0,0,398328,51590,0.0,0.0,0.0,0,0,1e-06,5044.227107973355,1e-06,5044.227107973355,859.0176034158073
geco_matched_plus_all_actuator_persistence_no_holdout_quality_gate_dense,3.5,0.1,39,14,25,98.84016685318954,18.83116883116883,31.635161757762255,98.7767552593706,38.72189159704701,55.634333819378554,3.0,75.0,9715,114,398214,41875,0.021846203085895653,0.00028619630053624146,0.18831168831168832,1628,988,1e-06,5044.227107973355,1.1e-06,5044.243822270331,859.0176034158073
geco_matched_plus_all_actuator_persistence_no_holdout_quality_gate_dense,3.5,0.5,39,14,25,98.97796231236026,24.027912386121344,38.6686215179212,98.91820911801642,44.20773317535447,61.106319718193056,3.0,75.0,12396,128,398200,39194,0.027836183482323446,0.00032134321463718344,0.24027912386121342,1905,990,1e-06,5044.227107973355,1.5e-06,5044.310679458238,859.0176034158073
geco_matched_plus_all_actuator_persistence_no_holdout_quality_gate_dense,3.5,1.0,39,14,25,98.97032101756511,31.672804807133165,47.988252569750365,99.0274529678721,44.949302354499196,61.83241058436598,3.0,75.0,16340,170,398158,35250,0.03669557563822741,0.00042678395694000924,0.31672804807133165,1799,994,1e-06,5044.227107973355,2e-06,5044.394250943121,859.0176034158073
geco_matched_plus_all_actuator_persistence_no_holdout_quality_gate_dense,3.5,1.5,39,14,25,99.02788058228472,38.89901143632487,55.856934103402686,99.02883635580835,45.51938663815298,62.36993851657016,3.0,75.0,20068,197,398131,31522,0.04504154090300899,0.0004945672912775401,0.3889901143632487,1741,998,1e-06,5044.227107973355,2.4999999999999998e-06,5044.477822428004,859.0176034158073
geco_matched_plus_all_actuator_persistence_no_holdout_quality_gate_dense,3.5,2.0,39,14,25,99.02172532079787,45.32273696452801,62.18368948047285,99.05567405963309,46.03190476783763,62.85474458773809,3.0,75.0,23382,231,398097,28208,0.05248289688343209,0.000579924082665542,0.4532273696452801,1562,1000,1e-06,5044.227107973355,3e-06,5044.561393912888,859.0176034158073
geco_matched_plus_all_actuator_persistence_no_holdout_quality_gate_dense,3.5,2.5,39,14,25,99.00169523450744,50.94010467144795,67.26818967172203,99.07344519112364,46.51250226382779,63.30492639288905,3.0,75.0,26280,265,398063,25310,0.058999639934388046,0.0006652808740535438,0.5094010467144795,1329,1095,1e-06,5044.227107973355,3.4999999999999995e-06,5044.644965397771,859.0176034158073
geco_matched_plus_all_actuator_persistence_no_holdout_quality_gate_dense,3.5,3.0,39,14,25,98.98958655531499,55.83058732312464,71.39440058497651,98.9783591320671,46.933360775442836,63.67393984597338,3.0,75.0,28803,294,398034,22787,0.0646717846363115,0.0007380851961197807,0.5583058732312464,1062,1096,1e-06,5044.227107973355,4e-06,5044.728536882654,859.0176034158073
geco_matched_plus_all_actuator_persistence_no_holdout_quality_gate_dense,3.5,3.5,39,14,25,98.97502014504433,59.5212250436131,74.33759002602433,98.94991543413529,47.10934443267792,63.82978596525376,3.0,75.0,30707,318,398010,20883,0.06895700994403424,0.0007983370488642526,0.595212250436131,818,1097,1e-06,5044.227107973355,4.5e-06,5044.812108367537,859.0176034158073
geco_matched_plus_all_actuator_persistence_no_holdout_quality_gate_dense,3.5,4.0,39,14,25,98.91327771449681,62.27951153324288,76.4335755831242,98.89002675938147,47.25500159203037,63.950836024527035,3.0,75.0,32130,353,397975,19460,0.07219760045163785,0.0008862043341166075,0.6227951153324288,644,1097,1e-06,5044.227107973355,4.9999999999999996e-06,5044.8956798524205,859.0176034158073
geco_matched_plus_all_actuator_persistence_no_holdout_quality_gate_dense,3.5,4.5,39,14,25,98.89651058753356,64.27602248497772,77.91353383458647,98.62983842515045,47.38289491337122,64.01314683407463,3.0,75.0,33160,370,397958,18430,0.07452469116594579,0.0009288827298106083,0.6427602248497771,431,1098,1e-06,5044.227107973355,5.5e-06,5044.979251337304,859.0176034158073
geco_matched_plus_all_actuator_persistence_no_holdout_quality_gate_dense,3.5,5.0,39,14,25,98.83439694612,65.74336111649545,78.96213346991514,98.32023061591309,47.496832569132984,64.05148244957216,3.0,75.0,33917,400,397928,17673,0.07627389879933677,0.0010041975457411982,0.6574336111649545,313,1103,1e-06,5044.227107973355,5.999999999999999e-06,5045.062822822187,859.0176034158073
geco_matched_plus_all_actuator_persistence_no_holdout_quality_gate_dense,3.5,5.98,39,14,25,98.7343212264285,67.28823415390579,80.0331992299623,97.23736619230893,47.69367224303168,63.99743109576419,3.0,75.0,34714,445,397883,16876,0.07814535093061402,0.001117169769637083,0.6728823415390579,143,1573,1e-06,5044.227107973355,6.98e-06,5045.226622932558,859.0176034158073
geco_matched_plus_all_actuator_persistence_no_holdout_quality_gate_dense,3.5,6.0,39,14,25,98.72356151921765,67.31343283582089,80.04748403752622,97.1676338716359,47.70148783260774,63.989353291086445,3.0,75.0,34727,449,397879,16863,0.07818313559359706,0.001127211745094495,0.673134328358209,140,1573,1e-06,5044.227107973355,7e-06,5045.229965791954,859.0176034158073
geco_matched_plus_all_actuator_persistence_no_holdout_quality_gate_dense,3.5,7.0,39,14,25,98.58273928601618,67.81934483427021,80.3573684270966,94.66328241807507,47.88432430311733,63.59822404834233,3.0,75.0,34988,503,397825,16602,0.0788832631724003,0.0012627784137695568,0.6781934483427021,67,10065,1e-06,5044.227107973355,8e-06,5045.39710876172,859.0176034158073
geco_matched_plus_all_actuator_persistence_no_holdout_quality_gate_dense,3.5,8.0,39,14,25,98.44806780231808,67.99767396782322,80.43749928344587,93.44235211833511,48.026024426188265,63.44406848923264,3.0,75.0,35080,553,397775,16510,0.07919887623967034,0.0013883031069872064,0.6799767396782322,51,10070,1e-06,5044.227107973355,9e-06,5045.564251731486,859.0176034158073
geco_matched_plus_all_actuator_persistence_no_holdout_quality_gate_dense,3.5,9.0,39,14,25,98.27465674897235,68.12172901725141,80.46616524138247,90.75959546376924,49.862667342514534,64.36414016442482,4.0,75.0,35144,617,397711,16446,0.07948337252566023,0.0015489747143057982,0.6812172901725141,48,26884,1e-06,5044.227107973355,1e-05,5045.731394701253,859.0176034158073
geco_matched_plus_all_actuator_persistence_no_holdout_quality_gate_dense,3.5,10.0,39,14,25,98.10405397869849,68.20314014343866,80.46560556165386,89.98940766640622,49.98206604991336,64.26818834372936,3.0,75.0,35186,680,397648,16404,0.07971674838526131,0.001707135827760037,0.6820314014343866,50,26885,1e-06,5044.227107973355,1.1e-05,5045.89853767102,859.0176034158073
geco_matched_plus_all_actuator_persistence_no_holdout_quality_gate_dense,3.5,12.0,39,14,25,97.79348579348579,68.38340763713899,80.48594079735356,89.76654921274954,51.97315885560909,65.83125061756182,3.0,75.0,35279,796,397532,16311,0.08018127747722918,0.0019983531160249843,0.6838340763713898,48,26896,1e-06,5044.227107973355,1.3000000000000001e-05,5046.232823610552,859.0176034158073
geco_matched_plus_all_actuator_persistence_no_holdout_quality_gate_dense,3.5,15.0,39,14,25,97.40334838638617,68.56561349098662,80.47914818101154,89.73498563303282,52.224432101186956,66.02392062592473,3.0,75.0,35373,943,397385,16217,0.08071693064069453,0.0023673957140848746,0.6856561349098662,42,26904,1e-06,5044.227107973355,1.6e-05,5046.734252519852,859.0176034158073
geco_matched_plus_all_actuator_persistence_no_holdout_quality_gate_dense,3.5,20.0,39,14,25,96.64495380338502,68.73425082380307,80.334386787644,87.01654651443569,54.15553245910216,66.76146506455886,7.0,75.0,35460,1231,397097,16130,0.08155041585355553,0.0030904179470185376,0.6873425082380307,47,26913,1e-06,5044.227107973355,2.1e-05,5047.569967368684,859.0176034158073
geco_matched_plus_all_actuator_persistence_no_holdout_quality_gate_dense,3.5,25.0,39,14,25,95.90619602763385,68.88738127544097,80.18184689664508,86.55233069966883,54.36173189825979,66.78019936292831,6.0,75.0,35539,1517,396811,16051,0.08236167479407358,0.003808419192223494,0.6888738127544097,43,26959,1e-06,5044.227107973355,2.6e-05,5048.405682217517,859.0176034158073
geco_matched_plus_all_actuator_persistence_no_holdout_quality_gate_dense,4.0,0.0,39,14,25,0.0,0.0,0.0,0.0,0.0,0.0,0.0,0.0,0,0,398328,51590,0.0,0.0,0.0,0,0,1e-06,5764.830980540977,1e-06,5764.830980540977,948.959198519944
geco_matched_plus_all_actuator_persistence_no_holdout_quality_gate_dense,4.0,0.1,39,14,25,98.83830455259026,18.305873231246366,30.890506173849047,98.62116838726354,38.25814836580063,55.12977974569079,3.0,75.0,9444,111,398217,42146,0.021237203223698542,0.0002786648189431825,0.18305873231246367,1576,988,1e-06,5764.830980540977,1.1e-06,5764.847694837954,948.9703207839383
geco_matched_plus_all_actuator_persistence_no_holdout_quality_gate_dense,4.0,0.5,39,14,25,98.97313727100962,23.353363054855592,37.789940874802,98.79878747812111,43.73599084858264,60.63169867342641,3.0,75.0,12048,125,398203,39542,0.02705604132308554,0.0003138117330441244,0.23353363054855591,1848,990,1e-06,5764.830980540977,1.5e-06,5764.914552025861,949.0148098399155
geco_matched_plus_all_actuator_persistence_no_holdout_quality_gate_dense,4.0,1.0,39,14,25,98.95242252291577,30.759837177747624,46.93095952799917,98.91000403683195,44.4649852580812,61.350056840499775,3.0,75.0,15869,168,398160,35721,0.03564427295640539,0.00042176296921130323,0.30759837177747623,1744,994,1e-06,5764.830980540977,2e-06,5764.998123510743,949.0704211598869
geco_matched_plus_all_actuator_persistence_no_holdout_quality_gate_dense,4.0,1.5,39,14,25,99.00884415980482,37.757317309556115,54.6671531207903,98.9130432100631,45.024780039730686,61.88141397504214,3.0,75.0,19479,195,398133,32111,0.04372796820754004,0.0004895463035488342,0.37757317309556115,1691,998,1e-06,5764.830980540977,2.4999999999999998e-06,5765.081694995627,949.1260324798584
geco_matched_plus_all_actuator_persistence_no_holdout_quality_gate_dense,4.0,2.0,39,14,25,98.99672846237732,43.991083543322354,60.91390995101658,99.02964747581544,45.531966834096266,62.381907479182296,3.0,75.0,22695,230,398098,28895,0.050953729346236425,0.0005774135888011889,0.4399108354332235,1526,1000,1e-06,5764.830980540977,3e-06,5765.165266480511,949.1816437998298
geco_matched_plus_all_actuator_persistence_no_holdout_quality_gate_dense,4.0,2.5,39,14,25,98.97622833210532,49.47276603993022,65.97050803210256,99.04734449453126,46.009366978589696,62.83205478497445,3.0,75.0,25523,264,398064,26067,0.05731488849079166,0.0006627703801891908,0.4947276603993022,1295,1078,1e-06,5764.830980540977,3.4999999999999995e-06,5765.248837965393,949.2372551198013
geco_matched_plus_all_actuator_persistence_no_holdout_quality_gate_dense,4.0,3.0,39,14,25,98.96356561726212,54.22950184144214,70.06511394941147,98.94818606137356,46.42711949160792,63.20026967819538,3.0,75.0,27977,293,398035,23613,0.06283367191354869,0.0007355747022554277,0.5422950184144214,1034,1079,1e-06,5764.830980540977,4e-06,5765.332409450277,949.2928664397726
geco_matched_plus_all_actuator_persistence_no_holdout_quality_gate_dense,4.0,3.5,39,14,25,98.94796229921677,57.7922077922078,72.96688774136707,98.91634674406625,46.60013417959606,63.35385520004543,3.0,75.0,29815,317,398011,21775,0.06697220382380789,0.0007958265549998996,0.577922077922078,793,1080,1e-06,5764.830980540977,4.5e-06,5765.4159809351595,949.3484777597441
geco_matched_plus_all_actuator_persistence_no_holdout_quality_gate_dense,4.0,4.0,39,14,25,98.88420452023963,60.467144795503,75.04480556190384,98.85663592241653,46.743827251600514,63.47421445643351,3.0,75.0,31195,352,397976,20395,0.07011722136033677,0.0008836938402522545,0.60467144795503,628,1080,1e-06,5764.830980540977,4.9999999999999996e-06,5765.499552420043,949.4040890797155
geco_matched_plus_all_actuator_persistence_no_holdout_quality_gate_dense,4.0,4.5,39,14,25,98.8668468247144,62.40550494281838,76.51448534829004,98.58507815925618,46.870350279442754,63.534475065644514,3.0,75.0,32195,369,397959,19395,0.07237763325761583,0.0009263722359462553,0.6240550494281838,420,1081,1e-06,5764.830980540977,5.5e-06,5765.583123904927,949.459700399687
geco_matched_plus_all_actuator_persistence_no_holdout_quality_gate_dense,4.0,5.0,39,14,25,98.8028084493519,63.828261290947864,77.55481758873266,98.26652835912284,46.983237376855605,63.57159482774405,3.0,75.0,32929,399,397929,18661,0.074075720464618,0.0010016870518768453,0.6382826129094786,306,1103,1e-06,5764.830980540977,5.999999999999999e-06,5765.666695389809,949.5153117196584
geco_matched_plus_all_actuator_persistence_no_holdout_quality_gate_dense,4.0,5.98,39,14,25,98.69996779199485,65.34018220585385,78.62799295569317,97.16134723744652,47.17930055110509,63.51647264297997,3.0,75.0,33709,444,397884,17881,0.07590938793291221,0.00111465927577273,0.6534018220585385,140,1573,1e-06,5764.830980540977,6.98e-06,5765.83049550018,949.6243099068024
geco_matched_plus_all_actuator_persistence_no_holdout_quality_gate_dense,4.0,6.0,39,14,25,98.68890839918056,65.36538088776894,78.642723880597,97.08921306267149,47.18711614068115,63.50813051721526,3.0,75.0,33722,448,397880,17868,0.07594717259589526,0.001124701251230142,0.6536538088776894,137,1573,1e-06,5764.830980540977,7e-06,5765.8338383595765,949.6265343596012
geco_matched_plus_all_actuator_persistence_no_holdout_quality_gate_dense,4.0,7.0,39,14,25,98.54412575041327,65.86353944562899,78.95574583773862,94.53215835376277,47.36976990539093,63.113541088739375,3.0,75.0,33979,502,397826,17611,0.07663840966576131,0.0012602679199052037,0.6586353944562899,67,10065,1e-06,5764.830980540977,8e-06,5766.000981329343,949.7377569995441
geco_matched_plus_all_actuator_persistence_no_holdout_quality_gate_dense,4.0,8.0,39,14,25,98.40573012939002,66.04380693932933,79.04052706057021,93.26677143979052,47.512814692833636,62.954679014938705,3.0,75.0,34072,552,397776,17518,0.07695624536026564,0.0013857926131228535,0.6604380693932933,51,10070,1e-06,5764.830980540977,9e-06,5766.168124299109,949.848979639487
geco_matched_plus_all_actuator_persistence_no_holdout_quality_gate_dense,4.0,9.0,39,14,25,98.22744014732965,66.16786198875751,79.07159899006277,90.51274326837874,49.349457609159906,63.87365219460056,4.0,75.0,34136,616,397712,17454,0.07724074164625554,0.0015464642204414453,0.6616786198875751,48,26096,1e-06,5764.830980540977,1e-05,5766.335267268875,949.9602022794298
geco_matched_plus_all_actuator_persistence_no_holdout_quality_gate_dense,4.0,10.0,39,14,25,98.05479845072443,66.24733475479744,79.07224246630807,89.7275116596987,49.464950066558735,63.77309272067143,3.0,75.0,34177,678,397650,17413,0.07746967225138802,0.001702114840031331,0.6624733475479744,50,26097,1e-06,5764.830980540977,1.1e-05,5766.502410238642,950.0714249193728
geco_matched_plus_all_actuator_persistence_no_holdout_quality_gate_dense,4.0,12.0,39,14,25,97.73278197632968,66.42760224849778,79.09526282384167,89.49347396774847,51.45604287225446,65.34226064071918,3.0,75.0,34270,795,397533,17320,0.0779364239705902,0.0019958426221606314,0.6642760224849777,48,26108,1e-06,5764.830980540977,1.3000000000000001e-05,5766.836696178175,950.2938701992585
geco_matched_plus_all_actuator_persistence_no_holdout_quality_gate_dense,4.0,15.0,39,14,25,97.33465514799603,66.60980810234541,79.09315840957477,89.46215999050608,51.70731611783233,65.53609625445024,3.0,75.0,34364,941,397387,17226,0.07846985450682124,0.0023623747263561688,0.6660980810234541,42,26116,1e-06,5764.830980540977,1.6e-05,5767.3381250874745,950.6275381190871
geco_matched_plus_all_actuator_persistence_no_holdout_quality_gate_dense,4.0,20.0,39,14,25,96.59329875227814,66.77650707501454,78.96395622027391,86.80857897026094,53.63707181137576,66.30547771551447,7.0,75.0,34450,1215,397113,17140,0.07927000031116781,0.0030502500451888895,0.6677650707501454,47,26125,1e-06,5764.830980540977,2.1e-05,5768.173839936307,951.1836513188015
geco_matched_plus_all_actuator_persistence_no_holdout_quality_gate_dense,4.0,25.0,39,14,25,95.84721296913169,66.92769916650514,78.81845367178761,86.36190559295258,53.83936500053339,66.32850241196905,6.0,75.0,34528,1496,396832,17062,0.08006792348828008,0.0037556988210720814,0.6692769916650514,43,26171,1e-06,5764.830980540977,2.6e-05,5769.00955478514,951.7397645185158
geco_matched_plus_all_actuator_persistence_no_holdout_quality_gate_dense,4.5,0.0,39,14,25,0.0,0.0,0.0,0.0,0.0,0.0,0.0,0.0,0,0,398328,51590,0.0,0.0,0.0,0,0,1e-06,6485.4348531086,1e-06,6485.4348531086,1067.579098334937
geco_matched_plus_all_actuator_persistence_no_holdout_quality_gate_dense,4.5,0.1,39,14,25,98.87749595250945,17.757317309556115,30.107632897871987,98.65214692247496,37.64561076039946,54.49569217950335,3.0,75.0,9161,104,398224,42429,0.020592641325752694,0.0002610913618927115,0.17757317309556114,1517,988,1e-06,6485.4348531086,1.1e-06,6485.4515674055765,1067.5902205989314
geco_matched_plus_all_actuator_persistence_no_holdout_quality_gate_dense,4.5,0.5,39,14,25,99.00780189959293,22.630354719906958,36.840112334732254,98.84486937073103,43.11468336479044,60.04055610252394,3.0,75.0,11675,117,398211,39915,0.026209220346818753,0.0002937277821293005,0.2263035471990696,1781,990,1e-06,6485.4348531086,1.5e-06,6485.518424593483,1067.6347096549084
geco_matched_plus_all_actuator_persistence_no_holdout_quality_gate_dense,4.5,1.0,39,14,25,98.97571345745023,29.780965303353362,45.78546630310074,98.927142766526,43.832133661124494,60.74824491917437,3.0,75.0,15364,159,398169,36226,0.03450184255797723,0.0003991685244321263,0.29780965303353363,1681,994,1e-06,6485.4348531086,2e-06,6485.601996078366,1067.69032097488
geco_matched_plus_all_actuator_persistence_no_holdout_quality_gate_dense,4.5,1.5,39,14,25,99.03280067283431,36.518705175421594,53.36052340895573,98.90829124708054,44.377718523107895,61.26661375530528,3.0,75.0,18840,184,398144,32750,0.042283260505247625,0.00046193087104095116,0.36518705175421595,1631,998,1e-06,6485.4348531086,2.4999999999999998e-06,6485.68556756325,1067.7459322948514
geco_matched_plus_all_actuator_persistence_no_holdout_quality_gate_dense,4.5,2.0,39,14,25,99.01186662455443,42.53537507268851,59.50673192954863,99.01868018804045,44.889177818372886,61.77379336857971,3.0,75.0,21944,219,398109,29646,0.04926008739370285,0.000549798156293306,0.4253537507268851,1463,1000,1e-06,6485.4348531086,3e-06,6485.769139048133,1067.8015436148228
geco_matched_plus_all_actuator_persistence_no_holdout_quality_gate_dense,4.5,2.5,39,14,25,98.97987870998836,47.770885830587325,64.44063852318635,99.03492017694415,45.35138879042809,62.21325554888373,3.0,75.0,24645,254,398074,26945,0.05534119550673678,0.0006376654415456609,0.47770885830587323,1241,1069,1e-06,6485.4348531086,3.4999999999999995e-06,6485.852710533016,1067.8571549347942
geco_matched_plus_all_actuator_persistence_no_holdout_quality_gate_dense,4.5,3.0,39,14,25,98.96967696989697,52.3202170963365,68.45288665153494,98.95297435817054,45.7695975489093,62.589238885954956,3.0,75.0,26992,281,398047,24598,0.06061771256095555,0.0007054487758831917,0.523202170963365,974,1070,1e-06,6485.4348531086,4e-06,6485.936282017899,1067.9127662547658
geco_matched_plus_all_actuator_persistence_no_holdout_quality_gate_dense,4.5,3.5,39,14,25,98.94954365421043,55.68908703237061,71.26821705426356,98.86804512458112,45.932700966294135,62.72448829758663,3.0,75.0,28730,305,398023,22860,0.06453398174778516,0.0007657006286276636,0.5568908703237061,750,1071,1e-06,6485.4348531086,4.5e-06,6486.019853502782,1067.9683775747371
geco_matched_plus_all_actuator_persistence_no_holdout_quality_gate_dense,4.5,4.0,39,14,25,98.87710748155953,58.203140143438645,73.2741160106396,98.81296841949604,46.07390188087429,62.84488031357737,3.0,75.0,30027,341,397987,21563,0.06749674385110176,0.0008560784077443715,0.5820314014343865,602,1071,1e-06,6485.4348531086,4.9999999999999996e-06,6486.103424987666,1068.0239888947085
geco_matched_plus_all_actuator_persistence_no_holdout_quality_gate_dense,4.5,4.5,39,14,25,98.85736171842584,60.036828842799,74.70483954607397,98.52478131196037,46.19665939249724,62.90036558278565,3.0,75.0,30973,358,397970,20617,0.06963713387772882,0.0008987568034383724,0.60036828842799,398,1072,1e-06,6485.4348531086,5.5e-06,6486.186996472549,1068.0796002146799
geco_matched_plus_all_actuator_persistence_no_holdout_quality_gate_dense,4.5,5.0,39,14,25,98.78649862740204,61.38205078503586,75.71671090070056,98.1917198628807,46.30901841983377,62.93617898212832,3.0,75.0,31667,389,397939,19923,0.07124853862259345,0.0009765821132333152,0.6138205078503586,291,1103,1e-06,6485.4348531086,5.999999999999999e-06,6486.270567957432,1068.1352115346515
geco_matched_plus_all_actuator_persistence_no_holdout_quality_gate_dense,4.5,5.98,39,14,25,98.67811890838206,62.7989920527234,76.75250527113785,97.02782405240296,46.50154446011373,62.871365223730336,3.0,75.0,32398,434,397894,19192,0.07297329735640717,0.0010895543371292002,0.627989920527234,139,1573,1e-06,6485.4348531086,6.98e-06,6486.434368067803,1068.2442097217954
geco_matched_plus_all_actuator_persistence_no_holdout_quality_gate_dense,4.5,6.0,39,14,25,98.66666666666667,62.82612909478581,76.76930364756039,96.95321919491874,46.51070471406156,62.864062632407645,3.0,75.0,32412,438,397890,19178,0.07301330464662449,0.001099596312586612,0.6282612909478581,136,1573,1e-06,6485.4348531086,7e-06,6486.437710927199,1068.2464341745942
geco_matched_plus_all_actuator_persistence_no_holdout_quality_gate_dense,4.5,7.0,39,14,25,98.51601616697835,63.310719131614654,77.08392334560558,94.42464419047558,46.69303874362168,62.48647905588959,3.0,75.0,32662,492,397836,18928,0.07368898332585049,0.0012351629812616738,0.6331071913161466,68,10065,1e-06,6485.4348531086,8e-06,6486.604853896965,1068.3576568145372
geco_matched_plus_all_actuator_persistence_no_holdout_quality_gate_dense,4.5,8.0,39,14,25,98.36331421364005,63.48904826516767,77.16900894108777,93.1628455905597,46.834738866692604,62.33332613884022,3.0,75.0,32754,545,397783,18836,0.07401126427482341,0.0013682191560723826,0.6348904826516767,52,10070,1e-06,6485.4348531086,9e-06,6486.771996866732,1068.46887945448
geco_matched_plus_all_actuator_persistence_no_holdout_quality_gate_dense,4.5,9.0,39,14,25,98.19280713302615,63.613103314595854,77.20792358725826,90.63132914154718,48.67138178301887,63.33189056944305,3.0,75.0,32818,604,397724,18772,0.07428464742464182,0.0015163382940692092,0.6361310331459585,48,24952,1e-06,6485.4348531086,1e-05,6486.939139836498,1068.580102094423
geco_matched_plus_all_actuator_persistence_no_holdout_quality_gate_dense,4.5,10.0,39,14,25,98.02219437981027,63.692576080635774,77.21355390544224,89.75564750580376,48.7868742404177,63.213769058629644,3.0,75.0,32859,663,397665,18731,0.07450691014807143,0.001664457432066036,0.6369257608063578,51,24953,1e-06,6485.4348531086,1.1e-05,6487.106282806265,1068.6913247343657
geco_matched_plus_all_actuator_persistence_no_holdout_quality_gate_dense,4.5,12.0,39,14,25,97.69055171800422,63.872843574336116,77.24241394264014,89.54771069143092,50.777967046113424,64.80710837611451,3.0,75.0,32952,779,397549,18638,0.0749714392400393,0.0019556747203309834,0.6387284357433611,49,24964,1e-06,6485.4348531086,1.3000000000000001e-05,6487.4405687457975,1068.9137700142514
geco_matched_plus_all_actuator_persistence_no_holdout_quality_gate_dense,4.5,15.0,39,14,25,97.29140905611494,64.05504942818375,77.24998831174904,89.58359179790743,51.0292402916913,65.02084573810892,3.0,75.0,33046,920,397408,18544,0.07549375664009886,0.0023096543552047558,0.6405504942818375,43,24972,1e-06,6485.4348531086,1.6e-05,6487.941997655097,1069.2474379340802
geco_matched_plus_all_actuator_persistence_no_holdout_quality_gate_dense,4.5,20.0,39,14,25,96.51877530806654,64.22174840085287,77.12559796082266,86.88115713929588,52.95899598523472,65.8056895580643,7.0,75.0,33132,1195,397133,18458,0.07629612507167972,0.00300004016790183,0.6422174840085287,48,24981,1e-06,6485.4348531086,2.1e-05,6488.777712503929,1069.8035511337946
geco_matched_plus_all_actuator_persistence_no_holdout_quality_gate_dense,4.5,25.0,39,14,25,95.74468085106383,64.37294049234347,76.98548843247252,86.4217811793491,53.16128917439236,65.82880414649496,6.0,75.0,33210,1476,396852,18380,0.077094048248792,0.0037054889437850213,0.6437294049234348,44,25027,1e-06,6485.4348531086,2.6e-05,6489.613427352762,1070.3596643335088
geco_matched_plus_all_actuator_persistence_no_holdout_quality_gate_dense,5.0,0.0,39,14,25,0.0,0.0,0.0,0.0,0.0,0.0,0.0,0.0,0,0,398328,51590,0.0,0.0,0.0,0,0,1e-06,7206.0387256762215,1e-06,7206.0387256762215,1186.19899814993
geco_matched_plus_all_actuator_persistence_no_holdout_quality_gate_dense,5.0,0.1,39,14,25,98.87577916295636,17.218453188602442,29.329415260672896,98.67497550102767,37.04800413521745,53.87018337207633,2.0,75.0,8883,101,398227,42707,0.019968083072915508,0.00025355988029965255,0.17218453188602442,1477,988,1e-06,7206.0387256762215,1.1e-06,7206.055439973198,1186.2101204139244
geco_matched_plus_all_actuator_persistence_no_holdout_quality_gate_dense,5.0,0.5,39,14,25,99.0121514118367,21.953867028493896,35.939012200732996,98.86553179590692,42.50935741956634,59.45483318727478,2.0,75.0,11326,113,398215,40264,0.025424632933112257,0.0002836858066718885,0.21953867028493895,1732,990,1e-06,7206.0387256762215,1.5e-06,7206.122297161105,1186.2546094699014
geco_matched_plus_all_actuator_persistence_no_holdout_quality_gate_dense,5.0,1.0,39,14,25,98.97235298017635,28.93584027912386,44.7797459241372,98.942823390541,43.22103242540724,60.1617190738038,2.0,75.0,14928,155,398173,36662,0.03352388657488698,0.0003891265489747143,0.2893584027912386,1634,994,1e-06,7206.0387256762215,2e-06,7206.205868645988,1186.310220789873
geco_matched_plus_all_actuator_persistence_no_holdout_quality_gate_dense,5.0,1.5,39,14,25,99.03710916369144,35.487497577049815,52.25184085849649,98.92794390925728,43.761331628521525,60.680363600200195,2.0,75.0,18308,178,398150,33282,0.04108748705319636,0.0004468679078548332,0.35487497577049815,1581,998,1e-06,7206.0387256762215,2.4999999999999998e-06,7206.289440130871,1186.3658321098444
geco_matched_plus_all_actuator_persistence_no_holdout_quality_gate_dense,5.0,2.0,39,14,25,99.01969894071733,41.31226981973251,58.30073583718577,99.04625167324821,44.26736823556753,61.18772099905164,2.0,75.0,21313,211,398117,30277,0.04783982859098769,0.000529714205378482,0.41312269819732506,1415,1000,1e-06,7206.0387256762215,3e-06,7206.373011615755,1186.4214434298158
geco_matched_plus_all_actuator_persistence_no_holdout_quality_gate_dense,5.0,2.5,39,14,25,98.99457983367124,46.37720488466757,63.16345252709249,99.07418841298691,44.725559680026855,61.62943378383498,2.0,75.0,23926,243,398085,27664,0.053718677625700685,0.0006100500090377779,0.4637720488466757,1192,1054,1e-06,7206.0387256762215,3.4999999999999995e-06,7206.4565831006375,1186.4770547497872
geco_matched_plus_all_actuator_persistence_no_holdout_quality_gate_dense,5.0,3.0,39,14,25,98.97943755669792,50.757898817600314,67.10401558055506,98.99483582918349,45.13979458736214,62.00600843287716,2.0,75.0,26186,270,398058,25404,0.0588018261105357,0.0006778333433753087,0.5075789881760031,935,1055,1e-06,7206.0387256762215,4e-06,7206.540154585521,1186.5326660697588
geco_matched_plus_all_actuator_persistence_no_holdout_quality_gate_dense,5.0,3.5,39,14,25,98.95933226780323,54.00659042450088,69.87773528120886,98.92077133706573,45.30006606484986,62.1424415151186,2.0,75.0,27862,293,398035,23728,0.06257806978160464,0.0007355747022554277,0.5400659042450088,723,1056,1e-06,7206.0387256762215,4.5e-06,7206.623726070404,1186.5882773897301
geco_matched_plus_all_actuator_persistence_no_holdout_quality_gate_dense,5.0,4.0,39,14,25,98.8863235094391,56.45280093041287,71.87384319241875,98.87908131091498,45.43966830368166,62.26540444591423,2.0,75.0,29124,328,398000,22466,0.0654608173044866,0.0008234419875077825,0.5645280093041287,582,1056,1e-06,7206.0387256762215,4.9999999999999996e-06,7206.707297555287,1186.6438887097015
geco_matched_plus_all_actuator_persistence_no_holdout_quality_gate_dense,5.0,4.5,39,14,25,98.86797420034225,58.23609226594301,73.29771402083486,98.62674078358171,45.56123822760582,62.32914093489635,2.0,75.0,30044,344,397984,21546,0.06754119639578768,0.0008636098893374305,0.5823609226594301,390,1057,1e-06,7206.0387256762215,5.5e-06,7206.790869040171,1186.699500029673
geco_matched_plus_all_actuator_persistence_no_holdout_quality_gate_dense,5.0,5.0,39,14,25,98.79440604404436,59.56580732700135,74.32130116693875,98.30504817771252,45.673231843342734,62.369258142756536,2.0,75.0,30730,375,397953,20860,0.06913482012277793,0.0009414351991323734,0.5956580732700135,285,1103,1e-06,7206.0387256762215,5.999999999999999e-06,7206.874440525054,1186.7551113496445
geco_matched_plus_all_actuator_persistence_no_holdout_quality_gate_dense,5.0,5.98,39,14,25,98.68858630859008,60.97305679395232,75.37621010255918,97.17924562228836,45.86552950137292,62.318634891166504,2.0,75.0,31456,418,397910,20134,0.07084402046595158,0.001049386435299552,0.6097305679395232,133,1573,1e-06,7206.0387256762215,6.98e-06,7207.038240635425,1186.8641095367884
geco_matched_plus_all_actuator_persistence_no_holdout_quality_gate_dense,5.0,6.0,39,14,25,98.67678414649443,61.000193836014724,75.39349799956877,97.10346089974858,45.87468975532076,62.31149476384624,2.0,75.0,31470,422,397906,20120,0.07088402775616891,0.001059428410756964,0.6100019383601473,130,1573,1e-06,7206.0387256762215,7e-06,7207.041583494821,1186.8663339895872
geco_matched_plus_all_actuator_persistence_no_holdout_quality_gate_dense,5.0,7.0,39,14,25,98.52123396191246,61.47121535181237,75.70632258680577,94.52778239074412,46.0567040497312,61.93625211827711,2.0,75.0,31713,476,397852,19877,0.07154414804475483,0.001194995079432026,0.6147121535181237,60,10065,1e-06,7206.0387256762215,8e-06,7207.208726464587,1186.9775566295302
geco_matched_plus_all_actuator_persistence_no_holdout_quality_gate_dense,5.0,8.0,39,14,25,98.3637488400866,61.64179104477612,75.78884652049571,93.40588689550495,46.19822146700231,61.82032749229912,2.0,75.0,31801,529,397799,19789,0.07185753848479057,0.0013280512542427347,0.6164179104477612,48,10070,1e-06,7206.0387256762215,9e-06,7207.375869434353,1187.088779269473
geco_matched_plus_all_actuator_persistence_no_holdout_quality_gate_dense,5.0,9.0,39,14,25,98.18814901549933,61.7658460942043,75.83022976333544,90.90587894074454,48.03486438332858,62.85631503181077,2.0,75.0,31865,588,397740,19725,0.07213092163460898,0.0014761703922395613,0.617658460942043,44,24212,1e-06,7206.0387256762215,1e-05,7207.5430124041195,1187.200001909416
geco_matched_plus_all_actuator_persistence_no_holdout_quality_gate_dense,5.0,10.0,39,14,25,98.01247196878936,61.845318860244234,75.83756224522539,89.99313031186954,48.15035684072741,62.73479013808348,2.0,75.0,31906,647,397681,19684,0.07235318435803857,0.0016242895302363881,0.6184531886024424,47,24213,1e-06,7206.0387256762215,1.1e-05,7207.710155373887,1187.3112245493587
geco_matched_plus_all_actuator_persistence_no_holdout_quality_gate_dense,5.0,12.0,39,14,25,97.6710823515048,62.02558635394456,75.87016312594841,89.769009013106,50.14144964642313,64.34327052266283,2.0,75.0,31999,763,397565,19591,0.07281771345000644,0.0019155068185013355,0.6202558635394456,45,24224,1e-06,7206.0387256762215,1.3000000000000001e-05,7208.044441313419,1187.5336698292444
geco_matched_plus_all_actuator_persistence_no_holdout_quality_gate_dense,5.0,15.0,39,14,25,97.26035700215171,62.20779220779221,75.88163665811531,89.79967443682757,50.392722892001004,64.55771063066635,2.0,75.0,32093,904,397424,19497,0.07334003085006602,0.002269486453375108,0.6220779220779221,39,24232,1e-06,7206.0387256762215,1.6e-05,7208.545870222719,1187.8673377490732
geco_matched_plus_all_actuator_persistence_no_holdout_quality_gate_dense,5.0,20.0,39,14,25,96.46561544457101,62.374491180461334,75.76164241653717,85.79149293064039,52.32247858554443,65.00173012777782,6.0,75.0,32179,1179,397149,19411,0.07414239928164688,0.0029598722660721818,0.6237449118046133,44,24241,1e-06,7206.0387256762215,2.1e-05,7209.381585071551,1188.4234509487876
geco_matched_plus_all_actuator_persistence_no_holdout_quality_gate_dense,5.0,25.0,39,14,25,95.66984013998872,62.52568327195193,75.62568136260799,85.29645884461856,52.524771774702074,65.01432346629763,5.0,75.0,32257,1460,396868,19333,0.07494032245875915,0.0036653210419553737,0.6252568327195193,40,24287,1e-06,7206.0387256762215,2.6e-05,7210.217299920384,1188.9795641485018
