variant,target,variable_type,source,S,G,complexity,equation,holdout_r2,residual_tail_ratio,delta,threshold,growth_cap,max_train_cusum,max_test_cusum,total_alarm_rate,benign_alarm_rate,attack_alarm_rate,num_alarm_intervals,longest_alarm_interval
geco_matched_plus_all_actuator_persistence_no_holdout_quality_gate,FIT101,sensor,no_holdout_quality_gate,1.0,2.0,5.0,(LIT101 * -5.3608805e-5) + 0.031951737,-0.02073055819816272,4.142017125521039,0.03810283754570068,2.1334046089692884,2.2096102840606897,2.1334046089692884,2.1797146193093173,8.89050893718411e-06,0.0,7.753440589261485e-05,1,4
geco_matched_plus_all_actuator_persistence_no_holdout_quality_gate,LIT101,sensor,no_holdout_quality_gate,1.0,2.0,5.0,(FIT201 - FIT101) * -0.19228067,0.40181479216081095,4.537950991815633,0.45541297011116505,7.342065496345566,8.252891436567896,7.342065496345566,8.252891436567896,0.004469703368169311,0.00010544074230282581,0.03816631130063966,11,1048
geco_matched_plus_all_actuator_persistence_no_holdout_quality_gate,FIT201,sensor,no_holdout_quality_gate,1.0,2.0,3.0,FIT301 * 0.0019161832,-0.028412093537082406,1.72743861513076,0.02363255310208697,2.2033478139145313,2.250612920118705,2.2033478139145313,2.250612920118705,5.778830809169671e-05,4.769938342270691e-05,0.000135685210312076,4,9
geco_matched_plus_all_actuator_persistence_no_holdout_quality_gate,DPIT301,sensor,no_holdout_quality_gate,1.0,2.0,7.0,P302 - ((FIT301 * 0.4284513) - -1.027144),0.43800956563704907,25.153209621175467,0.16714296976649062,1441.2077451352443,1441.5420310747772,1441.2077451352443,63.35953520982656,0.0,0.0,0.0,0,0
geco_matched_plus_all_actuator_persistence_no_holdout_quality_gate,FIT301,sensor,no_holdout_quality_gate,1.0,2.0,3.0,MV303 * -0.0026802947,-0.010334711974421706,19.166696097155796,0.02845999811762023,2.1260029059971055,2.1829229022323458,2.1260029059971055,2.1829229022323458,0.0003556203574873644,0.0,0.0031013762357045937,11,25
geco_matched_plus_all_actuator_persistence_no_holdout_quality_gate,LIT301,sensor,no_holdout_quality_gate,1.0,2.0,5.0,(FIT301 - FIT201) * -0.18929929,0.336680080211637,4.001021228958368,0.35900655586676056,3.461929007069731,4.179942118803252,3.461929007069731,4.179942118803252,0.005592130121488805,0.00014309815026812073,0.04766427602248498,18,956
geco_matched_plus_all_actuator_persistence_no_holdout_quality_gate,AIT401,sensor,no_holdout_quality_gate,1.0,2.0,9.0,(FIT301 * (MV304 * (MV304 * 1.11552225e-7))) * AIT401,-0.0007011429606935682,4.054639083289264,0.09907165330484896,147.5352886181464,147.7334319247561,147.5352886181464,0.0,0.0,0.0,0.0,0,0
geco_matched_plus_all_actuator_persistence_no_holdout_quality_gate,LIT401,sensor,no_holdout_quality_gate,1.0,2.0,5.0,(DPIT301 * 0.022688651) - 0.38223073,0.2947958211021037,3.951397925657353,0.3366300543860994,26.577115999840423,27.25037610861262,26.577115999840423,27.25037610861262,0.045230464217924156,8.284629752364885e-05,0.393816631130064,1751,920
geco_matched_plus_all_actuator_persistence_no_holdout_quality_gate,AIT504,sensor,no_holdout_quality_gate,1.0,2.0,7.0,((FIT504 * 3.598646) - 1.1120417) * PIT502,-0.04966050508977915,38.574280505575615,0.10845552326854281,343.7710486356936,343.98795968223067,343.7710486356936,343.98795968223067,0.0003067225583328518,0.0003464481532807134,0.0,4,133
geco_matched_plus_all_actuator_persistence_no_holdout_quality_gate,FIT501,sensor,no_holdout_quality_gate,1.0,2.0,3.0,AIT504 * 6.7863766e-6,-0.011206098840220724,34.72298697833636,0.0013179223851327868,1.5784808868094178,1.5811167315796835,1.5784808868094178,1.5811167315796835,0.00015780653363501793,0.00011799321162459078,0.00046520643535568907,3,47
geco_matched_plus_all_actuator_persistence_no_holdout_quality_gate,FIT502,sensor,no_holdout_quality_gate,1.0,2.0,5.0,(P402 - UV401) * 0.20704994,-9.542144852048295e-12,4.050449108763439,0.011624436868351438,0.9618822646399326,0.9851311383766356,0.9618822646399326,0.9851311383766356,0.0030561124471570377,0.00012050370548894379,0.025722039154874976,7,575
geco_matched_plus_all_actuator_persistence_no_holdout_quality_gate,FIT504,sensor,no_holdout_quality_gate,1.0,2.0,7.0,FIT502 * (0.006901001 - (FIT504 * 0.022353666)),0.0006818953951246431,34.63391625029279,0.0006375541651170856,0.6870304022802411,0.6883055106104753,0.6870304022802411,0.6883055106104753,0.0034984152667819467,0.00031130123917977147,0.028106222136072882,6,511
geco_matched_plus_all_actuator_persistence_no_holdout_quality_gate,PIT503,sensor,no_holdout_quality_gate,1.0,2.0,15.0,((((UV401 * P402) * P402) + -0.97898483) * (FIT503 + -0.9433507)) * (FIT401 + -1.7066069),-0.16917589053297233,14.725584363887497,0.11122263994287224,237.239799629986,237.46224490987174,237.239799629986,237.46224490987174,0.004180761827710828,0.00023598642324918157,0.034638495832525686,6,582
geco_matched_plus_all_actuator_persistence_no_holdout_quality_gate,FIT601,sensor,no_holdout_quality_gate,1.0,2.0,7.0,((P602 - FIT601) + -0.99994063) * FIT301,0.4916735207848195,10.255337304276727,0.01008498507082207,2.289475514628716,2.30964548477036,2.289475514628716,2.30964548477036,0.00038451451153321273,4.267839569400092e-05,0.003023841829811979,10,40
geco_matched_plus_all_actuator_persistence_no_holdout_quality_gate,MV101,actuator,actuator_persistence,1.0,2.0,1.0,MV101,,,0.050778100568907185,2.5937751954487425,2.695331396586557,2.5937751954487425,2.5937751954487425,0.0,0.0,0.0,0,0
geco_matched_plus_all_actuator_persistence_no_holdout_quality_gate,P101,actuator,actuator_persistence,1.0,2.0,1.0,P101,,,0.02283152133090779,0.9771684786690922,1.0228315213309078,0.9771684786690922,0.9771684786690922,0.0,0.0,0.0,0,0
geco_matched_plus_all_actuator_persistence_no_holdout_quality_gate,P102,actuator,actuator_persistence,1.0,2.0,1.0,P102,,,1e-06,1e-06,3e-06,0.0,3e-06,5.3343053623104655e-05,3.0125926372235947e-05,0.00023260321767784454,8,3
geco_matched_plus_all_actuator_persistence_no_holdout_quality_gate,MV201,actuator,actuator_persistence,1.0,2.0,1.0,MV201,,,0.05142405563146907,2.640031610579716,2.7428797218426544,2.640031610579716,2.640031610579716,0.0,0.0,0.0,0,0
geco_matched_plus_all_actuator_persistence_no_holdout_quality_gate,P202,actuator,actuator_persistence,1.0,2.0,1.0,P202,,,1e-06,1e-06,3e-06,0.0,0.0,0.0,0.0,0.0,0,0
geco_matched_plus_all_actuator_persistence_no_holdout_quality_gate,P203,actuator,actuator_persistence,1.0,2.0,1.0,P203,,,0.022831521330907788,0.9771684786690922,1.0228315213309078,0.9771684786690922,0.9771684786690922,0.0,0.0,0.0,0,0
geco_matched_plus_all_actuator_persistence_no_holdout_quality_gate,P204,actuator,actuator_persistence,1.0,2.0,1.0,P204,,,1e-06,1e-06,3e-06,0.0,3e-06,1.3335763405776164e-05,0.0,0.00011630160883892227,2,3
geco_matched_plus_all_actuator_persistence_no_holdout_quality_gate,P205,actuator,actuator_persistence,1.0,2.0,1.0,P205,,,0.024826988305938616,1.5282872221871655,1.5779411987990428,1.5282872221871655,0.9751730116940613,0.0,0.0,0.0,0,0
geco_matched_plus_all_actuator_persistence_no_holdout_quality_gate,P206,actuator,actuator_persistence,1.0,2.0,1.0,P206,,,1e-06,1e-06,3e-06,0.0,3e-06,1.3335763405776164e-05,0.0,0.00011630160883892227,2,3
geco_matched_plus_all_actuator_persistence_no_holdout_quality_gate,MV301,actuator,actuator_persistence,1.0,2.0,1.0,MV301,,,0.05237923317467451,3.538176040790302,3.6429345071396506,3.538176040790302,3.538176040790302,0.0,0.0,0.0,0,0
geco_matched_plus_all_actuator_persistence_no_holdout_quality_gate,MV302,actuator,actuator_persistence,1.0,2.0,1.0,MV302,,,0.07240099292831928,2.5655940424300847,2.7103960282867234,2.5655940424300847,2.7103960282867234,6.667881702888082e-05,0.0,0.0005815080441946114,10,3
geco_matched_plus_all_actuator_persistence_no_holdout_quality_gate,MV303,actuator,actuator_persistence,1.0,2.0,1.0,MV303,,,0.052379233174674536,2.580966134602604,2.685724600951953,2.580966134602604,2.580966134602603,0.0,0.0,0.0,0,0
geco_matched_plus_all_actuator_persistence_no_holdout_quality_gate,MV304,actuator,actuator_persistence,1.0,2.0,1.0,MV304,,,0.07247943385085219,2.4926439630440353,2.6376028307457395,2.4926439630440353,2.4926439630440353,0.0,0.0,0.0,0,0
geco_matched_plus_all_actuator_persistence_no_holdout_quality_gate,P301,actuator,actuator_persistence,1.0,2.0,1.0,P301,,,0.004036284484333829,2.4995007239426092,2.507573292911277,2.4995007239426092,0.0,0.0,0.0,0.0,0,0
geco_matched_plus_all_actuator_persistence_no_holdout_quality_gate,P302,actuator,actuator_persistence,1.0,2.0,1.0,P302,,,0.0321976659636582,2.710221006327076,2.7746163382543925,2.710221006327076,0.9678023340363417,0.0,0.0,0.0,0,0
geco_matched_plus_all_actuator_persistence_no_holdout_quality_gate,P401,actuator,actuator_persistence,1.0,2.0,1.0,P401,,,1e-06,1e-06,3e-06,0.0,0.0,0.0,0.0,0.0,0,0
geco_matched_plus_all_actuator_persistence_no_holdout_quality_gate,P402,actuator,actuator_persistence,1.0,2.0,1.0,P402,,,0.0014233583151173907,0.9985766416848826,1.0014233583151173,0.9985766416848826,1.0014233583151173,4.000729021732849e-05,0.0,0.0003489048265167668,7,3
geco_matched_plus_all_actuator_persistence_no_holdout_quality_gate,P403,actuator,actuator_persistence,1.0,2.0,1.0,P403,,,1e-06,1e-06,3e-06,0.0,3e-06,1.3335763405776164e-05,1.5062963186117974e-05,0.0,2,3
geco_matched_plus_all_actuator_persistence_no_holdout_quality_gate,P404,actuator,actuator_persistence,1.0,2.0,1.0,P404,,,1e-06,1e-06,3e-06,0.0,0.0,0.0,0.0,0.0,0,0
geco_matched_plus_all_actuator_persistence_no_holdout_quality_gate,UV401,actuator,actuator_persistence,1.0,2.0,1.0,UV401,,,0.001423358315117391,0.9985766416848826,1.0014233583151173,0.9985766416848826,1.0014233583151173,2.2226272342960274e-05,1.5062963186117974e-05,7.753440589261485e-05,4,4
geco_matched_plus_all_actuator_persistence_no_holdout_quality_gate,P501,actuator,actuator_persistence,1.0,2.0,1.0,P501,,,0.0014233583151173938,0.9985766416848826,1.0014233583151173,0.9985766416848826,1.0014233583151173,2.2226272342960274e-05,1.5062963186117974e-05,7.753440589261485e-05,5,2
geco_matched_plus_all_actuator_persistence_no_holdout_quality_gate,P502,actuator,actuator_persistence,1.0,2.0,1.0,P502,,,1e-06,1e-06,3e-06,0.0,0.0,0.0,0.0,0.0,0,0
geco_matched_plus_all_actuator_persistence_no_holdout_quality_gate,P601,actuator,actuator_persistence,1.0,2.0,1.0,P601,,,1e-06,1e-06,3e-06,0.0,0.0,0.0,0.0,0.0,0,0
geco_matched_plus_all_actuator_persistence_no_holdout_quality_gate,P602,actuator,actuator_persistence,1.0,2.0,1.0,P602,,,0.023252724092464913,1.3024182772260522,1.348923725410982,1.3024182772260522,1.348923725410982,8.89050893718411e-06,0.0,7.753440589261485e-05,2,2
geco_matched_plus_all_actuator_persistence_no_holdout_quality_gate,P603,actuator,actuator_persistence,1.0,2.0,1.0,P603,,,1e-06,1e-06,3e-06,0.0,0.0,0.0,0.0,0.0,0,0
geco_matched_plus_all_actuator_persistence_no_holdout_quality_gate,FIT101,sensor,no_holdout_quality_gate,1.0,5.98,5.0,(LIT101 * -5.3608805e-5) + 0.031951737,-0.02073055819816272,4.142017125521039,0.03810283754570068,2.1334046089692884,2.3612595774925786,2.1334046089692884,2.1797146193093173,8.89050893718411e-06,0.0,7.753440589261485e-05,1,4
geco_matched_plus_all_actuator_persistence_no_holdout_quality_gate,LIT101,sensor,no_holdout_quality_gate,1.0,5.98,5.0,(FIT201 - FIT101) * -0.19228067,0.40181479216081095,4.537950991815633,0.45541297011116505,7.342065496345566,10.065435057610333,7.342065496345566,10.065435057610333,0.004847549997999636,0.00021088148460565162,0.040647412289203336,11,1053
geco_matched_plus_all_actuator_persistence_no_holdout_quality_gate,FIT201,sensor,no_holdout_quality_gate,1.0,5.98,3.0,FIT301 * 0.0019161832,-0.028412093537082406,1.72743861513076,0.02363255310208697,2.2033478139145313,2.3446704814650112,2.2033478139145313,2.3446704814650112,8.668246213754506e-05,7.029382820188388e-05,0.00021321961620469082,4,14
geco_matched_plus_all_actuator_persistence_no_holdout_quality_gate,DPIT301,sensor,no_holdout_quality_gate,1.0,5.98,7.0,P302 - ((FIT301 * 0.4284513) - -1.027144),0.43800956563704907,25.153209621175467,0.16714296976649062,1441.2077451352443,1442.207260094448,1441.2077451352443,63.35953520982656,0.0,0.0,0.0,0,0
geco_matched_plus_all_actuator_persistence_no_holdout_quality_gate,FIT301,sensor,no_holdout_quality_gate,1.0,5.98,3.0,MV303 * -0.0026802947,-0.010334711974421706,19.166696097155796,0.02845999811762023,2.1260029059971055,2.2961936947404746,2.1260029059971055,2.2961936947404746,0.0005112042638880863,0.0,0.004458228338825354,12,31
geco_matched_plus_all_actuator_persistence_no_holdout_quality_gate,LIT301,sensor,no_holdout_quality_gate,1.0,5.98,5.0,(FIT301 - FIT201) * -0.18929929,0.336680080211637,4.001021228958368,0.35900655586676056,3.461929007069731,5.608788211152959,3.461929007069731,5.608788211152959,0.0058655132713072156,0.0002786648189431825,0.049001744524132584,13,1158
geco_matched_plus_all_actuator_persistence_no_holdout_quality_gate,AIT401,sensor,no_holdout_quality_gate,1.0,5.98,9.0,(FIT301 * (MV304 * (MV304 * 1.11552225e-7))) * AIT401,-0.0007011429606935682,4.054639083289264,0.09907165330484896,147.5352886181464,148.12773710490941,147.5352886181464,0.0,0.0,0.0,0.0,0,0
geco_matched_plus_all_actuator_persistence_no_holdout_quality_gate,LIT401,sensor,no_holdout_quality_gate,1.0,5.98,5.0,(DPIT301 * 0.022688651) - 0.38223073,0.2947958211021037,3.951397925657353,0.3366300543860994,26.577115999840423,28.590163725069296,26.577115999840423,28.590163725069296,0.07360452349094723,0.0002610913618927115,0.6398914518317503,116,2042
geco_matched_plus_all_actuator_persistence_no_holdout_quality_gate,AIT504,sensor,no_holdout_quality_gate,1.0,5.98,7.0,((FIT504 * 3.598646) - 1.1120417) * PIT502,-0.04966050508977915,38.574280505575615,0.10845552326854281,343.7710486356936,344.41961266483946,343.7710486356936,344.41961266483946,0.0003489524757844763,0.0003941475367034203,0.0,2,149
geco_matched_plus_all_actuator_persistence_no_holdout_quality_gate,FIT501,sensor,no_holdout_quality_gate,1.0,5.98,3.0,AIT504 * 6.7863766e-6,-0.011206098840220724,34.72298697833636,0.0013179223851327868,1.5784808868094178,1.586362062672512,1.5784808868094178,1.586362062672512,0.00020670433278953054,0.00015314012572553273,0.0006202752471409188,3,61
geco_matched_plus_all_actuator_persistence_no_holdout_quality_gate,FIT502,sensor,no_holdout_quality_gate,1.0,5.98,5.0,(P402 - UV401) * 0.20704994,-9.542144852048295e-12,4.050449108763439,0.011624436868351438,0.9618822646399326,1.0313963971126743,0.9618822646399326,1.0313963971126743,0.0031516854182317665,0.00020837099074129864,0.025877107966660207,7,590
geco_matched_plus_all_actuator_persistence_no_holdout_quality_gate,FIT504,sensor,no_holdout_quality_gate,1.0,5.98,7.0,FIT502 * (0.006901001 - (FIT504 * 0.022353666)),0.0006818953951246431,34.63391625029279,0.0006375541651170856,0.6870304022802411,0.6908429761876413,0.6870304022802411,0.6908429761876413,0.0035695393382794197,0.0003916370428390673,0.028106222136072882,4,526
geco_matched_plus_all_actuator_persistence_no_holdout_quality_gate,PIT503,sensor,no_holdout_quality_gate,1.0,5.98,15.0,((((UV401 * P402) * P402) + -0.97898483) * (FIT503 + -0.9433507)) * (FIT401 + -1.7066069),-0.16917589053297233,14.725584363887497,0.11122263994287224,237.239799629986,237.90491101684438,237.239799629986,237.90491101684438,0.004291893189425629,0.0003464481532807134,0.03475479744136461,7,588
geco_matched_plus_all_actuator_persistence_no_holdout_quality_gate,FIT601,sensor,no_holdout_quality_gate,1.0,5.98,7.0,((P602 - FIT601) + -0.99994063) * FIT301,0.4916735207848195,10.255337304276727,0.01008498507082207,2.289475514628716,2.349783725352232,2.289475514628716,2.349783725352232,0.0005134268911223823,6.778333433753088e-05,0.003954254700523357,10,45
geco_matched_plus_all_actuator_persistence_no_holdout_quality_gate,MV101,actuator,actuator_persistence,1.0,5.98,1.0,MV101,,,0.050778100568907185,2.5937751954487425,2.8974282368508075,2.5937751954487425,2.5937751954487425,0.0,0.0,0.0,0,0
geco_matched_plus_all_actuator_persistence_no_holdout_quality_gate,P101,actuator,actuator_persistence,1.0,5.98,1.0,P101,,,0.02283152133090779,0.9771684786690922,1.1137009762279209,0.9771684786690922,0.9771684786690922,0.0,0.0,0.0,0,0
geco_matched_plus_all_actuator_persistence_no_holdout_quality_gate,P102,actuator,actuator_persistence,1.0,5.98,1.0,P102,,,1e-06,1e-06,6.98e-06,0.0,6.98e-06,0.00010668610724620931,6.0251852744471894e-05,0.00046520643535568907,8,6
geco_matched_plus_all_actuator_persistence_no_holdout_quality_gate,MV201,actuator,actuator_persistence,1.0,5.98,1.0,MV201,,,0.05142405563146907,2.640031610579716,2.9475474632559013,2.640031610579716,2.640031610579716,0.0,0.0,0.0,0,0
geco_matched_plus_all_actuator_persistence_no_holdout_quality_gate,P202,actuator,actuator_persistence,1.0,5.98,1.0,P202,,,1e-06,1e-06,6.98e-06,0.0,0.0,0.0,0.0,0.0,0,0
geco_matched_plus_all_actuator_persistence_no_holdout_quality_gate,P203,actuator,actuator_persistence,1.0,5.98,1.0,P203,,,0.022831521330907788,0.9771684786690922,1.1137009762279209,0.9771684786690922,0.9771684786690922,0.0,0.0,0.0,0,0
geco_matched_plus_all_actuator_persistence_no_holdout_quality_gate,P204,actuator,actuator_persistence,1.0,5.98,1.0,P204,,,1e-06,1e-06,6.98e-06,0.0,6.98e-06,2.6671526811552328e-05,0.0,0.00023260321767784454,2,6
geco_matched_plus_all_actuator_persistence_no_holdout_quality_gate,P205,actuator,actuator_persistence,1.0,5.98,1.0,P205,,,0.024826988305938616,1.5282872221871655,1.6767526122566785,1.5282872221871655,0.9751730116940613,0.0,0.0,0.0,0,0
geco_matched_plus_all_actuator_persistence_no_holdout_quality_gate,P206,actuator,actuator_persistence,1.0,5.98,1.0,P206,,,1e-06,1e-06,6.98e-06,0.0,6.98e-06,2.6671526811552328e-05,0.0,0.00023260321767784454,2,6
geco_matched_plus_all_actuator_persistence_no_holdout_quality_gate,MV301,actuator,actuator_persistence,1.0,5.98,1.0,MV301,,,0.05237923317467451,3.538176040790302,3.8514038551748553,3.538176040790302,3.538176040790302,0.0,0.0,0.0,0,0
geco_matched_plus_all_actuator_persistence_no_holdout_quality_gate,MV302,actuator,actuator_persistence,1.0,5.98,1.0,MV302,,,0.07240099292831928,2.5655940424300847,2.998551980141434,2.5655940424300847,2.998551980141434,0.00013335763405776163,0.0,0.0011630160883892228,9,12
geco_matched_plus_all_actuator_persistence_no_holdout_quality_gate,MV303,actuator,actuator_persistence,1.0,5.98,1.0,MV303,,,0.052379233174674536,2.580966134602604,2.8941939489871578,2.580966134602604,2.580966134602603,0.0,0.0,0.0,0,0
geco_matched_plus_all_actuator_persistence_no_holdout_quality_gate,MV304,actuator,actuator_persistence,1.0,5.98,1.0,MV304,,,0.07247943385085219,2.4926439630440353,2.9260709774721314,2.4926439630440353,2.4926439630440353,0.0,0.0,0.0,0,0
geco_matched_plus_all_actuator_persistence_no_holdout_quality_gate,P301,actuator,actuator_persistence,1.0,5.98,1.0,P301,,,0.004036284484333829,2.4995007239426092,2.5236377051589254,2.4995007239426092,0.0,0.0,0.0,0.0,0,0
geco_matched_plus_all_actuator_persistence_no_holdout_quality_gate,P302,actuator,actuator_persistence,1.0,5.98,1.0,P302,,,0.0321976659636582,2.710221006327076,2.902763048789752,2.710221006327076,0.9678023340363417,0.0,0.0,0.0,0,0
geco_matched_plus_all_actuator_persistence_no_holdout_quality_gate,P401,actuator,actuator_persistence,1.0,5.98,1.0,P401,,,1e-06,1e-06,6.98e-06,0.0,0.0,0.0,0.0,0.0,0,0
geco_matched_plus_all_actuator_persistence_no_holdout_quality_gate,P402,actuator,actuator_persistence,1.0,5.98,1.0,P402,,,0.0014233583151173907,0.9985766416848826,1.0070883244092845,0.9985766416848826,1.0070883244092845,9.335034384043314e-05,0.0,0.0008141112618724559,4,19
geco_matched_plus_all_actuator_persistence_no_holdout_quality_gate,P403,actuator,actuator_persistence,1.0,5.98,1.0,P403,,,1e-06,1e-06,6.98e-06,0.0,6.98e-06,2.6671526811552328e-05,3.0125926372235947e-05,0.0,2,6
geco_matched_plus_all_actuator_persistence_no_holdout_quality_gate,P404,actuator,actuator_persistence,1.0,5.98,1.0,P404,,,1e-06,1e-06,6.98e-06,0.0,0.0,0.0,0.0,0.0,0,0
geco_matched_plus_all_actuator_persistence_no_holdout_quality_gate,UV401,actuator,actuator_persistence,1.0,5.98,1.0,UV401,,,0.001423358315117391,0.9985766416848826,1.0070883244092845,0.9985766416848826,1.0070883244092845,5.778830809169671e-05,4.518888955835392e-05,0.0001550688117852297,4,8
geco_matched_plus_all_actuator_persistence_no_holdout_quality_gate,P501,actuator,actuator_persistence,1.0,5.98,1.0,P501,,,0.0014233583151173938,0.9985766416848826,1.0070883244092845,0.9985766416848826,1.0070883244092845,6.001093532599274e-05,4.518888955835392e-05,0.0001744524132583834,4,9
geco_matched_plus_all_actuator_persistence_no_holdout_quality_gate,P502,actuator,actuator_persistence,1.0,5.98,1.0,P502,,,1e-06,1e-06,6.98e-06,0.0,0.0,0.0,0.0,0.0,0,0
geco_matched_plus_all_actuator_persistence_no_holdout_quality_gate,P601,actuator,actuator_persistence,1.0,5.98,1.0,P601,,,1e-06,1e-06,6.98e-06,0.0,0.0,0.0,0.0,0.0,0,0
geco_matched_plus_all_actuator_persistence_no_holdout_quality_gate,P602,actuator,actuator_persistence,1.0,5.98,1.0,P602,,,0.023252724092464913,1.3024182772260522,1.4414695672989923,1.3024182772260522,1.4414695672989923,2.6671526811552328e-05,0.0,0.00023260321767784454,2,6
geco_matched_plus_all_actuator_persistence_no_holdout_quality_gate,P603,actuator,actuator_persistence,1.0,5.98,1.0,P603,,,1e-06,1e-06,6.98e-06,0.0,0.0,0.0,0.0,0.0,0,0
geco_matched_plus_all_actuator_persistence_no_holdout_quality_gate,FIT101,sensor,no_holdout_quality_gate,1.0,9.0,5.0,(LIT101 * -5.3608805e-5) + 0.031951737,-0.02073055819816272,4.142017125521039,0.03810283754570068,2.1334046089692884,2.4763301468805947,2.1334046089692884,2.1797146193093173,8.89050893718411e-06,0.0,7.753440589261485e-05,1,4
geco_matched_plus_all_actuator_persistence_no_holdout_quality_gate,LIT101,sensor,no_holdout_quality_gate,1.0,9.0,5.0,(FIT201 - FIT101) * -0.19228067,0.40181479216081095,4.537950991815633,0.45541297011116505,7.342065496345566,11.440782227346052,7.342065496345566,11.440782227346052,0.0051609404380353755,0.0003263642023658894,0.042488854429152935,12,1060
geco_matched_plus_all_actuator_persistence_no_holdout_quality_gate,FIT201,sensor,no_holdout_quality_gate,1.0,9.0,3.0,FIT301 * 0.0019161832,-0.028412093537082406,1.72743861513076,0.02363255310208697,2.2033478139145313,2.416040791833314,2.2033478139145313,2.416040791833314,0.00011113136171480136,8.786728525235485e-05,0.0002907540220973057,4,17
geco_matched_plus_all_actuator_persistence_no_holdout_quality_gate,DPIT301,sensor,no_holdout_quality_gate,1.0,9.0,7.0,P302 - ((FIT301 * 0.4284513) - -1.027144),0.43800956563704907,25.153209621175467,0.16714296976649062,1441.2077451352443,1442.7120318631428,1441.2077451352443,63.35953520982656,0.0,0.0,0.0,0,0
geco_matched_plus_all_actuator_persistence_no_holdout_quality_gate,FIT301,sensor,no_holdout_quality_gate,1.0,9.0,3.0,MV303 * -0.0026802947,-0.010334711974421706,19.166696097155796,0.02845999811762023,2.1260029059971055,2.3821428890556877,2.1260029059971055,2.3821428890556877,0.0006201129983685916,0.0,0.005408024811009886,11,51
geco_matched_plus_all_actuator_persistence_no_holdout_quality_gate,LIT301,sensor,no_holdout_quality_gate,1.0,9.0,5.0,(FIT301 - FIT201) * -0.18929929,0.336680080211637,4.001021228958368,0.35900655586676056,3.461929007069731,6.692988009870576,3.461929007069731,6.692988009870576,0.006038878195582306,0.0003866160551103613,0.04968017057569296,12,1162
geco_matched_plus_all_actuator_persistence_no_holdout_quality_gate,AIT401,sensor,no_holdout_quality_gate,1.0,9.0,9.0,(FIT301 * (MV304 * (MV304 * 1.11552225e-7))) * AIT401,-0.0007011429606935682,4.054639083289264,0.09907165330484896,147.5352886181464,148.42693349789005,147.5352886181464,0.0,0.0,0.0,0.0,0,0
geco_matched_plus_all_actuator_persistence_no_holdout_quality_gate,LIT401,sensor,no_holdout_quality_gate,1.0,9.0,5.0,(DPIT301 * 0.022688651) - 0.38223073,0.2947958211021037,3.951397925657353,0.3366300543860994,26.577115999840423,29.60678648931532,26.577115999840423,29.60678648931532,0.0743557714961393,0.00037657407965294935,0.6455514634619112,13,31128
geco_matched_plus_all_actuator_persistence_no_holdout_quality_gate,AIT504,sensor,no_holdout_quality_gate,1.0,9.0,7.0,((FIT504 * 3.598646) - 1.1120417) * PIT502,-0.04966050508977915,38.574280505575615,0.10845552326854281,343.7710486356936,344.7471483451105,343.7710486356936,344.7471483451105,0.00036228823919025246,0.00040921049988953826,0.0,2,152
geco_matched_plus_all_actuator_persistence_no_holdout_quality_gate,FIT501,sensor,no_holdout_quality_gate,1.0,9.0,3.0,AIT504 * 6.7863766e-6,-0.011206098840220724,34.72298697833636,0.0013179223851327868,1.5784808868094178,1.5903421882756128,1.5784808868094178,1.5903421882756128,0.00023337585960108285,0.0001682030889116507,0.000736576855979841,3,67
geco_matched_plus_all_actuator_persistence_no_holdout_quality_gate,FIT502,sensor,no_holdout_quality_gate,1.0,9.0,5.0,(P402 - UV401) * 0.20704994,-9.542144852048295e-12,4.050449108763439,0.011624436868351438,0.9618822646399326,1.0665021964550956,0.9618822646399326,1.0665021964550956,0.0032072510990891674,0.00025104938643529955,0.026032176778445434,7,594
geco_matched_plus_all_actuator_persistence_no_holdout_quality_gate,FIT504,sensor,no_holdout_quality_gate,1.0,9.0,7.0,FIT502 * (0.006901001 - (FIT504 * 0.022353666)),0.0006818953951246431,34.63391625029279,0.0006375541651170856,0.6870304022802411,0.692768389766295,0.6870304022802411,0.692768389766295,0.0036095466284967485,0.0004368259323974212,0.028106222136072882,4,531
geco_matched_plus_all_actuator_persistence_no_holdout_quality_gate,PIT503,sensor,no_holdout_quality_gate,1.0,9.0,15.0,((((UV401 * P402) * P402) + -0.97898483) * (FIT503 + -0.9433507)) * (FIT401 + -1.7066069),-0.16917589053297233,14.725584363887497,0.11122263994287224,237.239799629986,238.24080338947186,237.239799629986,238.24080338947186,0.004360794633688806,0.00041172099375389126,0.03485171544873037,8,596
geco_matched_plus_all_actuator_persistence_no_holdout_quality_gate,FIT601,sensor,no_holdout_quality_gate,1.0,9.0,7.0,((P602 - FIT601) + -0.99994063) * FIT301,0.4916735207848195,10.255337304276727,0.01008498507082207,2.289475514628716,2.3802403802661147,2.289475514628716,2.3802403802661147,0.0005801057081512631,8.284629752364885e-05,0.004419461135879046,9,49
geco_matched_plus_all_actuator_persistence_no_holdout_quality_gate,MV101,actuator,actuator_persistence,1.0,9.0,1.0,MV101,,,0.050778100568907185,2.5937751954487425,3.050778100568907,2.5937751954487425,2.5937751954487425,0.0,0.0,0.0,0,0
geco_matched_plus_all_actuator_persistence_no_holdout_quality_gate,P101,actuator,actuator_persistence,1.0,9.0,1.0,P101,,,0.02283152133090779,0.9771684786690922,1.1826521706472624,0.9771684786690922,0.9771684786690922,0.0,0.0,0.0,0,0
geco_matched_plus_all_actuator_persistence_no_holdout_quality_gate,P102,actuator,actuator_persistence,1.0,9.0,1.0,P102,,,1e-06,1e-06,1e-05,0.0,1e-05,0.0001778101787436822,0.00010041975457411982,0.0007753440589261484,8,10
geco_matched_plus_all_actuator_persistence_no_holdout_quality_gate,MV201,actuator,actuator_persistence,1.0,9.0,1.0,MV201,,,0.05142405563146907,2.640031610579716,3.102848111262938,2.640031610579716,2.640031610579716,0.0,0.0,0.0,0,0
geco_matched_plus_all_actuator_persistence_no_holdout_quality_gate,P202,actuator,actuator_persistence,1.0,9.0,1.0,P202,,,1e-06,1e-06,1e-05,0.0,0.0,0.0,0.0,0.0,0,0
geco_matched_plus_all_actuator_persistence_no_holdout_quality_gate,P203,actuator,actuator_persistence,1.0,9.0,1.0,P203,,,0.022831521330907788,0.9771684786690922,1.1826521706472624,0.9771684786690922,0.9771684786690922,0.0,0.0,0.0,0,0
geco_matched_plus_all_actuator_persistence_no_holdout_quality_gate,P204,actuator,actuator_persistence,1.0,9.0,1.0,P204,,,1e-06,1e-06,1e-05,0.0,1e-05,4.445254468592055e-05,0.0,0.0003876720294630742,2,10
geco_matched_plus_all_actuator_persistence_no_holdout_quality_gate,P205,actuator,actuator_persistence,1.0,9.0,1.0,P205,,,0.024826988305938616,1.5282872221871655,1.751730116940613,1.5282872221871655,0.9751730116940613,0.0,0.0,0.0,0,0
geco_matched_plus_all_actuator_persistence_no_holdout_quality_gate,P206,actuator,actuator_persistence,1.0,9.0,1.0,P206,,,1e-06,1e-06,1e-05,0.0,1e-05,4.445254468592055e-05,0.0,0.0003876720294630742,2,10
geco_matched_plus_all_actuator_persistence_no_holdout_quality_gate,MV301,actuator,actuator_persistence,1.0,9.0,1.0,MV301,,,0.05237923317467451,3.538176040790302,4.009589139362372,3.538176040790302,3.538176040790302,0.0,0.0,0.0,0,0
geco_matched_plus_all_actuator_persistence_no_holdout_quality_gate,MV302,actuator,actuator_persistence,1.0,9.0,1.0,MV302,,,0.07240099292831928,2.5655940424300847,3.2172029787849583,2.5655940424300847,3.2172029787849583,0.00018670068768086628,0.0,0.0016282225237449117,5,17
geco_matched_plus_all_actuator_persistence_no_holdout_quality_gate,MV303,actuator,actuator_persistence,1.0,9.0,1.0,MV303,,,0.052379233174674536,2.580966134602604,3.0523792331746744,2.580966134602604,2.580966134602603,0.0,0.0,0.0,0,0
geco_matched_plus_all_actuator_persistence_no_holdout_quality_gate,MV304,actuator,actuator_persistence,1.0,9.0,1.0,MV304,,,0.07247943385085219,2.4926439630440353,3.144958867701705,2.4926439630440353,2.4926439630440353,0.0,0.0,0.0,0,0
geco_matched_plus_all_actuator_persistence_no_holdout_quality_gate,P301,actuator,actuator_persistence,1.0,9.0,1.0,P301,,,0.004036284484333829,2.4995007239426092,2.5358272843016136,2.4995007239426092,0.0,0.0,0.0,0.0,0,0
geco_matched_plus_all_actuator_persistence_no_holdout_quality_gate,P302,actuator,actuator_persistence,1.0,9.0,1.0,P302,,,0.0321976659636582,2.710221006327076,3.0,2.710221006327076,0.9678023340363417,0.0,0.0,0.0,0,0
geco_matched_plus_all_actuator_persistence_no_holdout_quality_gate,P401,actuator,actuator_persistence,1.0,9.0,1.0,P401,,,1e-06,1e-06,1e-05,0.0,0.0,0.0,0.0,0.0,0,0
geco_matched_plus_all_actuator_persistence_no_holdout_quality_gate,P402,actuator,actuator_persistence,1.0,9.0,1.0,P402,,,0.0014233583151173907,0.9985766416848826,1.0113868665209391,0.9985766416848826,1.0113868665209391,0.00012891237958916957,0.0,0.0011242488854429154,4,23
geco_matched_plus_all_actuator_persistence_no_holdout_quality_gate,P403,actuator,actuator_persistence,1.0,9.0,1.0,P403,,,1e-06,1e-06,1e-05,0.0,1e-05,4.445254468592055e-05,5.020987728705991e-05,0.0,2,10
geco_matched_plus_all_actuator_persistence_no_holdout_quality_gate,P404,actuator,actuator_persistence,1.0,9.0,1.0,P404,,,1e-06,1e-06,1e-05,0.0,0.0,0.0,0.0,0.0,0,0
geco_matched_plus_all_actuator_persistence_no_holdout_quality_gate,UV401,actuator,actuator_persistence,1.0,9.0,1.0,UV401,,,0.001423358315117391,0.9985766416848826,1.0113868665209391,0.9985766416848826,1.0113868665209391,9.335034384043314e-05,7.531481593058986e-05,0.00023260321767784454,4,12
geco_matched_plus_all_actuator_persistence_no_holdout_quality_gate,P501,actuator,actuator_persistence,1.0,9.0,1.0,P501,,,0.0014233583151173938,0.9985766416848826,1.0113868665209391,0.9985766416848826,1.0113868665209391,9.557297107472917e-05,7.531481593058986e-05,0.0002519868191509983,4,13
geco_matched_plus_all_actuator_persistence_no_holdout_quality_gate,P502,actuator,actuator_persistence,1.0,9.0,1.0,P502,,,1e-06,1e-06,1e-05,0.0,0.0,0.0,0.0,0.0,0,0
geco_matched_plus_all_actuator_persistence_no_holdout_quality_gate,P601,actuator,actuator_persistence,1.0,9.0,1.0,P601,,,1e-06,1e-06,1e-05,0.0,0.0,0.0,0.0,0.0,0,0
geco_matched_plus_all_actuator_persistence_no_holdout_quality_gate,P602,actuator,actuator_persistence,1.0,9.0,1.0,P602,,,0.023252724092464913,1.3024182772260522,1.5116927940582365,1.3024182772260522,1.5116927940582365,4.000729021732849e-05,0.0,0.0003489048265167668,2,9
geco_matched_plus_all_actuator_persistence_no_holdout_quality_gate,P603,actuator,actuator_persistence,1.0,9.0,1.0,P603,,,1e-06,1e-06,1e-05,0.0,0.0,0.0,0.0,0.0,0,0
geco_matched_plus_all_actuator_persistence_no_holdout_quality_gate,FIT101,sensor,no_holdout_quality_gate,1.0,15.0,5.0,(LIT101 * -5.3608805e-5) + 0.031951737,-0.02073055819816272,4.142017125521039,0.03810283754570068,2.1334046089692884,2.7049471721547986,2.1334046089692884,2.1797146193093173,8.89050893718411e-06,0.0,7.753440589261485e-05,1,4
geco_matched_plus_all_actuator_persistence_no_holdout_quality_gate,LIT101,sensor,no_holdout_quality_gate,1.0,15.0,5.0,(FIT201 - FIT101) * -0.19228067,0.40181479216081095,4.537950991815633,0.45541297011116505,7.342065496345566,14.173260048013042,7.342065496345566,14.173260048013042,0.005669922074689165,0.0004995882790062461,0.04559023066485753,9,1104
geco_matched_plus_all_actuator_persistence_no_holdout_quality_gate,FIT201,sensor,no_holdout_quality_gate,1.0,15.0,3.0,FIT301 * 0.0019161832,-0.028412093537082406,1.72743861513076,0.02363255310208697,2.2033478139145313,2.557836110445836,2.2033478139145313,2.5178618086527687,0.0001378028885263537,0.0001129722238958848,0.0003295212250436131,4,22
geco_matched_plus_all_actuator_persistence_no_holdout_quality_gate,DPIT301,sensor,no_holdout_quality_gate,1.0,15.0,7.0,P302 - ((FIT301 * 0.4284513) - -1.027144),0.43800956563704907,25.153209621175467,0.16714296976649062,1441.2077451352443,1443.7148896817416,1441.2077451352443,63.35953520982656,0.0,0.0,0.0,0,0
geco_matched_plus_all_actuator_persistence_no_holdout_quality_gate,FIT301,sensor,no_holdout_quality_gate,1.0,15.0,3.0,MV303 * -0.0026802947,-0.010334711974421706,19.166696097155796,0.02845999811762023,2.1260029059971055,2.552902877761409,2.1260029059971055,2.552902877761409,0.0008534888579696745,0.0,0.007443302965691025,13,60
geco_matched_plus_all_actuator_persistence_no_holdout_quality_gate,LIT301,sensor,no_holdout_quality_gate,1.0,15.0,5.0,(FIT301 - FIT201) * -0.18929929,0.336680080211637,4.001021228958368,0.35900655586676056,3.461929007069731,8.84702734507114,3.461929007069731,8.84702734507114,0.006243359901137541,0.0005774135888011889,0.04999030819926342,11,1169
geco_matched_plus_all_actuator_persistence_no_holdout_quality_gate,AIT401,sensor,no_holdout_quality_gate,1.0,15.0,9.0,(FIT301 * (MV304 * (MV304 * 1.11552225e-7))) * AIT401,-0.0007011429606935682,4.054639083289264,0.09907165330484896,147.5352886181464,149.02136341771916,147.5352886181464,0.0,0.0,0.0,0.0,0,0
geco_matched_plus_all_actuator_persistence_no_holdout_quality_gate,LIT401,sensor,no_holdout_quality_gate,1.0,15.0,5.0,(DPIT301 * 0.022688651) - 0.38223073,0.2947958211021037,3.951397925657353,0.3366300543860994,26.577115999840423,31.626566815631914,26.577115999840423,31.626566815631914,0.07465804880000355,0.0006677913679178968,0.6459391354913743,12,31148
geco_matched_plus_all_actuator_persistence_no_holdout_quality_gate,AIT504,sensor,no_holdout_quality_gate,1.0,15.0,7.0,((FIT504 * 3.598646) - 1.1120417) * PIT502,-0.04966050508977915,38.574280505575615,0.10845552326854281,343.7710486356936,345.3978814847217,343.7710486356936,345.3978814847217,0.0004022955294075809,0.0004543993894478922,0.0,2,162
geco_matched_plus_all_actuator_persistence_no_holdout_quality_gate,FIT501,sensor,no_holdout_quality_gate,1.0,15.0,3.0,AIT504 * 6.7863766e-6,-0.011206098840220724,34.72298697833636,0.0013179223851327868,1.5784808868094178,1.5982497225864096,1.5784808868094178,1.5982497225864096,0.00028894154045848355,0.00019581852141953366,0.001007947276603993,3,78
geco_matched_plus_all_actuator_persistence_no_holdout_quality_gate,FIT502,sensor,no_holdout_quality_gate,1.0,15.0,5.0,(P402 - UV401) * 0.20704994,-9.542144852048295e-12,4.050449108763439,0.011624436868351438,0.9618822646399326,1.1362488176652041,0.9618822646399326,1.1362488176652041,0.003358389751021297,0.0003916370428390673,0.02626477999612328,6,618
geco_matched_plus_all_actuator_persistence_no_holdout_quality_gate,FIT504,sensor,no_holdout_quality_gate,1.0,15.0,7.0,FIT502 * (0.006901001 - (FIT504 * 0.022353666)),0.0006818953951246431,34.63391625029279,0.0006375541651170856,0.6870304022802411,0.6965937147569974,0.6870304022802411,0.6965937147569974,0.0037095648540400694,0.000549798156293306,0.028106222136072882,4,540
geco_matched_plus_all_actuator_persistence_no_holdout_quality_gate,PIT503,sensor,no_holdout_quality_gate,1.0,15.0,15.0,((((UV401 * P402) * P402) + -0.97898483) * (FIT503 + -0.9433507)) * (FIT401 + -1.7066069),-0.16917589053297233,14.725584363887497,0.11122263994287224,237.239799629986,238.9081392291291,237.239799629986,238.9081392291291,0.004514155912855231,0.000562350625615071,0.035026167861988755,6,618
geco_matched_plus_all_actuator_persistence_no_holdout_quality_gate,FIT601,sensor,no_holdout_quality_gate,1.0,15.0,7.0,((P602 - FIT601) + -0.99994063) * FIT301,0.4916735207848195,10.255337304276727,0.01008498507082207,2.289475514628716,2.440750290691047,2.289475514628716,2.440750290691047,0.0006823465609288804,9.539876684541383e-05,0.005214188796278349,8,55
geco_matched_plus_all_actuator_persistence_no_holdout_quality_gate,MV101,actuator,actuator_persistence,1.0,15.0,1.0,MV101,,,0.050778100568907185,2.5937751954487425,3.3554467039823503,2.5937751954487425,2.5937751954487425,0.0,0.0,0.0,0,0
geco_matched_plus_all_actuator_persistence_no_holdout_quality_gate,P101,actuator,actuator_persistence,1.0,15.0,1.0,P101,,,0.02283152133090779,0.9771684786690922,1.319641298632709,0.9771684786690922,0.9771684786690922,0.0,0.0,0.0,0,0
geco_matched_plus_all_actuator_persistence_no_holdout_quality_gate,P102,actuator,actuator_persistence,1.0,15.0,1.0,P102,,,1e-06,1e-06,1.6e-05,0.0,1.6e-05,0.00026671526811552327,0.00015062963186117972,0.0011630160883892228,8,15
geco_matched_plus_all_actuator_persistence_no_holdout_quality_gate,MV201,actuator,actuator_persistence,1.0,15.0,1.0,MV201,,,0.05142405563146907,2.640031610579716,3.411392445051752,2.640031610579716,2.640031610579716,0.0,0.0,0.0,0,0
geco_matched_plus_all_actuator_persistence_no_holdout_quality_gate,P202,actuator,actuator_persistence,1.0,15.0,1.0,P202,,,1e-06,1e-06,1.6e-05,0.0,0.0,0.0,0.0,0.0,0,0
geco_matched_plus_all_actuator_persistence_no_holdout_quality_gate,P203,actuator,actuator_persistence,1.0,15.0,1.0,P203,,,0.022831521330907788,0.9771684786690922,1.319641298632709,0.9771684786690922,0.9771684786690922,0.0,0.0,0.0,0,0
geco_matched_plus_all_actuator_persistence_no_holdout_quality_gate,P204,actuator,actuator_persistence,1.0,15.0,1.0,P204,,,1e-06,1e-06,1.6e-05,0.0,1.6e-05,6.667881702888082e-05,0.0,0.0005815080441946114,2,15
geco_matched_plus_all_actuator_persistence_no_holdout_quality_gate,P205,actuator,actuator_persistence,1.0,15.0,1.0,P205,,,0.024826988305938616,1.5282872221871655,1.9006920467762447,1.5282872221871655,0.9751730116940613,0.0,0.0,0.0,0,0
geco_matched_plus_all_actuator_persistence_no_holdout_quality_gate,P206,actuator,actuator_persistence,1.0,15.0,1.0,P206,,,1e-06,1e-06,1.6e-05,0.0,1.6e-05,6.667881702888082e-05,0.0,0.0005815080441946114,2,15
geco_matched_plus_all_actuator_persistence_no_holdout_quality_gate,MV301,actuator,actuator_persistence,1.0,15.0,1.0,MV301,,,0.05237923317467451,3.538176040790302,4.32386453841042,3.538176040790302,3.538176040790302,0.0,0.0,0.0,0,0
geco_matched_plus_all_actuator_persistence_no_holdout_quality_gate,MV302,actuator,actuator_persistence,1.0,15.0,1.0,MV302,,,0.07240099292831928,2.5655940424300847,3.651608936354874,2.5655940424300847,3.651608936354874,0.0002533795047097471,0.0,0.002209730567939523,5,23
geco_matched_plus_all_actuator_persistence_no_holdout_quality_gate,MV303,actuator,actuator_persistence,1.0,15.0,1.0,MV303,,,0.052379233174674536,2.580966134602604,3.3666546322227218,2.580966134602604,2.580966134602603,0.0,0.0,0.0,0,0
geco_matched_plus_all_actuator_persistence_no_holdout_quality_gate,MV304,actuator,actuator_persistence,1.0,15.0,1.0,MV304,,,0.07247943385085219,2.4926439630440353,3.5798354708068185,2.4926439630440353,2.4926439630440353,0.0,0.0,0.0,0,0
geco_matched_plus_all_actuator_persistence_no_holdout_quality_gate,P301,actuator,actuator_persistence,1.0,15.0,1.0,P301,,,0.004036284484333829,2.4995007239426092,2.560044991207617,2.4995007239426092,0.0,0.0,0.0,0.0,0,0
geco_matched_plus_all_actuator_persistence_no_holdout_quality_gate,P302,actuator,actuator_persistence,1.0,15.0,1.0,P302,,,0.0321976659636582,2.710221006327076,3.193185995781949,2.710221006327076,0.9678023340363417,0.0,0.0,0.0,0,0
geco_matched_plus_all_actuator_persistence_no_holdout_quality_gate,P401,actuator,actuator_persistence,1.0,15.0,1.0,P401,,,1e-06,1e-06,1.6e-05,0.0,0.0,0.0,0.0,0.0,0,0
geco_matched_plus_all_actuator_persistence_no_holdout_quality_gate,P402,actuator,actuator_persistence,1.0,15.0,1.0,P402,,,0.0014233583151173907,0.9985766416848826,1.0199270164116434,0.9985766416848826,1.0199270164116434,0.00018225543321227425,0.0,0.0015894553207986043,4,29
geco_matched_plus_all_actuator_persistence_no_holdout_quality_gate,P403,actuator,actuator_persistence,1.0,15.0,1.0,P403,,,1e-06,1e-06,1.6e-05,0.0,1.6e-05,6.667881702888082e-05,7.531481593058986e-05,0.0,2,15
geco_matched_plus_all_actuator_persistence_no_holdout_quality_gate,P404,actuator,actuator_persistence,1.0,15.0,1.0,P404,,,1e-06,1e-06,1.6e-05,0.0,0.0,0.0,0.0,0.0,0,0
geco_matched_plus_all_actuator_persistence_no_holdout_quality_gate,UV401,actuator,actuator_persistence,1.0,15.0,1.0,UV401,,,0.001423358315117391,0.9985766416848826,1.0199270164116434,0.9985766416848826,1.0199270164116434,0.0001466933974635378,0.00012050370548894379,0.0003489048265167668,4,18
geco_matched_plus_all_actuator_persistence_no_holdout_quality_gate,P501,actuator,actuator_persistence,1.0,15.0,1.0,P501,,,0.0014233583151173938,0.9985766416848826,1.0199270164116434,0.9985766416848826,1.0199270164116434,0.00014891602469783383,0.00012050370548894379,0.0003682884279899205,4,19
geco_matched_plus_all_actuator_persistence_no_holdout_quality_gate,P502,actuator,actuator_persistence,1.0,15.0,1.0,P502,,,1e-06,1e-06,1.6e-05,0.0,0.0,0.0,0.0,0.0,0,0
geco_matched_plus_all_actuator_persistence_no_holdout_quality_gate,P601,actuator,actuator_persistence,1.0,15.0,1.0,P601,,,1e-06,1e-06,1.6e-05,0.0,0.0,0.0,0.0,0.0,0,0
geco_matched_plus_all_actuator_persistence_no_holdout_quality_gate,P602,actuator,actuator_persistence,1.0,15.0,1.0,P602,,,0.023252724092464913,1.3024182772260522,1.6512091386130259,1.3024182772260522,1.6279564145205612,5.1120426388808625e-05,0.0,0.00044582283388253536,2,14
geco_matched_plus_all_actuator_persistence_no_holdout_quality_gate,P603,actuator,actuator_persistence,1.0,15.0,1.0,P603,,,1e-06,1e-06,1.6e-05,0.0,0.0,0.0,0.0,0.0,0,0
geco_matched_plus_all_actuator_persistence_no_holdout_quality_gate,FIT101,sensor,no_holdout_quality_gate,1.0,25.0,5.0,(LIT101 * -5.3608805e-5) + 0.031951737,-0.02073055819816272,4.142017125521039,0.03810283754570068,2.1334046089692884,3.085975547611805,2.1334046089692884,2.1797146193093173,8.89050893718411e-06,0.0,7.753440589261485e-05,1,4
geco_matched_plus_all_actuator_persistence_no_holdout_quality_gate,LIT101,sensor,no_holdout_quality_gate,1.0,25.0,5.0,(FIT201 - FIT101) * -0.19228067,0.40181479216081095,4.537950991815633,0.45541297011116505,7.342065496345566,18.727389749124693,7.342065496345566,18.727389749124693,0.006096666503674002,0.0007958265549998996,0.04702461717387091,9,1180
geco_matched_plus_all_actuator_persistence_no_holdout_quality_gate,FIT201,sensor,no_holdout_quality_gate,1.0,25.0,3.0,FIT301 * 0.0019161832,-0.028412093537082406,1.72743861513076,0.02363255310208697,2.2033478139145313,2.7941616414667054,2.2033478139145313,2.5178618086527687,0.0001378028885263537,0.0001129722238958848,0.0003295212250436131,4,22
geco_matched_plus_all_actuator_persistence_no_holdout_quality_gate,DPIT301,sensor,no_holdout_quality_gate,1.0,25.0,7.0,P302 - ((FIT301 * 0.4284513) - -1.027144),0.43800956563704907,25.153209621175467,0.16714296976649062,1441.2077451352443,1445.3863193794066,1441.2077451352443,63.35953520982656,0.0,0.0,0.0,0,0
geco_matched_plus_all_actuator_persistence_no_holdout_quality_gate,FIT301,sensor,no_holdout_quality_gate,1.0,25.0,3.0,MV303 * -0.0026802947,-0.010334711974421706,19.166696097155796,0.02845999811762023,2.1260029059971055,2.8375028589376114,2.1260029059971055,2.8375028589376114,0.0012402259967371832,5.020987728705991e-06,0.010777282419073464,10,74
geco_matched_plus_all_actuator_persistence_no_holdout_quality_gate,LIT301,sensor,no_holdout_quality_gate,1.0,25.0,5.0,(FIT301 - FIT201) * -0.18929929,0.336680080211637,4.001021228958368,0.35900655586676056,3.461929007069731,12.437092903738744,3.461929007069731,12.437092903738744,0.006596757631390609,0.0009138197666244904,0.05047489823609227,11,1180
geco_matched_plus_all_actuator_persistence_no_holdout_quality_gate,AIT401,sensor,no_holdout_quality_gate,1.0,25.0,9.0,(FIT301 * (MV304 * (MV304 * 1.11552225e-7))) * AIT401,-0.0007011429606935682,4.054639083289264,0.09907165330484896,147.5352886181464,150.01207995076763,147.5352886181464,0.0,0.0,0.0,0.0,0,0
geco_matched_plus_all_actuator_persistence_no_holdout_quality_gate,LIT401,sensor,no_holdout_quality_gate,1.0,25.0,5.0,(DPIT301 * 0.022688651) - 0.38223073,0.2947958211021037,3.951397925657353,0.3366300543860994,26.577115999840423,34.992867359492905,26.577115999840423,34.992867359492905,0.07518258882729742,0.001194995079432026,0.6464431091296763,14,31203
geco_matched_plus_all_actuator_persistence_no_holdout_quality_gate,AIT504,sensor,no_holdout_quality_gate,1.0,25.0,7.0,((FIT504 * 3.598646) - 1.1120417) * PIT502,-0.04966050508977915,38.574280505575615,0.10845552326854281,343.7710486356936,346.48243671740715,343.7710486356936,346.48243671740715,0.0004667517192021657,0.000527203711514129,0.0,6,172
geco_matched_plus_all_actuator_persistence_no_holdout_quality_gate,FIT501,sensor,no_holdout_quality_gate,1.0,25.0,3.0,AIT504 * 6.7863766e-6,-0.011206098840220724,34.72298697833636,0.0013179223851327868,1.5784808868094178,1.6114289464377374,1.5784808868094178,1.6114289464377374,0.00037340137536173257,0.0002334759293848286,0.0014537701104865284,3,93
geco_matched_plus_all_actuator_persistence_no_holdout_quality_gate,FIT502,sensor,no_holdout_quality_gate,1.0,25.0,5.0,(P402 - UV401) * 0.20704994,-9.542144852048295e-12,4.050449108763439,0.011624436868351438,0.9618822646399326,1.2524931863487185,0.9618822646399326,1.2524931863487185,0.003511751030187723,0.0005347351931071881,0.026497383213801125,6,635
geco_matched_plus_all_actuator_persistence_no_holdout_quality_gate,FIT504,sensor,no_holdout_quality_gate,1.0,25.0,7.0,FIT502 * (0.006901001 - (FIT504 * 0.022353666)),0.0006818953951246431,34.63391625029279,0.0006375541651170856,0.6870304022802411,0.7029692564081683,0.6870304022802411,0.7029692564081683,0.0038651487604407916,0.0007255327267980157,0.028106222136072882,5,556
geco_matched_plus_all_actuator_persistence_no_holdout_quality_gate,PIT503,sensor,no_holdout_quality_gate,1.0,25.0,15.0,((((UV401 * P402) * P402) + -0.97898483) * (FIT503 + -0.9433507)) * (FIT401 + -1.7066069),-0.16917589053297233,14.725584363887497,0.11122263994287224,237.239799629986,240.0203656285578,237.239799629986,240.0203656285578,0.0047186376184104655,0.0007531481593058987,0.035336305485559216,6,634
geco_matched_plus_all_actuator_persistence_no_holdout_quality_gate,FIT601,sensor,no_holdout_quality_gate,1.0,25.0,7.0,((P602 - FIT601) + -0.99994063) * FIT301,0.4916735207848195,10.255337304276727,0.01008498507082207,2.289475514628716,2.5416001413992677,2.289475514628716,2.5416001413992677,0.0008001458043465699,9.539876684541383e-05,0.006241519674355495,7,65
geco_matched_plus_all_actuator_persistence_no_holdout_quality_gate,MV101,actuator,actuator_persistence,1.0,25.0,1.0,MV101,,,0.050778100568907185,2.5937751954487425,3.8632277096714223,2.5937751954487425,2.5937751954487425,0.0,0.0,0.0,0,0
geco_matched_plus_all_actuator_persistence_no_holdout_quality_gate,P101,actuator,actuator_persistence,1.0,25.0,1.0,P101,,,0.02283152133090779,0.9771684786690922,1.5479565119417869,0.9771684786690922,0.9771684786690922,0.0,0.0,0.0,0,0
geco_matched_plus_all_actuator_persistence_no_holdout_quality_gate,P102,actuator,actuator_persistence,1.0,25.0,1.0,P102,,,1e-06,1e-06,2.6e-05,0.0,2.6e-05,0.00044452544685920543,0.00025104938643529955,0.0019383601473153711,8,25
geco_matched_plus_all_actuator_persistence_no_holdout_quality_gate,MV201,actuator,actuator_persistence,1.0,25.0,1.0,MV201,,,0.05142405563146907,2.640031610579716,3.925633001366443,2.640031610579716,2.640031610579716,0.0,0.0,0.0,0,0
geco_matched_plus_all_actuator_persistence_no_holdout_quality_gate,P202,actuator,actuator_persistence,1.0,25.0,1.0,P202,,,1e-06,1e-06,2.6e-05,0.0,0.0,0.0,0.0,0.0,0,0
geco_matched_plus_all_actuator_persistence_no_holdout_quality_gate,P203,actuator,actuator_persistence,1.0,25.0,1.0,P203,,,0.022831521330907788,0.9771684786690922,1.5479565119417869,0.9771684786690922,0.9771684786690922,0.0,0.0,0.0,0,0
geco_matched_plus_all_actuator_persistence_no_holdout_quality_gate,P204,actuator,actuator_persistence,1.0,25.0,1.0,P204,,,1e-06,1e-06,2.6e-05,0.0,2.6e-05,0.00011113136171480136,0.0,0.0009691800736576856,2,25
geco_matched_plus_all_actuator_persistence_no_holdout_quality_gate,P205,actuator,actuator_persistence,1.0,25.0,1.0,P205,,,0.024826988305938616,1.5282872221871655,2.148961929835631,1.5282872221871655,0.9751730116940613,0.0,0.0,0.0,0,0
geco_matched_plus_all_actuator_persistence_no_holdout_quality_gate,P206,actuator,actuator_persistence,1.0,25.0,1.0,P206,,,1e-06,1e-06,2.6e-05,0.0,2.6e-05,0.00011113136171480136,0.0,0.0009691800736576856,2,25
geco_matched_plus_all_actuator_persistence_no_holdout_quality_gate,MV301,actuator,actuator_persistence,1.0,25.0,1.0,MV301,,,0.05237923317467451,3.538176040790302,4.847656870157165,3.538176040790302,3.538176040790302,0.0,0.0,0.0,0,0
geco_matched_plus_all_actuator_persistence_no_holdout_quality_gate,MV302,actuator,actuator_persistence,1.0,25.0,1.0,MV302,,,0.07240099292831928,2.5655940424300847,4.375618865638067,2.5655940424300847,4.18997517679202,0.00032228094897292393,0.0,0.002810622213607288,5,30
geco_matched_plus_all_actuator_persistence_no_holdout_quality_gate,MV303,actuator,actuator_persistence,1.0,25.0,1.0,MV303,,,0.052379233174674536,2.580966134602604,3.890446963969467,2.580966134602604,2.580966134602603,0.0,0.0,0.0,0,0
geco_matched_plus_all_actuator_persistence_no_holdout_quality_gate,MV304,actuator,actuator_persistence,1.0,25.0,1.0,MV304,,,0.07247943385085219,2.4926439630440353,4.30462980931534,2.4926439630440353,2.4926439630440353,0.0,0.0,0.0,0,0
geco_matched_plus_all_actuator_persistence_no_holdout_quality_gate,P301,actuator,actuator_persistence,1.0,25.0,1.0,P301,,,0.004036284484333829,2.4995007239426092,2.600407836050955,2.4995007239426092,0.0,0.0,0.0,0.0,0,0
geco_matched_plus_all_actuator_persistence_no_holdout_quality_gate,P302,actuator,actuator_persistence,1.0,25.0,1.0,P302,,,0.0321976659636582,2.710221006327076,3.515162655418531,2.710221006327076,0.9678023340363417,0.0,0.0,0.0,0,0
geco_matched_plus_all_actuator_persistence_no_holdout_quality_gate,P401,actuator,actuator_persistence,1.0,25.0,1.0,P401,,,1e-06,1e-06,2.6e-05,0.0,0.0,0.0,0.0,0.0,0,0
geco_matched_plus_all_actuator_persistence_no_holdout_quality_gate,P402,actuator,actuator_persistence,1.0,25.0,1.0,P402,,,0.0014233583151173907,0.9985766416848826,1.0341605995628174,0.9985766416848826,1.0341605995628174,0.0002711605225841153,0.0,0.002364799379724753,4,39
geco_matched_plus_all_actuator_persistence_no_holdout_quality_gate,P403,actuator,actuator_persistence,1.0,25.0,1.0,P403,,,1e-06,1e-06,2.6e-05,0.0,2.6e-05,0.00011113136171480136,0.00012552469321764977,0.0,2,25
geco_matched_plus_all_actuator_persistence_no_holdout_quality_gate,P404,actuator,actuator_persistence,1.0,25.0,1.0,P404,,,1e-06,1e-06,2.6e-05,0.0,0.0,0.0,0.0,0.0,0,0
geco_matched_plus_all_actuator_persistence_no_holdout_quality_gate,UV401,actuator,actuator_persistence,1.0,25.0,1.0,UV401,,,0.001423358315117391,0.9985766416848826,1.0341605995628174,0.9985766416848826,1.0341605995628174,0.0002355984868353789,0.00019581852141953366,0.000542740841248304,4,28
geco_matched_plus_all_actuator_persistence_no_holdout_quality_gate,P501,actuator,actuator_persistence,1.0,25.0,1.0,P501,,,0.0014233583151173938,0.9985766416848826,1.0341605995628174,0.9985766416848826,1.0341605995628174,0.00023782111406967491,0.00019581852141953366,0.0005621244427214577,4,29
geco_matched_plus_all_actuator_persistence_no_holdout_quality_gate,P502,actuator,actuator_persistence,1.0,25.0,1.0,P502,,,1e-06,1e-06,2.6e-05,0.0,0.0,0.0,0.0,0.0,0,0
geco_matched_plus_all_actuator_persistence_no_holdout_quality_gate,P601,actuator,actuator_persistence,1.0,25.0,1.0,P601,,,1e-06,1e-06,2.6e-05,0.0,0.0,0.0,0.0,0.0,0,0
geco_matched_plus_all_actuator_persistence_no_holdout_quality_gate,P602,actuator,actuator_persistence,1.0,25.0,1.0,P602,,,0.023252724092464913,1.3024182772260522,1.883736379537675,1.3024182772260522,1.6279564145205612,5.1120426388808625e-05,0.0,0.00044582283388253536,2,14
geco_matched_plus_all_actuator_persistence_no_holdout_quality_gate,P603,actuator,actuator_persistence,1.0,25.0,1.0,P603,,,1e-06,1e-06,2.6e-05,0.0,0.0,0.0,0.0,0.0,0,0
geco_matched_plus_all_actuator_persistence_no_holdout_quality_gate,FIT101,sensor,no_holdout_quality_gate,1.42,2.0,5.0,(LIT101 * -5.3608805e-5) + 0.031951737,-0.02073055819816272,4.142017125521039,0.03810283754570068,3.0294345447363895,3.105640219827791,2.1334046089692884,2.1797146193093173,0.0,0.0,0.0,0,0
geco_matched_plus_all_actuator_persistence_no_holdout_quality_gate,LIT101,sensor,no_holdout_quality_gate,1.42,2.0,5.0,(FIT201 - FIT101) * -0.19228067,0.40181479216081095,4.537950991815633,0.45541297011116505,10.425733004810704,11.336558945033033,7.342065496345566,11.336558945033033,0.004234104881333932,7.782530979494287e-05,0.036324869160690054,11,1012
geco_matched_plus_all_actuator_persistence_no_holdout_quality_gate,FIT201,sensor,no_holdout_quality_gate,1.42,2.0,3.0,FIT301 * 0.0019161832,-0.028412093537082406,1.72743861513076,0.02363255310208697,3.128753895758634,3.176019001962808,2.2033478139145313,2.5178618086527687,0.0,0.0,0.0,0,0
geco_matched_plus_all_actuator_persistence_no_holdout_quality_gate,DPIT301,sensor,no_holdout_quality_gate,1.42,2.0,7.0,P302 - ((FIT301 * 0.4284513) - -1.027144),0.43800956563704907,25.153209621175467,0.16714296976649062,2046.5149980920469,2046.8492840315798,1441.2077451352443,63.35953520982656,0.0,0.0,0.0,0,0
geco_matched_plus_all_actuator_persistence_no_holdout_quality_gate,FIT301,sensor,no_holdout_quality_gate,1.42,2.0,3.0,MV303 * -0.0026802947,-0.010334711974421706,19.166696097155796,0.02845999811762023,3.0189241265158895,3.0758441227511297,2.1260029059971055,3.0758441227511297,0.00030449993109855575,0.0,0.0026555534018220584,10,25
geco_matched_plus_all_actuator_persistence_no_holdout_quality_gate,LIT301,sensor,no_holdout_quality_gate,1.42,2.0,5.0,(FIT301 - FIT201) * -0.18929929,0.336680080211637,4.001021228958368,0.35900655586676056,4.915939190039018,5.633952301772539,3.461929007069731,5.633952301772539,0.005487666641476891,0.00010293024843847282,0.047063384376817216,15,956
geco_matched_plus_all_actuator_persistence_no_holdout_quality_gate,AIT401,sensor,no_holdout_quality_gate,1.42,2.0,9.0,(FIT301 * (MV304 * (MV304 * 1.11552225e-7))) * AIT401,-0.0007011429606935682,4.054639083289264,0.09907165330484896,209.5001098377679,209.6982531443776,147.5352886181464,0.0,0.0,0.0,0.0,0,0
geco_matched_plus_all_actuator_persistence_no_holdout_quality_gate,LIT401,sensor,no_holdout_quality_gate,1.42,2.0,5.0,(DPIT301 * 0.022688651) - 0.38223073,0.2947958211021037,3.951397925657353,0.3366300543860994,37.7395047197734,38.4127648285456,26.577115999840423,38.4127648285456,0.04400579661182705,8.284629752364885e-05,0.38313626671835627,1716,905
geco_matched_plus_all_actuator_persistence_no_holdout_quality_gate,AIT504,sensor,no_holdout_quality_gate,1.42,2.0,7.0,((FIT504 * 3.598646) - 1.1120417) * PIT502,-0.04966050508977915,38.574280505575615,0.10845552326854281,488.1548890626849,488.37180010922197,343.7710486356936,488.37180010922197,0.0002644926408812272,0.0002987487698580065,0.0,3,117
geco_matched_plus_all_actuator_persistence_no_holdout_quality_gate,FIT501,sensor,no_holdout_quality_gate,1.42,2.0,3.0,AIT504 * 6.7863766e-6,-0.011206098840220724,34.72298697833636,0.0013179223851327868,2.241442859269373,2.2440787040396386,1.5784808868094178,2.2440787040396386,3.1116781280144385e-05,0.0,0.000271370420624152,1,14
geco_matched_plus_all_actuator_persistence_no_holdout_quality_gate,FIT502,sensor,no_holdout_quality_gate,1.42,2.0,5.0,(P402 - UV401) * 0.20704994,-9.542144852048295e-12,4.050449108763439,0.011624436868351438,1.3658728157887043,1.3891216895254073,0.9618822646399326,1.3891216895254073,0.003018327784174005,0.00010795123616717881,0.02548943593719713,5,574
geco_matched_plus_all_actuator_persistence_no_holdout_quality_gate,FIT504,sensor,no_holdout_quality_gate,1.42,2.0,7.0,FIT502 * (0.006901001 - (FIT504 * 0.022353666)),0.0006818953951246431,34.63391625029279,0.0006375541651170856,0.9755831712379424,0.9768582795681765,0.6870304022802411,0.9768582795681765,0.0031427949092945827,0.0002786648189431825,0.025256832719519288,6,456
geco_matched_plus_all_actuator_persistence_no_holdout_quality_gate,PIT503,sensor,no_holdout_quality_gate,1.42,2.0,15.0,((((UV401 * P402) * P402) + -0.97898483) * (FIT503 + -0.9433507)) * (FIT401 + -1.7066069),-0.16917589053297233,14.725584363887497,0.11122263994287224,336.88051547458014,337.10296075446587,237.239799629986,337.10296075446587,0.003669557563822741,0.00023598642324918157,0.03018026749370033,5,560
geco_matched_plus_all_actuator_persistence_no_holdout_quality_gate,FIT601,sensor,no_holdout_quality_gate,1.42,2.0,7.0,((P602 - FIT601) + -0.99994063) * FIT301,0.4916735207848195,10.255337304276727,0.01008498507082207,3.2510552307727765,3.2712252009144205,2.289475514628716,3.2712252009144205,0.00027338314981841135,0.0,0.0023841829811979067,8,40
geco_matched_plus_all_actuator_persistence_no_holdout_quality_gate,MV101,actuator,actuator_persistence,1.42,2.0,1.0,MV101,,,0.050778100568907185,3.683160777537214,3.7847169786750285,2.5937751954487425,2.5937751954487425,0.0,0.0,0.0,0,0
geco_matched_plus_all_actuator_persistence_no_holdout_quality_gate,P101,actuator,actuator_persistence,1.42,2.0,1.0,P101,,,0.02283152133090779,1.3875792397101108,1.4332422823719264,0.9771684786690922,0.9771684786690922,0.0,0.0,0.0,0,0
geco_matched_plus_all_actuator_persistence_no_holdout_quality_gate,P102,actuator,actuator_persistence,1.42,2.0,1.0,P102,,,1e-06,1e-06,3e-06,0.0,3e-06,5.3343053623104655e-05,3.0125926372235947e-05,0.00023260321767784454,8,3
geco_matched_plus_all_actuator_persistence_no_holdout_quality_gate,MV201,actuator,actuator_persistence,1.42,2.0,1.0,MV201,,,0.05142405563146907,3.7488448870231967,3.851692998286135,2.640031610579716,2.640031610579716,0.0,0.0,0.0,0,0
geco_matched_plus_all_actuator_persistence_no_holdout_quality_gate,P202,actuator,actuator_persistence,1.42,2.0,1.0,P202,,,1e-06,1e-06,3e-06,0.0,0.0,0.0,0.0,0.0,0,0
geco_matched_plus_all_actuator_persistence_no_holdout_quality_gate,P203,actuator,actuator_persistence,1.42,2.0,1.0,P203,,,0.022831521330907788,1.3875792397101108,1.4332422823719264,0.9771684786690922,0.9771684786690922,0.0,0.0,0.0,0,0
geco_matched_plus_all_actuator_persistence_no_holdout_quality_gate,P204,actuator,actuator_persistence,1.42,2.0,1.0,P204,,,1e-06,1e-06,3e-06,0.0,3e-06,1.3335763405776164e-05,0.0,0.00011630160883892227,2,3
geco_matched_plus_all_actuator_persistence_no_holdout_quality_gate,P205,actuator,actuator_persistence,1.42,2.0,1.0,P205,,,0.024826988305938616,2.170167855505775,2.219821832117652,1.5282872221871655,0.9751730116940613,0.0,0.0,0.0,0,0
geco_matched_plus_all_actuator_persistence_no_holdout_quality_gate,P206,actuator,actuator_persistence,1.42,2.0,1.0,P206,,,1e-06,1e-06,3e-06,0.0,3e-06,1.3335763405776164e-05,0.0,0.00011630160883892227,2,3
geco_matched_plus_all_actuator_persistence_no_holdout_quality_gate,MV301,actuator,actuator_persistence,1.42,2.0,1.0,MV301,,,0.05237923317467451,5.0242099779222285,5.128968444271577,3.538176040790302,3.538176040790302,0.0,0.0,0.0,0,0
geco_matched_plus_all_actuator_persistence_no_holdout_quality_gate,MV302,actuator,actuator_persistence,1.42,2.0,1.0,MV302,,,0.07240099292831928,3.64314354025072,3.7879455261073587,2.5655940424300847,3.7879455261073587,3.556203574873644e-05,0.0,0.0003101376235704594,6,3
geco_matched_plus_all_actuator_persistence_no_holdout_quality_gate,MV303,actuator,actuator_persistence,1.42,2.0,1.0,MV303,,,0.052379233174674536,3.664971911135697,3.7697303774850464,2.580966134602604,2.580966134602603,0.0,0.0,0.0,0,0
geco_matched_plus_all_actuator_persistence_no_holdout_quality_gate,MV304,actuator,actuator_persistence,1.42,2.0,1.0,MV304,,,0.07247943385085219,3.53955442752253,3.6845132952242343,2.4926439630440353,2.4926439630440353,0.0,0.0,0.0,0,0
geco_matched_plus_all_actuator_persistence_no_holdout_quality_gate,P301,actuator,actuator_persistence,1.42,2.0,1.0,P301,,,0.004036284484333829,3.549291027998505,3.5573635969671726,2.4995007239426092,0.0,0.0,0.0,0.0,0,0
geco_matched_plus_all_actuator_persistence_no_holdout_quality_gate,P302,actuator,actuator_persistence,1.42,2.0,1.0,P302,,,0.0321976659636582,3.848513828984448,3.9129091609117643,2.710221006327076,0.9678023340363417,0.0,0.0,0.0,0,0
geco_matched_plus_all_actuator_persistence_no_holdout_quality_gate,P401,actuator,actuator_persistence,1.42,2.0,1.0,P401,,,1e-06,1e-06,3e-06,0.0,0.0,0.0,0.0,0.0,0,0
geco_matched_plus_all_actuator_persistence_no_holdout_quality_gate,P402,actuator,actuator_persistence,1.42,2.0,1.0,P402,,,0.0014233583151173907,1.4179788311925332,1.420825547822768,0.9985766416848826,1.420825547822768,5.556568085740068e-05,0.0,0.0004845900368288428,7,4
geco_matched_plus_all_actuator_persistence_no_holdout_quality_gate,P403,actuator,actuator_persistence,1.42,2.0,1.0,P403,,,1e-06,1e-06,3e-06,0.0,3e-06,1.3335763405776164e-05,1.5062963186117974e-05,0.0,2,3
geco_matched_plus_all_actuator_persistence_no_holdout_quality_gate,P404,actuator,actuator_persistence,1.42,2.0,1.0,P404,,,1e-06,1e-06,3e-06,0.0,0.0,0.0,0.0,0.0,0,0
geco_matched_plus_all_actuator_persistence_no_holdout_quality_gate,UV401,actuator,actuator_persistence,1.42,2.0,1.0,UV401,,,0.001423358315117391,1.4179788311925332,1.420825547822768,0.9985766416848826,1.420825547822768,1.778101787436822e-05,7.531481593058987e-06,9.691800736576855e-05,2,5
geco_matched_plus_all_actuator_persistence_no_holdout_quality_gate,P501,actuator,actuator_persistence,1.42,2.0,1.0,P501,,,0.0014233583151173938,1.4179788311925332,1.420825547822768,0.9985766416848826,1.420825547822768,2.0003645108664247e-05,7.531481593058987e-06,0.00011630160883892227,2,6
geco_matched_plus_all_actuator_persistence_no_holdout_quality_gate,P502,actuator,actuator_persistence,1.42,2.0,1.0,P502,,,1e-06,1e-06,3e-06,0.0,0.0,0.0,0.0,0.0,0,0
geco_matched_plus_all_actuator_persistence_no_holdout_quality_gate,P601,actuator,actuator_persistence,1.42,2.0,1.0,P601,,,1e-06,1e-06,3e-06,0.0,0.0,0.0,0.0,0.0,0,0
geco_matched_plus_all_actuator_persistence_no_holdout_quality_gate,P602,actuator,actuator_persistence,1.42,2.0,1.0,P602,,,0.023252724092464913,1.849433953660994,1.895939401845924,1.3024182772260522,1.6279564145205612,0.0,0.0,0.0,0,0
geco_matched_plus_all_actuator_persistence_no_holdout_quality_gate,P603,actuator,actuator_persistence,1.42,2.0,1.0,P603,,,1e-06,1e-06,3e-06,0.0,0.0,0.0,0.0,0.0,0,0
geco_matched_plus_all_actuator_persistence_no_holdout_quality_gate,FIT101,sensor,no_holdout_quality_gate,1.42,5.98,5.0,(LIT101 * -5.3608805e-5) + 0.031951737,-0.02073055819816272,4.142017125521039,0.03810283754570068,3.0294345447363895,3.2572895132596797,2.1334046089692884,2.1797146193093173,0.0,0.0,0.0,0,0
geco_matched_plus_all_actuator_persistence_no_holdout_quality_gate,LIT101,sensor,no_holdout_quality_gate,1.42,5.98,5.0,(FIT201 - FIT101) * -0.19228067,0.40181479216081095,4.537950991815633,0.45541297011116505,10.425733004810704,13.14910256607547,7.342065496345566,13.14910256607547,0.004640845665210105,0.00018326605209776866,0.03905795696840473,10,1027
geco_matched_plus_all_actuator_persistence_no_holdout_quality_gate,FIT201,sensor,no_holdout_quality_gate,1.42,5.98,3.0,FIT301 * 0.0019161832,-0.028412093537082406,1.72743861513076,0.02363255310208697,3.128753895758634,3.270076563309114,2.2033478139145313,2.5178618086527687,0.0,0.0,0.0,0,0
geco_matched_plus_all_actuator_persistence_no_holdout_quality_gate,DPIT301,sensor,no_holdout_quality_gate,1.42,5.98,7.0,P302 - ((FIT301 * 0.4284513) - -1.027144),0.43800956563704907,25.153209621175467,0.16714296976649062,2046.5149980920469,2047.5145130512506,1441.2077451352443,63.35953520982656,0.0,0.0,0.0,0,0
geco_matched_plus_all_actuator_persistence_no_holdout_quality_gate,FIT301,sensor,no_holdout_quality_gate,1.42,5.98,3.0,MV303 * -0.0026802947,-0.010334711974421706,19.166696097155796,0.02845999811762023,3.0189241265158895,3.1891149152592586,2.1260029059971055,3.1891149152592586,0.00043563493792202136,0.0,0.0037991858887381274,11,31
geco_matched_plus_all_actuator_persistence_no_holdout_quality_gate,LIT301,sensor,no_holdout_quality_gate,1.42,5.98,5.0,(FIT301 - FIT201) * -0.18929929,0.336680080211637,4.001021228958368,0.35900655586676056,4.915939190039018,7.062798394122247,3.461929007069731,7.062798394122247,0.005758827164061006,0.00023849691711353457,0.04838146927699166,10,1148
geco_matched_plus_all_actuator_persistence_no_holdout_quality_gate,AIT401,sensor,no_holdout_quality_gate,1.42,5.98,9.0,(FIT301 * (MV304 * (MV304 * 1.11552225e-7))) * AIT401,-0.0007011429606935682,4.054639083289264,0.09907165330484896,209.5001098377679,210.0925583245309,147.5352886181464,0.0,0.0,0.0,0.0,0,0
geco_matched_plus_all_actuator_persistence_no_holdout_quality_gate,LIT401,sensor,no_holdout_quality_gate,1.42,5.98,5.0,(DPIT301 * 0.022688651) - 0.38223073,0.2947958211021037,3.951397925657353,0.3366300543860994,37.7395047197734,39.75255244500227,26.577115999840423,39.75255244500227,0.0721131406167346,0.0002610913618927115,0.6268850552432642,115,2042
geco_matched_plus_all_actuator_persistence_no_holdout_quality_gate,AIT504,sensor,no_holdout_quality_gate,1.42,5.98,7.0,((FIT504 * 3.598646) - 1.1120417) * PIT502,-0.04966050508977915,38.574280505575615,0.10845552326854281,488.1548890626849,488.80345309183076,343.7710486356936,488.80345309183076,0.0002956094221613716,0.0003338956839589484,0.0,1,133
geco_matched_plus_all_actuator_persistence_no_holdout_quality_gate,FIT501,sensor,no_holdout_quality_gate,1.42,5.98,3.0,AIT504 * 6.7863766e-6,-0.011206098840220724,34.72298697833636,0.0013179223851327868,2.241442859269373,2.2493240351324673,1.5784808868094178,2.2493240351324673,4.000729021732849e-05,0.0,0.0003489048265167668,1,18
geco_matched_plus_all_actuator_persistence_no_holdout_quality_gate,FIT502,sensor,no_holdout_quality_gate,1.42,5.98,5.0,(P402 - UV401) * 0.20704994,-9.542144852048295e-12,4.050449108763439,0.011624436868351438,1.3658728157887043,1.4353869482614459,0.9618822646399326,1.4353869482614459,0.003096119737374366,0.00018577654596212167,0.025566970343089745,5,589
geco_matched_plus_all_actuator_persistence_no_holdout_quality_gate,FIT504,sensor,no_holdout_quality_gate,1.42,5.98,7.0,FIT502 * (0.006901001 - (FIT504 * 0.022353666)),0.0006818953951246431,34.63391625029279,0.0006375541651170856,0.9755831712379424,0.9793957451453426,0.6870304022802411,0.9793957451453426,0.0032139189807920553,0.00035900062260247836,0.025256832719519288,4,471
geco_matched_plus_all_actuator_persistence_no_holdout_quality_gate,PIT503,sensor,no_holdout_quality_gate,1.42,5.98,15.0,((((UV401 * P402) * P402) + -0.97898483) * (FIT503 + -0.9433507)) * (FIT401 + -1.7066069),-0.16917589053297233,14.725584363887497,0.11122263994287224,336.88051547458014,337.5456268614385,237.239799629986,337.5456268614385,0.003767353162131766,0.0003464481532807134,0.03018026749370033,6,566
geco_matched_plus_all_actuator_persistence_no_holdout_quality_gate,FIT601,sensor,no_holdout_quality_gate,1.42,5.98,7.0,((P602 - FIT601) + -0.99994063) * FIT301,0.4916735207848195,10.255337304276727,0.01008498507082207,3.2510552307727765,3.3113634414962925,2.289475514628716,3.3113634414962925,0.00038006925706462064,0.0,0.003314595851909285,8,45
geco_matched_plus_all_actuator_persistence_no_holdout_quality_gate,MV101,actuator,actuator_persistence,1.42,5.98,1.0,MV101,,,0.050778100568907185,3.683160777537214,3.986813818939279,2.5937751954487425,2.5937751954487425,0.0,0.0,0.0,0,0
geco_matched_plus_all_actuator_persistence_no_holdout_quality_gate,P101,actuator,actuator_persistence,1.42,5.98,1.0,P101,,,0.02283152133090779,1.3875792397101108,1.5241117372689394,0.9771684786690922,0.9771684786690922,0.0,0.0,0.0,0,0
geco_matched_plus_all_actuator_persistence_no_holdout_quality_gate,P102,actuator,actuator_persistence,1.42,5.98,1.0,P102,,,1e-06,1e-06,6.98e-06,0.0,6.98e-06,0.00010668610724620931,6.0251852744471894e-05,0.00046520643535568907,8,6
geco_matched_plus_all_actuator_persistence_no_holdout_quality_gate,MV201,actuator,actuator_persistence,1.42,5.98,1.0,MV201,,,0.05142405563146907,3.7488448870231967,4.0563607396993815,2.640031610579716,2.640031610579716,0.0,0.0,0.0,0,0
geco_matched_plus_all_actuator_persistence_no_holdout_quality_gate,P202,actuator,actuator_persistence,1.42,5.98,1.0,P202,,,1e-06,1e-06,6.98e-06,0.0,0.0,0.0,0.0,0.0,0,0
geco_matched_plus_all_actuator_persistence_no_holdout_quality_gate,P203,actuator,actuator_persistence,1.42,5.98,1.0,P203,,,0.022831521330907788,1.3875792397101108,1.5241117372689392,0.9771684786690922,0.9771684786690922,0.0,0.0,0.0,0,0
geco_matched_plus_all_actuator_persistence_no_holdout_quality_gate,P204,actuator,actuator_persistence,1.42,5.98,1.0,P204,,,1e-06,1e-06,6.98e-06,0.0,6.98e-06,2.6671526811552328e-05,0.0,0.00023260321767784454,2,6
geco_matched_plus_all_actuator_persistence_no_holdout_quality_gate,P205,actuator,actuator_persistence,1.42,5.98,1.0,P205,,,0.024826988305938616,2.170167855505775,2.318633245575288,1.5282872221871655,0.9751730116940613,0.0,0.0,0.0,0,0
geco_matched_plus_all_actuator_persistence_no_holdout_quality_gate,P206,actuator,actuator_persistence,1.42,5.98,1.0,P206,,,1e-06,1e-06,6.98e-06,0.0,6.98e-06,2.6671526811552328e-05,0.0,0.00023260321767784454,2,6
geco_matched_plus_all_actuator_persistence_no_holdout_quality_gate,MV301,actuator,actuator_persistence,1.42,5.98,1.0,MV301,,,0.05237923317467451,5.0242099779222285,5.337437792306782,3.538176040790302,3.538176040790302,0.0,0.0,0.0,0,0
geco_matched_plus_all_actuator_persistence_no_holdout_quality_gate,MV302,actuator,actuator_persistence,1.42,5.98,1.0,MV302,,,0.07240099292831928,3.64314354025072,4.0761014779620695,2.5655940424300847,4.0761014779620695,6.890144426317685e-05,0.0,0.0006008916456677651,6,6
geco_matched_plus_all_actuator_persistence_no_holdout_quality_gate,MV303,actuator,actuator_persistence,1.42,5.98,1.0,MV303,,,0.052379233174674536,3.664971911135697,3.978199725520251,2.580966134602604,2.580966134602603,0.0,0.0,0.0,0,0
geco_matched_plus_all_actuator_persistence_no_holdout_quality_gate,MV304,actuator,actuator_persistence,1.42,5.98,1.0,MV304,,,0.07247943385085219,3.53955442752253,3.972981441950626,2.4926439630440353,2.4926439630440353,0.0,0.0,0.0,0,0
geco_matched_plus_all_actuator_persistence_no_holdout_quality_gate,P301,actuator,actuator_persistence,1.42,5.98,1.0,P301,,,0.004036284484333829,3.549291027998505,3.573428009214821,2.4995007239426092,0.0,0.0,0.0,0.0,0,0
geco_matched_plus_all_actuator_persistence_no_holdout_quality_gate,P302,actuator,actuator_persistence,1.42,5.98,1.0,P302,,,0.0321976659636582,3.848513828984448,4.041055871447124,2.710221006327076,0.9678023340363417,0.0,0.0,0.0,0,0
geco_matched_plus_all_actuator_persistence_no_holdout_quality_gate,P401,actuator,actuator_persistence,1.42,5.98,1.0,P401,,,1e-06,1e-06,6.98e-06,0.0,0.0,0.0,0.0,0.0,0,0
geco_matched_plus_all_actuator_persistence_no_holdout_quality_gate,P402,actuator,actuator_persistence,1.42,5.98,1.0,P402,,,0.0014233583151173907,1.4179788311925332,1.4264905139169353,0.9985766416848826,1.4264905139169353,9.335034384043314e-05,0.0,0.0008141112618724559,4,19
geco_matched_plus_all_actuator_persistence_no_holdout_quality_gate,P403,actuator,actuator_persistence,1.42,5.98,1.0,P403,,,1e-06,1e-06,6.98e-06,0.0,6.98e-06,2.6671526811552328e-05,3.0125926372235947e-05,0.0,2,6
geco_matched_plus_all_actuator_persistence_no_holdout_quality_gate,P404,actuator,actuator_persistence,1.42,5.98,1.0,P404,,,1e-06,1e-06,6.98e-06,0.0,0.0,0.0,0.0,0.0,0,0
geco_matched_plus_all_actuator_persistence_no_holdout_quality_gate,UV401,actuator,actuator_persistence,1.42,5.98,1.0,UV401,,,0.001423358315117391,1.4179788311925332,1.4264905139169353,0.9985766416848826,1.4264905139169353,3.1116781280144385e-05,1.5062963186117974e-05,0.0001550688117852297,2,8
geco_matched_plus_all_actuator_persistence_no_holdout_quality_gate,P501,actuator,actuator_persistence,1.42,5.98,1.0,P501,,,0.0014233583151173938,1.4179788311925332,1.4264905139169353,0.9985766416848826,1.4264905139169353,3.333940851444041e-05,1.5062963186117974e-05,0.0001744524132583834,2,9
geco_matched_plus_all_actuator_persistence_no_holdout_quality_gate,P502,actuator,actuator_persistence,1.42,5.98,1.0,P502,,,1e-06,1e-06,6.98e-06,0.0,0.0,0.0,0.0,0.0,0,0
geco_matched_plus_all_actuator_persistence_no_holdout_quality_gate,P601,actuator,actuator_persistence,1.42,5.98,1.0,P601,,,1e-06,1e-06,6.98e-06,0.0,0.0,0.0,0.0,0.0,0,0
geco_matched_plus_all_actuator_persistence_no_holdout_quality_gate,P602,actuator,actuator_persistence,1.42,5.98,1.0,P602,,,0.023252724092464913,1.849433953660994,1.9884852437339342,1.3024182772260522,1.6279564145205612,0.0,0.0,0.0,0,0
geco_matched_plus_all_actuator_persistence_no_holdout_quality_gate,P603,actuator,actuator_persistence,1.42,5.98,1.0,P603,,,1e-06,1e-06,6.98e-06,0.0,0.0,0.0,0.0,0.0,0,0
geco_matched_plus_all_actuator_persistence_no_holdout_quality_gate,FIT101,sensor,no_holdout_quality_gate,1.42,9.0,5.0,(LIT101 * -5.3608805e-5) + 0.031951737,-0.02073055819816272,4.142017125521039,0.03810283754570068,3.0294345447363895,3.3723600826476954,2.1334046089692884,2.1797146193093173,0.0,0.0,0.0,0,0
geco_matched_plus_all_actuator_persistence_no_holdout_quality_gate,LIT101,sensor,no_holdout_quality_gate,1.42,9.0,5.0,(FIT201 - FIT101) * -0.19228067,0.40181479216081095,4.537950991815633,0.45541297011116505,10.425733004810704,14.524449735811189,7.342065496345566,14.524449735811189,0.004987575513760285,0.0002987487698580065,0.041190153130451636,11,1049
geco_matched_plus_all_actuator_persistence_no_holdout_quality_gate,FIT201,sensor,no_holdout_quality_gate,1.42,9.0,3.0,FIT301 * 0.0019161832,-0.028412093537082406,1.72743861513076,0.02363255310208697,3.128753895758634,3.341446873677417,2.2033478139145313,2.5178618086527687,0.0,0.0,0.0,0,0
geco_matched_plus_all_actuator_persistence_no_holdout_quality_gate,DPIT301,sensor,no_holdout_quality_gate,1.42,9.0,7.0,P302 - ((FIT301 * 0.4284513) - -1.027144),0.43800956563704907,25.153209621175467,0.16714296976649062,2046.5149980920469,2048.0192848199454,1441.2077451352443,63.35953520982656,0.0,0.0,0.0,0,0
geco_matched_plus_all_actuator_persistence_no_holdout_quality_gate,FIT301,sensor,no_holdout_quality_gate,1.42,9.0,3.0,MV303 * -0.0026802947,-0.010334711974421706,19.166696097155796,0.02845999811762023,3.0189241265158895,3.2750641095744717,2.1260029059971055,3.2750641095744717,0.0005267626545281585,0.0,0.00459391354913743,10,51
geco_matched_plus_all_actuator_persistence_no_holdout_quality_gate,LIT301,sensor,no_holdout_quality_gate,1.42,9.0,5.0,(FIT301 - FIT201) * -0.18929929,0.336680080211637,4.001021228958368,0.35900655586676056,4.915939190039018,8.146998192839863,3.461929007069731,8.146998192839863,0.0059321920883360964,0.0003464481532807134,0.049059895328552046,9,1152
geco_matched_plus_all_actuator_persistence_no_holdout_quality_gate,AIT401,sensor,no_holdout_quality_gate,1.42,9.0,9.0,(FIT301 * (MV304 * (MV304 * 1.11552225e-7))) * AIT401,-0.0007011429606935682,4.054639083289264,0.09907165330484896,209.5001098377679,210.39175471751153,147.5352886181464,0.0,0.0,0.0,0.0,0,0
geco_matched_plus_all_actuator_persistence_no_holdout_quality_gate,LIT401,sensor,no_holdout_quality_gate,1.42,9.0,5.0,(DPIT301 * 0.022688651) - 0.38223073,0.2947958211021037,3.951397925657353,0.3366300543860994,37.7395047197734,40.769175209248296,26.577115999840423,40.769175209248296,0.07286438862192667,0.00037657407965294935,0.632545066873425,12,30470
geco_matched_plus_all_actuator_persistence_no_holdout_quality_gate,AIT504,sensor,no_holdout_quality_gate,1.42,9.0,7.0,((FIT504 * 3.598646) - 1.1120417) * PIT502,-0.04966050508977915,38.574280505575615,0.10845552326854281,488.1548890626849,489.1309887721018,343.7710486356936,489.1309887721018,0.0003022773038642597,0.0003414271655520074,0.0,1,136
geco_matched_plus_all_actuator_persistence_no_holdout_quality_gate,FIT501,sensor,no_holdout_quality_gate,1.42,9.0,3.0,AIT504 * 6.7863766e-6,-0.011206098840220724,34.72298697833636,0.0013179223851327868,2.241442859269373,2.2533041607355684,1.5784808868094178,2.2533041607355684,4.667517192021657e-05,0.0,0.00040705563093622793,1,21
geco_matched_plus_all_actuator_persistence_no_holdout_quality_gate,FIT502,sensor,no_holdout_quality_gate,1.42,9.0,5.0,(P402 - UV401) * 0.20704994,-9.542144852048295e-12,4.050449108763439,0.011624436868351438,1.3658728157887043,1.4704927476038674,0.9618822646399326,1.4704927476038674,0.0031405722820602865,0.0002284549416561226,0.025625121147509207,5,593
geco_matched_plus_all_actuator_persistence_no_holdout_quality_gate,FIT504,sensor,no_holdout_quality_gate,1.42,9.0,7.0,FIT502 * (0.006901001 - (FIT504 * 0.022353666)),0.0006818953951246431,34.63391625029279,0.0006375541651170856,0.9755831712379424,0.9813211587239962,0.6870304022802411,0.9813211587239962,0.00325614889824368,0.0004041895121608323,0.02527621632099244,4,476
geco_matched_plus_all_actuator_persistence_no_holdout_quality_gate,PIT503,sensor,no_holdout_quality_gate,1.42,9.0,15.0,((((UV401 * P402) * P402) + -0.97898483) * (FIT503 + -0.9433507)) * (FIT401 + -1.7066069),-0.16917589053297233,14.725584363887497,0.11122263994287224,336.88051547458014,337.881519234066,237.239799629986,337.881519234066,0.003825141470223463,0.00041172099375389126,0.03018026749370033,7,574
geco_matched_plus_all_actuator_persistence_no_holdout_quality_gate,FIT601,sensor,no_holdout_quality_gate,1.42,9.0,7.0,((P602 - FIT601) + -0.99994063) * FIT301,0.4916735207848195,10.255337304276727,0.01008498507082207,3.2510552307727765,3.341820096410175,2.289475514628716,3.341820096410175,0.0004289670562191333,0.0,0.0037410350843186664,7,49
geco_matched_plus_all_actuator_persistence_no_holdout_quality_gate,MV101,actuator,actuator_persistence,1.42,9.0,1.0,MV101,,,0.050778100568907185,3.683160777537214,4.140163682657379,2.5937751954487425,2.5937751954487425,0.0,0.0,0.0,0,0
geco_matched_plus_all_actuator_persistence_no_holdout_quality_gate,P101,actuator,actuator_persistence,1.42,9.0,1.0,P101,,,0.02283152133090779,1.3875792397101108,1.593062931688281,0.9771684786690922,0.9771684786690922,0.0,0.0,0.0,0,0
geco_matched_plus_all_actuator_persistence_no_holdout_quality_gate,P102,actuator,actuator_persistence,1.42,9.0,1.0,P102,,,1e-06,1e-06,1e-05,0.0,1e-05,0.0001778101787436822,0.00010041975457411982,0.0007753440589261484,8,10
geco_matched_plus_all_actuator_persistence_no_holdout_quality_gate,MV201,actuator,actuator_persistence,1.42,9.0,1.0,MV201,,,0.05142405563146907,3.7488448870231967,4.211661387706418,2.640031610579716,2.640031610579716,0.0,0.0,0.0,0,0
geco_matched_plus_all_actuator_persistence_no_holdout_quality_gate,P202,actuator,actuator_persistence,1.42,9.0,1.0,P202,,,1e-06,1e-06,1e-05,0.0,0.0,0.0,0.0,0.0,0,0
geco_matched_plus_all_actuator_persistence_no_holdout_quality_gate,P203,actuator,actuator_persistence,1.42,9.0,1.0,P203,,,0.022831521330907788,1.3875792397101108,1.593062931688281,0.9771684786690922,0.9771684786690922,0.0,0.0,0.0,0,0
geco_matched_plus_all_actuator_persistence_no_holdout_quality_gate,P204,actuator,actuator_persistence,1.42,9.0,1.0,P204,,,1e-06,1e-06,1e-05,0.0,1e-05,4.445254468592055e-05,0.0,0.0003876720294630742,2,10
geco_matched_plus_all_actuator_persistence_no_holdout_quality_gate,P205,actuator,actuator_persistence,1.42,9.0,1.0,P205,,,0.024826988305938616,2.170167855505775,2.3936107502592225,1.5282872221871655,0.9751730116940613,0.0,0.0,0.0,0,0
geco_matched_plus_all_actuator_persistence_no_holdout_quality_gate,P206,actuator,actuator_persistence,1.42,9.0,1.0,P206,,,1e-06,1e-06,1e-05,0.0,1e-05,4.445254468592055e-05,0.0,0.0003876720294630742,2,10
geco_matched_plus_all_actuator_persistence_no_holdout_quality_gate,MV301,actuator,actuator_persistence,1.42,9.0,1.0,MV301,,,0.05237923317467451,5.0242099779222285,5.495623076494299,3.538176040790302,3.538176040790302,0.0,0.0,0.0,0,0
geco_matched_plus_all_actuator_persistence_no_holdout_quality_gate,MV302,actuator,actuator_persistence,1.42,9.0,1.0,MV302,,,0.07240099292831928,3.64314354025072,4.294752476605593,2.5655940424300847,4.18997517679202,8.2237207668953e-05,0.0,0.0007171932545066873,6,8
geco_matched_plus_all_actuator_persistence_no_holdout_quality_gate,MV303,actuator,actuator_persistence,1.42,9.0,1.0,MV303,,,0.052379233174674536,3.664971911135697,4.136385009707768,2.580966134602604,2.580966134602603,0.0,0.0,0.0,0,0
geco_matched_plus_all_actuator_persistence_no_holdout_quality_gate,MV304,actuator,actuator_persistence,1.42,9.0,1.0,MV304,,,0.07247943385085219,3.53955442752253,4.1918693321802,2.4926439630440353,2.4926439630440353,0.0,0.0,0.0,0,0
geco_matched_plus_all_actuator_persistence_no_holdout_quality_gate,P301,actuator,actuator_persistence,1.42,9.0,1.0,P301,,,0.004036284484333829,3.549291027998505,3.5856175883575094,2.4995007239426092,0.0,0.0,0.0,0.0,0,0
geco_matched_plus_all_actuator_persistence_no_holdout_quality_gate,P302,actuator,actuator_persistence,1.42,9.0,1.0,P302,,,0.0321976659636582,3.848513828984448,4.138292822657371,2.710221006327076,0.9678023340363417,0.0,0.0,0.0,0,0
geco_matched_plus_all_actuator_persistence_no_holdout_quality_gate,P401,actuator,actuator_persistence,1.42,9.0,1.0,P401,,,1e-06,1e-06,1e-05,0.0,0.0,0.0,0.0,0.0,0,0
geco_matched_plus_all_actuator_persistence_no_holdout_quality_gate,P402,actuator,actuator_persistence,1.42,9.0,1.0,P402,,,0.0014233583151173907,1.4179788311925332,1.4307890560285896,0.9985766416848826,1.4307890560285896,0.00012891237958916957,0.0,0.0011242488854429154,4,23
geco_matched_plus_all_actuator_persistence_no_holdout_quality_gate,P403,actuator,actuator_persistence,1.42,9.0,1.0,P403,,,1e-06,1e-06,1e-05,0.0,1e-05,4.445254468592055e-05,5.020987728705991e-05,0.0,2,10
geco_matched_plus_all_actuator_persistence_no_holdout_quality_gate,P404,actuator,actuator_persistence,1.42,9.0,1.0,P404,,,1e-06,1e-06,1e-05,0.0,0.0,0.0,0.0,0.0,0,0
geco_matched_plus_all_actuator_persistence_no_holdout_quality_gate,UV401,actuator,actuator_persistence,1.42,9.0,1.0,UV401,,,0.001423358315117391,1.4179788311925332,1.4307890560285896,0.9985766416848826,1.4307890560285896,4.88977991545126e-05,2.5104938643529956e-05,0.00023260321767784454,2,12
geco_matched_plus_all_actuator_persistence_no_holdout_quality_gate,P501,actuator,actuator_persistence,1.42,9.0,1.0,P501,,,0.0014233583151173938,1.4179788311925332,1.4307890560285899,0.9985766416848826,1.4307890560285899,5.1120426388808625e-05,2.5104938643529956e-05,0.0002519868191509983,2,13
geco_matched_plus_all_actuator_persistence_no_holdout_quality_gate,P502,actuator,actuator_persistence,1.42,9.0,1.0,P502,,,1e-06,1e-06,1e-05,0.0,0.0,0.0,0.0,0.0,0,0
geco_matched_plus_all_actuator_persistence_no_holdout_quality_gate,P601,actuator,actuator_persistence,1.42,9.0,1.0,P601,,,1e-06,1e-06,1e-05,0.0,0.0,0.0,0.0,0.0,0,0
geco_matched_plus_all_actuator_persistence_no_holdout_quality_gate,P602,actuator,actuator_persistence,1.42,9.0,1.0,P602,,,0.023252724092464913,1.849433953660994,2.0587084704931784,1.3024182772260522,1.6279564145205612,0.0,0.0,0.0,0,0
geco_matched_plus_all_actuator_persistence_no_holdout_quality_gate,P603,actuator,actuator_persistence,1.42,9.0,1.0,P603,,,1e-06,1e-06,1e-05,0.0,0.0,0.0,0.0,0.0,0,0
geco_matched_plus_all_actuator_persistence_no_holdout_quality_gate,FIT101,sensor,no_holdout_quality_gate,1.42,15.0,5.0,(LIT101 * -5.3608805e-5) + 0.031951737,-0.02073055819816272,4.142017125521039,0.03810283754570068,3.0294345447363895,3.6009771079218997,2.1334046089692884,2.1797146193093173,0.0,0.0,0.0,0,0
geco_matched_plus_all_actuator_persistence_no_holdout_quality_gate,LIT101,sensor,no_holdout_quality_gate,1.42,15.0,5.0,(FIT201 - FIT101) * -0.19228067,0.40181479216081095,4.537950991815633,0.45541297011116505,10.425733004810704,17.256927556478182,7.342065496345566,17.256927556478182,0.0055210060499913316,0.00047197284649836313,0.044504748982360925,8,1104
geco_matched_plus_all_actuator_persistence_no_holdout_quality_gate,FIT201,sensor,no_holdout_quality_gate,1.42,15.0,3.0,FIT301 * 0.0019161832,-0.028412093537082406,1.72743861513076,0.02363255310208697,3.128753895758634,3.483242192289939,2.2033478139145313,2.5178618086527687,0.0,0.0,0.0,0,0
geco_matched_plus_all_actuator_persistence_no_holdout_quality_gate,DPIT301,sensor,no_holdout_quality_gate,1.42,15.0,7.0,P302 - ((FIT301 * 0.4284513) - -1.027144),0.43800956563704907,25.153209621175467,0.16714296976649062,2046.5149980920469,2049.022142638544,1441.2077451352443,63.35953520982656,0.0,0.0,0.0,0,0
geco_matched_plus_all_actuator_persistence_no_holdout_quality_gate,FIT301,sensor,no_holdout_quality_gate,1.42,15.0,3.0,MV303 * -0.0026802947,-0.010334711974421706,19.166696097155796,0.02845999811762023,3.0189241265158895,3.445824098280193,2.1260029059971055,3.445824098280193,0.0007045728332718406,0.0,0.006144601666989727,11,60
geco_matched_plus_all_actuator_persistence_no_holdout_quality_gate,LIT301,sensor,no_holdout_quality_gate,1.42,15.0,5.0,(FIT301 - FIT201) * -0.18929929,0.336680080211637,4.001021228958368,0.35900655586676056,4.915939190039018,10.301037528040426,3.461929007069731,10.301037528040426,0.006136673793891332,0.0005372456869715411,0.04937003295212251,8,1159
geco_matched_plus_all_actuator_persistence_no_holdout_quality_gate,AIT401,sensor,no_holdout_quality_gate,1.42,15.0,9.0,(FIT301 * (MV304 * (MV304 * 1.11552225e-7))) * AIT401,-0.0007011429606935682,4.054639083289264,0.09907165330484896,209.5001098377679,210.98618463734064,147.5352886181464,0.0,0.0,0.0,0.0,0,0
geco_matched_plus_all_actuator_persistence_no_holdout_quality_gate,LIT401,sensor,no_holdout_quality_gate,1.42,15.0,5.0,(DPIT301 * 0.022688651) - 0.38223073,0.2947958211021037,3.951397925657353,0.3366300543860994,37.7395047197734,42.78895553556489,26.577115999840423,42.78895553556489,0.07316666592579092,0.0006677913679178968,0.6329327389028881,11,30490
geco_matched_plus_all_actuator_persistence_no_holdout_quality_gate,AIT504,sensor,no_holdout_quality_gate,1.42,15.0,7.0,((FIT504 * 3.598646) - 1.1120417) * PIT502,-0.04966050508977915,38.574280505575615,0.10845552326854281,488.1548890626849,489.781721911713,343.7710486356936,489.781721911713,0.00032450357620722,0.0003665321041955373,0.0,1,146
geco_matched_plus_all_actuator_persistence_no_holdout_quality_gate,FIT501,sensor,no_holdout_quality_gate,1.42,15.0,3.0,AIT504 * 6.7863766e-6,-0.011206098840220724,34.72298697833636,0.0013179223851327868,2.241442859269373,2.2612116950463648,1.5784808868094178,2.2612116950463648,6.223356256028877e-05,0.0,0.000542740841248304,1,28
geco_matched_plus_all_actuator_persistence_no_holdout_quality_gate,FIT502,sensor,no_holdout_quality_gate,1.42,15.0,5.0,(P402 - UV401) * 0.20704994,-9.542144852048295e-12,4.050449108763439,0.011624436868351438,1.3658728157887043,1.540239368813976,0.9618822646399326,1.540239368813976,0.0032783751705866403,0.00036904259805989033,0.02574142275634813,4,617
geco_matched_plus_all_actuator_persistence_no_holdout_quality_gate,FIT504,sensor,no_holdout_quality_gate,1.42,15.0,7.0,FIT502 * (0.006901001 - (FIT504 * 0.022353666)),0.0006818953951246431,34.63391625029279,0.0006375541651170856,0.9755831712379424,0.9851464837146986,0.6870304022802411,0.9851464837146986,0.0033561671237870012,0.0005171617360567171,0.02527621632099244,4,485
geco_matched_plus_all_actuator_persistence_no_holdout_quality_gate,PIT503,sensor,no_holdout_quality_gate,1.42,15.0,15.0,((((UV401 * P402) * P402) + -0.97898483) * (FIT503 + -0.9433507)) * (FIT401 + -1.7066069),-0.16917589053297233,14.725584363887497,0.11122263994287224,336.88051547458014,338.54885507372325,237.239799629986,338.54885507372325,0.00396072173151552,0.000562350625615071,0.030199651095173485,5,596
geco_matched_plus_all_actuator_persistence_no_holdout_quality_gate,FIT601,sensor,no_holdout_quality_gate,1.42,15.0,7.0,((P602 - FIT601) + -0.99994063) * FIT301,0.4916735207848195,10.255337304276727,0.01008498507082207,3.2510552307727765,3.4023300068351077,2.289475514628716,3.4023300068351077,0.0005067590094194942,0.0,0.004419461135879046,6,55
geco_matched_plus_all_actuator_persistence_no_holdout_quality_gate,MV101,actuator,actuator_persistence,1.42,15.0,1.0,MV101,,,0.050778100568907185,3.683160777537214,4.444832286070822,2.5937751954487425,2.5937751954487425,0.0,0.0,0.0,0,0
geco_matched_plus_all_actuator_persistence_no_holdout_quality_gate,P101,actuator,actuator_persistence,1.42,15.0,1.0,P101,,,0.02283152133090779,1.3875792397101108,1.7300520596737277,0.9771684786690922,0.9771684786690922,0.0,0.0,0.0,0,0
geco_matched_plus_all_actuator_persistence_no_holdout_quality_gate,P102,actuator,actuator_persistence,1.42,15.0,1.0,P102,,,1e-06,1e-06,1.6e-05,0.0,1.6e-05,0.00026671526811552327,0.00015062963186117972,0.0011630160883892228,8,15
geco_matched_plus_all_actuator_persistence_no_holdout_quality_gate,MV201,actuator,actuator_persistence,1.42,15.0,1.0,MV201,,,0.05142405563146907,3.7488448870231967,4.520205721495232,2.640031610579716,2.640031610579716,0.0,0.0,0.0,0,0
geco_matched_plus_all_actuator_persistence_no_holdout_quality_gate,P202,actuator,actuator_persistence,1.42,15.0,1.0,P202,,,1e-06,1e-06,1.6e-05,0.0,0.0,0.0,0.0,0.0,0,0
geco_matched_plus_all_actuator_persistence_no_holdout_quality_gate,P203,actuator,actuator_persistence,1.42,15.0,1.0,P203,,,0.022831521330907788,1.3875792397101108,1.7300520596737277,0.9771684786690922,0.9771684786690922,0.0,0.0,0.0,0,0
geco_matched_plus_all_actuator_persistence_no_holdout_quality_gate,P204,actuator,actuator_persistence,1.42,15.0,1.0,P204,,,1e-06,1e-06,1.6e-05,0.0,1.6e-05,6.667881702888082e-05,0.0,0.0005815080441946114,2,15
geco_matched_plus_all_actuator_persistence_no_holdout_quality_gate,P205,actuator,actuator_persistence,1.42,15.0,1.0,P205,,,0.024826988305938616,2.170167855505775,2.542572680094854,1.5282872221871655,0.9751730116940613,0.0,0.0,0.0,0,0
geco_matched_plus_all_actuator_persistence_no_holdout_quality_gate,P206,actuator,actuator_persistence,1.42,15.0,1.0,P206,,,1e-06,1e-06,1.6e-05,0.0,1.6e-05,6.667881702888082e-05,0.0,0.0005815080441946114,2,15
geco_matched_plus_all_actuator_persistence_no_holdout_quality_gate,MV301,actuator,actuator_persistence,1.42,15.0,1.0,MV301,,,0.05237923317467451,5.0242099779222285,5.809898475542346,3.538176040790302,3.538176040790302,0.0,0.0,0.0,0,0
geco_matched_plus_all_actuator_persistence_no_holdout_quality_gate,MV302,actuator,actuator_persistence,1.42,15.0,1.0,MV302,,,0.07240099292831928,3.64314354025072,4.729158434175509,2.5655940424300847,4.18997517679202,8.2237207668953e-05,0.0,0.0007171932545066873,6,8
geco_matched_plus_all_actuator_persistence_no_holdout_quality_gate,MV303,actuator,actuator_persistence,1.42,15.0,1.0,MV303,,,0.052379233174674536,3.664971911135697,4.450660408755815,2.580966134602604,2.580966134602603,0.0,0.0,0.0,0,0
geco_matched_plus_all_actuator_persistence_no_holdout_quality_gate,MV304,actuator,actuator_persistence,1.42,15.0,1.0,MV304,,,0.07247943385085219,3.53955442752253,4.626745935285313,2.4926439630440353,2.4926439630440353,0.0,0.0,0.0,0,0
geco_matched_plus_all_actuator_persistence_no_holdout_quality_gate,P301,actuator,actuator_persistence,1.42,15.0,1.0,P301,,,0.004036284484333829,3.549291027998505,3.6098352952635127,2.4995007239426092,0.0,0.0,0.0,0.0,0,0
geco_matched_plus_all_actuator_persistence_no_holdout_quality_gate,P302,actuator,actuator_persistence,1.42,15.0,1.0,P302,,,0.0321976659636582,3.848513828984448,4.3314788184393205,2.710221006327076,0.9678023340363417,0.0,0.0,0.0,0,0
geco_matched_plus_all_actuator_persistence_no_holdout_quality_gate,P401,actuator,actuator_persistence,1.42,15.0,1.0,P401,,,1e-06,1e-06,1.6e-05,0.0,0.0,0.0,0.0,0.0,0,0
geco_matched_plus_all_actuator_persistence_no_holdout_quality_gate,P402,actuator,actuator_persistence,1.42,15.0,1.0,P402,,,0.0014233583151173907,1.4179788311925332,1.4393292059192941,0.9985766416848826,1.4393292059192941,0.00018225543321227425,0.0,0.0015894553207986043,4,29
geco_matched_plus_all_actuator_persistence_no_holdout_quality_gate,P403,actuator,actuator_persistence,1.42,15.0,1.0,P403,,,1e-06,1e-06,1.6e-05,0.0,1.6e-05,6.667881702888082e-05,7.531481593058986e-05,0.0,2,15
geco_matched_plus_all_actuator_persistence_no_holdout_quality_gate,P404,actuator,actuator_persistence,1.42,15.0,1.0,P404,,,1e-06,1e-06,1.6e-05,0.0,0.0,0.0,0.0,0.0,0,0
geco_matched_plus_all_actuator_persistence_no_holdout_quality_gate,UV401,actuator,actuator_persistence,1.42,15.0,1.0,UV401,,,0.001423358315117391,1.4179788311925332,1.4393292059192941,0.9985766416848826,1.4393292059192941,7.556932596606493e-05,4.016790182964793e-05,0.0003489048265167668,2,18
geco_matched_plus_all_actuator_persistence_no_holdout_quality_gate,P501,actuator,actuator_persistence,1.42,15.0,1.0,P501,,,0.0014233583151173938,1.4179788311925332,1.4393292059192941,0.9985766416848826,1.4393292059192941,7.779195320036096e-05,4.016790182964793e-05,0.0003682884279899205,2,19
geco_matched_plus_all_actuator_persistence_no_holdout_quality_gate,P502,actuator,actuator_persistence,1.42,15.0,1.0,P502,,,1e-06,1e-06,1.6e-05,0.0,0.0,0.0,0.0,0.0,0,0
geco_matched_plus_all_actuator_persistence_no_holdout_quality_gate,P601,actuator,actuator_persistence,1.42,15.0,1.0,P601,,,1e-06,1e-06,1.6e-05,0.0,0.0,0.0,0.0,0.0,0,0
geco_matched_plus_all_actuator_persistence_no_holdout_quality_gate,P602,actuator,actuator_persistence,1.42,15.0,1.0,P602,,,0.023252724092464913,1.849433953660994,2.1982248150479675,1.3024182772260522,1.6279564145205612,0.0,0.0,0.0,0,0
geco_matched_plus_all_actuator_persistence_no_holdout_quality_gate,P603,actuator,actuator_persistence,1.42,15.0,1.0,P603,,,1e-06,1e-06,1.6e-05,0.0,0.0,0.0,0.0,0.0,0,0
geco_matched_plus_all_actuator_persistence_no_holdout_quality_gate,FIT101,sensor,no_holdout_quality_gate,1.42,25.0,5.0,(LIT101 * -5.3608805e-5) + 0.031951737,-0.02073055819816272,4.142017125521039,0.03810283754570068,3.0294345447363895,3.9820054833789067,2.1334046089692884,2.1797146193093173,0.0,0.0,0.0,0,0
geco_matched_plus_all_actuator_persistence_no_holdout_quality_gate,LIT101,sensor,no_holdout_quality_gate,1.42,25.0,5.0,(FIT201 - FIT101) * -0.19228067,0.40181479216081095,4.537950991815633,0.45541297011116505,10.425733004810704,21.81105725758983,7.342065496345566,21.81105725758983,0.005947750478976169,0.0007682111224920166,0.045939135491374294,8,1180
geco_matched_plus_all_actuator_persistence_no_holdout_quality_gate,FIT201,sensor,no_holdout_quality_gate,1.42,25.0,3.0,FIT301 * 0.0019161832,-0.028412093537082406,1.72743861513076,0.02363255310208697,3.128753895758634,3.719567723310808,2.2033478139145313,2.5178618086527687,0.0,0.0,0.0,0,0
geco_matched_plus_all_actuator_persistence_no_holdout_quality_gate,DPIT301,sensor,no_holdout_quality_gate,1.42,25.0,7.0,P302 - ((FIT301 * 0.4284513) - -1.027144),0.43800956563704907,25.153209621175467,0.16714296976649062,2046.5149980920469,2050.693572336209,1441.2077451352443,63.35953520982656,0.0,0.0,0.0,0,0
geco_matched_plus_all_actuator_persistence_no_holdout_quality_gate,FIT301,sensor,no_holdout_quality_gate,1.42,25.0,3.0,MV303 * -0.0026802947,-0.010334711974421706,19.166696097155796,0.02845999811762023,3.0189241265158895,3.7304240794563954,2.1260029059971055,3.7304240794563954,0.0010068501371361003,5.020987728705991e-06,0.008742004264392323,9,74
geco_matched_plus_all_actuator_persistence_no_holdout_quality_gate,LIT301,sensor,no_holdout_quality_gate,1.42,25.0,5.0,(FIT301 - FIT201) * -0.18929929,0.336680080211637,4.001021228958368,0.35900655586676056,4.915939190039018,13.891103086708032,3.461929007069731,13.891103086708032,0.0064878488969101035,0.0008736518647948424,0.04983523938747819,8,1170
geco_matched_plus_all_actuator_persistence_no_holdout_quality_gate,AIT401,sensor,no_holdout_quality_gate,1.42,25.0,9.0,(FIT301 * (MV304 * (MV304 * 1.11552225e-7))) * AIT401,-0.0007011429606935682,4.054639083289264,0.09907165330484896,209.5001098377679,211.9769011703891,147.5352886181464,0.0,0.0,0.0,0.0,0,0
geco_matched_plus_all_actuator_persistence_no_holdout_quality_gate,LIT401,sensor,no_holdout_quality_gate,1.42,25.0,5.0,(DPIT301 * 0.022688651) - 0.38223073,0.2947958211021037,3.951397925657353,0.3366300543860994,37.7395047197734,46.15525607942588,26.577115999840423,46.15525607942588,0.07369120595308479,0.001194995079432026,0.6334367125411902,13,30545
geco_matched_plus_all_actuator_persistence_no_holdout_quality_gate,AIT504,sensor,no_holdout_quality_gate,1.42,25.0,7.0,((FIT504 * 3.598646) - 1.1120417) * PIT502,-0.04966050508977915,38.574280505575615,0.10845552326854281,488.1548890626849,490.86627714439845,343.7710486356936,490.86627714439845,0.00036228823919025246,0.00040921049988953826,0.0,5,156
geco_matched_plus_all_actuator_persistence_no_holdout_quality_gate,FIT501,sensor,no_holdout_quality_gate,1.42,25.0,3.0,AIT504 * 6.7863766e-6,-0.011206098840220724,34.72298697833636,0.0013179223851327868,2.241442859269373,2.274390918897693,1.5784808868094178,2.274390918897693,8.668246213754506e-05,0.0,0.0007559604574529947,1,39
geco_matched_plus_all_actuator_persistence_no_holdout_quality_gate,FIT502,sensor,no_holdout_quality_gate,1.42,25.0,5.0,(P402 - UV401) * 0.20704994,-9.542144852048295e-12,4.050449108763439,0.011624436868351438,1.3658728157887043,1.6564837374974903,0.9618822646399326,1.6564837374974903,0.003427291195284474,0.0005121407483280111,0.025935258771079668,4,634
geco_matched_plus_all_actuator_persistence_no_holdout_quality_gate,FIT504,sensor,no_holdout_quality_gate,1.42,25.0,7.0,FIT502 * (0.006901001 - (FIT504 * 0.022353666)),0.0006818953951246431,34.63391625029279,0.0006375541651170856,0.9755831712379424,0.9915220253658695,0.6870304022802411,0.9915220253658695,0.003516196284656315,0.0006928963065614268,0.02531498352393875,5,501
geco_matched_plus_all_actuator_persistence_no_holdout_quality_gate,PIT503,sensor,no_holdout_quality_gate,1.42,25.0,15.0,((((UV401 * P402) * P402) + -0.97898483) * (FIT503 + -0.9433507)) * (FIT401 + -1.7066069),-0.16917589053297233,14.725584363887497,0.11122263994287224,336.88051547458014,339.66108147315197,237.239799629986,339.66108147315197,0.0041340866557906105,0.0007531481593058987,0.030238418298119792,5,612
geco_matched_plus_all_actuator_persistence_no_holdout_quality_gate,FIT601,sensor,no_holdout_quality_gate,1.42,25.0,7.0,((P602 - FIT601) + -0.99994063) * FIT301,0.4916735207848195,10.255337304276727,0.01008498507082207,3.2510552307727765,3.503179857543328,2.289475514628716,3.503179857543328,0.0006023319804942234,0.0,0.005252955999224656,5,65
geco_matched_plus_all_actuator_persistence_no_holdout_quality_gate,MV101,actuator,actuator_persistence,1.42,25.0,1.0,MV101,,,0.050778100568907185,3.683160777537214,4.952613291759894,2.5937751954487425,2.5937751954487425,0.0,0.0,0.0,0,0
geco_matched_plus_all_actuator_persistence_no_holdout_quality_gate,P101,actuator,actuator_persistence,1.42,25.0,1.0,P101,,,0.02283152133090779,1.3875792397101108,1.9583672729828057,0.9771684786690922,0.9771684786690922,0.0,0.0,0.0,0,0
geco_matched_plus_all_actuator_persistence_no_holdout_quality_gate,P102,actuator,actuator_persistence,1.42,25.0,1.0,P102,,,1e-06,1e-06,2.6e-05,0.0,2.6e-05,0.00044452544685920543,0.00025104938643529955,0.0019383601473153711,8,25
geco_matched_plus_all_actuator_persistence_no_holdout_quality_gate,MV201,actuator,actuator_persistence,1.42,25.0,1.0,MV201,,,0.05142405563146907,3.7488448870231967,5.0344462778099235,2.640031610579716,2.640031610579716,0.0,0.0,0.0,0,0
geco_matched_plus_all_actuator_persistence_no_holdout_quality_gate,P202,actuator,actuator_persistence,1.42,25.0,1.0,P202,,,1e-06,1e-06,2.6e-05,0.0,0.0,0.0,0.0,0.0,0,0
geco_matched_plus_all_actuator_persistence_no_holdout_quality_gate,P203,actuator,actuator_persistence,1.42,25.0,1.0,P203,,,0.022831521330907788,1.3875792397101108,1.9583672729828054,0.9771684786690922,0.9771684786690922,0.0,0.0,0.0,0,0
geco_matched_plus_all_actuator_persistence_no_holdout_quality_gate,P204,actuator,actuator_persistence,1.42,25.0,1.0,P204,,,1e-06,1e-06,2.6e-05,0.0,2.6e-05,0.00011113136171480136,0.0,0.0009691800736576856,2,25
geco_matched_plus_all_actuator_persistence_no_holdout_quality_gate,P205,actuator,actuator_persistence,1.42,25.0,1.0,P205,,,0.024826988305938616,2.170167855505775,2.79084256315424,1.5282872221871655,0.9751730116940613,0.0,0.0,0.0,0,0
geco_matched_plus_all_actuator_persistence_no_holdout_quality_gate,P206,actuator,actuator_persistence,1.42,25.0,1.0,P206,,,1e-06,1e-06,2.6e-05,0.0,2.6e-05,0.00011113136171480136,0.0,0.0009691800736576856,2,25
geco_matched_plus_all_actuator_persistence_no_holdout_quality_gate,MV301,actuator,actuator_persistence,1.42,25.0,1.0,MV301,,,0.05237923317467451,5.0242099779222285,6.333690807289091,3.538176040790302,3.538176040790302,0.0,0.0,0.0,0,0
geco_matched_plus_all_actuator_persistence_no_holdout_quality_gate,MV302,actuator,actuator_persistence,1.42,25.0,1.0,MV302,,,0.07240099292831928,3.64314354025072,5.453168363458702,2.5655940424300847,4.18997517679202,8.2237207668953e-05,0.0,0.0007171932545066873,6,8
geco_matched_plus_all_actuator_persistence_no_holdout_quality_gate,MV303,actuator,actuator_persistence,1.42,25.0,1.0,MV303,,,0.052379233174674536,3.664971911135697,4.97445274050256,2.580966134602604,2.580966134602603,0.0,0.0,0.0,0,0
geco_matched_plus_all_actuator_persistence_no_holdout_quality_gate,MV304,actuator,actuator_persistence,1.42,25.0,1.0,MV304,,,0.07247943385085219,3.53955442752253,5.351540273793835,2.4926439630440353,2.4926439630440353,0.0,0.0,0.0,0,0
geco_matched_plus_all_actuator_persistence_no_holdout_quality_gate,P301,actuator,actuator_persistence,1.42,25.0,1.0,P301,,,0.004036284484333829,3.549291027998505,3.6501981401068506,2.4995007239426092,0.0,0.0,0.0,0.0,0,0
geco_matched_plus_all_actuator_persistence_no_holdout_quality_gate,P302,actuator,actuator_persistence,1.42,25.0,1.0,P302,,,0.0321976659636582,3.848513828984448,4.6534554780759025,2.710221006327076,0.9678023340363417,0.0,0.0,0.0,0,0
geco_matched_plus_all_actuator_persistence_no_holdout_quality_gate,P401,actuator,actuator_persistence,1.42,25.0,1.0,P401,,,1e-06,1e-06,2.6e-05,0.0,0.0,0.0,0.0,0.0,0,0
geco_matched_plus_all_actuator_persistence_no_holdout_quality_gate,P402,actuator,actuator_persistence,1.42,25.0,1.0,P402,,,0.0014233583151173907,1.4179788311925332,1.4535627890704679,0.9985766416848826,1.4535627890704679,0.0002711605225841153,0.0,0.002364799379724753,4,39
geco_matched_plus_all_actuator_persistence_no_holdout_quality_gate,P403,actuator,actuator_persistence,1.42,25.0,1.0,P403,,,1e-06,1e-06,2.6e-05,0.0,2.6e-05,0.00011113136171480136,0.00012552469321764977,0.0,2,25
geco_matched_plus_all_actuator_persistence_no_holdout_quality_gate,P404,actuator,actuator_persistence,1.42,25.0,1.0,P404,,,1e-06,1e-06,2.6e-05,0.0,0.0,0.0,0.0,0.0,0,0
geco_matched_plus_all_actuator_persistence_no_holdout_quality_gate,UV401,actuator,actuator_persistence,1.42,25.0,1.0,UV401,,,0.001423358315117391,1.4179788311925332,1.4535627890704679,0.9985766416848826,1.4535627890704679,0.00012002187065198548,6.527284047317788e-05,0.000542740841248304,2,28
geco_matched_plus_all_actuator_persistence_no_holdout_quality_gate,P501,actuator,actuator_persistence,1.42,25.0,1.0,P501,,,0.0014233583151173938,1.4179788311925332,1.453562789070468,0.9985766416848826,1.453562789070468,0.0001222444978862815,6.527284047317788e-05,0.0005621244427214577,2,29
geco_matched_plus_all_actuator_persistence_no_holdout_quality_gate,P502,actuator,actuator_persistence,1.42,25.0,1.0,P502,,,1e-06,1e-06,2.6e-05,0.0,0.0,0.0,0.0,0.0,0,0
geco_matched_plus_all_actuator_persistence_no_holdout_quality_gate,P601,actuator,actuator_persistence,1.42,25.0,1.0,P601,,,1e-06,1e-06,2.6e-05,0.0,0.0,0.0,0.0,0.0,0,0
geco_matched_plus_all_actuator_persistence_no_holdout_quality_gate,P602,actuator,actuator_persistence,1.42,25.0,1.0,P602,,,0.023252724092464913,1.849433953660994,2.430752055972617,1.3024182772260522,1.6279564145205612,0.0,0.0,0.0,0,0
geco_matched_plus_all_actuator_persistence_no_holdout_quality_gate,P603,actuator,actuator_persistence,1.42,25.0,1.0,P603,,,1e-06,1e-06,2.6e-05,0.0,0.0,0.0,0.0,0.0,0,0
geco_matched_plus_all_actuator_persistence_no_holdout_quality_gate,FIT101,sensor,no_holdout_quality_gate,2.0,2.0,5.0,(LIT101 * -5.3608805e-5) + 0.031951737,-0.02073055819816272,4.142017125521039,0.03810283754570068,4.266809217938577,4.343014893029978,2.1334046089692884,2.1797146193093173,0.0,0.0,0.0,0,0
geco_matched_plus_all_actuator_persistence_no_holdout_quality_gate,LIT101,sensor,no_holdout_quality_gate,2.0,2.0,5.0,(FIT201 - FIT101) * -0.19228067,0.40181479216081095,4.537950991815633,0.45541297011116505,14.684130992691133,15.594956932913462,7.342065496345566,15.594956932913462,0.00407852097493321,7.782530979494287e-05,0.034968017057569294,11,1000
geco_matched_plus_all_actuator_persistence_no_holdout_quality_gate,FIT201,sensor,no_holdout_quality_gate,2.0,2.0,3.0,FIT301 * 0.0019161832,-0.028412093537082406,1.72743861513076,0.02363255310208697,4.4066956278290625,4.453960734033236,2.2033478139145313,2.5178618086527687,0.0,0.0,0.0,0,0
geco_matched_plus_all_actuator_persistence_no_holdout_quality_gate,DPIT301,sensor,no_holdout_quality_gate,2.0,2.0,7.0,P302 - ((FIT301 * 0.4284513) - -1.027144),0.43800956563704907,25.153209621175467,0.16714296976649062,2882.4154902704886,2882.7497762100215,1441.2077451352443,63.35953520982656,0.0,0.0,0.0,0,0
geco_matched_plus_all_actuator_persistence_no_holdout_quality_gate,FIT301,sensor,no_holdout_quality_gate,2.0,2.0,3.0,MV303 * -0.0026802947,-0.010334711974421706,19.166696097155796,0.02845999811762023,4.252005811994211,4.308925808229452,2.1260029059971055,4.308925808229452,0.00023115323236678684,0.0,0.002015894553207986,9,25
geco_matched_plus_all_actuator_persistence_no_holdout_quality_gate,LIT301,sensor,no_holdout_quality_gate,2.0,2.0,5.0,(FIT301 - FIT201) * -0.18929929,0.336680080211637,4.001021228958368,0.35900655586676056,6.923858014139462,7.641871125872983,3.461929007069731,7.641871125872983,0.005407652061042234,0.00010293024843847282,0.04636557472378368,14,956
geco_matched_plus_all_actuator_persistence_no_holdout_quality_gate,AIT401,sensor,no_holdout_quality_gate,2.0,2.0,9.0,(FIT301 * (MV304 * (MV304 * 1.11552225e-7))) * AIT401,-0.0007011429606935682,4.054639083289264,0.09907165330484896,295.0705772362928,295.26872054290254,147.5352886181464,0.0,0.0,0.0,0.0,0,0
geco_matched_plus_all_actuator_persistence_no_holdout_quality_gate,LIT401,sensor,no_holdout_quality_gate,2.0,2.0,5.0,(DPIT301 * 0.022688651) - 0.38223073,0.2947958211021037,3.951397925657353,0.3366300543860994,53.154231999680846,53.82749210845304,26.577115999840423,53.82749210845304,0.04240328237589961,8.284629752364885e-05,0.36916069005621244,1652,882
geco_matched_plus_all_actuator_persistence_no_holdout_quality_gate,AIT504,sensor,no_holdout_quality_gate,2.0,2.0,7.0,((FIT504 * 3.598646) - 1.1120417) * PIT502,-0.04966050508977915,38.574280505575615,0.10845552326854281,687.5420972713872,687.7590083179243,343.7710486356936,687.7590083179243,0.00022448535066389876,0.00025355988029965255,0.0,3,99
geco_matched_plus_all_actuator_persistence_no_holdout_quality_gate,FIT501,sensor,no_holdout_quality_gate,2.0,2.0,3.0,AIT504 * 6.7863766e-6,-0.011206098840220724,34.72298697833636,0.0013179223851327868,3.1569617736188356,3.159597618389101,1.5784808868094178,3.159597618389101,1.5558390640072193e-05,0.0,0.000135685210312076,1,7
geco_matched_plus_all_actuator_persistence_no_holdout_quality_gate,FIT502,sensor,no_holdout_quality_gate,2.0,2.0,5.0,(P402 - UV401) * 0.20704994,-9.542144852048295e-12,4.050449108763439,0.011624436868351438,1.9237645292798653,1.9470134030165682,0.9618822646399326,1.9470134030165682,0.0029872110028938605,0.00010795123616717881,0.02521806551657298,4,572
geco_matched_plus_all_actuator_persistence_no_holdout_quality_gate,FIT504,sensor,no_holdout_quality_gate,2.0,2.0,7.0,FIT502 * (0.006901001 - (FIT504 * 0.022353666)),0.0006818953951246431,34.63391625029279,0.0006375541651170856,1.3740608045604823,1.3753359128907165,0.6870304022802411,1.3753359128907165,0.002693824207966785,0.0002786648189431825,0.021341345221942237,6,380
geco_matched_plus_all_actuator_persistence_no_holdout_quality_gate,PIT503,sensor,no_holdout_quality_gate,2.0,2.0,15.0,((((UV401 * P402) * P402) + -0.97898483) * (FIT503 + -0.9433507)) * (FIT401 + -1.7066069),-0.16917589053297233,14.725584363887497,0.11122263994287224,474.479599259972,474.70204453985775,237.239799629986,474.70204453985775,0.0031339044003573986,0.0001757345705047097,0.025974025974025976,4,513
geco_matched_plus_all_actuator_persistence_no_holdout_quality_gate,FIT601,sensor,no_holdout_quality_gate,2.0,2.0,7.0,((P602 - FIT601) + -0.99994063) * FIT301,0.4916735207848195,10.255337304276727,0.01008498507082207,4.578951029257432,4.5991209993990765,2.289475514628716,4.5991209993990765,0.00018892331491516233,0.0,0.0016476061252180655,4,40
geco_matched_plus_all_actuator_persistence_no_holdout_quality_gate,MV101,actuator,actuator_persistence,2.0,2.0,1.0,MV101,,,0.050778100568907185,5.187550390897485,5.289106592035299,2.5937751954487425,2.5937751954487425,0.0,0.0,0.0,0,0
geco_matched_plus_all_actuator_persistence_no_holdout_quality_gate,P101,actuator,actuator_persistence,2.0,2.0,1.0,P101,,,0.02283152133090779,1.9543369573381844,2.0,0.9771684786690922,0.9771684786690922,0.0,0.0,0.0,0,0
geco_matched_plus_all_actuator_persistence_no_holdout_quality_gate,P102,actuator,actuator_persistence,2.0,2.0,1.0,P102,,,1e-06,1e-06,3e-06,0.0,3e-06,5.3343053623104655e-05,3.0125926372235947e-05,0.00023260321767784454,8,3
geco_matched_plus_all_actuator_persistence_no_holdout_quality_gate,MV201,actuator,actuator_persistence,2.0,2.0,1.0,MV201,,,0.05142405563146907,5.280063221159432,5.3829113324223705,2.640031610579716,2.640031610579716,0.0,0.0,0.0,0,0
geco_matched_plus_all_actuator_persistence_no_holdout_quality_gate,P202,actuator,actuator_persistence,2.0,2.0,1.0,P202,,,1e-06,1e-06,3e-06,0.0,0.0,0.0,0.0,0.0,0,0
geco_matched_plus_all_actuator_persistence_no_holdout_quality_gate,P203,actuator,actuator_persistence,2.0,2.0,1.0,P203,,,0.022831521330907788,1.9543369573381844,2.0,0.9771684786690922,0.9771684786690922,0.0,0.0,0.0,0,0
geco_matched_plus_all_actuator_persistence_no_holdout_quality_gate,P204,actuator,actuator_persistence,2.0,2.0,1.0,P204,,,1e-06,1e-06,3e-06,0.0,3e-06,1.3335763405776164e-05,0.0,0.00011630160883892227,2,3
geco_matched_plus_all_actuator_persistence_no_holdout_quality_gate,P205,actuator,actuator_persistence,2.0,2.0,1.0,P205,,,0.024826988305938616,3.056574444374331,3.1062284209862083,1.5282872221871655,0.9751730116940613,0.0,0.0,0.0,0,0
geco_matched_plus_all_actuator_persistence_no_holdout_quality_gate,P206,actuator,actuator_persistence,2.0,2.0,1.0,P206,,,1e-06,1e-06,3e-06,0.0,3e-06,1.3335763405776164e-05,0.0,0.00011630160883892227,2,3
geco_matched_plus_all_actuator_persistence_no_holdout_quality_gate,MV301,actuator,actuator_persistence,2.0,2.0,1.0,MV301,,,0.05237923317467451,7.076352081580604,7.181110547929952,3.538176040790302,3.538176040790302,0.0,0.0,0.0,0,0
geco_matched_plus_all_actuator_persistence_no_holdout_quality_gate,MV302,actuator,actuator_persistence,2.0,2.0,1.0,MV302,,,0.07240099292831928,5.131188084860169,5.275990070716808,2.5655940424300847,4.18997517679202,0.0,0.0,0.0,0,0
geco_matched_plus_all_actuator_persistence_no_holdout_quality_gate,MV303,actuator,actuator_persistence,2.0,2.0,1.0,MV303,,,0.052379233174674536,5.161932269205208,5.2666907355545565,2.580966134602604,2.580966134602603,0.0,0.0,0.0,0,0
geco_matched_plus_all_actuator_persistence_no_holdout_quality_gate,MV304,actuator,actuator_persistence,2.0,2.0,1.0,MV304,,,0.07247943385085219,4.985287926088071,5.130246793789775,2.4926439630440353,2.4926439630440353,0.0,0.0,0.0,0,0
geco_matched_plus_all_actuator_persistence_no_holdout_quality_gate,P301,actuator,actuator_persistence,2.0,2.0,1.0,P301,,,0.004036284484333829,4.9990014478852185,5.0070740168538865,2.4995007239426092,0.0,0.0,0.0,0.0,0,0
geco_matched_plus_all_actuator_persistence_no_holdout_quality_gate,P302,actuator,actuator_persistence,2.0,2.0,1.0,P302,,,0.0321976659636582,5.420442012654152,5.484837344581468,2.710221006327076,0.9678023340363417,0.0,0.0,0.0,0,0
geco_matched_plus_all_actuator_persistence_no_holdout_quality_gate,P401,actuator,actuator_persistence,2.0,2.0,1.0,P401,,,1e-06,1e-06,3e-06,0.0,0.0,0.0,0.0,0.0,0,0
geco_matched_plus_all_actuator_persistence_no_holdout_quality_gate,P402,actuator,actuator_persistence,2.0,2.0,1.0,P402,,,0.0014233583151173907,1.9971532833697652,2.0,0.9985766416848826,2.0,4.222991745162452e-05,0.0,0.0003682884279899205,5,4
geco_matched_plus_all_actuator_persistence_no_holdout_quality_gate,P403,actuator,actuator_persistence,2.0,2.0,1.0,P403,,,1e-06,1e-06,3e-06,0.0,3e-06,1.3335763405776164e-05,1.5062963186117974e-05,0.0,2,3
geco_matched_plus_all_actuator_persistence_no_holdout_quality_gate,P404,actuator,actuator_persistence,2.0,2.0,1.0,P404,,,1e-06,1e-06,3e-06,0.0,0.0,0.0,0.0,0.0,0,0
geco_matched_plus_all_actuator_persistence_no_holdout_quality_gate,UV401,actuator,actuator_persistence,2.0,2.0,1.0,UV401,,,0.001423358315117391,1.9971532833697652,2.0,0.9985766416848826,2.0,6.667881702888082e-06,0.0,5.8150804419461134e-05,1,3
geco_matched_plus_all_actuator_persistence_no_holdout_quality_gate,P501,actuator,actuator_persistence,2.0,2.0,1.0,P501,,,0.0014233583151173938,1.9971532833697652,2.0,0.9985766416848826,2.0,6.667881702888082e-06,0.0,5.8150804419461134e-05,1,3
geco_matched_plus_all_actuator_persistence_no_holdout_quality_gate,P502,actuator,actuator_persistence,2.0,2.0,1.0,P502,,,1e-06,1e-06,3e-06,0.0,0.0,0.0,0.0,0.0,0,0
geco_matched_plus_all_actuator_persistence_no_holdout_quality_gate,P601,actuator,actuator_persistence,2.0,2.0,1.0,P601,,,1e-06,1e-06,3e-06,0.0,0.0,0.0,0.0,0.0,0,0
geco_matched_plus_all_actuator_persistence_no_holdout_quality_gate,P602,actuator,actuator_persistence,2.0,2.0,1.0,P602,,,0.023252724092464913,2.6048365544521044,2.6513420026370342,1.3024182772260522,1.6279564145205612,0.0,0.0,0.0,0,0
geco_matched_plus_all_actuator_persistence_no_holdout_quality_gate,P603,actuator,actuator_persistence,2.0,2.0,1.0,P603,,,1e-06,1e-06,3e-06,0.0,0.0,0.0,0.0,0.0,0,0
geco_matched_plus_all_actuator_persistence_no_holdout_quality_gate,FIT101,sensor,no_holdout_quality_gate,2.0,5.98,5.0,(LIT101 * -5.3608805e-5) + 0.031951737,-0.02073055819816272,4.142017125521039,0.03810283754570068,4.266809217938577,4.494664186461867,2.1334046089692884,2.1797146193093173,0.0,0.0,0.0,0,0
geco_matched_plus_all_actuator_persistence_no_holdout_quality_gate,LIT101,sensor,no_holdout_quality_gate,2.0,5.98,5.0,(FIT201 - FIT101) * -0.19228067,0.40181479216081095,4.537950991815633,0.45541297011116505,14.684130992691133,17.4075005539559,7.342065496345566,17.4075005539559,0.004511933285620935,0.00018326605209776866,0.037933708082961815,10,1027
geco_matched_plus_all_actuator_persistence_no_holdout_quality_gate,FIT201,sensor,no_holdout_quality_gate,2.0,5.98,3.0,FIT301 * 0.0019161832,-0.028412093537082406,1.72743861513076,0.02363255310208697,4.4066956278290625,4.548018295379543,2.2033478139145313,2.5178618086527687,0.0,0.0,0.0,0,0
geco_matched_plus_all_actuator_persistence_no_holdout_quality_gate,DPIT301,sensor,no_holdout_quality_gate,2.0,5.98,7.0,P302 - ((FIT301 * 0.4284513) - -1.027144),0.43800956563704907,25.153209621175467,0.16714296976649062,2882.4154902704886,2883.4150052296923,1441.2077451352443,63.35953520982656,0.0,0.0,0.0,0,0
geco_matched_plus_all_actuator_persistence_no_holdout_quality_gate,FIT301,sensor,no_holdout_quality_gate,2.0,5.98,3.0,MV303 * -0.0026802947,-0.010334711974421706,19.166696097155796,0.02845999811762023,4.252005811994211,4.42219660073758,2.1260029059971055,4.42219660073758,0.0003400619668472922,0.0,0.002965691025392518,10,31
geco_matched_plus_all_actuator_persistence_no_holdout_quality_gate,LIT301,sensor,no_holdout_quality_gate,2.0,5.98,5.0,(FIT301 - FIT201) * -0.18929929,0.336680080211637,4.001021228958368,0.35900655586676056,6.923858014139462,9.07071721822269,3.461929007069731,9.07071721822269,0.00567881258362635,0.00023849691711353457,0.04768365962395813,9,1134
geco_matched_plus_all_actuator_persistence_no_holdout_quality_gate,AIT401,sensor,no_holdout_quality_gate,2.0,5.98,9.0,(FIT301 * (MV304 * (MV304 * 1.11552225e-7))) * AIT401,-0.0007011429606935682,4.054639083289264,0.09907165330484896,295.0705772362928,295.6630257230558,147.5352886181464,0.0,0.0,0.0,0.0,0,0
geco_matched_plus_all_actuator_persistence_no_holdout_quality_gate,LIT401,sensor,no_holdout_quality_gate,2.0,5.98,5.0,(DPIT301 * 0.022688651) - 0.38223073,0.2947958211021037,3.951397925657353,0.3366300543860994,53.154231999680846,55.16727972490972,26.577115999840423,55.16727972490972,0.06960823972368298,0.0002610913618927115,0.60503973638302,116,2042
geco_matched_plus_all_actuator_persistence_no_holdout_quality_gate,AIT504,sensor,no_holdout_quality_gate,2.0,5.98,7.0,((FIT504 * 3.598646) - 1.1120417) * PIT502,-0.04966050508977915,38.574280505575615,0.10845552326854281,687.5420972713872,688.1906613005331,343.7710486356936,688.1906613005331,0.00025560213194404316,0.00028870679440059447,0.0,1,115
geco_matched_plus_all_actuator_persistence_no_holdout_quality_gate,FIT501,sensor,no_holdout_quality_gate,2.0,5.98,3.0,AIT504 * 6.7863766e-6,-0.011206098840220724,34.72298697833636,0.0013179223851327868,3.1569617736188356,3.1648429494819297,1.5784808868094178,3.1648429494819297,2.44488995772563e-05,0.0,0.00021321961620469082,1,11
geco_matched_plus_all_actuator_persistence_no_holdout_quality_gate,FIT502,sensor,no_holdout_quality_gate,2.0,5.98,5.0,(P402 - UV401) * 0.20704994,-9.542144852048295e-12,4.050449108763439,0.011624436868351438,1.9237645292798653,1.9932786617526068,0.9618822646399326,1.9932786617526068,0.0030561124471570377,0.00018577654596212167,0.02521806551657298,4,587
geco_matched_plus_all_actuator_persistence_no_holdout_quality_gate,FIT504,sensor,no_holdout_quality_gate,2.0,5.98,7.0,FIT502 * (0.006901001 - (FIT504 * 0.022353666)),0.0006818953951246431,34.63391625029279,0.0006375541651170856,1.3740608045604823,1.3778733784678825,0.6870304022802411,1.3778733784678825,0.002764948279464258,0.00035900062260247836,0.021341345221942237,4,395
geco_matched_plus_all_actuator_persistence_no_holdout_quality_gate,PIT503,sensor,no_holdout_quality_gate,2.0,5.98,15.0,((((UV401 * P402) * P402) + -0.97898483) * (FIT503 + -0.9433507)) * (FIT401 + -1.7066069),-0.16917589053297233,14.725584363887497,0.11122263994287224,474.479599259972,475.1447106468304,237.239799629986,475.1447106468304,0.0032028058446205753,0.00025355988029965255,0.025974025974025976,5,519
geco_matched_plus_all_actuator_persistence_no_holdout_quality_gate,FIT601,sensor,no_holdout_quality_gate,2.0,5.98,7.0,((P602 - FIT601) + -0.99994063) * FIT301,0.4916735207848195,10.255337304276727,0.01008498507082207,4.578951029257432,4.639259239980948,2.289475514628716,4.639259239980948,0.00023782111406967491,0.0,0.0020740453576274472,4,45
geco_matched_plus_all_actuator_persistence_no_holdout_quality_gate,MV101,actuator,actuator_persistence,2.0,5.98,1.0,MV101,,,0.050778100568907185,5.187550390897485,5.4912034322995495,2.5937751954487425,2.5937751954487425,0.0,0.0,0.0,0,0
geco_matched_plus_all_actuator_persistence_no_holdout_quality_gate,P101,actuator,actuator_persistence,2.0,5.98,1.0,P101,,,0.02283152133090779,1.9543369573381844,2.090869454897013,0.9771684786690922,0.9771684786690922,0.0,0.0,0.0,0,0
geco_matched_plus_all_actuator_persistence_no_holdout_quality_gate,P102,actuator,actuator_persistence,2.0,5.98,1.0,P102,,,1e-06,1e-06,6.98e-06,0.0,6.98e-06,0.00010668610724620931,6.0251852744471894e-05,0.00046520643535568907,8,6
geco_matched_plus_all_actuator_persistence_no_holdout_quality_gate,MV201,actuator,actuator_persistence,2.0,5.98,1.0,MV201,,,0.05142405563146907,5.280063221159432,5.5875790738356175,2.640031610579716,2.640031610579716,0.0,0.0,0.0,0,0
geco_matched_plus_all_actuator_persistence_no_holdout_quality_gate,P202,actuator,actuator_persistence,2.0,5.98,1.0,P202,,,1e-06,1e-06,6.98e-06,0.0,0.0,0.0,0.0,0.0,0,0
geco_matched_plus_all_actuator_persistence_no_holdout_quality_gate,P203,actuator,actuator_persistence,2.0,5.98,1.0,P203,,,0.022831521330907788,1.9543369573381844,2.090869454897013,0.9771684786690922,0.9771684786690922,0.0,0.0,0.0,0,0
geco_matched_plus_all_actuator_persistence_no_holdout_quality_gate,P204,actuator,actuator_persistence,2.0,5.98,1.0,P204,,,1e-06,1e-06,6.98e-06,0.0,6.98e-06,2.6671526811552328e-05,0.0,0.00023260321767784454,2,6
geco_matched_plus_all_actuator_persistence_no_holdout_quality_gate,P205,actuator,actuator_persistence,2.0,5.98,1.0,P205,,,0.024826988305938616,3.056574444374331,3.205039834443844,1.5282872221871655,0.9751730116940613,0.0,0.0,0.0,0,0
geco_matched_plus_all_actuator_persistence_no_holdout_quality_gate,P206,actuator,actuator_persistence,2.0,5.98,1.0,P206,,,1e-06,1e-06,6.98e-06,0.0,6.98e-06,2.6671526811552328e-05,0.0,0.00023260321767784454,2,6
geco_matched_plus_all_actuator_persistence_no_holdout_quality_gate,MV301,actuator,actuator_persistence,2.0,5.98,1.0,MV301,,,0.05237923317467451,7.076352081580604,7.3895798959651575,3.538176040790302,3.538176040790302,0.0,0.0,0.0,0,0
geco_matched_plus_all_actuator_persistence_no_holdout_quality_gate,MV302,actuator,actuator_persistence,2.0,5.98,1.0,MV302,,,0.07240099292831928,5.131188084860169,5.564146022571519,2.5655940424300847,4.18997517679202,0.0,0.0,0.0,0,0
geco_matched_plus_all_actuator_persistence_no_holdout_quality_gate,MV303,actuator,actuator_persistence,2.0,5.98,1.0,MV303,,,0.052379233174674536,5.161932269205208,5.475160083589762,2.580966134602604,2.580966134602603,0.0,0.0,0.0,0,0
geco_matched_plus_all_actuator_persistence_no_holdout_quality_gate,MV304,actuator,actuator_persistence,2.0,5.98,1.0,MV304,,,0.07247943385085219,4.985287926088071,5.418714940516167,2.4926439630440353,2.4926439630440353,0.0,0.0,0.0,0,0
geco_matched_plus_all_actuator_persistence_no_holdout_quality_gate,P301,actuator,actuator_persistence,2.0,5.98,1.0,P301,,,0.004036284484333829,4.9990014478852185,5.023138429101535,2.4995007239426092,0.0,0.0,0.0,0.0,0,0
geco_matched_plus_all_actuator_persistence_no_holdout_quality_gate,P302,actuator,actuator_persistence,2.0,5.98,1.0,P302,,,0.0321976659636582,5.420442012654152,5.612984055116828,2.710221006327076,0.9678023340363417,0.0,0.0,0.0,0,0
geco_matched_plus_all_actuator_persistence_no_holdout_quality_gate,P401,actuator,actuator_persistence,2.0,5.98,1.0,P401,,,1e-06,1e-06,6.98e-06,0.0,0.0,0.0,0.0,0.0,0,0
geco_matched_plus_all_actuator_persistence_no_holdout_quality_gate,P402,actuator,actuator_persistence,2.0,5.98,1.0,P402,,,0.0014233583151173907,1.9971532833697652,2.0056649660941672,0.9985766416848826,2.0056649660941672,7.112407149747288e-05,0.0,0.0006202752471409188,3,19
geco_matched_plus_all_actuator_persistence_no_holdout_quality_gate,P403,actuator,actuator_persistence,2.0,5.98,1.0,P403,,,1e-06,1e-06,6.98e-06,0.0,6.98e-06,2.6671526811552328e-05,3.0125926372235947e-05,0.0,2,6
geco_matched_plus_all_actuator_persistence_no_holdout_quality_gate,P404,actuator,actuator_persistence,2.0,5.98,1.0,P404,,,1e-06,1e-06,6.98e-06,0.0,0.0,0.0,0.0,0.0,0,0
geco_matched_plus_all_actuator_persistence_no_holdout_quality_gate,UV401,actuator,actuator_persistence,2.0,5.98,1.0,UV401,,,0.001423358315117391,1.9971532833697652,2.0056649660941672,0.9985766416848826,2.0056649660941672,1.3335763405776164e-05,0.0,0.00011630160883892227,1,6
geco_matched_plus_all_actuator_persistence_no_holdout_quality_gate,P501,actuator,actuator_persistence,2.0,5.98,1.0,P501,,,0.0014233583151173938,1.9971532833697652,2.0056649660941672,0.9985766416848826,2.0056649660941672,1.3335763405776164e-05,0.0,0.00011630160883892227,1,6
geco_matched_plus_all_actuator_persistence_no_holdout_quality_gate,P502,actuator,actuator_persistence,2.0,5.98,1.0,P502,,,1e-06,1e-06,6.98e-06,0.0,0.0,0.0,0.0,0.0,0,0
geco_matched_plus_all_actuator_persistence_no_holdout_quality_gate,P601,actuator,actuator_persistence,2.0,5.98,1.0,P601,,,1e-06,1e-06,6.98e-06,0.0,0.0,0.0,0.0,0.0,0,0
geco_matched_plus_all_actuator_persistence_no_holdout_quality_gate,P602,actuator,actuator_persistence,2.0,5.98,1.0,P602,,,0.023252724092464913,2.6048365544521044,2.7438878445250445,1.3024182772260522,1.6279564145205612,0.0,0.0,0.0,0,0
geco_matched_plus_all_actuator_persistence_no_holdout_quality_gate,P603,actuator,actuator_persistence,2.0,5.98,1.0,P603,,,1e-06,1e-06,6.98e-06,0.0,0.0,0.0,0.0,0.0,0,0
geco_matched_plus_all_actuator_persistence_no_holdout_quality_gate,FIT101,sensor,no_holdout_quality_gate,2.0,9.0,5.0,(LIT101 * -5.3608805e-5) + 0.031951737,-0.02073055819816272,4.142017125521039,0.03810283754570068,4.266809217938577,4.609734755849883,2.1334046089692884,2.1797146193093173,0.0,0.0,0.0,0,0
geco_matched_plus_all_actuator_persistence_no_holdout_quality_gate,LIT101,sensor,no_holdout_quality_gate,2.0,9.0,5.0,(FIT201 - FIT101) * -0.19228067,0.40181479216081095,4.537950991815633,0.45541297011116505,14.684130992691133,18.782847723691617,7.342065496345566,18.782847723691617,0.004858663134171115,0.0002987487698580065,0.04006590424500872,11,1049
geco_matched_plus_all_actuator_persistence_no_holdout_quality_gate,FIT201,sensor,no_holdout_quality_gate,2.0,9.0,3.0,FIT301 * 0.0019161832,-0.028412093537082406,1.72743861513076,0.02363255310208697,4.4066956278290625,4.6193886057478455,2.2033478139145313,2.5178618086527687,0.0,0.0,0.0,0,0
geco_matched_plus_all_actuator_persistence_no_holdout_quality_gate,DPIT301,sensor,no_holdout_quality_gate,2.0,9.0,7.0,P302 - ((FIT301 * 0.4284513) - -1.027144),0.43800956563704907,25.153209621175467,0.16714296976649062,2882.4154902704886,2883.919776998387,1441.2077451352443,63.35953520982656,0.0,0.0,0.0,0,0
geco_matched_plus_all_actuator_persistence_no_holdout_quality_gate,FIT301,sensor,no_holdout_quality_gate,2.0,9.0,3.0,MV303 * -0.0026802947,-0.010334711974421706,19.166696097155796,0.02845999811762023,4.252005811994211,4.508145795052793,2.1260029059971055,4.508145795052793,0.0004134086655790611,0.0,0.0036053498740065905,9,51
geco_matched_plus_all_actuator_persistence_no_holdout_quality_gate,LIT301,sensor,no_holdout_quality_gate,2.0,9.0,5.0,(FIT301 - FIT201) * -0.18929929,0.336680080211637,4.001021228958368,0.35900655586676056,6.923858014139462,10.154917016940306,3.461929007069731,10.154917016940306,0.00585217750790144,0.0003464481532807134,0.04836208567551851,8,1138
geco_matched_plus_all_actuator_persistence_no_holdout_quality_gate,AIT401,sensor,no_holdout_quality_gate,2.0,9.0,9.0,(FIT301 * (MV304 * (MV304 * 1.11552225e-7))) * AIT401,-0.0007011429606935682,4.054639083289264,0.09907165330484896,295.0705772362928,295.96222211603646,147.5352886181464,0.0,0.0,0.0,0.0,0,0
geco_matched_plus_all_actuator_persistence_no_holdout_quality_gate,LIT401,sensor,no_holdout_quality_gate,2.0,9.0,5.0,(DPIT301 * 0.022688651) - 0.38223073,0.2947958211021037,3.951397925657353,0.3366300543860994,53.154231999680846,56.18390248915574,26.577115999840423,56.18390248915574,0.07034615196546927,0.00037657407965294935,0.6105834464043419,15,29384
geco_matched_plus_all_actuator_persistence_no_holdout_quality_gate,AIT504,sensor,no_holdout_quality_gate,2.0,9.0,7.0,((FIT504 * 3.598646) - 1.1120417) * PIT502,-0.04966050508977915,38.574280505575615,0.10845552326854281,687.5420972713872,688.5181969808041,343.7710486356936,688.5181969808041,0.00026227001364693124,0.0002962382759936535,0.0,1,118
geco_matched_plus_all_actuator_persistence_no_holdout_quality_gate,FIT501,sensor,no_holdout_quality_gate,2.0,9.0,3.0,AIT504 * 6.7863766e-6,-0.011206098840220724,34.72298697833636,0.0013179223851327868,3.1569617736188356,3.168823075085031,1.5784808868094178,3.168823075085031,3.1116781280144385e-05,0.0,0.000271370420624152,1,14
geco_matched_plus_all_actuator_persistence_no_holdout_quality_gate,FIT502,sensor,no_holdout_quality_gate,2.0,9.0,5.0,(P402 - UV401) * 0.20704994,-9.542144852048295e-12,4.050449108763439,0.011624436868351438,1.9237645292798653,2.0283844610950283,0.9618822646399326,2.0283844610950283,0.0030938971101400698,0.0002284549416561226,0.02521806551657298,4,591
geco_matched_plus_all_actuator_persistence_no_holdout_quality_gate,FIT504,sensor,no_holdout_quality_gate,2.0,9.0,7.0,FIT502 * (0.006901001 - (FIT504 * 0.022353666)),0.0006818953951246431,34.63391625029279,0.0006375541651170856,1.3740608045604823,1.379798792046536,0.6870304022802411,1.379798792046536,0.0028071781969158825,0.0004041895121608323,0.02136072882341539,4,400
geco_matched_plus_all_actuator_persistence_no_holdout_quality_gate,PIT503,sensor,no_holdout_quality_gate,2.0,9.0,15.0,((((UV401 * P402) * P402) + -0.97898483) * (FIT503 + -0.9433507)) * (FIT401 + -1.7066069),-0.16917589053297233,14.725584363887497,0.11122263994287224,474.479599259972,475.4806030194579,237.239799629986,475.4806030194579,0.003253926271009384,0.00031130123917977147,0.025974025974025976,6,527
geco_matched_plus_all_actuator_persistence_no_holdout_quality_gate,FIT601,sensor,no_holdout_quality_gate,2.0,9.0,7.0,((P602 - FIT601) + -0.99994063) * FIT301,0.4916735207848195,10.255337304276727,0.01008498507082207,4.578951029257432,4.66971589489483,2.289475514628716,4.66971589489483,0.0002600473864126352,0.0,0.002267881372358984,3,49
geco_matched_plus_all_actuator_persistence_no_holdout_quality_gate,MV101,actuator,actuator_persistence,2.0,9.0,1.0,MV101,,,0.050778100568907185,5.187550390897485,5.64455329601765,2.5937751954487425,2.5937751954487425,0.0,0.0,0.0,0,0
geco_matched_plus_all_actuator_persistence_no_holdout_quality_gate,P101,actuator,actuator_persistence,2.0,9.0,1.0,P101,,,0.02283152133090779,1.9543369573381844,2.1598206493163543,0.9771684786690922,0.9771684786690922,0.0,0.0,0.0,0,0
geco_matched_plus_all_actuator_persistence_no_holdout_quality_gate,P102,actuator,actuator_persistence,2.0,9.0,1.0,P102,,,1e-06,1e-06,1e-05,0.0,1e-05,0.0001778101787436822,0.00010041975457411982,0.0007753440589261484,8,10
geco_matched_plus_all_actuator_persistence_no_holdout_quality_gate,MV201,actuator,actuator_persistence,2.0,9.0,1.0,MV201,,,0.05142405563146907,5.280063221159432,5.7428797218426535,2.640031610579716,2.640031610579716,0.0,0.0,0.0,0,0
geco_matched_plus_all_actuator_persistence_no_holdout_quality_gate,P202,actuator,actuator_persistence,2.0,9.0,1.0,P202,,,1e-06,1e-06,1e-05,0.0,0.0,0.0,0.0,0.0,0,0
geco_matched_plus_all_actuator_persistence_no_holdout_quality_gate,P203,actuator,actuator_persistence,2.0,9.0,1.0,P203,,,0.022831521330907788,1.9543369573381844,2.1598206493163543,0.9771684786690922,0.9771684786690922,0.0,0.0,0.0,0,0
geco_matched_plus_all_actuator_persistence_no_holdout_quality_gate,P204,actuator,actuator_persistence,2.0,9.0,1.0,P204,,,1e-06,1e-06,1e-05,0.0,1e-05,4.445254468592055e-05,0.0,0.0003876720294630742,2,10
geco_matched_plus_all_actuator_persistence_no_holdout_quality_gate,P205,actuator,actuator_persistence,2.0,9.0,1.0,P205,,,0.024826988305938616,3.056574444374331,3.2800173391277787,1.5282872221871655,0.9751730116940613,0.0,0.0,0.0,0,0
geco_matched_plus_all_actuator_persistence_no_holdout_quality_gate,P206,actuator,actuator_persistence,2.0,9.0,1.0,P206,,,1e-06,1e-06,1e-05,0.0,1e-05,4.445254468592055e-05,0.0,0.0003876720294630742,2,10
geco_matched_plus_all_actuator_persistence_no_holdout_quality_gate,MV301,actuator,actuator_persistence,2.0,9.0,1.0,MV301,,,0.05237923317467451,7.076352081580604,7.547765180152674,3.538176040790302,3.538176040790302,0.0,0.0,0.0,0,0
geco_matched_plus_all_actuator_persistence_no_holdout_quality_gate,MV302,actuator,actuator_persistence,2.0,9.0,1.0,MV302,,,0.07240099292831928,5.131188084860169,5.782797021215043,2.5655940424300847,4.18997517679202,0.0,0.0,0.0,0,0
geco_matched_plus_all_actuator_persistence_no_holdout_quality_gate,MV303,actuator,actuator_persistence,2.0,9.0,1.0,MV303,,,0.052379233174674536,5.161932269205208,5.633345367777278,2.580966134602604,2.580966134602603,0.0,0.0,0.0,0,0
geco_matched_plus_all_actuator_persistence_no_holdout_quality_gate,MV304,actuator,actuator_persistence,2.0,9.0,1.0,MV304,,,0.07247943385085219,4.985287926088071,5.63760283074574,2.4926439630440353,2.4926439630440353,0.0,0.0,0.0,0,0
geco_matched_plus_all_actuator_persistence_no_holdout_quality_gate,P301,actuator,actuator_persistence,2.0,9.0,1.0,P301,,,0.004036284484333829,4.9990014478852185,5.035328008244223,2.4995007239426092,0.0,0.0,0.0,0.0,0,0
geco_matched_plus_all_actuator_persistence_no_holdout_quality_gate,P302,actuator,actuator_persistence,2.0,9.0,1.0,P302,,,0.0321976659636582,5.420442012654152,5.7102210063270755,2.710221006327076,0.9678023340363417,0.0,0.0,0.0,0,0
geco_matched_plus_all_actuator_persistence_no_holdout_quality_gate,P401,actuator,actuator_persistence,2.0,9.0,1.0,P401,,,1e-06,1e-06,1e-05,0.0,0.0,0.0,0.0,0.0,0,0
geco_matched_plus_all_actuator_persistence_no_holdout_quality_gate,P402,actuator,actuator_persistence,2.0,9.0,1.0,P402,,,0.0014233583151173907,1.9971532833697652,2.009963508205822,0.9985766416848826,2.009963508205822,9.112771660613712e-05,0.0,0.0007947276603993021,3,22
geco_matched_plus_all_actuator_persistence_no_holdout_quality_gate,P403,actuator,actuator_persistence,2.0,9.0,1.0,P403,,,1e-06,1e-06,1e-05,0.0,1e-05,4.445254468592055e-05,5.020987728705991e-05,0.0,2,10
geco_matched_plus_all_actuator_persistence_no_holdout_quality_gate,P404,actuator,actuator_persistence,2.0,9.0,1.0,P404,,,1e-06,1e-06,1e-05,0.0,0.0,0.0,0.0,0.0,0,0
geco_matched_plus_all_actuator_persistence_no_holdout_quality_gate,UV401,actuator,actuator_persistence,2.0,9.0,1.0,UV401,,,0.001423358315117391,1.9971532833697652,2.009963508205822,0.9985766416848826,2.009963508205822,2.0003645108664247e-05,0.0,0.0001744524132583834,1,9
geco_matched_plus_all_actuator_persistence_no_holdout_quality_gate,P501,actuator,actuator_persistence,2.0,9.0,1.0,P501,,,0.0014233583151173938,1.9971532833697652,2.009963508205822,0.9985766416848826,2.009963508205822,2.0003645108664247e-05,0.0,0.0001744524132583834,1,9
geco_matched_plus_all_actuator_persistence_no_holdout_quality_gate,P502,actuator,actuator_persistence,2.0,9.0,1.0,P502,,,1e-06,1e-06,1e-05,0.0,0.0,0.0,0.0,0.0,0,0
geco_matched_plus_all_actuator_persistence_no_holdout_quality_gate,P601,actuator,actuator_persistence,2.0,9.0,1.0,P601,,,1e-06,1e-06,1e-05,0.0,0.0,0.0,0.0,0.0,0,0
geco_matched_plus_all_actuator_persistence_no_holdout_quality_gate,P602,actuator,actuator_persistence,2.0,9.0,1.0,P602,,,0.023252724092464913,2.6048365544521044,2.8141110712842887,1.3024182772260522,1.6279564145205612,0.0,0.0,0.0,0,0
geco_matched_plus_all_actuator_persistence_no_holdout_quality_gate,P603,actuator,actuator_persistence,2.0,9.0,1.0,P603,,,1e-06,1e-06,1e-05,0.0,0.0,0.0,0.0,0.0,0,0
geco_matched_plus_all_actuator_persistence_no_holdout_quality_gate,FIT101,sensor,no_holdout_quality_gate,2.0,15.0,5.0,(LIT101 * -5.3608805e-5) + 0.031951737,-0.02073055819816272,4.142017125521039,0.03810283754570068,4.266809217938577,4.8383517811240875,2.1334046089692884,2.1797146193093173,0.0,0.0,0.0,0,0
geco_matched_plus_all_actuator_persistence_no_holdout_quality_gate,LIT101,sensor,no_holdout_quality_gate,2.0,15.0,5.0,(FIT201 - FIT101) * -0.19228067,0.40181479216081095,4.537950991815633,0.45541297011116505,14.684130992691133,21.51532554435861,7.342065496345566,21.51532554435861,0.005392093670402162,0.00047197284649836313,0.04338050009691801,8,1104
geco_matched_plus_all_actuator_persistence_no_holdout_quality_gate,FIT201,sensor,no_holdout_quality_gate,2.0,15.0,3.0,FIT301 * 0.0019161832,-0.028412093537082406,1.72743861513076,0.02363255310208697,4.4066956278290625,4.761183924360367,2.2033478139145313,2.5178618086527687,0.0,0.0,0.0,0,0
geco_matched_plus_all_actuator_persistence_no_holdout_quality_gate,DPIT301,sensor,no_holdout_quality_gate,2.0,15.0,7.0,P302 - ((FIT301 * 0.4284513) - -1.027144),0.43800956563704907,25.153209621175467,0.16714296976649062,2882.4154902704886,2884.922634816986,1441.2077451352443,63.35953520982656,0.0,0.0,0.0,0,0
geco_matched_plus_all_actuator_persistence_no_holdout_quality_gate,FIT301,sensor,no_holdout_quality_gate,2.0,15.0,3.0,MV303 * -0.0026802947,-0.010334711974421706,19.166696097155796,0.02845999811762023,4.252005811994211,4.678905783758514,2.1260029059971055,4.678905783758514,0.0005400984179339347,0.0,0.004710215157976352,9,60
geco_matched_plus_all_actuator_persistence_no_holdout_quality_gate,LIT301,sensor,no_holdout_quality_gate,2.0,15.0,5.0,(FIT301 - FIT201) * -0.18929929,0.336680080211637,4.001021228958368,0.35900655586676056,6.923858014139462,12.308956352140871,3.461929007069731,12.308956352140871,0.006056659213456674,0.0005372456869715411,0.04867222329908897,7,1145
geco_matched_plus_all_actuator_persistence_no_holdout_quality_gate,AIT401,sensor,no_holdout_quality_gate,2.0,15.0,9.0,(FIT301 * (MV304 * (MV304 * 1.11552225e-7))) * AIT401,-0.0007011429606935682,4.054639083289264,0.09907165330484896,295.0705772362928,296.55665203586557,147.5352886181464,0.0,0.0,0.0,0.0,0,0
geco_matched_plus_all_actuator_persistence_no_holdout_quality_gate,LIT401,sensor,no_holdout_quality_gate,2.0,15.0,5.0,(DPIT301 * 0.022688651) - 0.38223073,0.2947958211021037,3.951397925657353,0.3366300543860994,53.154231999680846,58.203682815472334,26.577115999840423,58.203682815472334,0.07064842926933353,0.0006677913679178968,0.610971118433805,14,29404
geco_matched_plus_all_actuator_persistence_no_holdout_quality_gate,AIT504,sensor,no_holdout_quality_gate,2.0,15.0,7.0,((FIT504 * 3.598646) - 1.1120417) * PIT502,-0.04966050508977915,38.574280505575615,0.10845552326854281,687.5420972713872,689.1689301204153,343.7710486356936,689.1689301204153,0.0002844962859898915,0.00032134321463718344,0.0,1,128
geco_matched_plus_all_actuator_persistence_no_holdout_quality_gate,FIT501,sensor,no_holdout_quality_gate,2.0,15.0,3.0,AIT504 * 6.7863766e-6,-0.011206098840220724,34.72298697833636,0.0013179223851327868,3.1569617736188356,3.176730609395827,1.5784808868094178,3.176730609395827,4.667517192021657e-05,0.0,0.00040705563093622793,1,21
geco_matched_plus_all_actuator_persistence_no_holdout_quality_gate,FIT502,sensor,no_holdout_quality_gate,2.0,15.0,5.0,(P402 - UV401) * 0.20704994,-9.542144852048295e-12,4.050449108763439,0.011624436868351438,1.9237645292798653,2.098131082305137,0.9618822646399326,2.098131082305137,0.0032183642352606474,0.00036904259805989033,0.02521806551657298,3,615
geco_matched_plus_all_actuator_persistence_no_holdout_quality_gate,FIT504,sensor,no_holdout_quality_gate,2.0,15.0,7.0,FIT502 * (0.006901001 - (FIT504 * 0.022353666)),0.0006818953951246431,34.63391625029279,0.0006375541651170856,1.3740608045604823,1.3836241170372385,0.6870304022802411,1.3836241170372385,0.002907196422459204,0.0005171617360567171,0.02136072882341539,4,409
geco_matched_plus_all_actuator_persistence_no_holdout_quality_gate,PIT503,sensor,no_holdout_quality_gate,2.0,15.0,15.0,((((UV401 * P402) * P402) + -0.97898483) * (FIT503 + -0.9433507)) * (FIT401 + -1.7066069),-0.16917589053297233,14.725584363887497,0.11122263994287224,474.479599259972,476.14793885911513,237.239799629986,476.14793885911513,0.0033695028871927775,0.0004393364262617742,0.025993409575499126,4,549
geco_matched_plus_all_actuator_persistence_no_holdout_quality_gate,FIT601,sensor,no_holdout_quality_gate,2.0,15.0,7.0,((P602 - FIT601) + -0.99994063) * FIT301,0.4916735207848195,10.255337304276727,0.01008498507082207,4.578951029257432,4.730225805319763,2.289475514628716,4.730225805319763,0.00030005467662996366,0.0,0.0026167861988757512,3,55
geco_matched_plus_all_actuator_persistence_no_holdout_quality_gate,MV101,actuator,actuator_persistence,2.0,15.0,1.0,MV101,,,0.050778100568907185,5.187550390897485,5.949221899431093,2.5937751954487425,2.5937751954487425,0.0,0.0,0.0,0,0
geco_matched_plus_all_actuator_persistence_no_holdout_quality_gate,P101,actuator,actuator_persistence,2.0,15.0,1.0,P101,,,0.02283152133090779,1.9543369573381844,2.2968097773018012,0.9771684786690922,0.9771684786690922,0.0,0.0,0.0,0,0
geco_matched_plus_all_actuator_persistence_no_holdout_quality_gate,P102,actuator,actuator_persistence,2.0,15.0,1.0,P102,,,1e-06,1e-06,1.6e-05,0.0,1.6e-05,0.00026671526811552327,0.00015062963186117972,0.0011630160883892228,8,15
geco_matched_plus_all_actuator_persistence_no_holdout_quality_gate,MV201,actuator,actuator_persistence,2.0,15.0,1.0,MV201,,,0.05142405563146907,5.280063221159432,6.051424055631468,2.640031610579716,2.640031610579716,0.0,0.0,0.0,0,0
geco_matched_plus_all_actuator_persistence_no_holdout_quality_gate,P202,actuator,actuator_persistence,2.0,15.0,1.0,P202,,,1e-06,1e-06,1.6e-05,0.0,0.0,0.0,0.0,0.0,0,0
geco_matched_plus_all_actuator_persistence_no_holdout_quality_gate,P203,actuator,actuator_persistence,2.0,15.0,1.0,P203,,,0.022831521330907788,1.9543369573381844,2.2968097773018012,0.9771684786690922,0.9771684786690922,0.0,0.0,0.0,0,0
geco_matched_plus_all_actuator_persistence_no_holdout_quality_gate,P204,actuator,actuator_persistence,2.0,15.0,1.0,P204,,,1e-06,1e-06,1.6e-05,0.0,1.6e-05,6.667881702888082e-05,0.0,0.0005815080441946114,2,15
geco_matched_plus_all_actuator_persistence_no_holdout_quality_gate,P205,actuator,actuator_persistence,2.0,15.0,1.0,P205,,,0.024826988305938616,3.056574444374331,3.42897926896341,1.5282872221871655,0.9751730116940613,0.0,0.0,0.0,0,0
geco_matched_plus_all_actuator_persistence_no_holdout_quality_gate,P206,actuator,actuator_persistence,2.0,15.0,1.0,P206,,,1e-06,1e-06,1.6e-05,0.0,1.6e-05,6.667881702888082e-05,0.0,0.0005815080441946114,2,15
geco_matched_plus_all_actuator_persistence_no_holdout_quality_gate,MV301,actuator,actuator_persistence,2.0,15.0,1.0,MV301,,,0.05237923317467451,7.076352081580604,7.8620405792007215,3.538176040790302,3.538176040790302,0.0,0.0,0.0,0,0
geco_matched_plus_all_actuator_persistence_no_holdout_quality_gate,MV302,actuator,actuator_persistence,2.0,15.0,1.0,MV302,,,0.07240099292831928,5.131188084860169,6.217202978784958,2.5655940424300847,4.18997517679202,0.0,0.0,0.0,0,0
geco_matched_plus_all_actuator_persistence_no_holdout_quality_gate,MV303,actuator,actuator_persistence,2.0,15.0,1.0,MV303,,,0.052379233174674536,5.161932269205208,5.947620766825326,2.580966134602604,2.580966134602603,0.0,0.0,0.0,0,0
geco_matched_plus_all_actuator_persistence_no_holdout_quality_gate,MV304,actuator,actuator_persistence,2.0,15.0,1.0,MV304,,,0.07247943385085219,4.985287926088071,6.072479433850853,2.4926439630440353,2.4926439630440353,0.0,0.0,0.0,0,0
geco_matched_plus_all_actuator_persistence_no_holdout_quality_gate,P301,actuator,actuator_persistence,2.0,15.0,1.0,P301,,,0.004036284484333829,4.9990014478852185,5.059545715150226,2.4995007239426092,0.0,0.0,0.0,0.0,0,0
geco_matched_plus_all_actuator_persistence_no_holdout_quality_gate,P302,actuator,actuator_persistence,2.0,15.0,1.0,P302,,,0.0321976659636582,5.420442012654152,5.903407002109025,2.710221006327076,0.9678023340363417,0.0,0.0,0.0,0,0
geco_matched_plus_all_actuator_persistence_no_holdout_quality_gate,P401,actuator,actuator_persistence,2.0,15.0,1.0,P401,,,1e-06,1e-06,1.6e-05,0.0,0.0,0.0,0.0,0.0,0,0
geco_matched_plus_all_actuator_persistence_no_holdout_quality_gate,P402,actuator,actuator_persistence,2.0,15.0,1.0,P402,,,0.0014233583151173907,1.9971532833697652,2.018503658096526,0.9985766416848826,2.018503658096526,0.00013113500682346562,0.0,0.001143632486916069,3,28
geco_matched_plus_all_actuator_persistence_no_holdout_quality_gate,P403,actuator,actuator_persistence,2.0,15.0,1.0,P403,,,1e-06,1e-06,1.6e-05,0.0,1.6e-05,6.667881702888082e-05,7.531481593058986e-05,0.0,2,15
geco_matched_plus_all_actuator_persistence_no_holdout_quality_gate,P404,actuator,actuator_persistence,2.0,15.0,1.0,P404,,,1e-06,1e-06,1.6e-05,0.0,0.0,0.0,0.0,0.0,0,0
geco_matched_plus_all_actuator_persistence_no_holdout_quality_gate,UV401,actuator,actuator_persistence,2.0,15.0,1.0,UV401,,,0.001423358315117391,1.9971532833697652,2.018503658096526,0.9985766416848826,2.018503658096526,3.333940851444041e-05,0.0,0.0002907540220973057,1,15
geco_matched_plus_all_actuator_persistence_no_holdout_quality_gate,P501,actuator,actuator_persistence,2.0,15.0,1.0,P501,,,0.0014233583151173938,1.9971532833697652,2.018503658096526,0.9985766416848826,2.018503658096526,3.333940851444041e-05,0.0,0.0002907540220973057,1,15
geco_matched_plus_all_actuator_persistence_no_holdout_quality_gate,P502,actuator,actuator_persistence,2.0,15.0,1.0,P502,,,1e-06,1e-06,1.6e-05,0.0,0.0,0.0,0.0,0.0,0,0
geco_matched_plus_all_actuator_persistence_no_holdout_quality_gate,P601,actuator,actuator_persistence,2.0,15.0,1.0,P601,,,1e-06,1e-06,1.6e-05,0.0,0.0,0.0,0.0,0.0,0,0
geco_matched_plus_all_actuator_persistence_no_holdout_quality_gate,P602,actuator,actuator_persistence,2.0,15.0,1.0,P602,,,0.023252724092464913,2.6048365544521044,2.953627415839078,1.3024182772260522,1.6279564145205612,0.0,0.0,0.0,0,0
geco_matched_plus_all_actuator_persistence_no_holdout_quality_gate,P603,actuator,actuator_persistence,2.0,15.0,1.0,P603,,,1e-06,1e-06,1.6e-05,0.0,0.0,0.0,0.0,0.0,0,0
geco_matched_plus_all_actuator_persistence_no_holdout_quality_gate,FIT101,sensor,no_holdout_quality_gate,2.0,25.0,5.0,(LIT101 * -5.3608805e-5) + 0.031951737,-0.02073055819816272,4.142017125521039,0.03810283754570068,4.266809217938577,5.219380156581094,2.1334046089692884,2.1797146193093173,0.0,0.0,0.0,0,0
geco_matched_plus_all_actuator_persistence_no_holdout_quality_gate,LIT101,sensor,no_holdout_quality_gate,2.0,25.0,5.0,(FIT201 - FIT101) * -0.19228067,0.40181479216081095,4.537950991815633,0.45541297011116505,14.684130992691133,26.06945524547026,7.342065496345566,26.06945524547026,0.005818838099386999,0.0007682111224920166,0.04481488660593138,8,1180
geco_matched_plus_all_actuator_persistence_no_holdout_quality_gate,FIT201,sensor,no_holdout_quality_gate,2.0,25.0,3.0,FIT301 * 0.0019161832,-0.028412093537082406,1.72743861513076,0.02363255310208697,4.4066956278290625,4.997509455381237,2.2033478139145313,2.5178618086527687,0.0,0.0,0.0,0,0
geco_matched_plus_all_actuator_persistence_no_holdout_quality_gate,DPIT301,sensor,no_holdout_quality_gate,2.0,25.0,7.0,P302 - ((FIT301 * 0.4284513) - -1.027144),0.43800956563704907,25.153209621175467,0.16714296976649062,2882.4154902704886,2886.5940645146507,1441.2077451352443,63.35953520982656,0.0,0.0,0.0,0,0
geco_matched_plus_all_actuator_persistence_no_holdout_quality_gate,FIT301,sensor,no_holdout_quality_gate,2.0,25.0,3.0,MV303 * -0.0026802947,-0.010334711974421706,19.166696097155796,0.02845999811762023,4.252005811994211,4.963505764934717,2.1260029059971055,4.963505764934717,0.0007534706324263533,5.020987728705991e-06,0.006532273696452801,8,74
geco_matched_plus_all_actuator_persistence_no_holdout_quality_gate,LIT301,sensor,no_holdout_quality_gate,2.0,25.0,5.0,(FIT301 - FIT201) * -0.18929929,0.336680080211637,4.001021228958368,0.35900655586676056,6.923858014139462,15.899021910808475,3.461929007069731,15.899021910808475,0.0063900532986010785,0.0008736518647948424,0.04898236092265943,7,1156
geco_matched_plus_all_actuator_persistence_no_holdout_quality_gate,AIT401,sensor,no_holdout_quality_gate,2.0,25.0,9.0,(FIT301 * (MV304 * (MV304 * 1.11552225e-7))) * AIT401,-0.0007011429606935682,4.054639083289264,0.09907165330484896,295.0705772362928,297.54736856891407,147.5352886181464,0.0,0.0,0.0,0.0,0,0
geco_matched_plus_all_actuator_persistence_no_holdout_quality_gate,LIT401,sensor,no_holdout_quality_gate,2.0,25.0,5.0,(DPIT301 * 0.022688651) - 0.38223073,0.2947958211021037,3.951397925657353,0.3366300543860994,53.154231999680846,61.56998335933333,26.577115999840423,61.56998335933333,0.07117296929662739,0.001194995079432026,0.611475092072107,16,29459
geco_matched_plus_all_actuator_persistence_no_holdout_quality_gate,AIT504,sensor,no_holdout_quality_gate,2.0,25.0,7.0,((FIT504 * 3.598646) - 1.1120417) * PIT502,-0.04966050508977915,38.574280505575615,0.10845552326854281,687.5420972713872,690.2534853531008,343.7710486356936,690.2534853531008,0.00032228094897292393,0.00036402161033118437,0.0,5,138
geco_matched_plus_all_actuator_persistence_no_holdout_quality_gate,FIT501,sensor,no_holdout_quality_gate,2.0,25.0,3.0,AIT504 * 6.7863766e-6,-0.011206098840220724,34.72298697833636,0.0013179223851327868,3.1569617736188356,3.1899098332471554,1.5784808868094178,3.1899098332471554,7.112407149747288e-05,0.0,0.0006202752471409188,1,32
geco_matched_plus_all_actuator_persistence_no_holdout_quality_gate,FIT502,sensor,no_holdout_quality_gate,2.0,25.0,5.0,(P402 - UV401) * 0.20704994,-9.542144852048295e-12,4.050449108763439,0.011624436868351438,1.9237645292798653,2.2143754509886513,0.9618822646399326,2.2143754509886513,0.0033450539876155212,0.0005121407483280111,0.02521806551657298,3,632
geco_matched_plus_all_actuator_persistence_no_holdout_quality_gate,FIT504,sensor,no_holdout_quality_gate,2.0,25.0,7.0,FIT502 * (0.006901001 - (FIT504 * 0.022353666)),0.0006818953951246431,34.63391625029279,0.0006375541651170856,1.3740608045604823,1.3899996586884094,0.6870304022802411,1.3899996586884094,0.0030672255833285177,0.0006928963065614268,0.021399496026361698,5,425
geco_matched_plus_all_actuator_persistence_no_holdout_quality_gate,PIT503,sensor,no_holdout_quality_gate,2.0,25.0,15.0,((((UV401 * P402) * P402) + -0.97898483) * (FIT503 + -0.9433507)) * (FIT401 + -1.7066069),-0.16917589053297233,14.725584363887497,0.11122263994287224,474.479599259972,477.26016525854385,237.239799629986,477.26016525854385,0.003507305775719131,0.000589966058122954,0.026032176778445434,4,565
geco_matched_plus_all_actuator_persistence_no_holdout_quality_gate,FIT601,sensor,no_holdout_quality_gate,2.0,25.0,7.0,((P602 - FIT601) + -0.99994063) * FIT301,0.4916735207848195,10.255337304276727,0.01008498507082207,4.578951029257432,4.831075656027984,2.289475514628716,4.831075656027984,0.0003645108664245485,0.0,0.0031789106415972086,3,65
geco_matched_plus_all_actuator_persistence_no_holdout_quality_gate,MV101,actuator,actuator_persistence,2.0,25.0,1.0,MV101,,,0.050778100568907185,5.187550390897485,6.457002905120165,2.5937751954487425,2.5937751954487425,0.0,0.0,0.0,0,0
geco_matched_plus_all_actuator_persistence_no_holdout_quality_gate,P101,actuator,actuator_persistence,2.0,25.0,1.0,P101,,,0.02283152133090779,1.9543369573381844,2.525124990610879,0.9771684786690922,0.9771684786690922,0.0,0.0,0.0,0,0
geco_matched_plus_all_actuator_persistence_no_holdout_quality_gate,P102,actuator,actuator_persistence,2.0,25.0,1.0,P102,,,1e-06,1e-06,2.6e-05,0.0,2.6e-05,0.00044452544685920543,0.00025104938643529955,0.0019383601473153711,8,25
geco_matched_plus_all_actuator_persistence_no_holdout_quality_gate,MV201,actuator,actuator_persistence,2.0,25.0,1.0,MV201,,,0.05142405563146907,5.280063221159432,6.5656646119461595,2.640031610579716,2.640031610579716,0.0,0.0,0.0,0,0
geco_matched_plus_all_actuator_persistence_no_holdout_quality_gate,P202,actuator,actuator_persistence,2.0,25.0,1.0,P202,,,1e-06,1e-06,2.6e-05,0.0,0.0,0.0,0.0,0.0,0,0
geco_matched_plus_all_actuator_persistence_no_holdout_quality_gate,P203,actuator,actuator_persistence,2.0,25.0,1.0,P203,,,0.022831521330907788,1.9543369573381844,2.525124990610879,0.9771684786690922,0.9771684786690922,0.0,0.0,0.0,0,0
geco_matched_plus_all_actuator_persistence_no_holdout_quality_gate,P204,actuator,actuator_persistence,2.0,25.0,1.0,P204,,,1e-06,1e-06,2.6e-05,0.0,2.6e-05,0.00011113136171480136,0.0,0.0009691800736576856,2,25
geco_matched_plus_all_actuator_persistence_no_holdout_quality_gate,P205,actuator,actuator_persistence,2.0,25.0,1.0,P205,,,0.024826988305938616,3.056574444374331,3.6772491520227963,1.5282872221871655,0.9751730116940613,0.0,0.0,0.0,0,0
geco_matched_plus_all_actuator_persistence_no_holdout_quality_gate,P206,actuator,actuator_persistence,2.0,25.0,1.0,P206,,,1e-06,1e-06,2.6e-05,0.0,2.6e-05,0.00011113136171480136,0.0,0.0009691800736576856,2,25
geco_matched_plus_all_actuator_persistence_no_holdout_quality_gate,MV301,actuator,actuator_persistence,2.0,25.0,1.0,MV301,,,0.05237923317467451,7.076352081580604,8.385832910947466,3.538176040790302,3.538176040790302,0.0,0.0,0.0,0,0
geco_matched_plus_all_actuator_persistence_no_holdout_quality_gate,MV302,actuator,actuator_persistence,2.0,25.0,1.0,MV302,,,0.07240099292831928,5.131188084860169,6.9412129080681515,2.5655940424300847,4.18997517679202,0.0,0.0,0.0,0,0
geco_matched_plus_all_actuator_persistence_no_holdout_quality_gate,MV303,actuator,actuator_persistence,2.0,25.0,1.0,MV303,,,0.052379233174674536,5.161932269205208,6.4714130985720715,2.580966134602604,2.580966134602603,0.0,0.0,0.0,0,0
geco_matched_plus_all_actuator_persistence_no_holdout_quality_gate,MV304,actuator,actuator_persistence,2.0,25.0,1.0,MV304,,,0.07247943385085219,4.985287926088071,6.797273772359375,2.4926439630440353,2.4926439630440353,0.0,0.0,0.0,0,0
geco_matched_plus_all_actuator_persistence_no_holdout_quality_gate,P301,actuator,actuator_persistence,2.0,25.0,1.0,P301,,,0.004036284484333829,4.9990014478852185,5.0999085599935645,2.4995007239426092,0.0,0.0,0.0,0.0,0,0
geco_matched_plus_all_actuator_persistence_no_holdout_quality_gate,P302,actuator,actuator_persistence,2.0,25.0,1.0,P302,,,0.0321976659636582,5.420442012654152,6.225383661745607,2.710221006327076,0.9678023340363417,0.0,0.0,0.0,0,0
geco_matched_plus_all_actuator_persistence_no_holdout_quality_gate,P401,actuator,actuator_persistence,2.0,25.0,1.0,P401,,,1e-06,1e-06,2.6e-05,0.0,0.0,0.0,0.0,0.0,0,0
geco_matched_plus_all_actuator_persistence_no_holdout_quality_gate,P402,actuator,actuator_persistence,2.0,25.0,1.0,P402,,,0.0014233583151173907,1.9971532833697652,2.0327372412477,0.9985766416848826,2.0327372412477,0.00019781382385234642,0.0,0.0017251405311106804,3,38
geco_matched_plus_all_actuator_persistence_no_holdout_quality_gate,P403,actuator,actuator_persistence,2.0,25.0,1.0,P403,,,1e-06,1e-06,2.6e-05,0.0,2.6e-05,0.00011113136171480136,0.00012552469321764977,0.0,2,25
geco_matched_plus_all_actuator_persistence_no_holdout_quality_gate,P404,actuator,actuator_persistence,2.0,25.0,1.0,P404,,,1e-06,1e-06,2.6e-05,0.0,0.0,0.0,0.0,0.0,0,0
geco_matched_plus_all_actuator_persistence_no_holdout_quality_gate,UV401,actuator,actuator_persistence,2.0,25.0,1.0,UV401,,,0.001423358315117391,1.9971532833697652,2.0327372412477,0.9985766416848826,2.0327372412477,5.556568085740068e-05,0.0,0.0004845900368288428,1,25
geco_matched_plus_all_actuator_persistence_no_holdout_quality_gate,P501,actuator,actuator_persistence,2.0,25.0,1.0,P501,,,0.0014233583151173938,1.9971532833697652,2.0327372412477,0.9985766416848826,2.0327372412477,5.556568085740068e-05,0.0,0.0004845900368288428,1,25
geco_matched_plus_all_actuator_persistence_no_holdout_quality_gate,P502,actuator,actuator_persistence,2.0,25.0,1.0,P502,,,1e-06,1e-06,2.6e-05,0.0,0.0,0.0,0.0,0.0,0,0
geco_matched_plus_all_actuator_persistence_no_holdout_quality_gate,P601,actuator,actuator_persistence,2.0,25.0,1.0,P601,,,1e-06,1e-06,2.6e-05,0.0,0.0,0.0,0.0,0.0,0,0
geco_matched_plus_all_actuator_persistence_no_holdout_quality_gate,P602,actuator,actuator_persistence,2.0,25.0,1.0,P602,,,0.023252724092464913,2.6048365544521044,3.186154656763727,1.3024182772260522,1.6279564145205612,0.0,0.0,0.0,0,0
geco_matched_plus_all_actuator_persistence_no_holdout_quality_gate,P603,actuator,actuator_persistence,2.0,25.0,1.0,P603,,,1e-06,1e-06,2.6e-05,0.0,0.0,0.0,0.0,0.0,0,0
geco_matched_plus_all_actuator_persistence_no_holdout_quality_gate,FIT101,sensor,no_holdout_quality_gate,3.0,2.0,5.0,(LIT101 * -5.3608805e-5) + 0.031951737,-0.02073055819816272,4.142017125521039,0.03810283754570068,6.400213826907866,6.476419501999267,2.1334046089692884,2.1797146193093173,0.0,0.0,0.0,0,0
geco_matched_plus_all_actuator_persistence_no_holdout_quality_gate,LIT101,sensor,no_holdout_quality_gate,3.0,2.0,5.0,(FIT201 - FIT101) * -0.19228067,0.40181479216081095,4.537950991815633,0.45541297011116505,22.0261964890367,22.93702242925903,7.342065496345566,22.93702242925903,0.003907378677892416,7.280432206623687e-05,0.03351424694708277,11,1000
geco_matched_plus_all_actuator_persistence_no_holdout_quality_gate,FIT201,sensor,no_holdout_quality_gate,3.0,2.0,3.0,FIT301 * 0.0019161832,-0.028412093537082406,1.72743861513076,0.02363255310208697,6.610043441743594,6.657308547947768,2.2033478139145313,2.5178618086527687,0.0,0.0,0.0,0,0
geco_matched_plus_all_actuator_persistence_no_holdout_quality_gate,DPIT301,sensor,no_holdout_quality_gate,3.0,2.0,7.0,P302 - ((FIT301 * 0.4284513) - -1.027144),0.43800956563704907,25.153209621175467,0.16714296976649062,4323.623235405733,4323.957521345266,1441.2077451352443,63.35953520982656,0.0,0.0,0.0,0,0
geco_matched_plus_all_actuator_persistence_no_holdout_quality_gate,FIT301,sensor,no_holdout_quality_gate,3.0,2.0,3.0,MV303 * -0.0026802947,-0.010334711974421706,19.166696097155796,0.02845999811762023,6.3780087179913165,6.434928714226557,2.1260029059971055,6.434928714226557,0.00014224814299494576,0.0,0.0012405504942818377,5,24
geco_matched_plus_all_actuator_persistence_no_holdout_quality_gate,LIT301,sensor,no_holdout_quality_gate,3.0,2.0,5.0,(FIT301 - FIT201) * -0.18929929,0.336680080211637,4.001021228958368,0.35900655586676056,10.385787021209193,11.103800132942714,3.461929007069731,11.103800132942714,0.005245400272938625,0.00010293024843847282,0.044950571816243456,14,956
geco_matched_plus_all_actuator_persistence_no_holdout_quality_gate,AIT401,sensor,no_holdout_quality_gate,3.0,2.0,9.0,(FIT301 * (MV304 * (MV304 * 1.11552225e-7))) * AIT401,-0.0007011429606935682,4.054639083289264,0.09907165330484896,442.60586585443923,442.80400916104895,147.5352886181464,0.0,0.0,0.0,0.0,0,0
geco_matched_plus_all_actuator_persistence_no_holdout_quality_gate,LIT401,sensor,no_holdout_quality_gate,3.0,2.0,5.0,(DPIT301 * 0.022688651) - 0.38223073,0.2947958211021037,3.951397925657353,0.3366300543860994,79.73134799952126,80.40460810829346,26.577115999840423,80.40460810829346,0.040082859543294554,8.284629752364885e-05,0.34892421011824,1565,840
geco_matched_plus_all_actuator_persistence_no_holdout_quality_gate,AIT504,sensor,no_holdout_quality_gate,3.0,2.0,7.0,((FIT504 * 3.598646) - 1.1120417) * PIT502,-0.04966050508977915,38.574280505575615,0.10845552326854281,1031.3131459070808,1031.5300569536178,343.7710486356936,859.0176034158073,0.0,0.0,0.0,0,0
geco_matched_plus_all_actuator_persistence_no_holdout_quality_gate,FIT501,sensor,no_holdout_quality_gate,3.0,2.0,3.0,AIT504 * 6.7863766e-6,-0.011206098840220724,34.72298697833636,0.0013179223851327868,4.735442660428253,4.738078505198519,1.5784808868094178,3.3620074419943418,0.0,0.0,0.0,0,0
geco_matched_plus_all_actuator_persistence_no_holdout_quality_gate,FIT502,sensor,no_holdout_quality_gate,3.0,2.0,5.0,(P402 - UV401) * 0.20704994,-9.542144852048295e-12,4.050449108763439,0.011624436868351438,2.885646793919798,2.9088956676565005,0.9618822646399326,2.9088956676565005,0.00295387159437942,0.00010795123616717881,0.024927311494475673,4,567
geco_matched_plus_all_actuator_persistence_no_holdout_quality_gate,FIT504,sensor,no_holdout_quality_gate,3.0,2.0,7.0,FIT502 * (0.006901001 - (FIT504 * 0.022353666)),0.0006818953951246431,34.63391625029279,0.0006375541651170856,2.0610912068407234,2.0623663151709577,0.6870304022802411,2.0623663151709577,0.0019247951849003595,0.0002786648189431825,0.014634619112231052,6,249
geco_matched_plus_all_actuator_persistence_no_holdout_quality_gate,PIT503,sensor,no_holdout_quality_gate,3.0,2.0,15.0,((((UV401 * P402) * P402) + -0.97898483) * (FIT503 + -0.9433507)) * (FIT401 + -1.7066069),-0.16917589053297233,14.725584363887497,0.11122263994287224,711.719398889958,711.9418441698438,237.239799629986,711.9418441698438,0.0026582621722180486,0.0001757345705047097,0.02182593525877108,4,435
geco_matched_plus_all_actuator_persistence_no_holdout_quality_gate,FIT601,sensor,no_holdout_quality_gate,3.0,2.0,7.0,((P602 - FIT601) + -0.99994063) * FIT301,0.4916735207848195,10.255337304276727,0.01008498507082207,6.868426543886148,6.8885965140277925,2.289475514628716,6.8885965140277925,5.778830809169671e-05,0.0,0.0005039736383019966,2,25
geco_matched_plus_all_actuator_persistence_no_holdout_quality_gate,MV101,actuator,actuator_persistence,3.0,2.0,1.0,MV101,,,0.050778100568907185,7.781325586346227,7.882881787484042,2.5937751954487425,2.5937751954487425,0.0,0.0,0.0,0,0
geco_matched_plus_all_actuator_persistence_no_holdout_quality_gate,P101,actuator,actuator_persistence,3.0,2.0,1.0,P101,,,0.02283152133090779,2.9315054360072765,2.977168478669092,0.9771684786690922,0.9771684786690922,0.0,0.0,0.0,0,0
geco_matched_plus_all_actuator_persistence_no_holdout_quality_gate,P102,actuator,actuator_persistence,3.0,2.0,1.0,P102,,,1e-06,1e-06,3e-06,0.0,3e-06,5.3343053623104655e-05,3.0125926372235947e-05,0.00023260321767784454,8,3
geco_matched_plus_all_actuator_persistence_no_holdout_quality_gate,MV201,actuator,actuator_persistence,3.0,2.0,1.0,MV201,,,0.05142405563146907,7.920094831739148,8.022942943002086,2.640031610579716,2.640031610579716,0.0,0.0,0.0,0,0
geco_matched_plus_all_actuator_persistence_no_holdout_quality_gate,P202,actuator,actuator_persistence,3.0,2.0,1.0,P202,,,1e-06,1e-06,3e-06,0.0,0.0,0.0,0.0,0.0,0,0
geco_matched_plus_all_actuator_persistence_no_holdout_quality_gate,P203,actuator,actuator_persistence,3.0,2.0,1.0,P203,,,0.022831521330907788,2.9315054360072765,2.977168478669092,0.9771684786690922,0.9771684786690922,0.0,0.0,0.0,0,0
geco_matched_plus_all_actuator_persistence_no_holdout_quality_gate,P204,actuator,actuator_persistence,3.0,2.0,1.0,P204,,,1e-06,1e-06,3e-06,0.0,3e-06,1.3335763405776164e-05,0.0,0.00011630160883892227,2,3
geco_matched_plus_all_actuator_persistence_no_holdout_quality_gate,P205,actuator,actuator_persistence,3.0,2.0,1.0,P205,,,0.024826988305938616,4.584861666561497,4.634515643173374,1.5282872221871655,0.9751730116940613,0.0,0.0,0.0,0,0
geco_matched_plus_all_actuator_persistence_no_holdout_quality_gate,P206,actuator,actuator_persistence,3.0,2.0,1.0,P206,,,1e-06,1e-06,3e-06,0.0,3e-06,1.3335763405776164e-05,0.0,0.00011630160883892227,2,3
geco_matched_plus_all_actuator_persistence_no_holdout_quality_gate,MV301,actuator,actuator_persistence,3.0,2.0,1.0,MV301,,,0.05237923317467451,10.614528122370906,10.719286588720255,3.538176040790302,3.538176040790302,0.0,0.0,0.0,0,0
geco_matched_plus_all_actuator_persistence_no_holdout_quality_gate,MV302,actuator,actuator_persistence,3.0,2.0,1.0,MV302,,,0.07240099292831928,7.696782127290254,7.841584113146892,2.5655940424300847,4.18997517679202,0.0,0.0,0.0,0,0
geco_matched_plus_all_actuator_persistence_no_holdout_quality_gate,MV303,actuator,actuator_persistence,3.0,2.0,1.0,MV303,,,0.052379233174674536,7.7428984038078115,7.84765687015716,2.580966134602604,2.580966134602603,0.0,0.0,0.0,0,0
geco_matched_plus_all_actuator_persistence_no_holdout_quality_gate,MV304,actuator,actuator_persistence,3.0,2.0,1.0,MV304,,,0.07247943385085219,7.4779318891321065,7.622890756833811,2.4926439630440353,2.4926439630440353,0.0,0.0,0.0,0,0
geco_matched_plus_all_actuator_persistence_no_holdout_quality_gate,P301,actuator,actuator_persistence,3.0,2.0,1.0,P301,,,0.004036284484333829,7.498502171827828,7.506574740796496,2.4995007239426092,0.0,0.0,0.0,0.0,0,0
geco_matched_plus_all_actuator_persistence_no_holdout_quality_gate,P302,actuator,actuator_persistence,3.0,2.0,1.0,P302,,,0.0321976659636582,8.130663018981227,8.195058350908544,2.710221006327076,0.9678023340363417,0.0,0.0,0.0,0,0
geco_matched_plus_all_actuator_persistence_no_holdout_quality_gate,P401,actuator,actuator_persistence,3.0,2.0,1.0,P401,,,1e-06,1e-06,3e-06,0.0,0.0,0.0,0.0,0.0,0,0
geco_matched_plus_all_actuator_persistence_no_holdout_quality_gate,P402,actuator,actuator_persistence,3.0,2.0,1.0,P402,,,0.0014233583151173907,2.995729925054648,2.9985766416848825,0.9985766416848826,2.9985766416848825,2.44488995772563e-05,0.0,0.00021321961620469082,4,3
geco_matched_plus_all_actuator_persistence_no_holdout_quality_gate,P403,actuator,actuator_persistence,3.0,2.0,1.0,P403,,,1e-06,1e-06,3e-06,0.0,3e-06,1.3335763405776164e-05,1.5062963186117974e-05,0.0,2,3
geco_matched_plus_all_actuator_persistence_no_holdout_quality_gate,P404,actuator,actuator_persistence,3.0,2.0,1.0,P404,,,1e-06,1e-06,3e-06,0.0,0.0,0.0,0.0,0.0,0,0
geco_matched_plus_all_actuator_persistence_no_holdout_quality_gate,UV401,actuator,actuator_persistence,3.0,2.0,1.0,UV401,,,0.001423358315117391,2.995729925054648,2.9985766416848825,0.9985766416848826,2.856240810173141,0.0,0.0,0.0,0,0
geco_matched_plus_all_actuator_persistence_no_holdout_quality_gate,P501,actuator,actuator_persistence,3.0,2.0,1.0,P501,,,0.0014233583151173938,2.995729925054648,2.9985766416848825,0.9985766416848826,2.856240810173141,0.0,0.0,0.0,0,0
geco_matched_plus_all_actuator_persistence_no_holdout_quality_gate,P502,actuator,actuator_persistence,3.0,2.0,1.0,P502,,,1e-06,1e-06,3e-06,0.0,0.0,0.0,0.0,0.0,0,0
geco_matched_plus_all_actuator_persistence_no_holdout_quality_gate,P601,actuator,actuator_persistence,3.0,2.0,1.0,P601,,,1e-06,1e-06,3e-06,0.0,0.0,0.0,0.0,0.0,0,0
geco_matched_plus_all_actuator_persistence_no_holdout_quality_gate,P602,actuator,actuator_persistence,3.0,2.0,1.0,P602,,,0.023252724092464913,3.9072548316781566,3.9537602798630864,1.3024182772260522,1.6279564145205612,0.0,0.0,0.0,0,0
geco_matched_plus_all_actuator_persistence_no_holdout_quality_gate,P603,actuator,actuator_persistence,3.0,2.0,1.0,P603,,,1e-06,1e-06,3e-06,0.0,0.0,0.0,0.0,0.0,0,0
geco_matched_plus_all_actuator_persistence_no_holdout_quality_gate,FIT101,sensor,no_holdout_quality_gate,3.0,5.98,5.0,(LIT101 * -5.3608805e-5) + 0.031951737,-0.02073055819816272,4.142017125521039,0.03810283754570068,6.400213826907866,6.6280687954311555,2.1334046089692884,2.1797146193093173,0.0,0.0,0.0,0,0
geco_matched_plus_all_actuator_persistence_no_holdout_quality_gate,LIT101,sensor,no_holdout_quality_gate,3.0,5.98,5.0,(FIT201 - FIT101) * -0.19228067,0.40181479216081095,4.537950991815633,0.45541297011116505,22.0261964890367,24.749566050301468,7.342065496345566,24.749566050301468,0.004340790988580141,0.00017824506436906268,0.036479937972475285,10,1027
geco_matched_plus_all_actuator_persistence_no_holdout_quality_gate,FIT201,sensor,no_holdout_quality_gate,3.0,5.98,3.0,FIT301 * 0.0019161832,-0.028412093537082406,1.72743861513076,0.02363255310208697,6.610043441743594,6.751366109294074,2.2033478139145313,2.5178618086527687,0.0,0.0,0.0,0,0
geco_matched_plus_all_actuator_persistence_no_holdout_quality_gate,DPIT301,sensor,no_holdout_quality_gate,3.0,5.98,7.0,P302 - ((FIT301 * 0.4284513) - -1.027144),0.43800956563704907,25.153209621175467,0.16714296976649062,4323.623235405733,4324.622750364936,1441.2077451352443,63.35953520982656,0.0,0.0,0.0,0,0
geco_matched_plus_all_actuator_persistence_no_holdout_quality_gate,FIT301,sensor,no_holdout_quality_gate,3.0,5.98,3.0,MV303 * -0.0026802947,-0.010334711974421706,19.166696097155796,0.02845999811762023,6.3780087179913165,6.548199506734686,2.1260029059971055,6.548199506734686,0.00022670797789819478,0.0,0.0019771273502616786,6,30
geco_matched_plus_all_actuator_persistence_no_holdout_quality_gate,LIT301,sensor,no_holdout_quality_gate,3.0,5.98,5.0,(FIT301 - FIT201) * -0.18929929,0.336680080211637,4.001021228958368,0.35900655586676056,10.385787021209193,12.532646225292421,3.461929007069731,12.532646225292421,0.00551656079552274,0.00023849691711353457,0.04626865671641791,9,1109
geco_matched_plus_all_actuator_persistence_no_holdout_quality_gate,AIT401,sensor,no_holdout_quality_gate,3.0,5.98,9.0,(FIT301 * (MV304 * (MV304 * 1.11552225e-7))) * AIT401,-0.0007011429606935682,4.054639083289264,0.09907165330484896,442.60586585443923,443.1983143412022,147.5352886181464,0.0,0.0,0.0,0.0,0,0
geco_matched_plus_all_actuator_persistence_no_holdout_quality_gate,LIT401,sensor,no_holdout_quality_gate,3.0,5.98,5.0,(DPIT301 * 0.022688651) - 0.38223073,0.2947958211021037,3.951397925657353,0.3366300543860994,79.73134799952126,81.74439572475013,26.577115999840423,81.74439572475013,0.06556528078449851,0.0002610913618927115,0.5697809653033533,111,1573
geco_matched_plus_all_actuator_persistence_no_holdout_quality_gate,AIT504,sensor,no_holdout_quality_gate,3.0,5.98,7.0,((FIT504 * 3.598646) - 1.1120417) * PIT502,-0.04966050508977915,38.574280505575615,0.10845552326854281,1031.3131459070808,1031.9617099362267,343.7710486356936,859.0176034158073,0.0,0.0,0.0,0,0
geco_matched_plus_all_actuator_persistence_no_holdout_quality_gate,FIT501,sensor,no_holdout_quality_gate,3.0,5.98,3.0,AIT504 * 6.7863766e-6,-0.011206098840220724,34.72298697833636,0.0013179223851327868,4.735442660428253,4.7433238362913475,1.5784808868094178,3.3620074419943418,0.0,0.0,0.0,0,0
geco_matched_plus_all_actuator_persistence_no_holdout_quality_gate,FIT502,sensor,no_holdout_quality_gate,3.0,5.98,5.0,(P402 - UV401) * 0.20704994,-9.542144852048295e-12,4.050449108763439,0.011624436868351438,2.885646793919798,2.9551609263925394,0.9618822646399326,2.9551609263925394,0.0030227730386425972,0.00018577654596212167,0.024927311494475673,4,582
geco_matched_plus_all_actuator_persistence_no_holdout_quality_gate,FIT504,sensor,no_holdout_quality_gate,3.0,5.98,7.0,FIT502 * (0.006901001 - (FIT504 * 0.022353666)),0.0006818953951246431,34.63391625029279,0.0006375541651170856,2.0610912068407234,2.0649037807481236,0.6870304022802411,2.0649037807481236,0.0019959192563978323,0.00035900062260247836,0.014634619112231052,4,264
geco_matched_plus_all_actuator_persistence_no_holdout_quality_gate,PIT503,sensor,no_holdout_quality_gate,3.0,5.98,15.0,((((UV401 * P402) * P402) + -0.97898483) * (FIT503 + -0.9433507)) * (FIT401 + -1.7066069),-0.16917589053297233,14.725584363887497,0.11122263994287224,711.719398889958,712.3845102768164,237.239799629986,712.3845102768164,0.0027271636164812253,0.00025355988029965255,0.02182593525877108,5,441
geco_matched_plus_all_actuator_persistence_no_holdout_quality_gate,FIT601,sensor,no_holdout_quality_gate,3.0,5.98,7.0,((P602 - FIT601) + -0.99994063) * FIT301,0.4916735207848195,10.255337304276727,0.01008498507082207,6.868426543886148,6.928734754609664,2.289475514628716,6.928734754609664,6.890144426317685e-05,0.0,0.0006008916456677651,2,30
geco_matched_plus_all_actuator_persistence_no_holdout_quality_gate,MV101,actuator,actuator_persistence,3.0,5.98,1.0,MV101,,,0.050778100568907185,7.781325586346227,8.084978627748292,2.5937751954487425,2.5937751954487425,0.0,0.0,0.0,0,0
geco_matched_plus_all_actuator_persistence_no_holdout_quality_gate,P101,actuator,actuator_persistence,3.0,5.98,1.0,P101,,,0.02283152133090779,2.9315054360072765,3.068037933566105,0.9771684786690922,0.9771684786690922,0.0,0.0,0.0,0,0
geco_matched_plus_all_actuator_persistence_no_holdout_quality_gate,P102,actuator,actuator_persistence,3.0,5.98,1.0,P102,,,1e-06,1e-06,6.98e-06,0.0,6.98e-06,0.00010668610724620931,6.0251852744471894e-05,0.00046520643535568907,8,6
geco_matched_plus_all_actuator_persistence_no_holdout_quality_gate,MV201,actuator,actuator_persistence,3.0,5.98,1.0,MV201,,,0.05142405563146907,7.920094831739148,8.227610684415334,2.640031610579716,2.640031610579716,0.0,0.0,0.0,0,0
geco_matched_plus_all_actuator_persistence_no_holdout_quality_gate,P202,actuator,actuator_persistence,3.0,5.98,1.0,P202,,,1e-06,1e-06,6.98e-06,0.0,0.0,0.0,0.0,0.0,0,0
geco_matched_plus_all_actuator_persistence_no_holdout_quality_gate,P203,actuator,actuator_persistence,3.0,5.98,1.0,P203,,,0.022831521330907788,2.9315054360072765,3.068037933566105,0.9771684786690922,0.9771684786690922,0.0,0.0,0.0,0,0
geco_matched_plus_all_actuator_persistence_no_holdout_quality_gate,P204,actuator,actuator_persistence,3.0,5.98,1.0,P204,,,1e-06,1e-06,6.98e-06,0.0,6.98e-06,2.6671526811552328e-05,0.0,0.00023260321767784454,2,6
geco_matched_plus_all_actuator_persistence_no_holdout_quality_gate,P205,actuator,actuator_persistence,3.0,5.98,1.0,P205,,,0.024826988305938616,4.584861666561497,4.733327056631009,1.5282872221871655,0.9751730116940613,0.0,0.0,0.0,0,0
geco_matched_plus_all_actuator_persistence_no_holdout_quality_gate,P206,actuator,actuator_persistence,3.0,5.98,1.0,P206,,,1e-06,1e-06,6.98e-06,0.0,6.98e-06,2.6671526811552328e-05,0.0,0.00023260321767784454,2,6
geco_matched_plus_all_actuator_persistence_no_holdout_quality_gate,MV301,actuator,actuator_persistence,3.0,5.98,1.0,MV301,,,0.05237923317467451,10.614528122370906,10.92775593675546,3.538176040790302,3.538176040790302,0.0,0.0,0.0,0,0
geco_matched_plus_all_actuator_persistence_no_holdout_quality_gate,MV302,actuator,actuator_persistence,3.0,5.98,1.0,MV302,,,0.07240099292831928,7.696782127290254,8.129740065001602,2.5655940424300847,4.18997517679202,0.0,0.0,0.0,0,0
geco_matched_plus_all_actuator_persistence_no_holdout_quality_gate,MV303,actuator,actuator_persistence,3.0,5.98,1.0,MV303,,,0.052379233174674536,7.7428984038078115,8.056126218192365,2.580966134602604,2.580966134602603,0.0,0.0,0.0,0,0
geco_matched_plus_all_actuator_persistence_no_holdout_quality_gate,MV304,actuator,actuator_persistence,3.0,5.98,1.0,MV304,,,0.07247943385085219,7.4779318891321065,7.9113589035602025,2.4926439630440353,2.4926439630440353,0.0,0.0,0.0,0,0
geco_matched_plus_all_actuator_persistence_no_holdout_quality_gate,P301,actuator,actuator_persistence,3.0,5.98,1.0,P301,,,0.004036284484333829,7.498502171827828,7.522639153044144,2.4995007239426092,0.0,0.0,0.0,0.0,0,0
geco_matched_plus_all_actuator_persistence_no_holdout_quality_gate,P302,actuator,actuator_persistence,3.0,5.98,1.0,P302,,,0.0321976659636582,8.130663018981227,8.323205061443904,2.710221006327076,0.9678023340363417,0.0,0.0,0.0,0,0
geco_matched_plus_all_actuator_persistence_no_holdout_quality_gate,P401,actuator,actuator_persistence,3.0,5.98,1.0,P401,,,1e-06,1e-06,6.98e-06,0.0,0.0,0.0,0.0,0.0,0,0
geco_matched_plus_all_actuator_persistence_no_holdout_quality_gate,P402,actuator,actuator_persistence,3.0,5.98,1.0,P402,,,0.0014233583151173907,2.995729925054648,3.0042416077790497,0.9985766416848826,3.0042416077790497,5.556568085740068e-05,0.0,0.0004845900368288428,2,19
geco_matched_plus_all_actuator_persistence_no_holdout_quality_gate,P403,actuator,actuator_persistence,3.0,5.98,1.0,P403,,,1e-06,1e-06,6.98e-06,0.0,6.98e-06,2.6671526811552328e-05,3.0125926372235947e-05,0.0,2,6
geco_matched_plus_all_actuator_persistence_no_holdout_quality_gate,P404,actuator,actuator_persistence,3.0,5.98,1.0,P404,,,1e-06,1e-06,6.98e-06,0.0,0.0,0.0,0.0,0.0,0,0
geco_matched_plus_all_actuator_persistence_no_holdout_quality_gate,UV401,actuator,actuator_persistence,3.0,5.98,1.0,UV401,,,0.001423358315117391,2.995729925054648,3.0042416077790497,0.9985766416848826,2.856240810173141,0.0,0.0,0.0,0,0
geco_matched_plus_all_actuator_persistence_no_holdout_quality_gate,P501,actuator,actuator_persistence,3.0,5.98,1.0,P501,,,0.0014233583151173938,2.995729925054648,3.0042416077790497,0.9985766416848826,2.856240810173141,0.0,0.0,0.0,0,0
geco_matched_plus_all_actuator_persistence_no_holdout_quality_gate,P502,actuator,actuator_persistence,3.0,5.98,1.0,P502,,,1e-06,1e-06,6.98e-06,0.0,0.0,0.0,0.0,0.0,0,0
geco_matched_plus_all_actuator_persistence_no_holdout_quality_gate,P601,actuator,actuator_persistence,3.0,5.98,1.0,P601,,,1e-06,1e-06,6.98e-06,0.0,0.0,0.0,0.0,0.0,0,0
geco_matched_plus_all_actuator_persistence_no_holdout_quality_gate,P602,actuator,actuator_persistence,3.0,5.98,1.0,P602,,,0.023252724092464913,3.9072548316781566,4.046306121751097,1.3024182772260522,1.6279564145205612,0.0,0.0,0.0,0,0
geco_matched_plus_all_actuator_persistence_no_holdout_quality_gate,P603,actuator,actuator_persistence,3.0,5.98,1.0,P603,,,1e-06,1e-06,6.98e-06,0.0,0.0,0.0,0.0,0.0,0,0
geco_matched_plus_all_actuator_persistence_no_holdout_quality_gate,FIT101,sensor,no_holdout_quality_gate,3.0,9.0,5.0,(LIT101 * -5.3608805e-5) + 0.031951737,-0.02073055819816272,4.142017125521039,0.03810283754570068,6.400213826907866,6.7431393648191715,2.1334046089692884,2.1797146193093173,0.0,0.0,0.0,0,0
geco_matched_plus_all_actuator_persistence_no_holdout_quality_gate,LIT101,sensor,no_holdout_quality_gate,3.0,9.0,5.0,(FIT201 - FIT101) * -0.19228067,0.40181479216081095,4.537950991815633,0.45541297011116505,22.0261964890367,26.124913220037186,7.342065496345566,26.124913220037186,0.004687520837130321,0.0002937277821293005,0.03861213413452219,11,1049
geco_matched_plus_all_actuator_persistence_no_holdout_quality_gate,FIT201,sensor,no_holdout_quality_gate,3.0,9.0,3.0,FIT301 * 0.0019161832,-0.028412093537082406,1.72743861513076,0.02363255310208697,6.610043441743594,6.822736419662377,2.2033478139145313,2.5178618086527687,0.0,0.0,0.0,0,0
geco_matched_plus_all_actuator_persistence_no_holdout_quality_gate,DPIT301,sensor,no_holdout_quality_gate,3.0,9.0,7.0,P302 - ((FIT301 * 0.4284513) - -1.027144),0.43800956563704907,25.153209621175467,0.16714296976649062,4323.623235405733,4325.127522133631,1441.2077451352443,63.35953520982656,0.0,0.0,0.0,0,0
geco_matched_plus_all_actuator_persistence_no_holdout_quality_gate,FIT301,sensor,no_holdout_quality_gate,3.0,9.0,3.0,MV303 * -0.0026802947,-0.010334711974421706,19.166696097155796,0.02845999811762023,6.3780087179913165,6.634148701049899,2.1260029059971055,6.634148701049899,0.00028227365875559547,0.0,0.0024617173870905215,5,51
geco_matched_plus_all_actuator_persistence_no_holdout_quality_gate,LIT301,sensor,no_holdout_quality_gate,3.0,9.0,5.0,(FIT301 - FIT201) * -0.18929929,0.336680080211637,4.001021228958368,0.35900655586676056,10.385787021209193,13.616846024010037,3.461929007069731,13.616846024010037,0.00568992571979783,0.0003464481532807134,0.04694708276797829,8,1113
geco_matched_plus_all_actuator_persistence_no_holdout_quality_gate,AIT401,sensor,no_holdout_quality_gate,3.0,9.0,9.0,(FIT301 * (MV304 * (MV304 * 1.11552225e-7))) * AIT401,-0.0007011429606935682,4.054639083289264,0.09907165330484896,442.60586585443923,443.49751073418287,147.5352886181464,0.0,0.0,0.0,0.0,0,0
geco_matched_plus_all_actuator_persistence_no_holdout_quality_gate,LIT401,sensor,no_holdout_quality_gate,3.0,9.0,5.0,(DPIT301 * 0.022688651) - 0.38223073,0.2947958211021037,3.951397925657353,0.3366300543860994,79.73134799952126,82.76101848899616,26.577115999840423,82.76101848899616,0.06625651785436458,0.00037657407965294935,0.5749176196937391,16,27598
geco_matched_plus_all_actuator_persistence_no_holdout_quality_gate,AIT504,sensor,no_holdout_quality_gate,3.0,9.0,7.0,((FIT504 * 3.598646) - 1.1120417) * PIT502,-0.04966050508977915,38.574280505575615,0.10845552326854281,1031.3131459070808,1032.2892456164977,343.7710486356936,859.0176034158073,0.0,0.0,0.0,0,0
geco_matched_plus_all_actuator_persistence_no_holdout_quality_gate,FIT501,sensor,no_holdout_quality_gate,3.0,9.0,3.0,AIT504 * 6.7863766e-6,-0.011206098840220724,34.72298697833636,0.0013179223851327868,4.735442660428253,4.747303961894448,1.5784808868094178,3.3620074419943418,0.0,0.0,0.0,0,0
geco_matched_plus_all_actuator_persistence_no_holdout_quality_gate,FIT502,sensor,no_holdout_quality_gate,3.0,9.0,5.0,(P402 - UV401) * 0.20704994,-9.542144852048295e-12,4.050449108763439,0.011624436868351438,2.885646793919798,2.9902667257349607,0.9618822646399326,2.9902667257349607,0.0030605577016256298,0.0002284549416561226,0.024927311494475673,4,586
geco_matched_plus_all_actuator_persistence_no_holdout_quality_gate,FIT504,sensor,no_holdout_quality_gate,3.0,9.0,7.0,FIT502 * (0.006901001 - (FIT504 * 0.022353666)),0.0006818953951246431,34.63391625029279,0.0006375541651170856,2.0610912068407234,2.066829194326777,0.6870304022802411,2.066829194326777,0.002038149173849457,0.0004041895121608323,0.014654002713704206,4,269
geco_matched_plus_all_actuator_persistence_no_holdout_quality_gate,PIT503,sensor,no_holdout_quality_gate,3.0,9.0,15.0,((((UV401 * P402) * P402) + -0.97898483) * (FIT503 + -0.9433507)) * (FIT401 + -1.7066069),-0.16917589053297233,14.725584363887497,0.11122263994287224,711.719398889958,712.7204026494438,237.239799629986,712.7204026494438,0.002778284042870034,0.00031130123917977147,0.02182593525877108,6,449
geco_matched_plus_all_actuator_persistence_no_holdout_quality_gate,FIT601,sensor,no_holdout_quality_gate,3.0,9.0,7.0,((P602 - FIT601) + -0.99994063) * FIT301,0.4916735207848195,10.255337304276727,0.01008498507082207,6.868426543886148,6.959191409523546,2.289475514628716,6.959191409523546,7.556932596606493e-05,0.0,0.0006590424500872262,2,33
geco_matched_plus_all_actuator_persistence_no_holdout_quality_gate,MV101,actuator,actuator_persistence,3.0,9.0,1.0,MV101,,,0.050778100568907185,7.781325586346227,8.238328491466392,2.5937751954487425,2.5937751954487425,0.0,0.0,0.0,0,0
geco_matched_plus_all_actuator_persistence_no_holdout_quality_gate,P101,actuator,actuator_persistence,3.0,9.0,1.0,P101,,,0.02283152133090779,2.9315054360072765,3.1369891279854465,0.9771684786690922,0.9771684786690922,0.0,0.0,0.0,0,0
geco_matched_plus_all_actuator_persistence_no_holdout_quality_gate,P102,actuator,actuator_persistence,3.0,9.0,1.0,P102,,,1e-06,1e-06,1e-05,0.0,1e-05,0.0001778101787436822,0.00010041975457411982,0.0007753440589261484,8,10
geco_matched_plus_all_actuator_persistence_no_holdout_quality_gate,MV201,actuator,actuator_persistence,3.0,9.0,1.0,MV201,,,0.05142405563146907,7.920094831739148,8.38291133242237,2.640031610579716,2.640031610579716,0.0,0.0,0.0,0,0
geco_matched_plus_all_actuator_persistence_no_holdout_quality_gate,P202,actuator,actuator_persistence,3.0,9.0,1.0,P202,,,1e-06,1e-06,1e-05,0.0,0.0,0.0,0.0,0.0,0,0
geco_matched_plus_all_actuator_persistence_no_holdout_quality_gate,P203,actuator,actuator_persistence,3.0,9.0,1.0,P203,,,0.022831521330907788,2.9315054360072765,3.1369891279854465,0.9771684786690922,0.9771684786690922,0.0,0.0,0.0,0,0
geco_matched_plus_all_actuator_persistence_no_holdout_quality_gate,P204,actuator,actuator_persistence,3.0,9.0,1.0,P204,,,1e-06,1e-06,1e-05,0.0,1e-05,4.445254468592055e-05,0.0,0.0003876720294630742,2,10
geco_matched_plus_all_actuator_persistence_no_holdout_quality_gate,P205,actuator,actuator_persistence,3.0,9.0,1.0,P205,,,0.024826988305938616,4.584861666561497,4.808304561314944,1.5282872221871655,0.9751730116940613,0.0,0.0,0.0,0,0
geco_matched_plus_all_actuator_persistence_no_holdout_quality_gate,P206,actuator,actuator_persistence,3.0,9.0,1.0,P206,,,1e-06,1e-06,1e-05,0.0,1e-05,4.445254468592055e-05,0.0,0.0003876720294630742,2,10
geco_matched_plus_all_actuator_persistence_no_holdout_quality_gate,MV301,actuator,actuator_persistence,3.0,9.0,1.0,MV301,,,0.05237923317467451,10.614528122370906,11.085941220942978,3.538176040790302,3.538176040790302,0.0,0.0,0.0,0,0
geco_matched_plus_all_actuator_persistence_no_holdout_quality_gate,MV302,actuator,actuator_persistence,3.0,9.0,1.0,MV302,,,0.07240099292831928,7.696782127290254,8.348391063645128,2.5655940424300847,4.18997517679202,0.0,0.0,0.0,0,0
geco_matched_plus_all_actuator_persistence_no_holdout_quality_gate,MV303,actuator,actuator_persistence,3.0,9.0,1.0,MV303,,,0.052379233174674536,7.7428984038078115,8.214311502379882,2.580966134602604,2.580966134602603,0.0,0.0,0.0,0,0
geco_matched_plus_all_actuator_persistence_no_holdout_quality_gate,MV304,actuator,actuator_persistence,3.0,9.0,1.0,MV304,,,0.07247943385085219,7.4779318891321065,8.130246793789777,2.4926439630440353,2.4926439630440353,0.0,0.0,0.0,0,0
geco_matched_plus_all_actuator_persistence_no_holdout_quality_gate,P301,actuator,actuator_persistence,3.0,9.0,1.0,P301,,,0.004036284484333829,7.498502171827828,7.534828732186832,2.4995007239426092,0.0,0.0,0.0,0.0,0,0
geco_matched_plus_all_actuator_persistence_no_holdout_quality_gate,P302,actuator,actuator_persistence,3.0,9.0,1.0,P302,,,0.0321976659636582,8.130663018981227,8.420442012654151,2.710221006327076,0.9678023340363417,0.0,0.0,0.0,0,0
geco_matched_plus_all_actuator_persistence_no_holdout_quality_gate,P401,actuator,actuator_persistence,3.0,9.0,1.0,P401,,,1e-06,1e-06,1e-05,0.0,0.0,0.0,0.0,0.0,0,0
geco_matched_plus_all_actuator_persistence_no_holdout_quality_gate,P402,actuator,actuator_persistence,3.0,9.0,1.0,P402,,,0.0014233583151173907,2.995729925054648,3.0085401498907043,0.9985766416848826,3.0085401498907043,6.890144426317685e-05,0.0,0.0006008916456677651,2,22
geco_matched_plus_all_actuator_persistence_no_holdout_quality_gate,P403,actuator,actuator_persistence,3.0,9.0,1.0,P403,,,1e-06,1e-06,1e-05,0.0,1e-05,4.445254468592055e-05,5.020987728705991e-05,0.0,2,10
geco_matched_plus_all_actuator_persistence_no_holdout_quality_gate,P404,actuator,actuator_persistence,3.0,9.0,1.0,P404,,,1e-06,1e-06,1e-05,0.0,0.0,0.0,0.0,0.0,0,0
geco_matched_plus_all_actuator_persistence_no_holdout_quality_gate,UV401,actuator,actuator_persistence,3.0,9.0,1.0,UV401,,,0.001423358315117391,2.995729925054648,3.0085401498907043,0.9985766416848826,2.856240810173141,0.0,0.0,0.0,0,0
geco_matched_plus_all_actuator_persistence_no_holdout_quality_gate,P501,actuator,actuator_persistence,3.0,9.0,1.0,P501,,,0.0014233583151173938,2.995729925054648,3.0085401498907043,0.9985766416848826,2.856240810173141,0.0,0.0,0.0,0,0
geco_matched_plus_all_actuator_persistence_no_holdout_quality_gate,P502,actuator,actuator_persistence,3.0,9.0,1.0,P502,,,1e-06,1e-06,1e-05,0.0,0.0,0.0,0.0,0.0,0,0
geco_matched_plus_all_actuator_persistence_no_holdout_quality_gate,P601,actuator,actuator_persistence,3.0,9.0,1.0,P601,,,1e-06,1e-06,1e-05,0.0,0.0,0.0,0.0,0.0,0,0
geco_matched_plus_all_actuator_persistence_no_holdout_quality_gate,P602,actuator,actuator_persistence,3.0,9.0,1.0,P602,,,0.023252724092464913,3.9072548316781566,4.1165293485103405,1.3024182772260522,1.6279564145205612,0.0,0.0,0.0,0,0
geco_matched_plus_all_actuator_persistence_no_holdout_quality_gate,P603,actuator,actuator_persistence,3.0,9.0,1.0,P603,,,1e-06,1e-06,1e-05,0.0,0.0,0.0,0.0,0.0,0,0
geco_matched_plus_all_actuator_persistence_no_holdout_quality_gate,FIT101,sensor,no_holdout_quality_gate,3.0,15.0,5.0,(LIT101 * -5.3608805e-5) + 0.031951737,-0.02073055819816272,4.142017125521039,0.03810283754570068,6.400213826907866,6.971756390093375,2.1334046089692884,2.1797146193093173,0.0,0.0,0.0,0,0
geco_matched_plus_all_actuator_persistence_no_holdout_quality_gate,LIT101,sensor,no_holdout_quality_gate,3.0,15.0,5.0,(FIT201 - FIT101) * -0.19228067,0.40181479216081095,4.537950991815633,0.45541297011116505,22.0261964890367,28.857391040704176,7.342065496345566,28.857391040704176,0.0052209513733613684,0.0004669518587696572,0.04192672998643148,8,1104
geco_matched_plus_all_actuator_persistence_no_holdout_quality_gate,FIT201,sensor,no_holdout_quality_gate,3.0,15.0,3.0,FIT301 * 0.0019161832,-0.028412093537082406,1.72743861513076,0.02363255310208697,6.610043441743594,6.964531738274898,2.2033478139145313,2.5178618086527687,0.0,0.0,0.0,0,0
geco_matched_plus_all_actuator_persistence_no_holdout_quality_gate,DPIT301,sensor,no_holdout_quality_gate,3.0,15.0,7.0,P302 - ((FIT301 * 0.4284513) - -1.027144),0.43800956563704907,25.153209621175467,0.16714296976649062,4323.623235405733,4326.13037995223,1441.2077451352443,63.35953520982656,0.0,0.0,0.0,0,0
geco_matched_plus_all_actuator_persistence_no_holdout_quality_gate,FIT301,sensor,no_holdout_quality_gate,3.0,15.0,3.0,MV303 * -0.0026802947,-0.010334711974421706,19.166696097155796,0.02845999811762023,6.3780087179913165,6.80490868975562,2.1260029059971055,6.80490868975562,0.00032228094897292393,0.0,0.002810622213607288,5,59
geco_matched_plus_all_actuator_persistence_no_holdout_quality_gate,LIT301,sensor,no_holdout_quality_gate,3.0,15.0,5.0,(FIT301 - FIT201) * -0.18929929,0.336680080211637,4.001021228958368,0.35900655586676056,10.385787021209193,15.770885359210602,3.461929007069731,15.770885359210602,0.0058744037802444,0.0005372456869715411,0.04708276797829036,7,1120
geco_matched_plus_all_actuator_persistence_no_holdout_quality_gate,AIT401,sensor,no_holdout_quality_gate,3.0,15.0,9.0,(FIT301 * (MV304 * (MV304 * 1.11552225e-7))) * AIT401,-0.0007011429606935682,4.054639083289264,0.09907165330484896,442.60586585443923,444.091940654012,147.5352886181464,0.0,0.0,0.0,0.0,0,0
geco_matched_plus_all_actuator_persistence_no_holdout_quality_gate,LIT401,sensor,no_holdout_quality_gate,3.0,15.0,5.0,(DPIT301 * 0.022688651) - 0.38223073,0.2947958211021037,3.951397925657353,0.3366300543860994,79.73134799952126,84.78079881531275,26.577115999840423,84.78079881531275,0.06655879515822884,0.0006677913679178968,0.5753052917232022,15,27618
geco_matched_plus_all_actuator_persistence_no_holdout_quality_gate,AIT504,sensor,no_holdout_quality_gate,3.0,15.0,7.0,((FIT504 * 3.598646) - 1.1120417) * PIT502,-0.04966050508977915,38.574280505575615,0.10845552326854281,1031.3131459070808,1032.939978756109,343.7710486356936,859.0176034158073,0.0,0.0,0.0,0,0
geco_matched_plus_all_actuator_persistence_no_holdout_quality_gate,FIT501,sensor,no_holdout_quality_gate,3.0,15.0,3.0,AIT504 * 6.7863766e-6,-0.011206098840220724,34.72298697833636,0.0013179223851327868,4.735442660428253,4.755211496205245,1.5784808868094178,3.3620074419943418,0.0,0.0,0.0,0,0
geco_matched_plus_all_actuator_persistence_no_holdout_quality_gate,FIT502,sensor,no_holdout_quality_gate,3.0,15.0,5.0,(P402 - UV401) * 0.20704994,-9.542144852048295e-12,4.050449108763439,0.011624436868351438,2.885646793919798,3.060013346945069,0.9618822646399326,3.060013346945069,0.003185024826746207,0.00036904259805989033,0.024927311494475673,3,610
geco_matched_plus_all_actuator_persistence_no_holdout_quality_gate,FIT504,sensor,no_holdout_quality_gate,3.0,15.0,7.0,FIT502 * (0.006901001 - (FIT504 * 0.022353666)),0.0006818953951246431,34.63391625029279,0.0006375541651170856,2.0610912068407234,2.07065451931748,0.6870304022802411,2.07065451931748,0.0021381673993927782,0.0005171617360567171,0.014654002713704206,4,278
geco_matched_plus_all_actuator_persistence_no_holdout_quality_gate,PIT503,sensor,no_holdout_quality_gate,3.0,15.0,15.0,((((UV401 * P402) * P402) + -0.97898483) * (FIT503 + -0.9433507)) * (FIT401 + -1.7066069),-0.16917589053297233,14.725584363887497,0.11122263994287224,711.719398889958,713.3877384891011,237.239799629986,713.3877384891011,0.0028938606590534276,0.0004393364262617742,0.021845318860244232,4,471
geco_matched_plus_all_actuator_persistence_no_holdout_quality_gate,FIT601,sensor,no_holdout_quality_gate,3.0,15.0,7.0,((P602 - FIT601) + -0.99994063) * FIT301,0.4916735207848195,10.255337304276727,0.01008498507082207,6.868426543886148,7.019701319948479,2.289475514628716,7.019701319948479,8.89050893718411e-05,0.0,0.0007753440589261484,2,39
geco_matched_plus_all_actuator_persistence_no_holdout_quality_gate,MV101,actuator,actuator_persistence,3.0,15.0,1.0,MV101,,,0.050778100568907185,7.781325586346227,8.542997094879835,2.5937751954487425,2.5937751954487425,0.0,0.0,0.0,0,0
geco_matched_plus_all_actuator_persistence_no_holdout_quality_gate,P101,actuator,actuator_persistence,3.0,15.0,1.0,P101,,,0.02283152133090779,2.9315054360072765,3.2739782559708934,0.9771684786690922,0.9771684786690922,0.0,0.0,0.0,0,0
geco_matched_plus_all_actuator_persistence_no_holdout_quality_gate,P102,actuator,actuator_persistence,3.0,15.0,1.0,P102,,,1e-06,1e-06,1.6e-05,0.0,1.6e-05,0.00026671526811552327,0.00015062963186117972,0.0011630160883892228,8,15
geco_matched_plus_all_actuator_persistence_no_holdout_quality_gate,MV201,actuator,actuator_persistence,3.0,15.0,1.0,MV201,,,0.05142405563146907,7.920094831739148,8.691455666211183,2.640031610579716,2.640031610579716,0.0,0.0,0.0,0,0
geco_matched_plus_all_actuator_persistence_no_holdout_quality_gate,P202,actuator,actuator_persistence,3.0,15.0,1.0,P202,,,1e-06,1e-06,1.6e-05,0.0,0.0,0.0,0.0,0.0,0,0
geco_matched_plus_all_actuator_persistence_no_holdout_quality_gate,P203,actuator,actuator_persistence,3.0,15.0,1.0,P203,,,0.022831521330907788,2.9315054360072765,3.2739782559708934,0.9771684786690922,0.9771684786690922,0.0,0.0,0.0,0,0
geco_matched_plus_all_actuator_persistence_no_holdout_quality_gate,P204,actuator,actuator_persistence,3.0,15.0,1.0,P204,,,1e-06,1e-06,1.6e-05,0.0,1.6e-05,6.667881702888082e-05,0.0,0.0005815080441946114,2,15
geco_matched_plus_all_actuator_persistence_no_holdout_quality_gate,P205,actuator,actuator_persistence,3.0,15.0,1.0,P205,,,0.024826988305938616,4.584861666561497,4.957266491150576,1.5282872221871655,0.9751730116940613,0.0,0.0,0.0,0,0
geco_matched_plus_all_actuator_persistence_no_holdout_quality_gate,P206,actuator,actuator_persistence,3.0,15.0,1.0,P206,,,1e-06,1e-06,1.6e-05,0.0,1.6e-05,6.667881702888082e-05,0.0,0.0005815080441946114,2,15
geco_matched_plus_all_actuator_persistence_no_holdout_quality_gate,MV301,actuator,actuator_persistence,3.0,15.0,1.0,MV301,,,0.05237923317467451,10.614528122370906,11.400216619991024,3.538176040790302,3.538176040790302,0.0,0.0,0.0,0,0
geco_matched_plus_all_actuator_persistence_no_holdout_quality_gate,MV302,actuator,actuator_persistence,3.0,15.0,1.0,MV302,,,0.07240099292831928,7.696782127290254,8.782797021215043,2.5655940424300847,4.18997517679202,0.0,0.0,0.0,0,0
geco_matched_plus_all_actuator_persistence_no_holdout_quality_gate,MV303,actuator,actuator_persistence,3.0,15.0,1.0,MV303,,,0.052379233174674536,7.7428984038078115,8.52858690142793,2.580966134602604,2.580966134602603,0.0,0.0,0.0,0,0
geco_matched_plus_all_actuator_persistence_no_holdout_quality_gate,MV304,actuator,actuator_persistence,3.0,15.0,1.0,MV304,,,0.07247943385085219,7.4779318891321065,8.56512339689489,2.4926439630440353,2.4926439630440353,0.0,0.0,0.0,0,0
geco_matched_plus_all_actuator_persistence_no_holdout_quality_gate,P301,actuator,actuator_persistence,3.0,15.0,1.0,P301,,,0.004036284484333829,7.498502171827828,7.559046439092835,2.4995007239426092,0.0,0.0,0.0,0.0,0,0
geco_matched_plus_all_actuator_persistence_no_holdout_quality_gate,P302,actuator,actuator_persistence,3.0,15.0,1.0,P302,,,0.0321976659636582,8.130663018981227,8.6136280084361,2.710221006327076,0.9678023340363417,0.0,0.0,0.0,0,0
geco_matched_plus_all_actuator_persistence_no_holdout_quality_gate,P401,actuator,actuator_persistence,3.0,15.0,1.0,P401,,,1e-06,1e-06,1.6e-05,0.0,0.0,0.0,0.0,0.0,0,0
geco_matched_plus_all_actuator_persistence_no_holdout_quality_gate,P402,actuator,actuator_persistence,3.0,15.0,1.0,P402,,,0.0014233583151173907,2.995729925054648,3.0170802997814086,0.9985766416848826,3.0170802997814086,9.557297107472917e-05,0.0,0.0008334948633456096,2,28
geco_matched_plus_all_actuator_persistence_no_holdout_quality_gate,P403,actuator,actuator_persistence,3.0,15.0,1.0,P403,,,1e-06,1e-06,1.6e-05,0.0,1.6e-05,6.667881702888082e-05,7.531481593058986e-05,0.0,2,15
geco_matched_plus_all_actuator_persistence_no_holdout_quality_gate,P404,actuator,actuator_persistence,3.0,15.0,1.0,P404,,,1e-06,1e-06,1.6e-05,0.0,0.0,0.0,0.0,0.0,0,0
geco_matched_plus_all_actuator_persistence_no_holdout_quality_gate,UV401,actuator,actuator_persistence,3.0,15.0,1.0,UV401,,,0.001423358315117391,2.995729925054648,3.0170802997814086,0.9985766416848826,2.856240810173141,0.0,0.0,0.0,0,0
geco_matched_plus_all_actuator_persistence_no_holdout_quality_gate,P501,actuator,actuator_persistence,3.0,15.0,1.0,P501,,,0.0014233583151173938,2.995729925054648,3.0170802997814086,0.9985766416848826,2.856240810173141,0.0,0.0,0.0,0,0
geco_matched_plus_all_actuator_persistence_no_holdout_quality_gate,P502,actuator,actuator_persistence,3.0,15.0,1.0,P502,,,1e-06,1e-06,1.6e-05,0.0,0.0,0.0,0.0,0.0,0,0
geco_matched_plus_all_actuator_persistence_no_holdout_quality_gate,P601,actuator,actuator_persistence,3.0,15.0,1.0,P601,,,1e-06,1e-06,1.6e-05,0.0,0.0,0.0,0.0,0.0,0,0
geco_matched_plus_all_actuator_persistence_no_holdout_quality_gate,P602,actuator,actuator_persistence,3.0,15.0,1.0,P602,,,0.023252724092464913,3.9072548316781566,4.25604569306513,1.3024182772260522,1.6279564145205612,0.0,0.0,0.0,0,0
geco_matched_plus_all_actuator_persistence_no_holdout_quality_gate,P603,actuator,actuator_persistence,3.0,15.0,1.0,P603,,,1e-06,1e-06,1.6e-05,0.0,0.0,0.0,0.0,0.0,0,0
geco_matched_plus_all_actuator_persistence_no_holdout_quality_gate,FIT101,sensor,no_holdout_quality_gate,3.0,25.0,5.0,(LIT101 * -5.3608805e-5) + 0.031951737,-0.02073055819816272,4.142017125521039,0.03810283754570068,6.400213826907866,7.352784765550383,2.1334046089692884,2.1797146193093173,0.0,0.0,0.0,0,0
geco_matched_plus_all_actuator_persistence_no_holdout_quality_gate,LIT101,sensor,no_holdout_quality_gate,3.0,25.0,5.0,(FIT201 - FIT101) * -0.19228067,0.40181479216081095,4.537950991815633,0.45541297011116505,22.0261964890367,33.41152074181583,7.342065496345566,33.41152074181583,0.005647695802346205,0.0007631901347633106,0.04336111649544486,8,1180
geco_matched_plus_all_actuator_persistence_no_holdout_quality_gate,FIT201,sensor,no_holdout_quality_gate,3.0,25.0,3.0,FIT301 * 0.0019161832,-0.028412093537082406,1.72743861513076,0.02363255310208697,6.610043441743594,7.200857269295768,2.2033478139145313,2.5178618086527687,0.0,0.0,0.0,0,0
geco_matched_plus_all_actuator_persistence_no_holdout_quality_gate,DPIT301,sensor,no_holdout_quality_gate,3.0,25.0,7.0,P302 - ((FIT301 * 0.4284513) - -1.027144),0.43800956563704907,25.153209621175467,0.16714296976649062,4323.623235405733,4327.801809649895,1441.2077451352443,63.35953520982656,0.0,0.0,0.0,0,0
geco_matched_plus_all_actuator_persistence_no_holdout_quality_gate,FIT301,sensor,no_holdout_quality_gate,3.0,25.0,3.0,MV303 * -0.0026802947,-0.010334711974421706,19.166696097155796,0.02845999811762023,6.3780087179913165,7.0895086709318225,2.1260029059971055,7.0895086709318225,0.00038451451153321273,5.020987728705991e-06,0.003314595851909285,5,71
geco_matched_plus_all_actuator_persistence_no_holdout_quality_gate,LIT301,sensor,no_holdout_quality_gate,3.0,25.0,5.0,(FIT301 - FIT201) * -0.18929929,0.336680080211637,4.001021228958368,0.35900655586676056,10.385787021209193,19.360950917878206,3.461929007069731,19.360950917878206,0.006196684729217324,0.0008736518647948424,0.047295987594495055,7,1131
geco_matched_plus_all_actuator_persistence_no_holdout_quality_gate,AIT401,sensor,no_holdout_quality_gate,3.0,25.0,9.0,(FIT301 * (MV304 * (MV304 * 1.11552225e-7))) * AIT401,-0.0007011429606935682,4.054639083289264,0.09907165330484896,442.60586585443923,445.0826571870605,147.5352886181464,0.0,0.0,0.0,0.0,0,0
geco_matched_plus_all_actuator_persistence_no_holdout_quality_gate,LIT401,sensor,no_holdout_quality_gate,3.0,25.0,5.0,(DPIT301 * 0.022688651) - 0.38223073,0.2947958211021037,3.951397925657353,0.3366300543860994,79.73134799952126,88.14709935917375,26.577115999840423,88.14709935917375,0.06708333518552269,0.001194995079432026,0.5758092653615041,17,27673
geco_matched_plus_all_actuator_persistence_no_holdout_quality_gate,AIT504,sensor,no_holdout_quality_gate,3.0,25.0,7.0,((FIT504 * 3.598646) - 1.1120417) * PIT502,-0.04966050508977915,38.574280505575615,0.10845552326854281,1031.3131459070808,1034.0245339887942,343.7710486356936,859.0176034158073,0.0,0.0,0.0,0,0
geco_matched_plus_all_actuator_persistence_no_holdout_quality_gate,FIT501,sensor,no_holdout_quality_gate,3.0,25.0,3.0,AIT504 * 6.7863766e-6,-0.011206098840220724,34.72298697833636,0.0013179223851327868,4.735442660428253,4.768390720056573,1.5784808868094178,3.3620074419943418,0.0,0.0,0.0,0,0
geco_matched_plus_all_actuator_persistence_no_holdout_quality_gate,FIT502,sensor,no_holdout_quality_gate,3.0,25.0,5.0,(P402 - UV401) * 0.20704994,-9.542144852048295e-12,4.050449108763439,0.011624436868351438,2.885646793919798,3.1762577156285836,0.9618822646399326,3.1762577156285836,0.0033117145791010808,0.0005121407483280111,0.024927311494475673,3,627
geco_matched_plus_all_actuator_persistence_no_holdout_quality_gate,FIT504,sensor,no_holdout_quality_gate,3.0,25.0,7.0,FIT502 * (0.006901001 - (FIT504 * 0.022353666)),0.0006818953951246431,34.63391625029279,0.0006375541651170856,2.0610912068407234,2.0770300609686507,0.6870304022802411,2.0770300609686507,0.002298196560262092,0.0006928963065614268,0.014692769916650514,5,294
geco_matched_plus_all_actuator_persistence_no_holdout_quality_gate,PIT503,sensor,no_holdout_quality_gate,3.0,25.0,15.0,((((UV401 * P402) * P402) + -0.97898483) * (FIT503 + -0.9433507)) * (FIT401 + -1.7066069),-0.16917589053297233,14.725584363887497,0.11122263994287224,711.719398889958,714.4999648885298,237.239799629986,714.4999648885298,0.0030316635475797814,0.000589966058122954,0.02188408606319054,4,487
geco_matched_plus_all_actuator_persistence_no_holdout_quality_gate,FIT601,sensor,no_holdout_quality_gate,3.0,25.0,7.0,((P602 - FIT601) + -0.99994063) * FIT301,0.4916735207848195,10.255337304276727,0.01008498507082207,6.868426543886148,7.1205511706567,2.289475514628716,7.1205511706567,0.00011113136171480136,0.0,0.0009691800736576856,2,49
geco_matched_plus_all_actuator_persistence_no_holdout_quality_gate,MV101,actuator,actuator_persistence,3.0,25.0,1.0,MV101,,,0.050778100568907185,7.781325586346227,9.050778100568907,2.5937751954487425,2.5937751954487425,0.0,0.0,0.0,0,0
geco_matched_plus_all_actuator_persistence_no_holdout_quality_gate,P101,actuator,actuator_persistence,3.0,25.0,1.0,P101,,,0.02283152133090779,2.9315054360072765,3.502293469279971,0.9771684786690922,0.9771684786690922,0.0,0.0,0.0,0,0
geco_matched_plus_all_actuator_persistence_no_holdout_quality_gate,P102,actuator,actuator_persistence,3.0,25.0,1.0,P102,,,1e-06,1e-06,2.6e-05,0.0,2.6e-05,0.00044452544685920543,0.00025104938643529955,0.0019383601473153711,8,25
geco_matched_plus_all_actuator_persistence_no_holdout_quality_gate,MV201,actuator,actuator_persistence,3.0,25.0,1.0,MV201,,,0.05142405563146907,7.920094831739148,9.205696222525875,2.640031610579716,2.640031610579716,0.0,0.0,0.0,0,0
geco_matched_plus_all_actuator_persistence_no_holdout_quality_gate,P202,actuator,actuator_persistence,3.0,25.0,1.0,P202,,,1e-06,1e-06,2.6e-05,0.0,0.0,0.0,0.0,0.0,0,0
geco_matched_plus_all_actuator_persistence_no_holdout_quality_gate,P203,actuator,actuator_persistence,3.0,25.0,1.0,P203,,,0.022831521330907788,2.9315054360072765,3.502293469279971,0.9771684786690922,0.9771684786690922,0.0,0.0,0.0,0,0
geco_matched_plus_all_actuator_persistence_no_holdout_quality_gate,P204,actuator,actuator_persistence,3.0,25.0,1.0,P204,,,1e-06,1e-06,2.6e-05,0.0,2.6e-05,0.00011113136171480136,0.0,0.0009691800736576856,2,25
geco_matched_plus_all_actuator_persistence_no_holdout_quality_gate,P205,actuator,actuator_persistence,3.0,25.0,1.0,P205,,,0.024826988305938616,4.584861666561497,5.205536374209962,1.5282872221871655,0.9751730116940613,0.0,0.0,0.0,0,0
geco_matched_plus_all_actuator_persistence_no_holdout_quality_gate,P206,actuator,actuator_persistence,3.0,25.0,1.0,P206,,,1e-06,1e-06,2.6e-05,0.0,2.6e-05,0.00011113136171480136,0.0,0.0009691800736576856,2,25
geco_matched_plus_all_actuator_persistence_no_holdout_quality_gate,MV301,actuator,actuator_persistence,3.0,25.0,1.0,MV301,,,0.05237923317467451,10.614528122370906,11.924008951737768,3.538176040790302,3.538176040790302,0.0,0.0,0.0,0,0
geco_matched_plus_all_actuator_persistence_no_holdout_quality_gate,MV302,actuator,actuator_persistence,3.0,25.0,1.0,MV302,,,0.07240099292831928,7.696782127290254,9.506806950498236,2.5655940424300847,4.18997517679202,0.0,0.0,0.0,0,0
geco_matched_plus_all_actuator_persistence_no_holdout_quality_gate,MV303,actuator,actuator_persistence,3.0,25.0,1.0,MV303,,,0.052379233174674536,7.7428984038078115,9.052379233174674,2.580966134602604,2.580966134602603,0.0,0.0,0.0,0,0
geco_matched_plus_all_actuator_persistence_no_holdout_quality_gate,MV304,actuator,actuator_persistence,3.0,25.0,1.0,MV304,,,0.07247943385085219,7.4779318891321065,9.289917735403412,2.4926439630440353,2.4926439630440353,0.0,0.0,0.0,0,0
geco_matched_plus_all_actuator_persistence_no_holdout_quality_gate,P301,actuator,actuator_persistence,3.0,25.0,1.0,P301,,,0.004036284484333829,7.498502171827828,7.599409283936174,2.4995007239426092,0.0,0.0,0.0,0.0,0,0
geco_matched_plus_all_actuator_persistence_no_holdout_quality_gate,P302,actuator,actuator_persistence,3.0,25.0,1.0,P302,,,0.0321976659636582,8.130663018981227,8.935604668072683,2.710221006327076,0.9678023340363417,0.0,0.0,0.0,0,0
geco_matched_plus_all_actuator_persistence_no_holdout_quality_gate,P401,actuator,actuator_persistence,3.0,25.0,1.0,P401,,,1e-06,1e-06,2.6e-05,0.0,0.0,0.0,0.0,0.0,0,0
geco_matched_plus_all_actuator_persistence_no_holdout_quality_gate,P402,actuator,actuator_persistence,3.0,25.0,1.0,P402,,,0.0014233583151173907,2.995729925054648,3.0313138829325825,0.9985766416848826,3.0313138829325825,0.0001400255157606497,0.0,0.0012211668928086838,2,38
geco_matched_plus_all_actuator_persistence_no_holdout_quality_gate,P403,actuator,actuator_persistence,3.0,25.0,1.0,P403,,,1e-06,1e-06,2.6e-05,0.0,2.6e-05,0.00011113136171480136,0.00012552469321764977,0.0,2,25
geco_matched_plus_all_actuator_persistence_no_holdout_quality_gate,P404,actuator,actuator_persistence,3.0,25.0,1.0,P404,,,1e-06,1e-06,2.6e-05,0.0,0.0,0.0,0.0,0.0,0,0
geco_matched_plus_all_actuator_persistence_no_holdout_quality_gate,UV401,actuator,actuator_persistence,3.0,25.0,1.0,UV401,,,0.001423358315117391,2.995729925054648,3.0313138829325825,0.9985766416848826,2.856240810173141,0.0,0.0,0.0,0,0
geco_matched_plus_all_actuator_persistence_no_holdout_quality_gate,P501,actuator,actuator_persistence,3.0,25.0,1.0,P501,,,0.0014233583151173938,2.995729925054648,3.0313138829325825,0.9985766416848826,2.856240810173141,0.0,0.0,0.0,0,0
geco_matched_plus_all_actuator_persistence_no_holdout_quality_gate,P502,actuator,actuator_persistence,3.0,25.0,1.0,P502,,,1e-06,1e-06,2.6e-05,0.0,0.0,0.0,0.0,0.0,0,0
geco_matched_plus_all_actuator_persistence_no_holdout_quality_gate,P601,actuator,actuator_persistence,3.0,25.0,1.0,P601,,,1e-06,1e-06,2.6e-05,0.0,0.0,0.0,0.0,0.0,0,0
geco_matched_plus_all_actuator_persistence_no_holdout_quality_gate,P602,actuator,actuator_persistence,3.0,25.0,1.0,P602,,,0.023252724092464913,3.9072548316781566,4.488572933989779,1.3024182772260522,1.6279564145205612,0.0,0.0,0.0,0,0
geco_matched_plus_all_actuator_persistence_no_holdout_quality_gate,P603,actuator,actuator_persistence,3.0,25.0,1.0,P603,,,1e-06,1e-06,2.6e-05,0.0,0.0,0.0,0.0,0.0,0,0
geco_matched_plus_all_actuator_persistence_no_holdout_quality_gate,FIT101,sensor,no_holdout_quality_gate,5.0,2.0,5.0,(LIT101 * -5.3608805e-5) + 0.031951737,-0.02073055819816272,4.142017125521039,0.03810283754570068,10.667023044846442,10.743228719937843,2.1334046089692884,2.1797146193093173,0.0,0.0,0.0,0,0
geco_matched_plus_all_actuator_persistence_no_holdout_quality_gate,LIT101,sensor,no_holdout_quality_gate,5.0,2.0,5.0,(FIT201 - FIT101) * -0.19228067,0.40181479216081095,4.537950991815633,0.45541297011116505,36.71032748172783,37.62115342195016,7.342065496345566,37.62115342195016,0.0038206962157548707,4.769938342270691e-05,0.03295212250436131,9,1000
geco_matched_plus_all_actuator_persistence_no_holdout_quality_gate,FIT201,sensor,no_holdout_quality_gate,5.0,2.0,3.0,FIT301 * 0.0019161832,-0.028412093537082406,1.72743861513076,0.02363255310208697,11.016739069572656,11.06400417577683,2.2033478139145313,2.5178618086527687,0.0,0.0,0.0,0,0
geco_matched_plus_all_actuator_persistence_no_holdout_quality_gate,DPIT301,sensor,no_holdout_quality_gate,5.0,2.0,7.0,P302 - ((FIT301 * 0.4284513) - -1.027144),0.43800956563704907,25.153209621175467,0.16714296976649062,7206.0387256762215,7206.373011615755,1441.2077451352443,63.35953520982656,0.0,0.0,0.0,0,0
geco_matched_plus_all_actuator_persistence_no_holdout_quality_gate,FIT301,sensor,no_holdout_quality_gate,5.0,2.0,3.0,MV303 * -0.0026802947,-0.010334711974421706,19.166696097155796,0.02845999811762023,10.630014529985527,10.686934526220767,2.1260029059971055,7.879213416431736,0.0,0.0,0.0,0,0
geco_matched_plus_all_actuator_persistence_no_holdout_quality_gate,LIT301,sensor,no_holdout_quality_gate,5.0,2.0,5.0,(FIT301 - FIT201) * -0.18929929,0.336680080211637,4.001021228958368,0.35900655586676056,17.309645035348655,18.027658147082178,3.461929007069731,18.027658147082178,0.005007579158868949,0.00010293024843847282,0.04287652645861601,14,956
geco_matched_plus_all_actuator_persistence_no_holdout_quality_gate,AIT401,sensor,no_holdout_quality_gate,5.0,2.0,9.0,(FIT301 * (MV304 * (MV304 * 1.11552225e-7))) * AIT401,-0.0007011429606935682,4.054639083289264,0.09907165330484896,737.676443090732,737.8745863973418,147.5352886181464,0.0,0.0,0.0,0.0,0,0
geco_matched_plus_all_actuator_persistence_no_holdout_quality_gate,LIT401,sensor,no_holdout_quality_gate,5.0,2.0,5.0,(DPIT301 * 0.022688651) - 0.38223073,0.2947958211021037,3.951397925657353,0.3366300543860994,132.88557999920212,133.55884010797433,26.577115999840423,133.55884010797433,0.03539533870616424,8.284629752364885e-05,0.3080441946113588,1376,752
geco_matched_plus_all_actuator_persistence_no_holdout_quality_gate,AIT504,sensor,no_holdout_quality_gate,5.0,2.0,7.0,((FIT504 * 3.598646) - 1.1120417) * PIT502,-0.04966050508977915,38.574280505575615,0.10845552326854281,1718.855243178468,1719.072154225005,343.7710486356936,859.0176034158073,0.0,0.0,0.0,0,0
geco_matched_plus_all_actuator_persistence_no_holdout_quality_gate,FIT501,sensor,no_holdout_quality_gate,5.0,2.0,3.0,AIT504 * 6.7863766e-6,-0.011206098840220724,34.72298697833636,0.0013179223851327868,7.892404434047089,7.895040278817355,1.5784808868094178,3.3620074419943418,0.0,0.0,0.0,0,0
geco_matched_plus_all_actuator_persistence_no_holdout_quality_gate,FIT502,sensor,no_holdout_quality_gate,5.0,2.0,5.0,(P402 - UV401) * 0.20704994,-9.542144852048295e-12,4.050449108763439,0.011624436868351438,4.809411323199663,4.8326601969363665,0.9618822646399326,4.8326601969363665,0.0028871927773505396,0.00010795123616717881,0.02434580345028106,4,557
geco_matched_plus_all_actuator_persistence_no_holdout_quality_gate,FIT504,sensor,no_holdout_quality_gate,5.0,2.0,7.0,FIT502 * (0.006901001 - (FIT504 * 0.022353666)),0.0006818953951246431,34.63391625029279,0.0006375541651170856,3.4351520114012057,3.43642711973144,0.6870304022802411,3.43642711973144,0.0007401348690205771,0.00019832901528388664,0.004923434774181043,4,226
geco_matched_plus_all_actuator_persistence_no_holdout_quality_gate,PIT503,sensor,no_holdout_quality_gate,5.0,2.0,15.0,((((UV401 * P402) * P402) + -0.97898483) * (FIT503 + -0.9433507)) * (FIT401 + -1.7066069),-0.16917589053297233,14.725584363887497,0.11122263994287224,1186.19899814993,1186.4214434298158,237.239799629986,1186.4214434298158,0.0016891966980649808,0.00012803518708200278,0.013742973444465982,3,316
geco_matched_plus_all_actuator_persistence_no_holdout_quality_gate,FIT601,sensor,no_holdout_quality_gate,5.0,2.0,7.0,((P602 - FIT601) + -0.99994063) * FIT301,0.4916735207848195,10.255337304276727,0.01008498507082207,11.44737757314358,11.467547543285225,2.289475514628716,7.8859500276180645,0.0,0.0,0.0,0,0
geco_matched_plus_all_actuator_persistence_no_holdout_quality_gate,MV101,actuator,actuator_persistence,5.0,2.0,1.0,MV101,,,0.050778100568907185,12.968875977243712,13.070432178381527,2.5937751954487425,2.5937751954487425,0.0,0.0,0.0,0,0
geco_matched_plus_all_actuator_persistence_no_holdout_quality_gate,P101,actuator,actuator_persistence,5.0,2.0,1.0,P101,,,0.02283152133090779,4.885842393345461,4.931505436007277,0.9771684786690922,0.9771684786690922,0.0,0.0,0.0,0,0
geco_matched_plus_all_actuator_persistence_no_holdout_quality_gate,P102,actuator,actuator_persistence,5.0,2.0,1.0,P102,,,1e-06,1e-06,3e-06,0.0,3e-06,5.3343053623104655e-05,3.0125926372235947e-05,0.00023260321767784454,8,3
geco_matched_plus_all_actuator_persistence_no_holdout_quality_gate,MV201,actuator,actuator_persistence,5.0,2.0,1.0,MV201,,,0.05142405563146907,13.20015805289858,13.303006164161518,2.640031610579716,2.640031610579716,0.0,0.0,0.0,0,0
geco_matched_plus_all_actuator_persistence_no_holdout_quality_gate,P202,actuator,actuator_persistence,5.0,2.0,1.0,P202,,,1e-06,1e-06,3e-06,0.0,0.0,0.0,0.0,0.0,0,0
geco_matched_plus_all_actuator_persistence_no_holdout_quality_gate,P203,actuator,actuator_persistence,5.0,2.0,1.0,P203,,,0.022831521330907788,4.885842393345461,4.931505436007277,0.9771684786690922,0.9771684786690922,0.0,0.0,0.0,0,0
geco_matched_plus_all_actuator_persistence_no_holdout_quality_gate,P204,actuator,actuator_persistence,5.0,2.0,1.0,P204,,,1e-06,1e-06,3e-06,0.0,3e-06,1.3335763405776164e-05,0.0,0.00011630160883892227,2,3
geco_matched_plus_all_actuator_persistence_no_holdout_quality_gate,P205,actuator,actuator_persistence,5.0,2.0,1.0,P205,,,0.024826988305938616,7.641436110935827,7.691090087547704,1.5282872221871655,0.9751730116940613,0.0,0.0,0.0,0,0
geco_matched_plus_all_actuator_persistence_no_holdout_quality_gate,P206,actuator,actuator_persistence,5.0,2.0,1.0,P206,,,1e-06,1e-06,3e-06,0.0,3e-06,1.3335763405776164e-05,0.0,0.00011630160883892227,2,3
geco_matched_plus_all_actuator_persistence_no_holdout_quality_gate,MV301,actuator,actuator_persistence,5.0,2.0,1.0,MV301,,,0.05237923317467451,17.690880203951508,17.795638670300857,3.538176040790302,3.538176040790302,0.0,0.0,0.0,0,0
geco_matched_plus_all_actuator_persistence_no_holdout_quality_gate,MV302,actuator,actuator_persistence,5.0,2.0,1.0,MV302,,,0.07240099292831928,12.827970212150424,12.972772198007062,2.5655940424300847,4.18997517679202,0.0,0.0,0.0,0,0
geco_matched_plus_all_actuator_persistence_no_holdout_quality_gate,MV303,actuator,actuator_persistence,5.0,2.0,1.0,MV303,,,0.052379233174674536,12.90483067301302,13.009589139362369,2.580966134602604,2.580966134602603,0.0,0.0,0.0,0,0
geco_matched_plus_all_actuator_persistence_no_holdout_quality_gate,MV304,actuator,actuator_persistence,5.0,2.0,1.0,MV304,,,0.07247943385085219,12.463219815220176,12.608178682921881,2.4926439630440353,2.4926439630440353,0.0,0.0,0.0,0,0
geco_matched_plus_all_actuator_persistence_no_holdout_quality_gate,P301,actuator,actuator_persistence,5.0,2.0,1.0,P301,,,0.004036284484333829,12.497503619713047,12.505576188681715,2.4995007239426092,0.0,0.0,0.0,0.0,0,0
geco_matched_plus_all_actuator_persistence_no_holdout_quality_gate,P302,actuator,actuator_persistence,5.0,2.0,1.0,P302,,,0.0321976659636582,13.55110503163538,13.615500363562697,2.710221006327076,0.9678023340363417,0.0,0.0,0.0,0,0
geco_matched_plus_all_actuator_persistence_no_holdout_quality_gate,P401,actuator,actuator_persistence,5.0,2.0,1.0,P401,,,1e-06,1e-06,3e-06,0.0,0.0,0.0,0.0,0.0,0,0
geco_matched_plus_all_actuator_persistence_no_holdout_quality_gate,P402,actuator,actuator_persistence,5.0,2.0,1.0,P402,,,0.0014233583151173907,4.992883208424413,4.995729925054648,0.9985766416848826,4.995729925054648,2.44488995772563e-05,0.0,0.00021321961620469082,3,4
geco_matched_plus_all_actuator_persistence_no_holdout_quality_gate,P403,actuator,actuator_persistence,5.0,2.0,1.0,P403,,,1e-06,1e-06,3e-06,0.0,3e-06,1.3335763405776164e-05,1.5062963186117974e-05,0.0,2,3
geco_matched_plus_all_actuator_persistence_no_holdout_quality_gate,P404,actuator,actuator_persistence,5.0,2.0,1.0,P404,,,1e-06,1e-06,3e-06,0.0,0.0,0.0,0.0,0.0,0,0
geco_matched_plus_all_actuator_persistence_no_holdout_quality_gate,UV401,actuator,actuator_persistence,5.0,2.0,1.0,UV401,,,0.001423358315117391,4.992883208424413,4.995729925054648,0.9985766416848826,2.856240810173141,0.0,0.0,0.0,0,0
geco_matched_plus_all_actuator_persistence_no_holdout_quality_gate,P501,actuator,actuator_persistence,5.0,2.0,1.0,P501,,,0.0014233583151173938,4.992883208424413,4.995729925054648,0.9985766416848826,2.856240810173141,0.0,0.0,0.0,0,0
geco_matched_plus_all_actuator_persistence_no_holdout_quality_gate,P502,actuator,actuator_persistence,5.0,2.0,1.0,P502,,,1e-06,1e-06,3e-06,0.0,0.0,0.0,0.0,0.0,0,0
geco_matched_plus_all_actuator_persistence_no_holdout_quality_gate,P601,actuator,actuator_persistence,5.0,2.0,1.0,P601,,,1e-06,1e-06,3e-06,0.0,0.0,0.0,0.0,0.0,0,0
geco_matched_plus_all_actuator_persistence_no_holdout_quality_gate,P602,actuator,actuator_persistence,5.0,2.0,1.0,P602,,,0.023252724092464913,6.512091386130261,6.558596834315191,1.3024182772260522,1.6279564145205612,0.0,0.0,0.0,0,0
geco_matched_plus_all_actuator_persistence_no_holdout_quality_gate,P603,actuator,actuator_persistence,5.0,2.0,1.0,P603,,,1e-06,1e-06,3e-06,0.0,0.0,0.0,0.0,0.0,0,0
geco_matched_plus_all_actuator_persistence_no_holdout_quality_gate,FIT101,sensor,no_holdout_quality_gate,5.0,5.98,5.0,(LIT101 * -5.3608805e-5) + 0.031951737,-0.02073055819816272,4.142017125521039,0.03810283754570068,10.667023044846442,10.894878013369732,2.1334046089692884,2.1797146193093173,0.0,0.0,0.0,0,0
geco_matched_plus_all_actuator_persistence_no_holdout_quality_gate,LIT101,sensor,no_holdout_quality_gate,5.0,5.98,5.0,(FIT201 - FIT101) * -0.19228067,0.40181479216081095,4.537950991815633,0.45541297011116505,36.71032748172783,39.4336970429926,7.342065496345566,39.4336970429926,0.00422965962686534,0.00013305617481070876,0.03585966272533437,9,1027
geco_matched_plus_all_actuator_persistence_no_holdout_quality_gate,FIT201,sensor,no_holdout_quality_gate,5.0,5.98,3.0,FIT301 * 0.0019161832,-0.028412093537082406,1.72743861513076,0.02363255310208697,11.016739069572656,11.158061737123136,2.2033478139145313,2.5178618086527687,0.0,0.0,0.0,0,0
geco_matched_plus_all_actuator_persistence_no_holdout_quality_gate,DPIT301,sensor,no_holdout_quality_gate,5.0,5.98,7.0,P302 - ((FIT301 * 0.4284513) - -1.027144),0.43800956563704907,25.153209621175467,0.16714296976649062,7206.0387256762215,7207.038240635425,1441.2077451352443,63.35953520982656,0.0,0.0,0.0,0,0
geco_matched_plus_all_actuator_persistence_no_holdout_quality_gate,FIT301,sensor,no_holdout_quality_gate,5.0,5.98,3.0,MV303 * -0.0026802947,-0.010334711974421706,19.166696097155796,0.02845999811762023,10.630014529985527,10.800205318728896,2.1260029059971055,7.879213416431736,0.0,0.0,0.0,0,0
geco_matched_plus_all_actuator_persistence_no_holdout_quality_gate,LIT301,sensor,no_holdout_quality_gate,5.0,5.98,5.0,(FIT301 - FIT201) * -0.18929929,0.336680080211637,4.001021228958368,0.35900655586676056,17.309645035348655,19.456504239431883,3.461929007069731,19.456504239431883,0.005267626545281585,0.00023849691711353457,0.044097693351424695,9,1058
geco_matched_plus_all_actuator_persistence_no_holdout_quality_gate,AIT401,sensor,no_holdout_quality_gate,5.0,5.98,9.0,(FIT301 * (MV304 * (MV304 * 1.11552225e-7))) * AIT401,-0.0007011429606935682,4.054639083289264,0.09907165330484896,737.676443090732,738.2688915774951,147.5352886181464,0.0,0.0,0.0,0.0,0,0
geco_matched_plus_all_actuator_persistence_no_holdout_quality_gate,LIT401,sensor,no_holdout_quality_gate,5.0,5.98,5.0,(DPIT301 * 0.022688651) - 0.38223073,0.2947958211021037,3.951397925657353,0.3366300543860994,132.88557999920212,134.898627724431,26.577115999840423,134.898627724431,0.05758382638614148,0.0002610913618927115,0.5001744524132584,99,1573
geco_matched_plus_all_actuator_persistence_no_holdout_quality_gate,AIT504,sensor,no_holdout_quality_gate,5.0,5.98,7.0,((FIT504 * 3.598646) - 1.1120417) * PIT502,-0.04966050508977915,38.574280505575615,0.10845552326854281,1718.855243178468,1719.503807207614,343.7710486356936,859.0176034158073,0.0,0.0,0.0,0,0
geco_matched_plus_all_actuator_persistence_no_holdout_quality_gate,FIT501,sensor,no_holdout_quality_gate,5.0,5.98,3.0,AIT504 * 6.7863766e-6,-0.011206098840220724,34.72298697833636,0.0013179223851327868,7.892404434047089,7.900285609910183,1.5784808868094178,3.3620074419943418,0.0,0.0,0.0,0,0
geco_matched_plus_all_actuator_persistence_no_holdout_quality_gate,FIT502,sensor,no_holdout_quality_gate,5.0,5.98,5.0,(P402 - UV401) * 0.20704994,-9.542144852048295e-12,4.050449108763439,0.011624436868351438,4.809411323199663,4.878925455672405,0.9618822646399326,4.878925455672405,0.0029560942216137163,0.00018577654596212167,0.02434580345028106,4,572
geco_matched_plus_all_actuator_persistence_no_holdout_quality_gate,FIT504,sensor,no_holdout_quality_gate,5.0,5.98,7.0,FIT502 * (0.006901001 - (FIT504 * 0.022353666)),0.0006818953951246431,34.63391625029279,0.0006375541651170856,3.4351520114012057,3.438964585308606,0.6870304022802411,3.438964585308606,0.0007957005498779778,0.0002610913618927115,0.004923434774181043,3,239
geco_matched_plus_all_actuator_persistence_no_holdout_quality_gate,PIT503,sensor,no_holdout_quality_gate,5.0,5.98,15.0,((((UV401 * P402) * P402) + -0.97898483) * (FIT503 + -0.9433507)) * (FIT401 + -1.7066069),-0.16917589053297233,14.725584363887497,0.11122263994287224,1186.19899814993,1186.8641095367884,237.239799629986,1186.8641095367884,0.0017336492427509013,0.00017824506436906268,0.013742973444465982,3,325
geco_matched_plus_all_actuator_persistence_no_holdout_quality_gate,FIT601,sensor,no_holdout_quality_gate,5.0,5.98,7.0,((P602 - FIT601) + -0.99994063) * FIT301,0.4916735207848195,10.255337304276727,0.01008498507082207,11.44737757314358,11.507685783867096,2.289475514628716,7.8859500276180645,0.0,0.0,0.0,0,0
geco_matched_plus_all_actuator_persistence_no_holdout_quality_gate,MV101,actuator,actuator_persistence,5.0,5.98,1.0,MV101,,,0.050778100568907185,12.968875977243712,13.272529018645777,2.5937751954487425,2.5937751954487425,0.0,0.0,0.0,0,0
geco_matched_plus_all_actuator_persistence_no_holdout_quality_gate,P101,actuator,actuator_persistence,5.0,5.98,1.0,P101,,,0.02283152133090779,4.885842393345461,5.02237489090429,0.9771684786690922,0.9771684786690922,0.0,0.0,0.0,0,0
geco_matched_plus_all_actuator_persistence_no_holdout_quality_gate,P102,actuator,actuator_persistence,5.0,5.98,1.0,P102,,,1e-06,1e-06,6.98e-06,0.0,6.98e-06,0.00010668610724620931,6.0251852744471894e-05,0.00046520643535568907,8,6
geco_matched_plus_all_actuator_persistence_no_holdout_quality_gate,MV201,actuator,actuator_persistence,5.0,5.98,1.0,MV201,,,0.05142405563146907,13.20015805289858,13.507673905574764,2.640031610579716,2.640031610579716,0.0,0.0,0.0,0,0
geco_matched_plus_all_actuator_persistence_no_holdout_quality_gate,P202,actuator,actuator_persistence,5.0,5.98,1.0,P202,,,1e-06,1e-06,6.98e-06,0.0,0.0,0.0,0.0,0.0,0,0
geco_matched_plus_all_actuator_persistence_no_holdout_quality_gate,P203,actuator,actuator_persistence,5.0,5.98,1.0,P203,,,0.022831521330907788,4.885842393345461,5.02237489090429,0.9771684786690922,0.9771684786690922,0.0,0.0,0.0,0,0
geco_matched_plus_all_actuator_persistence_no_holdout_quality_gate,P204,actuator,actuator_persistence,5.0,5.98,1.0,P204,,,1e-06,1e-06,6.98e-06,0.0,6.98e-06,2.6671526811552328e-05,0.0,0.00023260321767784454,2,6
geco_matched_plus_all_actuator_persistence_no_holdout_quality_gate,P205,actuator,actuator_persistence,5.0,5.98,1.0,P205,,,0.024826988305938616,7.641436110935827,7.78990150100534,1.5282872221871655,0.9751730116940613,0.0,0.0,0.0,0,0
geco_matched_plus_all_actuator_persistence_no_holdout_quality_gate,P206,actuator,actuator_persistence,5.0,5.98,1.0,P206,,,1e-06,1e-06,6.98e-06,0.0,6.98e-06,2.6671526811552328e-05,0.0,0.00023260321767784454,2,6
geco_matched_plus_all_actuator_persistence_no_holdout_quality_gate,MV301,actuator,actuator_persistence,5.0,5.98,1.0,MV301,,,0.05237923317467451,17.690880203951508,18.004108018336062,3.538176040790302,3.538176040790302,0.0,0.0,0.0,0,0
geco_matched_plus_all_actuator_persistence_no_holdout_quality_gate,MV302,actuator,actuator_persistence,5.0,5.98,1.0,MV302,,,0.07240099292831928,12.827970212150424,13.260928149861773,2.5655940424300847,4.18997517679202,0.0,0.0,0.0,0,0
geco_matched_plus_all_actuator_persistence_no_holdout_quality_gate,MV303,actuator,actuator_persistence,5.0,5.98,1.0,MV303,,,0.052379233174674536,12.90483067301302,13.218058487397574,2.580966134602604,2.580966134602603,0.0,0.0,0.0,0,0
geco_matched_plus_all_actuator_persistence_no_holdout_quality_gate,MV304,actuator,actuator_persistence,5.0,5.98,1.0,MV304,,,0.07247943385085219,12.463219815220176,12.896646829648272,2.4926439630440353,2.4926439630440353,0.0,0.0,0.0,0,0
geco_matched_plus_all_actuator_persistence_no_holdout_quality_gate,P301,actuator,actuator_persistence,5.0,5.98,1.0,P301,,,0.004036284484333829,12.497503619713047,12.521640600929363,2.4995007239426092,0.0,0.0,0.0,0.0,0,0
geco_matched_plus_all_actuator_persistence_no_holdout_quality_gate,P302,actuator,actuator_persistence,5.0,5.98,1.0,P302,,,0.0321976659636582,13.55110503163538,13.743647074098057,2.710221006327076,0.9678023340363417,0.0,0.0,0.0,0,0
geco_matched_plus_all_actuator_persistence_no_holdout_quality_gate,P401,actuator,actuator_persistence,5.0,5.98,1.0,P401,,,1e-06,1e-06,6.98e-06,0.0,0.0,0.0,0.0,0.0,0,0
geco_matched_plus_all_actuator_persistence_no_holdout_quality_gate,P402,actuator,actuator_persistence,5.0,5.98,1.0,P402,,,0.0014233583151173907,4.992883208424413,5.001394891148815,0.9985766416848826,5.001394891148815,4.000729021732849e-05,0.0,0.0003489048265167668,1,18
geco_matched_plus_all_actuator_persistence_no_holdout_quality_gate,P403,actuator,actuator_persistence,5.0,5.98,1.0,P403,,,1e-06,1e-06,6.98e-06,0.0,6.98e-06,2.6671526811552328e-05,3.0125926372235947e-05,0.0,2,6
geco_matched_plus_all_actuator_persistence_no_holdout_quality_gate,P404,actuator,actuator_persistence,5.0,5.98,1.0,P404,,,1e-06,1e-06,6.98e-06,0.0,0.0,0.0,0.0,0.0,0,0
geco_matched_plus_all_actuator_persistence_no_holdout_quality_gate,UV401,actuator,actuator_persistence,5.0,5.98,1.0,UV401,,,0.001423358315117391,4.992883208424413,5.001394891148815,0.9985766416848826,2.856240810173141,0.0,0.0,0.0,0,0
geco_matched_plus_all_actuator_persistence_no_holdout_quality_gate,P501,actuator,actuator_persistence,5.0,5.98,1.0,P501,,,0.0014233583151173938,4.992883208424413,5.001394891148815,0.9985766416848826,2.856240810173141,0.0,0.0,0.0,0,0
geco_matched_plus_all_actuator_persistence_no_holdout_quality_gate,P502,actuator,actuator_persistence,5.0,5.98,1.0,P502,,,1e-06,1e-06,6.98e-06,0.0,0.0,0.0,0.0,0.0,0,0
geco_matched_plus_all_actuator_persistence_no_holdout_quality_gate,P601,actuator,actuator_persistence,5.0,5.98,1.0,P601,,,1e-06,1e-06,6.98e-06,0.0,0.0,0.0,0.0,0.0,0,0
geco_matched_plus_all_actuator_persistence_no_holdout_quality_gate,P602,actuator,actuator_persistence,5.0,5.98,1.0,P602,,,0.023252724092464913,6.512091386130261,6.651142676203201,1.3024182772260522,1.6279564145205612,0.0,0.0,0.0,0,0
geco_matched_plus_all_actuator_persistence_no_holdout_quality_gate,P603,actuator,actuator_persistence,5.0,5.98,1.0,P603,,,1e-06,1e-06,6.98e-06,0.0,0.0,0.0,0.0,0.0,0,0
geco_matched_plus_all_actuator_persistence_no_holdout_quality_gate,FIT101,sensor,no_holdout_quality_gate,5.0,9.0,5.0,(LIT101 * -5.3608805e-5) + 0.031951737,-0.02073055819816272,4.142017125521039,0.03810283754570068,10.667023044846442,11.009948582757747,2.1334046089692884,2.1797146193093173,0.0,0.0,0.0,0,0
geco_matched_plus_all_actuator_persistence_no_holdout_quality_gate,LIT101,sensor,no_holdout_quality_gate,5.0,9.0,5.0,(FIT201 - FIT101) * -0.19228067,0.40181479216081095,4.537950991815633,0.45541297011116505,36.71032748172783,40.80904421272832,7.342065496345566,40.80904421272832,0.00456527633924404,0.0002334759293848286,0.03801124248885443,9,1049
geco_matched_plus_all_actuator_persistence_no_holdout_quality_gate,FIT201,sensor,no_holdout_quality_gate,5.0,9.0,3.0,FIT301 * 0.0019161832,-0.028412093537082406,1.72743861513076,0.02363255310208697,11.016739069572656,11.22943204749144,2.2033478139145313,2.5178618086527687,0.0,0.0,0.0,0,0
geco_matched_plus_all_actuator_persistence_no_holdout_quality_gate,DPIT301,sensor,no_holdout_quality_gate,5.0,9.0,7.0,P302 - ((FIT301 * 0.4284513) - -1.027144),0.43800956563704907,25.153209621175467,0.16714296976649062,7206.0387256762215,7207.5430124041195,1441.2077451352443,63.35953520982656,0.0,0.0,0.0,0,0
geco_matched_plus_all_actuator_persistence_no_holdout_quality_gate,FIT301,sensor,no_holdout_quality_gate,5.0,9.0,3.0,MV303 * -0.0026802947,-0.010334711974421706,19.166696097155796,0.02845999811762023,10.630014529985527,10.886154513044108,2.1260029059971055,7.879213416431736,0.0,0.0,0.0,0,0
geco_matched_plus_all_actuator_persistence_no_holdout_quality_gate,LIT301,sensor,no_holdout_quality_gate,5.0,9.0,5.0,(FIT301 - FIT201) * -0.18929929,0.336680080211637,4.001021228958368,0.35900655586676056,17.309645035348655,20.5407040381495,3.461929007069731,20.5407040381495,0.005432100960619491,0.0003464481532807134,0.04469858499709246,8,1062
geco_matched_plus_all_actuator_persistence_no_holdout_quality_gate,AIT401,sensor,no_holdout_quality_gate,5.0,9.0,9.0,(FIT301 * (MV304 * (MV304 * 1.11552225e-7))) * AIT401,-0.0007011429606935682,4.054639083289264,0.09907165330484896,737.676443090732,738.5680879704757,147.5352886181464,0.0,0.0,0.0,0.0,0,0
geco_matched_plus_all_actuator_persistence_no_holdout_quality_gate,LIT401,sensor,no_holdout_quality_gate,5.0,9.0,5.0,(DPIT301 * 0.022688651) - 0.38223073,0.2947958211021037,3.951397925657353,0.3366300543860994,132.88557999920212,135.915250488677,26.577115999840423,135.915250488677,0.05822616565685303,0.00037657407965294935,0.5048846675712347,12,24212
geco_matched_plus_all_actuator_persistence_no_holdout_quality_gate,AIT504,sensor,no_holdout_quality_gate,5.0,9.0,7.0,((FIT504 * 3.598646) - 1.1120417) * PIT502,-0.04966050508977915,38.574280505575615,0.10845552326854281,1718.855243178468,1719.831342887885,343.7710486356936,859.0176034158073,0.0,0.0,0.0,0,0
geco_matched_plus_all_actuator_persistence_no_holdout_quality_gate,FIT501,sensor,no_holdout_quality_gate,5.0,9.0,3.0,AIT504 * 6.7863766e-6,-0.011206098840220724,34.72298697833636,0.0013179223851327868,7.892404434047089,7.904265735513284,1.5784808868094178,3.3620074419943418,0.0,0.0,0.0,0,0
geco_matched_plus_all_actuator_persistence_no_holdout_quality_gate,FIT502,sensor,no_holdout_quality_gate,5.0,9.0,5.0,(P402 - UV401) * 0.20704994,-9.542144852048295e-12,4.050449108763439,0.011624436868351438,4.809411323199663,4.914031255014827,0.9618822646399326,4.914031255014827,0.002993878884596749,0.0002284549416561226,0.02434580345028106,4,576
geco_matched_plus_all_actuator_persistence_no_holdout_quality_gate,FIT504,sensor,no_holdout_quality_gate,5.0,9.0,7.0,FIT502 * (0.006901001 - (FIT504 * 0.022353666)),0.0006818953951246431,34.63391625029279,0.0006375541651170856,3.4351520114012057,3.4408899988872594,0.6870304022802411,3.4408899988872594,0.0008290399583924182,0.0002962382759936535,0.004942818375654197,3,245
geco_matched_plus_all_actuator_persistence_no_holdout_quality_gate,PIT503,sensor,no_holdout_quality_gate,5.0,9.0,15.0,((((UV401 * P402) * P402) + -0.97898483) * (FIT503 + -0.9433507)) * (FIT401 + -1.7066069),-0.16917589053297233,14.725584363887497,0.11122263994287224,1186.19899814993,1187.200001909416,237.239799629986,1187.200001909416,0.0017736565329682299,0.0002234339539274166,0.013742973444465982,5,329
geco_matched_plus_all_actuator_persistence_no_holdout_quality_gate,FIT601,sensor,no_holdout_quality_gate,5.0,9.0,7.0,((P602 - FIT601) + -0.99994063) * FIT301,0.4916735207848195,10.255337304276727,0.01008498507082207,11.44737757314358,11.538142438780978,2.289475514628716,7.8859500276180645,0.0,0.0,0.0,0,0
geco_matched_plus_all_actuator_persistence_no_holdout_quality_gate,MV101,actuator,actuator_persistence,5.0,9.0,1.0,MV101,,,0.050778100568907185,12.968875977243712,13.425878882363877,2.5937751954487425,2.5937751954487425,0.0,0.0,0.0,0,0
geco_matched_plus_all_actuator_persistence_no_holdout_quality_gate,P101,actuator,actuator_persistence,5.0,9.0,1.0,P101,,,0.02283152133090779,4.885842393345461,5.091326085323631,0.9771684786690922,0.9771684786690922,0.0,0.0,0.0,0,0
geco_matched_plus_all_actuator_persistence_no_holdout_quality_gate,P102,actuator,actuator_persistence,5.0,9.0,1.0,P102,,,1e-06,1e-06,1e-05,0.0,1e-05,0.0001778101787436822,0.00010041975457411982,0.0007753440589261484,8,10
geco_matched_plus_all_actuator_persistence_no_holdout_quality_gate,MV201,actuator,actuator_persistence,5.0,9.0,1.0,MV201,,,0.05142405563146907,13.20015805289858,13.662974553581801,2.640031610579716,2.640031610579716,0.0,0.0,0.0,0,0
geco_matched_plus_all_actuator_persistence_no_holdout_quality_gate,P202,actuator,actuator_persistence,5.0,9.0,1.0,P202,,,1e-06,1e-06,1e-05,0.0,0.0,0.0,0.0,0.0,0,0
geco_matched_plus_all_actuator_persistence_no_holdout_quality_gate,P203,actuator,actuator_persistence,5.0,9.0,1.0,P203,,,0.022831521330907788,4.885842393345461,5.091326085323631,0.9771684786690922,0.9771684786690922,0.0,0.0,0.0,0,0
geco_matched_plus_all_actuator_persistence_no_holdout_quality_gate,P204,actuator,actuator_persistence,5.0,9.0,1.0,P204,,,1e-06,1e-06,1e-05,0.0,1e-05,4.445254468592055e-05,0.0,0.0003876720294630742,2,10
geco_matched_plus_all_actuator_persistence_no_holdout_quality_gate,P205,actuator,actuator_persistence,5.0,9.0,1.0,P205,,,0.024826988305938616,7.641436110935827,7.864879005689275,1.5282872221871655,0.9751730116940613,0.0,0.0,0.0,0,0
geco_matched_plus_all_actuator_persistence_no_holdout_quality_gate,P206,actuator,actuator_persistence,5.0,9.0,1.0,P206,,,1e-06,1e-06,1e-05,0.0,1e-05,4.445254468592055e-05,0.0,0.0003876720294630742,2,10
geco_matched_plus_all_actuator_persistence_no_holdout_quality_gate,MV301,actuator,actuator_persistence,5.0,9.0,1.0,MV301,,,0.05237923317467451,17.690880203951508,18.16229330252358,3.538176040790302,3.538176040790302,0.0,0.0,0.0,0,0
geco_matched_plus_all_actuator_persistence_no_holdout_quality_gate,MV302,actuator,actuator_persistence,5.0,9.0,1.0,MV302,,,0.07240099292831928,12.827970212150424,13.479579148505298,2.5655940424300847,4.18997517679202,0.0,0.0,0.0,0,0
geco_matched_plus_all_actuator_persistence_no_holdout_quality_gate,MV303,actuator,actuator_persistence,5.0,9.0,1.0,MV303,,,0.052379233174674536,12.90483067301302,13.376243771585091,2.580966134602604,2.580966134602603,0.0,0.0,0.0,0,0
geco_matched_plus_all_actuator_persistence_no_holdout_quality_gate,MV304,actuator,actuator_persistence,5.0,9.0,1.0,MV304,,,0.07247943385085219,12.463219815220176,13.115534719877846,2.4926439630440353,2.4926439630440353,0.0,0.0,0.0,0,0
geco_matched_plus_all_actuator_persistence_no_holdout_quality_gate,P301,actuator,actuator_persistence,5.0,9.0,1.0,P301,,,0.004036284484333829,12.497503619713047,12.533830180072052,2.4995007239426092,0.0,0.0,0.0,0.0,0,0
geco_matched_plus_all_actuator_persistence_no_holdout_quality_gate,P302,actuator,actuator_persistence,5.0,9.0,1.0,P302,,,0.0321976659636582,13.55110503163538,13.840884025308304,2.710221006327076,0.9678023340363417,0.0,0.0,0.0,0,0
geco_matched_plus_all_actuator_persistence_no_holdout_quality_gate,P401,actuator,actuator_persistence,5.0,9.0,1.0,P401,,,1e-06,1e-06,1e-05,0.0,0.0,0.0,0.0,0.0,0,0
geco_matched_plus_all_actuator_persistence_no_holdout_quality_gate,P402,actuator,actuator_persistence,5.0,9.0,1.0,P402,,,0.0014233583151173907,4.992883208424413,5.005693433260469,0.9985766416848826,5.005693433260469,4.88977991545126e-05,0.0,0.00042643923240938164,1,22
geco_matched_plus_all_actuator_persistence_no_holdout_quality_gate,P403,actuator,actuator_persistence,5.0,9.0,1.0,P403,,,1e-06,1e-06,1e-05,0.0,1e-05,4.445254468592055e-05,5.020987728705991e-05,0.0,2,10
geco_matched_plus_all_actuator_persistence_no_holdout_quality_gate,P404,actuator,actuator_persistence,5.0,9.0,1.0,P404,,,1e-06,1e-06,1e-05,0.0,0.0,0.0,0.0,0.0,0,0
geco_matched_plus_all_actuator_persistence_no_holdout_quality_gate,UV401,actuator,actuator_persistence,5.0,9.0,1.0,UV401,,,0.001423358315117391,4.992883208424413,5.005693433260469,0.9985766416848826,2.856240810173141,0.0,0.0,0.0,0,0
geco_matched_plus_all_actuator_persistence_no_holdout_quality_gate,P501,actuator,actuator_persistence,5.0,9.0,1.0,P501,,,0.0014233583151173938,4.992883208424413,5.005693433260469,0.9985766416848826,2.856240810173141,0.0,0.0,0.0,0,0
geco_matched_plus_all_actuator_persistence_no_holdout_quality_gate,P502,actuator,actuator_persistence,5.0,9.0,1.0,P502,,,1e-06,1e-06,1e-05,0.0,0.0,0.0,0.0,0.0,0,0
geco_matched_plus_all_actuator_persistence_no_holdout_quality_gate,P601,actuator,actuator_persistence,5.0,9.0,1.0,P601,,,1e-06,1e-06,1e-05,0.0,0.0,0.0,0.0,0.0,0,0
geco_matched_plus_all_actuator_persistence_no_holdout_quality_gate,P602,actuator,actuator_persistence,5.0,9.0,1.0,P602,,,0.023252724092464913,6.512091386130261,6.721365902962445,1.3024182772260522,1.6279564145205612,0.0,0.0,0.0,0,0
geco_matched_plus_all_actuator_persistence_no_holdout_quality_gate,P603,actuator,actuator_persistence,5.0,9.0,1.0,P603,,,1e-06,1e-06,1e-05,0.0,0.0,0.0,0.0,0.0,0,0
geco_matched_plus_all_actuator_persistence_no_holdout_quality_gate,FIT101,sensor,no_holdout_quality_gate,5.0,15.0,5.0,(LIT101 * -5.3608805e-5) + 0.031951737,-0.02073055819816272,4.142017125521039,0.03810283754570068,10.667023044846442,11.238565608031951,2.1334046089692884,2.1797146193093173,0.0,0.0,0.0,0,0
geco_matched_plus_all_actuator_persistence_no_holdout_quality_gate,LIT101,sensor,no_holdout_quality_gate,5.0,15.0,5.0,(FIT201 - FIT101) * -0.19228067,0.40181479216081095,4.537950991815633,0.45541297011116505,36.71032748172783,43.54152203339531,7.342065496345566,43.54152203339531,0.005069812721429238,0.00037406358578859634,0.04132583834076371,7,1104
geco_matched_plus_all_actuator_persistence_no_holdout_quality_gate,FIT201,sensor,no_holdout_quality_gate,5.0,15.0,3.0,FIT301 * 0.0019161832,-0.028412093537082406,1.72743861513076,0.02363255310208697,11.016739069572656,11.37122736610396,2.2033478139145313,2.5178618086527687,0.0,0.0,0.0,0,0
geco_matched_plus_all_actuator_persistence_no_holdout_quality_gate,DPIT301,sensor,no_holdout_quality_gate,5.0,15.0,7.0,P302 - ((FIT301 * 0.4284513) - -1.027144),0.43800956563704907,25.153209621175467,0.16714296976649062,7206.0387256762215,7208.545870222719,1441.2077451352443,63.35953520982656,0.0,0.0,0.0,0,0
geco_matched_plus_all_actuator_persistence_no_holdout_quality_gate,FIT301,sensor,no_holdout_quality_gate,5.0,15.0,3.0,MV303 * -0.0026802947,-0.010334711974421706,19.166696097155796,0.02845999811762023,10.630014529985527,11.05691450174983,2.1260029059971055,7.879213416431736,0.0,0.0,0.0,0,0
geco_matched_plus_all_actuator_persistence_no_holdout_quality_gate,LIT301,sensor,no_holdout_quality_gate,5.0,15.0,5.0,(FIT301 - FIT201) * -0.18929929,0.336680080211637,4.001021228958368,0.35900655586676056,17.309645035348655,22.694743373350065,3.461929007069731,22.694743373350065,0.005616579021066061,0.0005372456869715411,0.044834270207404534,7,1069
geco_matched_plus_all_actuator_persistence_no_holdout_quality_gate,AIT401,sensor,no_holdout_quality_gate,5.0,15.0,9.0,(FIT301 * (MV304 * (MV304 * 1.11552225e-7))) * AIT401,-0.0007011429606935682,4.054639083289264,0.09907165330484896,737.676443090732,739.1625178903048,147.5352886181464,0.0,0.0,0.0,0.0,0,0
geco_matched_plus_all_actuator_persistence_no_holdout_quality_gate,LIT401,sensor,no_holdout_quality_gate,5.0,15.0,5.0,(DPIT301 * 0.022688651) - 0.38223073,0.2947958211021037,3.951397925657353,0.3366300543860994,132.88557999920212,137.9350308149936,26.577115999840423,137.9350308149936,0.058528442960717283,0.0006677913679178968,0.5052723396006978,11,24232
geco_matched_plus_all_actuator_persistence_no_holdout_quality_gate,AIT504,sensor,no_holdout_quality_gate,5.0,15.0,7.0,((FIT504 * 3.598646) - 1.1120417) * PIT502,-0.04966050508977915,38.574280505575615,0.10845552326854281,1718.855243178468,1720.4820760274963,343.7710486356936,859.0176034158073,0.0,0.0,0.0,0,0
geco_matched_plus_all_actuator_persistence_no_holdout_quality_gate,FIT501,sensor,no_holdout_quality_gate,5.0,15.0,3.0,AIT504 * 6.7863766e-6,-0.011206098840220724,34.72298697833636,0.0013179223851327868,7.892404434047089,7.9121732698240805,1.5784808868094178,3.3620074419943418,0.0,0.0,0.0,0,0
geco_matched_plus_all_actuator_persistence_no_holdout_quality_gate,FIT502,sensor,no_holdout_quality_gate,5.0,15.0,5.0,(P402 - UV401) * 0.20704994,-9.542144852048295e-12,4.050449108763439,0.011624436868351438,4.809411323199663,4.983777876224935,0.9618822646399326,4.983777876224935,0.0031183460097173265,0.00036904259805989033,0.02434580345028106,3,600
geco_matched_plus_all_actuator_persistence_no_holdout_quality_gate,FIT504,sensor,no_holdout_quality_gate,5.0,15.0,7.0,FIT502 * (0.006901001 - (FIT504 * 0.022353666)),0.0006818953951246431,34.63391625029279,0.0006375541651170856,3.4351520114012057,3.444715323877962,0.6870304022802411,3.444715323877962,0.0009112771660613712,0.0003891265489747143,0.004942818375654197,3,263
geco_matched_plus_all_actuator_persistence_no_holdout_quality_gate,PIT503,sensor,no_holdout_quality_gate,5.0,15.0,15.0,((((UV401 * P402) * P402) + -0.97898483) * (FIT503 + -0.9433507)) * (FIT401 + -1.7066069),-0.16917589053297233,14.725584363887497,0.11122263994287224,1186.19899814993,1187.8673377490732,237.239799629986,1187.8673377490732,0.001860338995105775,0.00032134321463718344,0.013742973444465982,3,341
geco_matched_plus_all_actuator_persistence_no_holdout_quality_gate,FIT601,sensor,no_holdout_quality_gate,5.0,15.0,7.0,((P602 - FIT601) + -0.99994063) * FIT301,0.4916735207848195,10.255337304276727,0.01008498507082207,11.44737757314358,11.598652349205912,2.289475514628716,7.8859500276180645,0.0,0.0,0.0,0,0
geco_matched_plus_all_actuator_persistence_no_holdout_quality_gate,MV101,actuator,actuator_persistence,5.0,15.0,1.0,MV101,,,0.050778100568907185,12.968875977243712,13.73054748577732,2.5937751954487425,2.5937751954487425,0.0,0.0,0.0,0,0
geco_matched_plus_all_actuator_persistence_no_holdout_quality_gate,P101,actuator,actuator_persistence,5.0,15.0,1.0,P101,,,0.02283152133090779,4.885842393345461,5.228315213309078,0.9771684786690922,0.9771684786690922,0.0,0.0,0.0,0,0
geco_matched_plus_all_actuator_persistence_no_holdout_quality_gate,P102,actuator,actuator_persistence,5.0,15.0,1.0,P102,,,1e-06,1e-06,1.6e-05,0.0,1.6e-05,0.00026671526811552327,0.00015062963186117972,0.0011630160883892228,8,15
geco_matched_plus_all_actuator_persistence_no_holdout_quality_gate,MV201,actuator,actuator_persistence,5.0,15.0,1.0,MV201,,,0.05142405563146907,13.20015805289858,13.971518887370616,2.640031610579716,2.640031610579716,0.0,0.0,0.0,0,0
geco_matched_plus_all_actuator_persistence_no_holdout_quality_gate,P202,actuator,actuator_persistence,5.0,15.0,1.0,P202,,,1e-06,1e-06,1.6e-05,0.0,0.0,0.0,0.0,0.0,0,0
geco_matched_plus_all_actuator_persistence_no_holdout_quality_gate,P203,actuator,actuator_persistence,5.0,15.0,1.0,P203,,,0.022831521330907788,4.885842393345461,5.228315213309078,0.9771684786690922,0.9771684786690922,0.0,0.0,0.0,0,0
geco_matched_plus_all_actuator_persistence_no_holdout_quality_gate,P204,actuator,actuator_persistence,5.0,15.0,1.0,P204,,,1e-06,1e-06,1.6e-05,0.0,1.6e-05,6.667881702888082e-05,0.0,0.0005815080441946114,2,15
geco_matched_plus_all_actuator_persistence_no_holdout_quality_gate,P205,actuator,actuator_persistence,5.0,15.0,1.0,P205,,,0.024826988305938616,7.641436110935827,8.013840935524907,1.5282872221871655,0.9751730116940613,0.0,0.0,0.0,0,0
geco_matched_plus_all_actuator_persistence_no_holdout_quality_gate,P206,actuator,actuator_persistence,5.0,15.0,1.0,P206,,,1e-06,1e-06,1.6e-05,0.0,1.6e-05,6.667881702888082e-05,0.0,0.0005815080441946114,2,15
geco_matched_plus_all_actuator_persistence_no_holdout_quality_gate,MV301,actuator,actuator_persistence,5.0,15.0,1.0,MV301,,,0.05237923317467451,17.690880203951508,18.476568701571626,3.538176040790302,3.538176040790302,0.0,0.0,0.0,0,0
geco_matched_plus_all_actuator_persistence_no_holdout_quality_gate,MV302,actuator,actuator_persistence,5.0,15.0,1.0,MV302,,,0.07240099292831928,12.827970212150424,13.913985106075213,2.5655940424300847,4.18997517679202,0.0,0.0,0.0,0,0
geco_matched_plus_all_actuator_persistence_no_holdout_quality_gate,MV303,actuator,actuator_persistence,5.0,15.0,1.0,MV303,,,0.052379233174674536,12.90483067301302,13.690519170633138,2.580966134602604,2.580966134602603,0.0,0.0,0.0,0,0
geco_matched_plus_all_actuator_persistence_no_holdout_quality_gate,MV304,actuator,actuator_persistence,5.0,15.0,1.0,MV304,,,0.07247943385085219,12.463219815220176,13.55041132298296,2.4926439630440353,2.4926439630440353,0.0,0.0,0.0,0,0
geco_matched_plus_all_actuator_persistence_no_holdout_quality_gate,P301,actuator,actuator_persistence,5.0,15.0,1.0,P301,,,0.004036284484333829,12.497503619713047,12.558047886978054,2.4995007239426092,0.0,0.0,0.0,0.0,0,0
geco_matched_plus_all_actuator_persistence_no_holdout_quality_gate,P302,actuator,actuator_persistence,5.0,15.0,1.0,P302,,,0.0321976659636582,13.55110503163538,14.034070021090253,2.710221006327076,0.9678023340363417,0.0,0.0,0.0,0,0
geco_matched_plus_all_actuator_persistence_no_holdout_quality_gate,P401,actuator,actuator_persistence,5.0,15.0,1.0,P401,,,1e-06,1e-06,1.6e-05,0.0,0.0,0.0,0.0,0.0,0,0
geco_matched_plus_all_actuator_persistence_no_holdout_quality_gate,P402,actuator,actuator_persistence,5.0,15.0,1.0,P402,,,0.0014233583151173907,4.992883208424413,5.0142335831511735,0.9985766416848826,5.0142335831511735,6.223356256028877e-05,0.0,0.000542740841248304,1,28
geco_matched_plus_all_actuator_persistence_no_holdout_quality_gate,P403,actuator,actuator_persistence,5.0,15.0,1.0,P403,,,1e-06,1e-06,1.6e-05,0.0,1.6e-05,6.667881702888082e-05,7.531481593058986e-05,0.0,2,15
geco_matched_plus_all_actuator_persistence_no_holdout_quality_gate,P404,actuator,actuator_persistence,5.0,15.0,1.0,P404,,,1e-06,1e-06,1.6e-05,0.0,0.0,0.0,0.0,0.0,0,0
geco_matched_plus_all_actuator_persistence_no_holdout_quality_gate,UV401,actuator,actuator_persistence,5.0,15.0,1.0,UV401,,,0.001423358315117391,4.992883208424413,5.0142335831511735,0.9985766416848826,2.856240810173141,0.0,0.0,0.0,0,0
geco_matched_plus_all_actuator_persistence_no_holdout_quality_gate,P501,actuator,actuator_persistence,5.0,15.0,1.0,P501,,,0.0014233583151173938,4.992883208424413,5.0142335831511735,0.9985766416848826,2.856240810173141,0.0,0.0,0.0,0,0
geco_matched_plus_all_actuator_persistence_no_holdout_quality_gate,P502,actuator,actuator_persistence,5.0,15.0,1.0,P502,,,1e-06,1e-06,1.6e-05,0.0,0.0,0.0,0.0,0.0,0,0
geco_matched_plus_all_actuator_persistence_no_holdout_quality_gate,P601,actuator,actuator_persistence,5.0,15.0,1.0,P601,,,1e-06,1e-06,1.6e-05,0.0,0.0,0.0,0.0,0.0,0,0
geco_matched_plus_all_actuator_persistence_no_holdout_quality_gate,P602,actuator,actuator_persistence,5.0,15.0,1.0,P602,,,0.023252724092464913,6.512091386130261,6.860882247517234,1.3024182772260522,1.6279564145205612,0.0,0.0,0.0,0,0
geco_matched_plus_all_actuator_persistence_no_holdout_quality_gate,P603,actuator,actuator_persistence,5.0,15.0,1.0,P603,,,1e-06,1e-06,1.6e-05,0.0,0.0,0.0,0.0,0.0,0,0
geco_matched_plus_all_actuator_persistence_no_holdout_quality_gate,FIT101,sensor,no_holdout_quality_gate,5.0,25.0,5.0,(LIT101 * -5.3608805e-5) + 0.031951737,-0.02073055819816272,4.142017125521039,0.03810283754570068,10.667023044846442,11.619593983488958,2.1334046089692884,2.1797146193093173,0.0,0.0,0.0,0,0
geco_matched_plus_all_actuator_persistence_no_holdout_quality_gate,LIT101,sensor,no_holdout_quality_gate,5.0,25.0,5.0,(FIT201 - FIT101) * -0.19228067,0.40181479216081095,4.537950991815633,0.45541297011116505,36.71032748172783,48.09565173450696,7.342065496345566,48.09565173450696,0.005452104605728155,0.0006226024783595429,0.042740841248303935,7,1180
geco_matched_plus_all_actuator_persistence_no_holdout_quality_gate,FIT201,sensor,no_holdout_quality_gate,5.0,25.0,3.0,FIT301 * 0.0019161832,-0.028412093537082406,1.72743861513076,0.02363255310208697,11.016739069572656,11.607552897124831,2.2033478139145313,2.5178618086527687,0.0,0.0,0.0,0,0
geco_matched_plus_all_actuator_persistence_no_holdout_quality_gate,DPIT301,sensor,no_holdout_quality_gate,5.0,25.0,7.0,P302 - ((FIT301 * 0.4284513) - -1.027144),0.43800956563704907,25.153209621175467,0.16714296976649062,7206.0387256762215,7210.217299920384,1441.2077451352443,63.35953520982656,0.0,0.0,0.0,0,0
geco_matched_plus_all_actuator_persistence_no_holdout_quality_gate,FIT301,sensor,no_holdout_quality_gate,5.0,25.0,3.0,MV303 * -0.0026802947,-0.010334711974421706,19.166696097155796,0.02845999811762023,10.630014529985527,11.341514482926032,2.1260029059971055,7.879213416431736,0.0,0.0,0.0,0,0
geco_matched_plus_all_actuator_persistence_no_holdout_quality_gate,LIT301,sensor,no_holdout_quality_gate,5.0,25.0,5.0,(FIT301 - FIT201) * -0.18929929,0.336680080211637,4.001021228958368,0.35900655586676056,17.309645035348655,26.28480893201767,3.461929007069731,26.28480893201767,0.005938859970038985,0.0008736518647948424,0.045047489823609226,7,1080
geco_matched_plus_all_actuator_persistence_no_holdout_quality_gate,AIT401,sensor,no_holdout_quality_gate,5.0,25.0,9.0,(FIT301 * (MV304 * (MV304 * 1.11552225e-7))) * AIT401,-0.0007011429606935682,4.054639083289264,0.09907165330484896,737.676443090732,740.1532344233533,147.5352886181464,0.0,0.0,0.0,0.0,0,0
geco_matched_plus_all_actuator_persistence_no_holdout_quality_gate,LIT401,sensor,no_holdout_quality_gate,5.0,25.0,5.0,(DPIT301 * 0.022688651) - 0.38223073,0.2947958211021037,3.951397925657353,0.3366300543860994,132.88557999920212,141.3013313588546,26.577115999840423,141.3013313588546,0.05905298298801115,0.001194995079432026,0.5057763132389999,13,24287
geco_matched_plus_all_actuator_persistence_no_holdout_quality_gate,AIT504,sensor,no_holdout_quality_gate,5.0,25.0,7.0,((FIT504 * 3.598646) - 1.1120417) * PIT502,-0.04966050508977915,38.574280505575615,0.10845552326854281,1718.855243178468,1721.5666312601816,343.7710486356936,859.0176034158073,0.0,0.0,0.0,0,0
geco_matched_plus_all_actuator_persistence_no_holdout_quality_gate,FIT501,sensor,no_holdout_quality_gate,5.0,25.0,3.0,AIT504 * 6.7863766e-6,-0.011206098840220724,34.72298697833636,0.0013179223851327868,7.892404434047089,7.925352493675408,1.5784808868094178,3.3620074419943418,0.0,0.0,0.0,0,0
geco_matched_plus_all_actuator_persistence_no_holdout_quality_gate,FIT502,sensor,no_holdout_quality_gate,5.0,25.0,5.0,(P402 - UV401) * 0.20704994,-9.542144852048295e-12,4.050449108763439,0.011624436868351438,4.809411323199663,5.100022244908449,0.9618822646399326,5.100022244908449,0.0032450357620722,0.0005121407483280111,0.02434580345028106,3,617
geco_matched_plus_all_actuator_persistence_no_holdout_quality_gate,FIT504,sensor,no_holdout_quality_gate,5.0,25.0,7.0,FIT502 * (0.006901001 - (FIT504 * 0.022353666)),0.0006818953951246431,34.63391625029279,0.0006375541651170856,3.4351520114012057,3.451090865529133,0.6870304022802411,3.451090865529133,0.0010446348001191329,0.0005347351931071881,0.004981585578600504,4,282
geco_matched_plus_all_actuator_persistence_no_holdout_quality_gate,PIT503,sensor,no_holdout_quality_gate,5.0,25.0,15.0,((((UV401 * P402) * P402) + -0.97898483) * (FIT503 + -0.9433507)) * (FIT401 + -1.7066069),-0.16917589053297233,14.725584363887497,0.11122263994287224,1186.19899814993,1188.9795641485018,237.239799629986,1188.9795641485018,0.001955911966180504,0.00042678395694000924,0.013762357045939136,3,358
geco_matched_plus_all_actuator_persistence_no_holdout_quality_gate,FIT601,sensor,no_holdout_quality_gate,5.0,25.0,7.0,((P602 - FIT601) + -0.99994063) * FIT301,0.4916735207848195,10.255337304276727,0.01008498507082207,11.44737757314358,11.699502199914132,2.289475514628716,7.8859500276180645,0.0,0.0,0.0,0,0
geco_matched_plus_all_actuator_persistence_no_holdout_quality_gate,MV101,actuator,actuator_persistence,5.0,25.0,1.0,MV101,,,0.050778100568907185,12.968875977243712,14.238328491466392,2.5937751954487425,2.5937751954487425,0.0,0.0,0.0,0,0
geco_matched_plus_all_actuator_persistence_no_holdout_quality_gate,P101,actuator,actuator_persistence,5.0,25.0,1.0,P101,,,0.02283152133090779,4.885842393345461,5.4566304266181564,0.9771684786690922,0.9771684786690922,0.0,0.0,0.0,0,0
geco_matched_plus_all_actuator_persistence_no_holdout_quality_gate,P102,actuator,actuator_persistence,5.0,25.0,1.0,P102,,,1e-06,1e-06,2.6e-05,0.0,2.6e-05,0.00044452544685920543,0.00025104938643529955,0.0019383601473153711,8,25
geco_matched_plus_all_actuator_persistence_no_holdout_quality_gate,MV201,actuator,actuator_persistence,5.0,25.0,1.0,MV201,,,0.05142405563146907,13.20015805289858,14.485759443685307,2.640031610579716,2.640031610579716,0.0,0.0,0.0,0,0
geco_matched_plus_all_actuator_persistence_no_holdout_quality_gate,P202,actuator,actuator_persistence,5.0,25.0,1.0,P202,,,1e-06,1e-06,2.6e-05,0.0,0.0,0.0,0.0,0.0,0,0
geco_matched_plus_all_actuator_persistence_no_holdout_quality_gate,P203,actuator,actuator_persistence,5.0,25.0,1.0,P203,,,0.022831521330907788,4.885842393345461,5.4566304266181564,0.9771684786690922,0.9771684786690922,0.0,0.0,0.0,0,0
geco_matched_plus_all_actuator_persistence_no_holdout_quality_gate,P204,actuator,actuator_persistence,5.0,25.0,1.0,P204,,,1e-06,1e-06,2.6e-05,0.0,2.6e-05,0.00011113136171480136,0.0,0.0009691800736576856,2,25
geco_matched_plus_all_actuator_persistence_no_holdout_quality_gate,P205,actuator,actuator_persistence,5.0,25.0,1.0,P205,,,0.024826988305938616,7.641436110935827,8.262110818584294,1.5282872221871655,0.9751730116940613,0.0,0.0,0.0,0,0
geco_matched_plus_all_actuator_persistence_no_holdout_quality_gate,P206,actuator,actuator_persistence,5.0,25.0,1.0,P206,,,1e-06,1e-06,2.6e-05,0.0,2.6e-05,0.00011113136171480136,0.0,0.0009691800736576856,2,25
geco_matched_plus_all_actuator_persistence_no_holdout_quality_gate,MV301,actuator,actuator_persistence,5.0,25.0,1.0,MV301,,,0.05237923317467451,17.690880203951508,19.00036103331837,3.538176040790302,3.538176040790302,0.0,0.0,0.0,0,0
geco_matched_plus_all_actuator_persistence_no_holdout_quality_gate,MV302,actuator,actuator_persistence,5.0,25.0,1.0,MV302,,,0.07240099292831928,12.827970212150424,14.637995035358406,2.5655940424300847,4.18997517679202,0.0,0.0,0.0,0,0
geco_matched_plus_all_actuator_persistence_no_holdout_quality_gate,MV303,actuator,actuator_persistence,5.0,25.0,1.0,MV303,,,0.052379233174674536,12.90483067301302,14.214311502379884,2.580966134602604,2.580966134602603,0.0,0.0,0.0,0,0
geco_matched_plus_all_actuator_persistence_no_holdout_quality_gate,MV304,actuator,actuator_persistence,5.0,25.0,1.0,MV304,,,0.07247943385085219,12.463219815220176,14.275205661491482,2.4926439630440353,2.4926439630440353,0.0,0.0,0.0,0,0
geco_matched_plus_all_actuator_persistence_no_holdout_quality_gate,P301,actuator,actuator_persistence,5.0,25.0,1.0,P301,,,0.004036284484333829,12.497503619713047,12.598410731821392,2.4995007239426092,0.0,0.0,0.0,0.0,0,0
geco_matched_plus_all_actuator_persistence_no_holdout_quality_gate,P302,actuator,actuator_persistence,5.0,25.0,1.0,P302,,,0.0321976659636582,13.55110503163538,14.356046680726836,2.710221006327076,0.9678023340363417,0.0,0.0,0.0,0,0
geco_matched_plus_all_actuator_persistence_no_holdout_quality_gate,P401,actuator,actuator_persistence,5.0,25.0,1.0,P401,,,1e-06,1e-06,2.6e-05,0.0,0.0,0.0,0.0,0.0,0,0
geco_matched_plus_all_actuator_persistence_no_holdout_quality_gate,P402,actuator,actuator_persistence,5.0,25.0,1.0,P402,,,0.0014233583151173907,4.992883208424413,5.028467166302348,0.9985766416848826,5.028467166302348,8.445983490324903e-05,0.0,0.000736576855979841,1,38
geco_matched_plus_all_actuator_persistence_no_holdout_quality_gate,P403,actuator,actuator_persistence,5.0,25.0,1.0,P403,,,1e-06,1e-06,2.6e-05,0.0,2.6e-05,0.00011113136171480136,0.00012552469321764977,0.0,2,25
geco_matched_plus_all_actuator_persistence_no_holdout_quality_gate,P404,actuator,actuator_persistence,5.0,25.0,1.0,P404,,,1e-06,1e-06,2.6e-05,0.0,0.0,0.0,0.0,0.0,0,0
geco_matched_plus_all_actuator_persistence_no_holdout_quality_gate,UV401,actuator,actuator_persistence,5.0,25.0,1.0,UV401,,,0.001423358315117391,4.992883208424413,5.028467166302348,0.9985766416848826,2.856240810173141,0.0,0.0,0.0,0,0
geco_matched_plus_all_actuator_persistence_no_holdout_quality_gate,P501,actuator,actuator_persistence,5.0,25.0,1.0,P501,,,0.0014233583151173938,4.992883208424413,5.028467166302348,0.9985766416848826,2.856240810173141,0.0,0.0,0.0,0,0
geco_matched_plus_all_actuator_persistence_no_holdout_quality_gate,P502,actuator,actuator_persistence,5.0,25.0,1.0,P502,,,1e-06,1e-06,2.6e-05,0.0,0.0,0.0,0.0,0.0,0,0
geco_matched_plus_all_actuator_persistence_no_holdout_quality_gate,P601,actuator,actuator_persistence,5.0,25.0,1.0,P601,,,1e-06,1e-06,2.6e-05,0.0,0.0,0.0,0.0,0.0,0,0
geco_matched_plus_all_actuator_persistence_no_holdout_quality_gate,P602,actuator,actuator_persistence,5.0,25.0,1.0,P602,,,0.023252724092464913,6.512091386130261,7.093409488441884,1.3024182772260522,1.6279564145205612,0.0,0.0,0.0,0,0
geco_matched_plus_all_actuator_persistence_no_holdout_quality_gate,P603,actuator,actuator_persistence,5.0,25.0,1.0,P603,,,1e-06,1e-06,2.6e-05,0.0,0.0,0.0,0.0,0.0,0,0
geco_matched_plus_all_actuator_persistence_no_holdout_quality_gate,FIT101,sensor,no_holdout_quality_gate,8.0,2.0,5.0,(LIT101 * -5.3608805e-5) + 0.031951737,-0.02073055819816272,4.142017125521039,0.03810283754570068,17.067236871754307,17.14344254684571,2.1334046089692884,2.1797146193093173,0.0,0.0,0.0,0,0
geco_matched_plus_all_actuator_persistence_no_holdout_quality_gate,LIT101,sensor,no_holdout_quality_gate,8.0,2.0,5.0,(FIT201 - FIT101) * -0.19228067,0.40181479216081095,4.537950991815633,0.45541297011116505,58.73652397076453,59.64734991098686,7.342065496345566,59.64734991098686,0.0037162327357429577,4.769938342270691e-05,0.03204109323512309,9,1000
geco_matched_plus_all_actuator_persistence_no_holdout_quality_gate,FIT201,sensor,no_holdout_quality_gate,8.0,2.0,3.0,FIT301 * 0.0019161832,-0.028412093537082406,1.72743861513076,0.02363255310208697,17.62678251131625,17.674047617520426,2.2033478139145313,2.5178618086527687,0.0,0.0,0.0,0,0
geco_matched_plus_all_actuator_persistence_no_holdout_quality_gate,DPIT301,sensor,no_holdout_quality_gate,8.0,2.0,7.0,P302 - ((FIT301 * 0.4284513) - -1.027144),0.43800956563704907,25.153209621175467,0.16714296976649062,11529.661961081954,11529.996247021487,1441.2077451352443,63.35953520982656,0.0,0.0,0.0,0,0
geco_matched_plus_all_actuator_persistence_no_holdout_quality_gate,FIT301,sensor,no_holdout_quality_gate,8.0,2.0,3.0,MV303 * -0.0026802947,-0.010334711974421706,19.166696097155796,0.02845999811762023,17.008023247976844,17.064943244212085,2.1260029059971055,7.879213416431736,0.0,0.0,0.0,0,0
geco_matched_plus_all_actuator_persistence_no_holdout_quality_gate,LIT301,sensor,no_holdout_quality_gate,8.0,2.0,5.0,(FIT301 - FIT201) * -0.18929929,0.336680080211637,4.001021228958368,0.35900655586676056,27.69543205655785,28.413445168291368,3.461929007069731,28.413445168291368,0.004803097453313715,0.00010293024843847282,0.04109323512308587,13,956
geco_matched_plus_all_actuator_persistence_no_holdout_quality_gate,AIT401,sensor,no_holdout_quality_gate,8.0,2.0,9.0,(FIT301 * (MV304 * (MV304 * 1.11552225e-7))) * AIT401,-0.0007011429606935682,4.054639083289264,0.09907165330484896,1180.2823089451713,1180.480452251781,147.5352886181464,0.0,0.0,0.0,0.0,0,0
geco_matched_plus_all_actuator_persistence_no_holdout_quality_gate,LIT401,sensor,no_holdout_quality_gate,8.0,2.0,5.0,(DPIT301 * 0.022688651) - 0.38223073,0.2947958211021037,3.951397925657353,0.3366300543860994,212.61692799872338,213.2901881074956,26.577115999840423,213.2901881074956,0.02581359269911406,8.284629752364885e-05,0.22448148866059314,1020,626
geco_matched_plus_all_actuator_persistence_no_holdout_quality_gate,AIT504,sensor,no_holdout_quality_gate,8.0,2.0,7.0,((FIT504 * 3.598646) - 1.1120417) * PIT502,-0.04966050508977915,38.574280505575615,0.10845552326854281,2750.168389085549,2750.385300132086,343.7710486356936,859.0176034158073,0.0,0.0,0.0,0,0
geco_matched_plus_all_actuator_persistence_no_holdout_quality_gate,FIT501,sensor,no_holdout_quality_gate,8.0,2.0,3.0,AIT504 * 6.7863766e-6,-0.011206098840220724,34.72298697833636,0.0013179223851327868,12.627847094475342,12.630482939245608,1.5784808868094178,3.3620074419943418,0.0,0.0,0.0,0,0
geco_matched_plus_all_actuator_persistence_no_holdout_quality_gate,FIT502,sensor,no_holdout_quality_gate,8.0,2.0,5.0,(P402 - UV401) * 0.20704994,-9.542144852048295e-12,4.050449108763439,0.011624436868351438,7.695058117119461,7.718306990856164,0.9618822646399326,7.718306990856164,0.0027916198062758104,0.00010795123616717881,0.023512308586935454,4,543
geco_matched_plus_all_actuator_persistence_no_holdout_quality_gate,FIT504,sensor,no_holdout_quality_gate,8.0,2.0,7.0,FIT502 * (0.006901001 - (FIT504 * 0.022353666)),0.0006818953951246431,34.63391625029279,0.0006375541651170856,5.496243218241929,5.497518326572163,0.6870304022802411,5.456076056395104,0.0,0.0,0.0,0,0
geco_matched_plus_all_actuator_persistence_no_holdout_quality_gate,PIT503,sensor,no_holdout_quality_gate,8.0,2.0,15.0,((((UV401 * P402) * P402) + -0.97898483) * (FIT503 + -0.9433507)) * (FIT401 + -1.7066069),-0.16917589053297233,14.725584363887497,0.11122263994287224,1897.918397039888,1898.1408423197738,237.239799629986,1898.1408423197738,0.00048675536431083,0.00012050370548894379,0.003314595851909285,2,183
geco_matched_plus_all_actuator_persistence_no_holdout_quality_gate,FIT601,sensor,no_holdout_quality_gate,8.0,2.0,7.0,((P602 - FIT601) + -0.99994063) * FIT301,0.4916735207848195,10.255337304276727,0.01008498507082207,18.315804117029728,18.335974087171373,2.289475514628716,7.8859500276180645,0.0,0.0,0.0,0,0
geco_matched_plus_all_actuator_persistence_no_holdout_quality_gate,MV101,actuator,actuator_persistence,8.0,2.0,1.0,MV101,,,0.050778100568907185,20.75020156358994,20.851757764727754,2.5937751954487425,2.5937751954487425,0.0,0.0,0.0,0,0
geco_matched_plus_all_actuator_persistence_no_holdout_quality_gate,P101,actuator,actuator_persistence,8.0,2.0,1.0,P101,,,0.02283152133090779,7.817347829352737,7.863010872014553,0.9771684786690922,0.9771684786690922,0.0,0.0,0.0,0,0
geco_matched_plus_all_actuator_persistence_no_holdout_quality_gate,P102,actuator,actuator_persistence,8.0,2.0,1.0,P102,,,1e-06,1e-06,3e-06,0.0,3e-06,5.3343053623104655e-05,3.0125926372235947e-05,0.00023260321767784454,8,3
geco_matched_plus_all_actuator_persistence_no_holdout_quality_gate,MV201,actuator,actuator_persistence,8.0,2.0,1.0,MV201,,,0.05142405563146907,21.12025288463773,21.223100995900666,2.640031610579716,2.640031610579716,0.0,0.0,0.0,0,0
geco_matched_plus_all_actuator_persistence_no_holdout_quality_gate,P202,actuator,actuator_persistence,8.0,2.0,1.0,P202,,,1e-06,1e-06,3e-06,0.0,0.0,0.0,0.0,0.0,0,0
geco_matched_plus_all_actuator_persistence_no_holdout_quality_gate,P203,actuator,actuator_persistence,8.0,2.0,1.0,P203,,,0.022831521330907788,7.817347829352737,7.863010872014553,0.9771684786690922,0.9771684786690922,0.0,0.0,0.0,0,0
geco_matched_plus_all_actuator_persistence_no_holdout_quality_gate,P204,actuator,actuator_persistence,8.0,2.0,1.0,P204,,,1e-06,1e-06,3e-06,0.0,3e-06,1.3335763405776164e-05,0.0,0.00011630160883892227,2,3
geco_matched_plus_all_actuator_persistence_no_holdout_quality_gate,P205,actuator,actuator_persistence,8.0,2.0,1.0,P205,,,0.024826988305938616,12.226297777497324,12.275951754109201,1.5282872221871655,0.9751730116940613,0.0,0.0,0.0,0,0
geco_matched_plus_all_actuator_persistence_no_holdout_quality_gate,P206,actuator,actuator_persistence,8.0,2.0,1.0,P206,,,1e-06,1e-06,3e-06,0.0,3e-06,1.3335763405776164e-05,0.0,0.00011630160883892227,2,3
geco_matched_plus_all_actuator_persistence_no_holdout_quality_gate,MV301,actuator,actuator_persistence,8.0,2.0,1.0,MV301,,,0.05237923317467451,28.305408326322414,28.410166792671763,3.538176040790302,3.538176040790302,0.0,0.0,0.0,0,0
geco_matched_plus_all_actuator_persistence_no_holdout_quality_gate,MV302,actuator,actuator_persistence,8.0,2.0,1.0,MV302,,,0.07240099292831928,20.524752339440678,20.669554325297316,2.5655940424300847,4.18997517679202,0.0,0.0,0.0,0,0
geco_matched_plus_all_actuator_persistence_no_holdout_quality_gate,MV303,actuator,actuator_persistence,8.0,2.0,1.0,MV303,,,0.052379233174674536,20.64772907682083,20.75248754317018,2.580966134602604,2.580966134602603,0.0,0.0,0.0,0,0
geco_matched_plus_all_actuator_persistence_no_holdout_quality_gate,MV304,actuator,actuator_persistence,8.0,2.0,1.0,MV304,,,0.07247943385085219,19.941151704352283,20.086110572053986,2.4926439630440353,2.4926439630440353,0.0,0.0,0.0,0,0
geco_matched_plus_all_actuator_persistence_no_holdout_quality_gate,P301,actuator,actuator_persistence,8.0,2.0,1.0,P301,,,0.004036284484333829,19.996005791540874,20.004078360509542,2.4995007239426092,0.0,0.0,0.0,0.0,0,0
geco_matched_plus_all_actuator_persistence_no_holdout_quality_gate,P302,actuator,actuator_persistence,8.0,2.0,1.0,P302,,,0.0321976659636582,21.681768050616608,21.746163382543923,2.710221006327076,0.9678023340363417,0.0,0.0,0.0,0,0
geco_matched_plus_all_actuator_persistence_no_holdout_quality_gate,P401,actuator,actuator_persistence,8.0,2.0,1.0,P401,,,1e-06,1e-06,3e-06,0.0,0.0,0.0,0.0,0.0,0,0
geco_matched_plus_all_actuator_persistence_no_holdout_quality_gate,P402,actuator,actuator_persistence,8.0,2.0,1.0,P402,,,0.0014233583151173907,7.988613133479061,7.991459850109296,0.9985766416848826,7.991459850109296,8.89050893718411e-06,0.0,7.753440589261485e-05,1,4
geco_matched_plus_all_actuator_persistence_no_holdout_quality_gate,P403,actuator,actuator_persistence,8.0,2.0,1.0,P403,,,1e-06,1e-06,3e-06,0.0,3e-06,1.3335763405776164e-05,1.5062963186117974e-05,0.0,2,3
geco_matched_plus_all_actuator_persistence_no_holdout_quality_gate,P404,actuator,actuator_persistence,8.0,2.0,1.0,P404,,,1e-06,1e-06,3e-06,0.0,0.0,0.0,0.0,0.0,0,0
geco_matched_plus_all_actuator_persistence_no_holdout_quality_gate,UV401,actuator,actuator_persistence,8.0,2.0,1.0,UV401,,,0.001423358315117391,7.988613133479061,7.991459850109296,0.9985766416848826,2.856240810173141,0.0,0.0,0.0,0,0
geco_matched_plus_all_actuator_persistence_no_holdout_quality_gate,P501,actuator,actuator_persistence,8.0,2.0,1.0,P501,,,0.0014233583151173938,7.988613133479061,7.991459850109296,0.9985766416848826,2.856240810173141,0.0,0.0,0.0,0,0
geco_matched_plus_all_actuator_persistence_no_holdout_quality_gate,P502,actuator,actuator_persistence,8.0,2.0,1.0,P502,,,1e-06,1e-06,3e-06,0.0,0.0,0.0,0.0,0.0,0,0
geco_matched_plus_all_actuator_persistence_no_holdout_quality_gate,P601,actuator,actuator_persistence,8.0,2.0,1.0,P601,,,1e-06,1e-06,3e-06,0.0,0.0,0.0,0.0,0.0,0,0
geco_matched_plus_all_actuator_persistence_no_holdout_quality_gate,P602,actuator,actuator_persistence,8.0,2.0,1.0,P602,,,0.023252724092464913,10.419346217808418,10.465851665993346,1.3024182772260522,1.6279564145205612,0.0,0.0,0.0,0,0
geco_matched_plus_all_actuator_persistence_no_holdout_quality_gate,P603,actuator,actuator_persistence,8.0,2.0,1.0,P603,,,1e-06,1e-06,3e-06,0.0,0.0,0.0,0.0,0.0,0,0
geco_matched_plus_all_actuator_persistence_no_holdout_quality_gate,FIT101,sensor,no_holdout_quality_gate,8.0,5.98,5.0,(LIT101 * -5.3608805e-5) + 0.031951737,-0.02073055819816272,4.142017125521039,0.03810283754570068,17.067236871754307,17.295091840277596,2.1334046089692884,2.1797146193093173,0.0,0.0,0.0,0,0
geco_matched_plus_all_actuator_persistence_no_holdout_quality_gate,LIT101,sensor,no_holdout_quality_gate,8.0,5.98,5.0,(FIT201 - FIT101) * -0.19228067,0.40181479216081095,4.537950991815633,0.45541297011116505,58.73652397076453,61.4598935320293,7.342065496345566,61.4598935320293,0.004125196146853426,0.00013305617481070876,0.03494863345609614,9,1027
geco_matched_plus_all_actuator_persistence_no_holdout_quality_gate,FIT201,sensor,no_holdout_quality_gate,8.0,5.98,3.0,FIT301 * 0.0019161832,-0.028412093537082406,1.72743861513076,0.02363255310208697,17.62678251131625,17.76810517886673,2.2033478139145313,2.5178618086527687,0.0,0.0,0.0,0,0
geco_matched_plus_all_actuator_persistence_no_holdout_quality_gate,DPIT301,sensor,no_holdout_quality_gate,8.0,5.98,7.0,P302 - ((FIT301 * 0.4284513) - -1.027144),0.43800956563704907,25.153209621175467,0.16714296976649062,11529.661961081954,11530.661476041158,1441.2077451352443,63.35953520982656,0.0,0.0,0.0,0,0
geco_matched_plus_all_actuator_persistence_no_holdout_quality_gate,FIT301,sensor,no_holdout_quality_gate,8.0,5.98,3.0,MV303 * -0.0026802947,-0.010334711974421706,19.166696097155796,0.02845999811762023,17.008023247976844,17.178214036720213,2.1260029059971055,7.879213416431736,0.0,0.0,0.0,0,0
geco_matched_plus_all_actuator_persistence_no_holdout_quality_gate,LIT301,sensor,no_holdout_quality_gate,8.0,5.98,5.0,(FIT301 - FIT201) * -0.18929929,0.336680080211637,4.001021228958368,0.35900655586676056,27.69543205655785,29.842291260641076,3.461929007069731,29.842291260641076,0.00506314483972635,0.00023849691711353457,0.04231440201589455,8,985
geco_matched_plus_all_actuator_persistence_no_holdout_quality_gate,AIT401,sensor,no_holdout_quality_gate,8.0,5.98,9.0,(FIT301 * (MV304 * (MV304 * 1.11552225e-7))) * AIT401,-0.0007011429606935682,4.054639083289264,0.09907165330484896,1180.2823089451713,1180.8747574319343,147.5352886181464,0.0,0.0,0.0,0.0,0,0
geco_matched_plus_all_actuator_persistence_no_holdout_quality_gate,LIT401,sensor,no_holdout_quality_gate,8.0,5.98,5.0,(DPIT301 * 0.022688651) - 0.38223073,0.2947958211021037,3.951397925657353,0.3366300543860994,212.61692799872338,214.62997572395227,26.577115999840423,214.62997572395227,0.04186985183966856,0.0002610913618927115,0.36313238999806163,69,1573
geco_matched_plus_all_actuator_persistence_no_holdout_quality_gate,AIT504,sensor,no_holdout_quality_gate,8.0,5.98,7.0,((FIT504 * 3.598646) - 1.1120417) * PIT502,-0.04966050508977915,38.574280505575615,0.10845552326854281,2750.168389085549,2750.8169531146946,343.7710486356936,859.0176034158073,0.0,0.0,0.0,0,0
geco_matched_plus_all_actuator_persistence_no_holdout_quality_gate,FIT501,sensor,no_holdout_quality_gate,8.0,5.98,3.0,AIT504 * 6.7863766e-6,-0.011206098840220724,34.72298697833636,0.0013179223851327868,12.627847094475342,12.635728270338436,1.5784808868094178,3.3620074419943418,0.0,0.0,0.0,0,0
geco_matched_plus_all_actuator_persistence_no_holdout_quality_gate,FIT502,sensor,no_holdout_quality_gate,8.0,5.98,5.0,(P402 - UV401) * 0.20704994,-9.542144852048295e-12,4.050449108763439,0.011624436868351438,7.695058117119461,7.764572249592203,0.9618822646399326,7.764572249592203,0.002860521250538987,0.00018577654596212167,0.023512308586935454,4,558
geco_matched_plus_all_actuator_persistence_no_holdout_quality_gate,FIT504,sensor,no_holdout_quality_gate,8.0,5.98,7.0,FIT502 * (0.006901001 - (FIT504 * 0.022353666)),0.0006818953951246431,34.63391625029279,0.0006375541651170856,5.496243218241929,5.500055792149329,0.6870304022802411,5.456076056395104,0.0,0.0,0.0,0,0
geco_matched_plus_all_actuator_persistence_no_holdout_quality_gate,PIT503,sensor,no_holdout_quality_gate,8.0,5.98,15.0,((((UV401 * P402) * P402) + -0.97898483) * (FIT503 + -0.9433507)) * (FIT401 + -1.7066069),-0.16917589053297233,14.725584363887497,0.11122263994287224,1897.918397039888,1898.5835084267464,237.239799629986,1898.5835084267464,0.0005200947728252704,0.0001581611134542387,0.003314595851909285,2,192
geco_matched_plus_all_actuator_persistence_no_holdout_quality_gate,FIT601,sensor,no_holdout_quality_gate,8.0,5.98,7.0,((P602 - FIT601) + -0.99994063) * FIT301,0.4916735207848195,10.255337304276727,0.01008498507082207,18.315804117029728,18.376112327753244,2.289475514628716,7.8859500276180645,0.0,0.0,0.0,0,0
geco_matched_plus_all_actuator_persistence_no_holdout_quality_gate,MV101,actuator,actuator_persistence,8.0,5.98,1.0,MV101,,,0.050778100568907185,20.75020156358994,21.053854604992004,2.5937751954487425,2.5937751954487425,0.0,0.0,0.0,0,0
geco_matched_plus_all_actuator_persistence_no_holdout_quality_gate,P101,actuator,actuator_persistence,8.0,5.98,1.0,P101,,,0.02283152133090779,7.817347829352737,7.953880326911566,0.9771684786690922,0.9771684786690922,0.0,0.0,0.0,0,0
geco_matched_plus_all_actuator_persistence_no_holdout_quality_gate,P102,actuator,actuator_persistence,8.0,5.98,1.0,P102,,,1e-06,1e-06,6.98e-06,0.0,6.98e-06,0.00010668610724620931,6.0251852744471894e-05,0.00046520643535568907,8,6
geco_matched_plus_all_actuator_persistence_no_holdout_quality_gate,MV201,actuator,actuator_persistence,8.0,5.98,1.0,MV201,,,0.05142405563146907,21.12025288463773,21.427768737313915,2.640031610579716,2.640031610579716,0.0,0.0,0.0,0,0
geco_matched_plus_all_actuator_persistence_no_holdout_quality_gate,P202,actuator,actuator_persistence,8.0,5.98,1.0,P202,,,1e-06,1e-06,6.98e-06,0.0,0.0,0.0,0.0,0.0,0,0
geco_matched_plus_all_actuator_persistence_no_holdout_quality_gate,P203,actuator,actuator_persistence,8.0,5.98,1.0,P203,,,0.022831521330907788,7.817347829352737,7.953880326911566,0.9771684786690922,0.9771684786690922,0.0,0.0,0.0,0,0
geco_matched_plus_all_actuator_persistence_no_holdout_quality_gate,P204,actuator,actuator_persistence,8.0,5.98,1.0,P204,,,1e-06,1e-06,6.98e-06,0.0,6.98e-06,2.6671526811552328e-05,0.0,0.00023260321767784454,2,6
geco_matched_plus_all_actuator_persistence_no_holdout_quality_gate,P205,actuator,actuator_persistence,8.0,5.98,1.0,P205,,,0.024826988305938616,12.226297777497324,12.374763167566837,1.5282872221871655,0.9751730116940613,0.0,0.0,0.0,0,0
geco_matched_plus_all_actuator_persistence_no_holdout_quality_gate,P206,actuator,actuator_persistence,8.0,5.98,1.0,P206,,,1e-06,1e-06,6.98e-06,0.0,6.98e-06,2.6671526811552328e-05,0.0,0.00023260321767784454,2,6
geco_matched_plus_all_actuator_persistence_no_holdout_quality_gate,MV301,actuator,actuator_persistence,8.0,5.98,1.0,MV301,,,0.05237923317467451,28.305408326322414,28.61863614070697,3.538176040790302,3.538176040790302,0.0,0.0,0.0,0,0
geco_matched_plus_all_actuator_persistence_no_holdout_quality_gate,MV302,actuator,actuator_persistence,8.0,5.98,1.0,MV302,,,0.07240099292831928,20.524752339440678,20.957710277152028,2.5655940424300847,4.18997517679202,0.0,0.0,0.0,0,0
geco_matched_plus_all_actuator_persistence_no_holdout_quality_gate,MV303,actuator,actuator_persistence,8.0,5.98,1.0,MV303,,,0.052379233174674536,20.64772907682083,20.960956891205385,2.580966134602604,2.580966134602603,0.0,0.0,0.0,0,0
geco_matched_plus_all_actuator_persistence_no_holdout_quality_gate,MV304,actuator,actuator_persistence,8.0,5.98,1.0,MV304,,,0.07247943385085219,19.941151704352283,20.37457871878038,2.4926439630440353,2.4926439630440353,0.0,0.0,0.0,0,0
geco_matched_plus_all_actuator_persistence_no_holdout_quality_gate,P301,actuator,actuator_persistence,8.0,5.98,1.0,P301,,,0.004036284484333829,19.996005791540874,20.02014277275719,2.4995007239426092,0.0,0.0,0.0,0.0,0,0
geco_matched_plus_all_actuator_persistence_no_holdout_quality_gate,P302,actuator,actuator_persistence,8.0,5.98,1.0,P302,,,0.0321976659636582,21.681768050616608,21.874310093079284,2.710221006327076,0.9678023340363417,0.0,0.0,0.0,0,0
geco_matched_plus_all_actuator_persistence_no_holdout_quality_gate,P401,actuator,actuator_persistence,8.0,5.98,1.0,P401,,,1e-06,1e-06,6.98e-06,0.0,0.0,0.0,0.0,0.0,0,0
geco_matched_plus_all_actuator_persistence_no_holdout_quality_gate,P402,actuator,actuator_persistence,8.0,5.98,1.0,P402,,,0.0014233583151173907,7.988613133479061,7.9971248162034625,0.9985766416848826,7.9971248162034625,1.5558390640072193e-05,0.0,0.000135685210312076,1,7
geco_matched_plus_all_actuator_persistence_no_holdout_quality_gate,P403,actuator,actuator_persistence,8.0,5.98,1.0,P403,,,1e-06,1e-06,6.98e-06,0.0,6.98e-06,2.6671526811552328e-05,3.0125926372235947e-05,0.0,2,6
geco_matched_plus_all_actuator_persistence_no_holdout_quality_gate,P404,actuator,actuator_persistence,8.0,5.98,1.0,P404,,,1e-06,1e-06,6.98e-06,0.0,0.0,0.0,0.0,0.0,0,0
geco_matched_plus_all_actuator_persistence_no_holdout_quality_gate,UV401,actuator,actuator_persistence,8.0,5.98,1.0,UV401,,,0.001423358315117391,7.988613133479061,7.9971248162034625,0.9985766416848826,2.856240810173141,0.0,0.0,0.0,0,0
geco_matched_plus_all_actuator_persistence_no_holdout_quality_gate,P501,actuator,actuator_persistence,8.0,5.98,1.0,P501,,,0.0014233583151173938,7.988613133479061,7.9971248162034625,0.9985766416848826,2.856240810173141,0.0,0.0,0.0,0,0
geco_matched_plus_all_actuator_persistence_no_holdout_quality_gate,P502,actuator,actuator_persistence,8.0,5.98,1.0,P502,,,1e-06,1e-06,6.98e-06,0.0,0.0,0.0,0.0,0.0,0,0
geco_matched_plus_all_actuator_persistence_no_holdout_quality_gate,P601,actuator,actuator_persistence,8.0,5.98,1.0,P601,,,1e-06,1e-06,6.98e-06,0.0,0.0,0.0,0.0,0.0,0,0
geco_matched_plus_all_actuator_persistence_no_holdout_quality_gate,P602,actuator,actuator_persistence,8.0,5.98,1.0,P602,,,0.023252724092464913,10.419346217808418,10.558397507881358,1.3024182772260522,1.6279564145205612,0.0,0.0,0.0,0,0
geco_matched_plus_all_actuator_persistence_no_holdout_quality_gate,P603,actuator,actuator_persistence,8.0,5.98,1.0,P603,,,1e-06,1e-06,6.98e-06,0.0,0.0,0.0,0.0,0.0,0,0
geco_matched_plus_all_actuator_persistence_no_holdout_quality_gate,FIT101,sensor,no_holdout_quality_gate,8.0,9.0,5.0,(LIT101 * -5.3608805e-5) + 0.031951737,-0.02073055819816272,4.142017125521039,0.03810283754570068,17.067236871754307,17.410162409665613,2.1334046089692884,2.1797146193093173,0.0,0.0,0.0,0,0
geco_matched_plus_all_actuator_persistence_no_holdout_quality_gate,LIT101,sensor,no_holdout_quality_gate,8.0,9.0,5.0,(FIT201 - FIT101) * -0.19228067,0.40181479216081095,4.537950991815633,0.45541297011116505,58.73652397076453,62.83524070176502,7.342065496345566,62.83524070176502,0.004460812859232127,0.0002334759293848286,0.03710021321961621,9,1049
geco_matched_plus_all_actuator_persistence_no_holdout_quality_gate,FIT201,sensor,no_holdout_quality_gate,8.0,9.0,3.0,FIT301 * 0.0019161832,-0.028412093537082406,1.72743861513076,0.02363255310208697,17.62678251131625,17.83947548923503,2.2033478139145313,2.5178618086527687,0.0,0.0,0.0,0,0
geco_matched_plus_all_actuator_persistence_no_holdout_quality_gate,DPIT301,sensor,no_holdout_quality_gate,8.0,9.0,7.0,P302 - ((FIT301 * 0.4284513) - -1.027144),0.43800956563704907,25.153209621175467,0.16714296976649062,11529.661961081954,11531.166247809853,1441.2077451352443,63.35953520982656,0.0,0.0,0.0,0,0
geco_matched_plus_all_actuator_persistence_no_holdout_quality_gate,FIT301,sensor,no_holdout_quality_gate,8.0,9.0,3.0,MV303 * -0.0026802947,-0.010334711974421706,19.166696097155796,0.02845999811762023,17.008023247976844,17.264163231035425,2.1260029059971055,7.879213416431736,0.0,0.0,0.0,0,0
geco_matched_plus_all_actuator_persistence_no_holdout_quality_gate,LIT301,sensor,no_holdout_quality_gate,8.0,9.0,5.0,(FIT301 - FIT201) * -0.18929929,0.336680080211637,4.001021228958368,0.35900655586676056,27.69543205655785,30.926491059358693,3.461929007069731,30.926491059358693,0.005227619255064256,0.0003464481532807134,0.04291529366156232,7,989
geco_matched_plus_all_actuator_persistence_no_holdout_quality_gate,AIT401,sensor,no_holdout_quality_gate,8.0,9.0,9.0,(FIT301 * (MV304 * (MV304 * 1.11552225e-7))) * AIT401,-0.0007011429606935682,4.054639083289264,0.09907165330484896,1180.2823089451713,1181.1739538249149,147.5352886181464,0.0,0.0,0.0,0.0,0,0
geco_matched_plus_all_actuator_persistence_no_holdout_quality_gate,LIT401,sensor,no_holdout_quality_gate,8.0,9.0,5.0,(DPIT301 * 0.022688651) - 0.38223073,0.2947958211021037,3.951397925657353,0.3366300543860994,212.61692799872338,215.64659848819826,26.577115999840423,215.64659848819826,0.042261034232904664,0.00037657407965294935,0.36565225818957164,15,17774
geco_matched_plus_all_actuator_persistence_no_holdout_quality_gate,AIT504,sensor,no_holdout_quality_gate,8.0,9.0,7.0,((FIT504 * 3.598646) - 1.1120417) * PIT502,-0.04966050508977915,38.574280505575615,0.10845552326854281,2750.168389085549,2751.1444887949656,343.7710486356936,859.0176034158073,0.0,0.0,0.0,0,0
geco_matched_plus_all_actuator_persistence_no_holdout_quality_gate,FIT501,sensor,no_holdout_quality_gate,8.0,9.0,3.0,AIT504 * 6.7863766e-6,-0.011206098840220724,34.72298697833636,0.0013179223851327868,12.627847094475342,12.639708395941538,1.5784808868094178,3.3620074419943418,0.0,0.0,0.0,0,0
geco_matched_plus_all_actuator_persistence_no_holdout_quality_gate,FIT502,sensor,no_holdout_quality_gate,8.0,9.0,5.0,(P402 - UV401) * 0.20704994,-9.542144852048295e-12,4.050449108763439,0.011624436868351438,7.695058117119461,7.7996780489346245,0.9618822646399326,7.7996780489346245,0.0028983059135220196,0.0002284549416561226,0.023512308586935454,4,562
geco_matched_plus_all_actuator_persistence_no_holdout_quality_gate,FIT504,sensor,no_holdout_quality_gate,8.0,9.0,7.0,FIT502 * (0.006901001 - (FIT504 * 0.022353666)),0.0006818953951246431,34.63391625029279,0.0006375541651170856,5.496243218241929,5.501981205727983,0.6870304022802411,5.456076056395104,0.0,0.0,0.0,0,0
geco_matched_plus_all_actuator_persistence_no_holdout_quality_gate,PIT503,sensor,no_holdout_quality_gate,8.0,9.0,15.0,((((UV401 * P402) * P402) + -0.97898483) * (FIT503 + -0.9433507)) * (FIT401 + -1.7066069),-0.16917589053297233,14.725584363887497,0.11122263994287224,1897.918397039888,1898.919400799374,237.239799629986,1898.919400799374,0.0005534341813397108,0.00019581852141953366,0.003314595851909285,4,196
geco_matched_plus_all_actuator_persistence_no_holdout_quality_gate,FIT601,sensor,no_holdout_quality_gate,8.0,9.0,7.0,((P602 - FIT601) + -0.99994063) * FIT301,0.4916735207848195,10.255337304276727,0.01008498507082207,18.315804117029728,18.406568982667128,2.289475514628716,7.8859500276180645,0.0,0.0,0.0,0,0
geco_matched_plus_all_actuator_persistence_no_holdout_quality_gate,MV101,actuator,actuator_persistence,8.0,9.0,1.0,MV101,,,0.050778100568907185,20.75020156358994,21.207204468710103,2.5937751954487425,2.5937751954487425,0.0,0.0,0.0,0,0
geco_matched_plus_all_actuator_persistence_no_holdout_quality_gate,P101,actuator,actuator_persistence,8.0,9.0,1.0,P101,,,0.02283152133090779,7.817347829352737,8.022831521330907,0.9771684786690922,0.9771684786690922,0.0,0.0,0.0,0,0
geco_matched_plus_all_actuator_persistence_no_holdout_quality_gate,P102,actuator,actuator_persistence,8.0,9.0,1.0,P102,,,1e-06,1e-06,1e-05,0.0,1e-05,0.0001778101787436822,0.00010041975457411982,0.0007753440589261484,8,10
geco_matched_plus_all_actuator_persistence_no_holdout_quality_gate,MV201,actuator,actuator_persistence,8.0,9.0,1.0,MV201,,,0.05142405563146907,21.12025288463773,21.58306938532095,2.640031610579716,2.640031610579716,0.0,0.0,0.0,0,0
geco_matched_plus_all_actuator_persistence_no_holdout_quality_gate,P202,actuator,actuator_persistence,8.0,9.0,1.0,P202,,,1e-06,1e-06,1e-05,0.0,0.0,0.0,0.0,0.0,0,0
geco_matched_plus_all_actuator_persistence_no_holdout_quality_gate,P203,actuator,actuator_persistence,8.0,9.0,1.0,P203,,,0.022831521330907788,7.817347829352737,8.022831521330907,0.9771684786690922,0.9771684786690922,0.0,0.0,0.0,0,0
geco_matched_plus_all_actuator_persistence_no_holdout_quality_gate,P204,actuator,actuator_persistence,8.0,9.0,1.0,P204,,,1e-06,1e-06,1e-05,0.0,1e-05,4.445254468592055e-05,0.0,0.0003876720294630742,2,10
geco_matched_plus_all_actuator_persistence_no_holdout_quality_gate,P205,actuator,actuator_persistence,8.0,9.0,1.0,P205,,,0.024826988305938616,12.226297777497324,12.44974067225077,1.5282872221871655,0.9751730116940613,0.0,0.0,0.0,0,0
geco_matched_plus_all_actuator_persistence_no_holdout_quality_gate,P206,actuator,actuator_persistence,8.0,9.0,1.0,P206,,,1e-06,1e-06,1e-05,0.0,1e-05,4.445254468592055e-05,0.0,0.0003876720294630742,2,10
geco_matched_plus_all_actuator_persistence_no_holdout_quality_gate,MV301,actuator,actuator_persistence,8.0,9.0,1.0,MV301,,,0.05237923317467451,28.305408326322414,28.776821424894486,3.538176040790302,3.538176040790302,0.0,0.0,0.0,0,0
geco_matched_plus_all_actuator_persistence_no_holdout_quality_gate,MV302,actuator,actuator_persistence,8.0,9.0,1.0,MV302,,,0.07240099292831928,20.524752339440678,21.17636127579555,2.5655940424300847,4.18997517679202,0.0,0.0,0.0,0,0
geco_matched_plus_all_actuator_persistence_no_holdout_quality_gate,MV303,actuator,actuator_persistence,8.0,9.0,1.0,MV303,,,0.052379233174674536,20.64772907682083,21.119142175392902,2.580966134602604,2.580966134602603,0.0,0.0,0.0,0,0
geco_matched_plus_all_actuator_persistence_no_holdout_quality_gate,MV304,actuator,actuator_persistence,8.0,9.0,1.0,MV304,,,0.07247943385085219,19.941151704352283,20.59346660900995,2.4926439630440353,2.4926439630440353,0.0,0.0,0.0,0,0
geco_matched_plus_all_actuator_persistence_no_holdout_quality_gate,P301,actuator,actuator_persistence,8.0,9.0,1.0,P301,,,0.004036284484333829,19.996005791540874,20.03233235189988,2.4995007239426092,0.0,0.0,0.0,0.0,0,0
geco_matched_plus_all_actuator_persistence_no_holdout_quality_gate,P302,actuator,actuator_persistence,8.0,9.0,1.0,P302,,,0.0321976659636582,21.681768050616608,21.971547044289533,2.710221006327076,0.9678023340363417,0.0,0.0,0.0,0,0
geco_matched_plus_all_actuator_persistence_no_holdout_quality_gate,P401,actuator,actuator_persistence,8.0,9.0,1.0,P401,,,1e-06,1e-06,1e-05,0.0,0.0,0.0,0.0,0.0,0,0
geco_matched_plus_all_actuator_persistence_no_holdout_quality_gate,P402,actuator,actuator_persistence,8.0,9.0,1.0,P402,,,0.0014233583151173907,7.988613133479061,8.001423358315117,0.9985766416848826,8.001423358315117,2.44488995772563e-05,0.0,0.00021321961620469082,1,11
geco_matched_plus_all_actuator_persistence_no_holdout_quality_gate,P403,actuator,actuator_persistence,8.0,9.0,1.0,P403,,,1e-06,1e-06,1e-05,0.0,1e-05,4.445254468592055e-05,5.020987728705991e-05,0.0,2,10
geco_matched_plus_all_actuator_persistence_no_holdout_quality_gate,P404,actuator,actuator_persistence,8.0,9.0,1.0,P404,,,1e-06,1e-06,1e-05,0.0,0.0,0.0,0.0,0.0,0,0
geco_matched_plus_all_actuator_persistence_no_holdout_quality_gate,UV401,actuator,actuator_persistence,8.0,9.0,1.0,UV401,,,0.001423358315117391,7.988613133479061,8.001423358315117,0.9985766416848826,2.856240810173141,0.0,0.0,0.0,0,0
geco_matched_plus_all_actuator_persistence_no_holdout_quality_gate,P501,actuator,actuator_persistence,8.0,9.0,1.0,P501,,,0.0014233583151173938,7.988613133479061,8.001423358315117,0.9985766416848826,2.856240810173141,0.0,0.0,0.0,0,0
geco_matched_plus_all_actuator_persistence_no_holdout_quality_gate,P502,actuator,actuator_persistence,8.0,9.0,1.0,P502,,,1e-06,1e-06,1e-05,0.0,0.0,0.0,0.0,0.0,0,0
geco_matched_plus_all_actuator_persistence_no_holdout_quality_gate,P601,actuator,actuator_persistence,8.0,9.0,1.0,P601,,,1e-06,1e-06,1e-05,0.0,0.0,0.0,0.0,0.0,0,0
geco_matched_plus_all_actuator_persistence_no_holdout_quality_gate,P602,actuator,actuator_persistence,8.0,9.0,1.0,P602,,,0.023252724092464913,10.419346217808418,10.628620734640602,1.3024182772260522,1.6279564145205612,0.0,0.0,0.0,0,0
geco_matched_plus_all_actuator_persistence_no_holdout_quality_gate,P603,actuator,actuator_persistence,8.0,9.0,1.0,P603,,,1e-06,1e-06,1e-05,0.0,0.0,0.0,0.0,0.0,0,0
geco_matched_plus_all_actuator_persistence_no_holdout_quality_gate,FIT101,sensor,no_holdout_quality_gate,8.0,15.0,5.0,(LIT101 * -5.3608805e-5) + 0.031951737,-0.02073055819816272,4.142017125521039,0.03810283754570068,17.067236871754307,17.638779434939817,2.1334046089692884,2.1797146193093173,0.0,0.0,0.0,0,0
geco_matched_plus_all_actuator_persistence_no_holdout_quality_gate,LIT101,sensor,no_holdout_quality_gate,8.0,15.0,5.0,(FIT201 - FIT101) * -0.19228067,0.40181479216081095,4.537950991815633,0.45541297011116505,58.73652397076453,65.567718522432,7.342065496345566,65.567718522432,0.004965349241417325,0.00037406358578859634,0.04041480907152549,7,1104
geco_matched_plus_all_actuator_persistence_no_holdout_quality_gate,FIT201,sensor,no_holdout_quality_gate,8.0,15.0,3.0,FIT301 * 0.0019161832,-0.028412093537082406,1.72743861513076,0.02363255310208697,17.62678251131625,17.981270807847554,2.2033478139145313,2.5178618086527687,0.0,0.0,0.0,0,0
geco_matched_plus_all_actuator_persistence_no_holdout_quality_gate,DPIT301,sensor,no_holdout_quality_gate,8.0,15.0,7.0,P302 - ((FIT301 * 0.4284513) - -1.027144),0.43800956563704907,25.153209621175467,0.16714296976649062,11529.661961081954,11532.169105628453,1441.2077451352443,63.35953520982656,0.0,0.0,0.0,0,0
geco_matched_plus_all_actuator_persistence_no_holdout_quality_gate,FIT301,sensor,no_holdout_quality_gate,8.0,15.0,3.0,MV303 * -0.0026802947,-0.010334711974421706,19.166696097155796,0.02845999811762023,17.008023247976844,17.434923219741147,2.1260029059971055,7.879213416431736,0.0,0.0,0.0,0,0
geco_matched_plus_all_actuator_persistence_no_holdout_quality_gate,LIT301,sensor,no_holdout_quality_gate,8.0,15.0,5.0,(FIT301 - FIT201) * -0.18929929,0.336680080211637,4.001021228958368,0.35900655586676056,27.69543205655785,33.080530394559254,3.461929007069731,33.080530394559254,0.005412097315510826,0.0005372456869715411,0.043050978871874396,6,996
geco_matched_plus_all_actuator_persistence_no_holdout_quality_gate,AIT401,sensor,no_holdout_quality_gate,8.0,15.0,9.0,(FIT301 * (MV304 * (MV304 * 1.11552225e-7))) * AIT401,-0.0007011429606935682,4.054639083289264,0.09907165330484896,1180.2823089451713,1181.768383744744,147.5352886181464,0.0,0.0,0.0,0.0,0,0
geco_matched_plus_all_actuator_persistence_no_holdout_quality_gate,LIT401,sensor,no_holdout_quality_gate,8.0,15.0,5.0,(DPIT301 * 0.022688651) - 0.38223073,0.2947958211021037,3.951397925657353,0.3366300543860994,212.61692799872338,217.66637881451487,26.577115999840423,217.66637881451487,0.04256331153676892,0.0006677913679178968,0.3660399302190347,14,17794
geco_matched_plus_all_actuator_persistence_no_holdout_quality_gate,AIT504,sensor,no_holdout_quality_gate,8.0,15.0,7.0,((FIT504 * 3.598646) - 1.1120417) * PIT502,-0.04966050508977915,38.574280505575615,0.10845552326854281,2750.168389085549,2751.795221934577,343.7710486356936,859.0176034158073,0.0,0.0,0.0,0,0
geco_matched_plus_all_actuator_persistence_no_holdout_quality_gate,FIT501,sensor,no_holdout_quality_gate,8.0,15.0,3.0,AIT504 * 6.7863766e-6,-0.011206098840220724,34.72298697833636,0.0013179223851327868,12.627847094475342,12.647615930252334,1.5784808868094178,3.3620074419943418,0.0,0.0,0.0,0,0
geco_matched_plus_all_actuator_persistence_no_holdout_quality_gate,FIT502,sensor,no_holdout_quality_gate,8.0,15.0,5.0,(P402 - UV401) * 0.20704994,-9.542144852048295e-12,4.050449108763439,0.011624436868351438,7.695058117119461,7.869424670144733,0.9618822646399326,7.869424670144733,0.0030227730386425972,0.00036904259805989033,0.023512308586935454,3,586
geco_matched_plus_all_actuator_persistence_no_holdout_quality_gate,FIT504,sensor,no_holdout_quality_gate,8.0,15.0,7.0,FIT502 * (0.006901001 - (FIT504 * 0.022353666)),0.0006818953951246431,34.63391625029279,0.0006375541651170856,5.496243218241929,5.505806530718686,0.6870304022802411,5.456076056395104,0.0,0.0,0.0,0,0
geco_matched_plus_all_actuator_persistence_no_holdout_quality_gate,PIT503,sensor,no_holdout_quality_gate,8.0,15.0,15.0,((((UV401 * P402) * P402) + -0.97898483) * (FIT503 + -0.9433507)) * (FIT401 + -1.7066069),-0.16917589053297233,14.725584363887497,0.11122263994287224,1897.918397039888,1899.5867366390312,237.239799629986,1899.5867366390312,0.0006223356256028876,0.0002736438312144765,0.003314595851909285,2,208
geco_matched_plus_all_actuator_persistence_no_holdout_quality_gate,FIT601,sensor,no_holdout_quality_gate,8.0,15.0,7.0,((P602 - FIT601) + -0.99994063) * FIT301,0.4916735207848195,10.255337304276727,0.01008498507082207,18.315804117029728,18.467078893092058,2.289475514628716,7.8859500276180645,0.0,0.0,0.0,0,0
geco_matched_plus_all_actuator_persistence_no_holdout_quality_gate,MV101,actuator,actuator_persistence,8.0,15.0,1.0,MV101,,,0.050778100568907185,20.75020156358994,21.511873072123546,2.5937751954487425,2.5937751954487425,0.0,0.0,0.0,0,0
geco_matched_plus_all_actuator_persistence_no_holdout_quality_gate,P101,actuator,actuator_persistence,8.0,15.0,1.0,P101,,,0.02283152133090779,7.817347829352737,8.159820649316355,0.9771684786690922,0.9771684786690922,0.0,0.0,0.0,0,0
geco_matched_plus_all_actuator_persistence_no_holdout_quality_gate,P102,actuator,actuator_persistence,8.0,15.0,1.0,P102,,,1e-06,1e-06,1.6e-05,0.0,1.6e-05,0.00026671526811552327,0.00015062963186117972,0.0011630160883892228,8,15
geco_matched_plus_all_actuator_persistence_no_holdout_quality_gate,MV201,actuator,actuator_persistence,8.0,15.0,1.0,MV201,,,0.05142405563146907,21.12025288463773,21.891613719109763,2.640031610579716,2.640031610579716,0.0,0.0,0.0,0,0
geco_matched_plus_all_actuator_persistence_no_holdout_quality_gate,P202,actuator,actuator_persistence,8.0,15.0,1.0,P202,,,1e-06,1e-06,1.6e-05,0.0,0.0,0.0,0.0,0.0,0,0
geco_matched_plus_all_actuator_persistence_no_holdout_quality_gate,P203,actuator,actuator_persistence,8.0,15.0,1.0,P203,,,0.022831521330907788,7.817347829352737,8.159820649316353,0.9771684786690922,0.9771684786690922,0.0,0.0,0.0,0,0
geco_matched_plus_all_actuator_persistence_no_holdout_quality_gate,P204,actuator,actuator_persistence,8.0,15.0,1.0,P204,,,1e-06,1e-06,1.6e-05,0.0,1.6e-05,6.667881702888082e-05,0.0,0.0005815080441946114,2,15
geco_matched_plus_all_actuator_persistence_no_holdout_quality_gate,P205,actuator,actuator_persistence,8.0,15.0,1.0,P205,,,0.024826988305938616,12.226297777497324,12.598702602086403,1.5282872221871655,0.9751730116940613,0.0,0.0,0.0,0,0
geco_matched_plus_all_actuator_persistence_no_holdout_quality_gate,P206,actuator,actuator_persistence,8.0,15.0,1.0,P206,,,1e-06,1e-06,1.6e-05,0.0,1.6e-05,6.667881702888082e-05,0.0,0.0005815080441946114,2,15
geco_matched_plus_all_actuator_persistence_no_holdout_quality_gate,MV301,actuator,actuator_persistence,8.0,15.0,1.0,MV301,,,0.05237923317467451,28.305408326322414,29.091096823942532,3.538176040790302,3.538176040790302,0.0,0.0,0.0,0,0
geco_matched_plus_all_actuator_persistence_no_holdout_quality_gate,MV302,actuator,actuator_persistence,8.0,15.0,1.0,MV302,,,0.07240099292831928,20.524752339440678,21.61076723336547,2.5655940424300847,4.18997517679202,0.0,0.0,0.0,0,0
geco_matched_plus_all_actuator_persistence_no_holdout_quality_gate,MV303,actuator,actuator_persistence,8.0,15.0,1.0,MV303,,,0.052379233174674536,20.64772907682083,21.43341757444095,2.580966134602604,2.580966134602603,0.0,0.0,0.0,0,0
geco_matched_plus_all_actuator_persistence_no_holdout_quality_gate,MV304,actuator,actuator_persistence,8.0,15.0,1.0,MV304,,,0.07247943385085219,19.941151704352283,21.028343212115065,2.4926439630440353,2.4926439630440353,0.0,0.0,0.0,0,0
geco_matched_plus_all_actuator_persistence_no_holdout_quality_gate,P301,actuator,actuator_persistence,8.0,15.0,1.0,P301,,,0.004036284484333829,19.996005791540874,20.056550058805882,2.4995007239426092,0.0,0.0,0.0,0.0,0,0
geco_matched_plus_all_actuator_persistence_no_holdout_quality_gate,P302,actuator,actuator_persistence,8.0,15.0,1.0,P302,,,0.0321976659636582,21.681768050616608,22.164733040071482,2.710221006327076,0.9678023340363417,0.0,0.0,0.0,0,0
geco_matched_plus_all_actuator_persistence_no_holdout_quality_gate,P401,actuator,actuator_persistence,8.0,15.0,1.0,P401,,,1e-06,1e-06,1.6e-05,0.0,0.0,0.0,0.0,0.0,0,0
geco_matched_plus_all_actuator_persistence_no_holdout_quality_gate,P402,actuator,actuator_persistence,8.0,15.0,1.0,P402,,,0.0014233583151173907,7.988613133479061,8.009963508205821,0.9985766416848826,8.009963508205821,3.778466298303246e-05,0.0,0.0003295212250436131,1,17
geco_matched_plus_all_actuator_persistence_no_holdout_quality_gate,P403,actuator,actuator_persistence,8.0,15.0,1.0,P403,,,1e-06,1e-06,1.6e-05,0.0,1.6e-05,6.667881702888082e-05,7.531481593058986e-05,0.0,2,15
geco_matched_plus_all_actuator_persistence_no_holdout_quality_gate,P404,actuator,actuator_persistence,8.0,15.0,1.0,P404,,,1e-06,1e-06,1.6e-05,0.0,0.0,0.0,0.0,0.0,0,0
geco_matched_plus_all_actuator_persistence_no_holdout_quality_gate,UV401,actuator,actuator_persistence,8.0,15.0,1.0,UV401,,,0.001423358315117391,7.988613133479061,8.009963508205821,0.9985766416848826,2.856240810173141,0.0,0.0,0.0,0,0
geco_matched_plus_all_actuator_persistence_no_holdout_quality_gate,P501,actuator,actuator_persistence,8.0,15.0,1.0,P501,,,0.0014233583151173938,7.988613133479061,8.009963508205821,0.9985766416848826,2.856240810173141,0.0,0.0,0.0,0,0
geco_matched_plus_all_actuator_persistence_no_holdout_quality_gate,P502,actuator,actuator_persistence,8.0,15.0,1.0,P502,,,1e-06,1e-06,1.6e-05,0.0,0.0,0.0,0.0,0.0,0,0
geco_matched_plus_all_actuator_persistence_no_holdout_quality_gate,P601,actuator,actuator_persistence,8.0,15.0,1.0,P601,,,1e-06,1e-06,1.6e-05,0.0,0.0,0.0,0.0,0.0,0,0
geco_matched_plus_all_actuator_persistence_no_holdout_quality_gate,P602,actuator,actuator_persistence,8.0,15.0,1.0,P602,,,0.023252724092464913,10.419346217808418,10.768137079195391,1.3024182772260522,1.6279564145205612,0.0,0.0,0.0,0,0
geco_matched_plus_all_actuator_persistence_no_holdout_quality_gate,P603,actuator,actuator_persistence,8.0,15.0,1.0,P603,,,1e-06,1e-06,1.6e-05,0.0,0.0,0.0,0.0,0.0,0,0
geco_matched_plus_all_actuator_persistence_no_holdout_quality_gate,FIT101,sensor,no_holdout_quality_gate,8.0,25.0,5.0,(LIT101 * -5.3608805e-5) + 0.031951737,-0.02073055819816272,4.142017125521039,0.03810283754570068,17.067236871754307,18.019807810396824,2.1334046089692884,2.1797146193093173,0.0,0.0,0.0,0,0
geco_matched_plus_all_actuator_persistence_no_holdout_quality_gate,LIT101,sensor,no_holdout_quality_gate,8.0,25.0,5.0,(FIT201 - FIT101) * -0.19228067,0.40181479216081095,4.537950991815633,0.45541297011116505,58.73652397076453,70.12184822354365,7.342065496345566,70.12184822354365,0.0053476411257162414,0.0006226024783595429,0.04182981197906571,7,1180
geco_matched_plus_all_actuator_persistence_no_holdout_quality_gate,FIT201,sensor,no_holdout_quality_gate,8.0,25.0,3.0,FIT301 * 0.0019161832,-0.028412093537082406,1.72743861513076,0.02363255310208697,17.62678251131625,18.217596338868425,2.2033478139145313,2.5178618086527687,0.0,0.0,0.0,0,0
geco_matched_plus_all_actuator_persistence_no_holdout_quality_gate,DPIT301,sensor,no_holdout_quality_gate,8.0,25.0,7.0,P302 - ((FIT301 * 0.4284513) - -1.027144),0.43800956563704907,25.153209621175467,0.16714296976649062,11529.661961081954,11533.840535326117,1441.2077451352443,63.35953520982656,0.0,0.0,0.0,0,0
geco_matched_plus_all_actuator_persistence_no_holdout_quality_gate,FIT301,sensor,no_holdout_quality_gate,8.0,25.0,3.0,MV303 * -0.0026802947,-0.010334711974421706,19.166696097155796,0.02845999811762023,17.008023247976844,17.71952320091735,2.1260029059971055,7.879213416431736,0.0,0.0,0.0,0,0
geco_matched_plus_all_actuator_persistence_no_holdout_quality_gate,LIT301,sensor,no_holdout_quality_gate,8.0,25.0,5.0,(FIT301 - FIT201) * -0.18929929,0.336680080211637,4.001021228958368,0.35900655586676056,27.69543205655785,36.670595953226865,3.461929007069731,36.670595953226865,0.00573437826448375,0.0008736518647948424,0.04326419848807909,6,1007
geco_matched_plus_all_actuator_persistence_no_holdout_quality_gate,AIT401,sensor,no_holdout_quality_gate,8.0,25.0,9.0,(FIT301 * (MV304 * (MV304 * 1.11552225e-7))) * AIT401,-0.0007011429606935682,4.054639083289264,0.09907165330484896,1180.2823089451713,1182.7591002777924,147.5352886181464,0.0,0.0,0.0,0.0,0,0
geco_matched_plus_all_actuator_persistence_no_holdout_quality_gate,LIT401,sensor,no_holdout_quality_gate,8.0,25.0,5.0,(DPIT301 * 0.022688651) - 0.38223073,0.2947958211021037,3.951397925657353,0.3366300543860994,212.61692799872338,221.03267935837587,26.577115999840423,221.03267935837587,0.043087851564062786,0.001194995079432026,0.3665439038573367,16,17849
geco_matched_plus_all_actuator_persistence_no_holdout_quality_gate,AIT504,sensor,no_holdout_quality_gate,8.0,25.0,7.0,((FIT504 * 3.598646) - 1.1120417) * PIT502,-0.04966050508977915,38.574280505575615,0.10845552326854281,2750.168389085549,2752.8797771672625,343.7710486356936,859.0176034158073,0.0,0.0,0.0,0,0
geco_matched_plus_all_actuator_persistence_no_holdout_quality_gate,FIT501,sensor,no_holdout_quality_gate,8.0,25.0,3.0,AIT504 * 6.7863766e-6,-0.011206098840220724,34.72298697833636,0.0013179223851327868,12.627847094475342,12.660795154103662,1.5784808868094178,3.3620074419943418,0.0,0.0,0.0,0,0
geco_matched_plus_all_actuator_persistence_no_holdout_quality_gate,FIT502,sensor,no_holdout_quality_gate,8.0,25.0,5.0,(P402 - UV401) * 0.20704994,-9.542144852048295e-12,4.050449108763439,0.011624436868351438,7.695058117119461,7.985669038828247,0.9618822646399326,7.985669038828247,0.0031494627909974707,0.0005121407483280111,0.023512308586935454,3,603
geco_matched_plus_all_actuator_persistence_no_holdout_quality_gate,FIT504,sensor,no_holdout_quality_gate,8.0,25.0,7.0,FIT502 * (0.006901001 - (FIT504 * 0.022353666)),0.0006818953951246431,34.63391625029279,0.0006375541651170856,5.496243218241929,5.512182072369856,0.6870304022802411,5.456076056395104,0.0,0.0,0.0,0,0
geco_matched_plus_all_actuator_persistence_no_holdout_quality_gate,PIT503,sensor,no_holdout_quality_gate,8.0,25.0,15.0,((((UV401 * P402) * P402) + -0.97898483) * (FIT503 + -0.9433507)) * (FIT401 + -1.7066069),-0.16917589053297233,14.725584363887497,0.11122263994287224,1897.918397039888,1900.6989630384599,237.239799629986,1900.6989630384599,0.0006934596971003605,0.00035397963487377235,0.003314595851909285,2,224
geco_matched_plus_all_actuator_persistence_no_holdout_quality_gate,FIT601,sensor,no_holdout_quality_gate,8.0,25.0,7.0,((P602 - FIT601) + -0.99994063) * FIT301,0.4916735207848195,10.255337304276727,0.01008498507082207,18.315804117029728,18.56792874380028,2.289475514628716,7.8859500276180645,0.0,0.0,0.0,0,0
geco_matched_plus_all_actuator_persistence_no_holdout_quality_gate,MV101,actuator,actuator_persistence,8.0,25.0,1.0,MV101,,,0.050778100568907185,20.75020156358994,22.019654077812618,2.5937751954487425,2.5937751954487425,0.0,0.0,0.0,0,0
geco_matched_plus_all_actuator_persistence_no_holdout_quality_gate,P101,actuator,actuator_persistence,8.0,25.0,1.0,P101,,,0.02283152133090779,7.817347829352737,8.388135862625433,0.9771684786690922,0.9771684786690922,0.0,0.0,0.0,0,0
geco_matched_plus_all_actuator_persistence_no_holdout_quality_gate,P102,actuator,actuator_persistence,8.0,25.0,1.0,P102,,,1e-06,1e-06,2.6e-05,0.0,2.6e-05,0.00044452544685920543,0.00025104938643529955,0.0019383601473153711,8,25
geco_matched_plus_all_actuator_persistence_no_holdout_quality_gate,MV201,actuator,actuator_persistence,8.0,25.0,1.0,MV201,,,0.05142405563146907,21.12025288463773,22.405854275424456,2.640031610579716,2.640031610579716,0.0,0.0,0.0,0,0
geco_matched_plus_all_actuator_persistence_no_holdout_quality_gate,P202,actuator,actuator_persistence,8.0,25.0,1.0,P202,,,1e-06,1e-06,2.6e-05,0.0,0.0,0.0,0.0,0.0,0,0
geco_matched_plus_all_actuator_persistence_no_holdout_quality_gate,P203,actuator,actuator_persistence,8.0,25.0,1.0,P203,,,0.022831521330907788,7.817347829352737,8.388135862625433,0.9771684786690922,0.9771684786690922,0.0,0.0,0.0,0,0
geco_matched_plus_all_actuator_persistence_no_holdout_quality_gate,P204,actuator,actuator_persistence,8.0,25.0,1.0,P204,,,1e-06,1e-06,2.6e-05,0.0,2.6e-05,0.00011113136171480136,0.0,0.0009691800736576856,2,25
geco_matched_plus_all_actuator_persistence_no_holdout_quality_gate,P205,actuator,actuator_persistence,8.0,25.0,1.0,P205,,,0.024826988305938616,12.226297777497324,12.84697248514579,1.5282872221871655,0.9751730116940613,0.0,0.0,0.0,0,0
geco_matched_plus_all_actuator_persistence_no_holdout_quality_gate,P206,actuator,actuator_persistence,8.0,25.0,1.0,P206,,,1e-06,1e-06,2.6e-05,0.0,2.6e-05,0.00011113136171480136,0.0,0.0009691800736576856,2,25
geco_matched_plus_all_actuator_persistence_no_holdout_quality_gate,MV301,actuator,actuator_persistence,8.0,25.0,1.0,MV301,,,0.05237923317467451,28.305408326322414,29.614889155689276,3.538176040790302,3.538176040790302,0.0,0.0,0.0,0,0
geco_matched_plus_all_actuator_persistence_no_holdout_quality_gate,MV302,actuator,actuator_persistence,8.0,25.0,1.0,MV302,,,0.07240099292831928,20.524752339440678,22.33477716264866,2.5655940424300847,4.18997517679202,0.0,0.0,0.0,0,0
geco_matched_plus_all_actuator_persistence_no_holdout_quality_gate,MV303,actuator,actuator_persistence,8.0,25.0,1.0,MV303,,,0.052379233174674536,20.64772907682083,21.957209906187693,2.580966134602604,2.580966134602603,0.0,0.0,0.0,0,0
geco_matched_plus_all_actuator_persistence_no_holdout_quality_gate,MV304,actuator,actuator_persistence,8.0,25.0,1.0,MV304,,,0.07247943385085219,19.941151704352283,21.75313755062359,2.4926439630440353,2.4926439630440353,0.0,0.0,0.0,0,0
geco_matched_plus_all_actuator_persistence_no_holdout_quality_gate,P301,actuator,actuator_persistence,8.0,25.0,1.0,P301,,,0.004036284484333829,19.996005791540874,20.09691290364922,2.4995007239426092,0.0,0.0,0.0,0.0,0,0
geco_matched_plus_all_actuator_persistence_no_holdout_quality_gate,P302,actuator,actuator_persistence,8.0,25.0,1.0,P302,,,0.0321976659636582,21.681768050616608,22.48670969970806,2.710221006327076,0.9678023340363417,0.0,0.0,0.0,0,0
geco_matched_plus_all_actuator_persistence_no_holdout_quality_gate,P401,actuator,actuator_persistence,8.0,25.0,1.0,P401,,,1e-06,1e-06,2.6e-05,0.0,0.0,0.0,0.0,0.0,0,0
geco_matched_plus_all_actuator_persistence_no_holdout_quality_gate,P402,actuator,actuator_persistence,8.0,25.0,1.0,P402,,,0.0014233583151173907,7.988613133479061,8.024197091356996,0.9985766416848826,8.024197091356996,6.001093532599274e-05,0.0,0.0005233572397751503,1,27
geco_matched_plus_all_actuator_persistence_no_holdout_quality_gate,P403,actuator,actuator_persistence,8.0,25.0,1.0,P403,,,1e-06,1e-06,2.6e-05,0.0,2.6e-05,0.00011113136171480136,0.00012552469321764977,0.0,2,25
geco_matched_plus_all_actuator_persistence_no_holdout_quality_gate,P404,actuator,actuator_persistence,8.0,25.0,1.0,P404,,,1e-06,1e-06,2.6e-05,0.0,0.0,0.0,0.0,0.0,0,0
geco_matched_plus_all_actuator_persistence_no_holdout_quality_gate,UV401,actuator,actuator_persistence,8.0,25.0,1.0,UV401,,,0.001423358315117391,7.988613133479061,8.024197091356996,0.9985766416848826,2.856240810173141,0.0,0.0,0.0,0,0
geco_matched_plus_all_actuator_persistence_no_holdout_quality_gate,P501,actuator,actuator_persistence,8.0,25.0,1.0,P501,,,0.0014233583151173938,7.988613133479061,8.024197091356996,0.9985766416848826,2.856240810173141,0.0,0.0,0.0,0,0
geco_matched_plus_all_actuator_persistence_no_holdout_quality_gate,P502,actuator,actuator_persistence,8.0,25.0,1.0,P502,,,1e-06,1e-06,2.6e-05,0.0,0.0,0.0,0.0,0.0,0,0
geco_matched_plus_all_actuator_persistence_no_holdout_quality_gate,P601,actuator,actuator_persistence,8.0,25.0,1.0,P601,,,1e-06,1e-06,2.6e-05,0.0,0.0,0.0,0.0,0.0,0,0
geco_matched_plus_all_actuator_persistence_no_holdout_quality_gate,P602,actuator,actuator_persistence,8.0,25.0,1.0,P602,,,0.023252724092464913,10.419346217808418,11.000664320120041,1.3024182772260522,1.6279564145205612,0.0,0.0,0.0,0,0
geco_matched_plus_all_actuator_persistence_no_holdout_quality_gate,P603,actuator,actuator_persistence,8.0,25.0,1.0,P603,,,1e-06,1e-06,2.6e-05,0.0,0.0,0.0,0.0,0.0,0,0
geco_matched_plus_all_actuator_persistence_no_holdout_quality_gate,FIT101,sensor,no_holdout_quality_gate,10.0,2.0,5.0,(LIT101 * -5.3608805e-5) + 0.031951737,-0.02073055819816272,4.142017125521039,0.03810283754570068,21.334046089692883,21.410251764784284,2.1334046089692884,2.1797146193093173,0.0,0.0,0.0,0,0
geco_matched_plus_all_actuator_persistence_no_holdout_quality_gate,LIT101,sensor,no_holdout_quality_gate,10.0,2.0,5.0,(FIT201 - FIT101) * -0.19228067,0.40181479216081095,4.537950991815633,0.45541297011116505,73.42065496345566,74.33148090367798,7.342065496345566,74.33148090367798,0.0036406634097768927,4.769938342270691e-05,0.03138205078503586,9,1000
geco_matched_plus_all_actuator_persistence_no_holdout_quality_gate,FIT201,sensor,no_holdout_quality_gate,10.0,2.0,3.0,FIT301 * 0.0019161832,-0.028412093537082406,1.72743861513076,0.02363255310208697,22.033478139145313,22.08074324534949,2.2033478139145313,2.5178618086527687,0.0,0.0,0.0,0,0
geco_matched_plus_all_actuator_persistence_no_holdout_quality_gate,DPIT301,sensor,no_holdout_quality_gate,10.0,2.0,7.0,P302 - ((FIT301 * 0.4284513) - -1.027144),0.43800956563704907,25.153209621175467,0.16714296976649062,14412.077451352443,14412.411737291975,1441.2077451352443,63.35953520982656,0.0,0.0,0.0,0,0
geco_matched_plus_all_actuator_persistence_no_holdout_quality_gate,FIT301,sensor,no_holdout_quality_gate,10.0,2.0,3.0,MV303 * -0.0026802947,-0.010334711974421706,19.166696097155796,0.02845999811762023,21.260029059971053,21.316949056206294,2.1260029059971055,7.879213416431736,0.0,0.0,0.0,0,0
geco_matched_plus_all_actuator_persistence_no_holdout_quality_gate,LIT301,sensor,no_holdout_quality_gate,10.0,2.0,5.0,(FIT301 - FIT201) * -0.18929929,0.336680080211637,4.001021228958368,0.35900655586676056,34.61929007069731,35.33730318243083,3.461929007069731,35.33730318243083,0.004669739819255953,0.00010293024843847282,0.039930219034696644,12,931
geco_matched_plus_all_actuator_persistence_no_holdout_quality_gate,AIT401,sensor,no_holdout_quality_gate,10.0,2.0,9.0,(FIT301 * (MV304 * (MV304 * 1.11552225e-7))) * AIT401,-0.0007011429606935682,4.054639083289264,0.09907165330484896,1475.352886181464,1475.5510294880737,147.5352886181464,0.0,0.0,0.0,0.0,0,0
geco_matched_plus_all_actuator_persistence_no_holdout_quality_gate,LIT401,sensor,no_holdout_quality_gate,10.0,2.0,5.0,(DPIT301 * 0.022688651) - 0.38223073,0.2947958211021037,3.951397925657353,0.3366300543860994,265.77115999840424,266.4444201071764,26.577115999840423,266.4444201071764,0.02073933472321623,8.284629752364885e-05,0.18022872649738322,820,543
geco_matched_plus_all_actuator_persistence_no_holdout_quality_gate,AIT504,sensor,no_holdout_quality_gate,10.0,2.0,7.0,((FIT504 * 3.598646) - 1.1120417) * PIT502,-0.04966050508977915,38.574280505575615,0.10845552326854281,3437.710486356936,3437.927397403473,343.7710486356936,859.0176034158073,0.0,0.0,0.0,0,0
geco_matched_plus_all_actuator_persistence_no_holdout_quality_gate,FIT501,sensor,no_holdout_quality_gate,10.0,2.0,3.0,AIT504 * 6.7863766e-6,-0.011206098840220724,34.72298697833636,0.0013179223851327868,15.784808868094178,15.787444712864444,1.5784808868094178,3.3620074419943418,0.0,0.0,0.0,0,0
geco_matched_plus_all_actuator_persistence_no_holdout_quality_gate,FIT502,sensor,no_holdout_quality_gate,10.0,2.0,5.0,(P402 - UV401) * 0.20704994,-9.542144852048295e-12,4.050449108763439,0.011624436868351438,9.618822646399327,9.64207152013603,0.9618822646399326,9.64207152013603,0.0027271636164812253,0.00010795123616717881,0.022950184144213993,4,533
geco_matched_plus_all_actuator_persistence_no_holdout_quality_gate,FIT504,sensor,no_holdout_quality_gate,10.0,2.0,7.0,FIT502 * (0.006901001 - (FIT504 * 0.022353666)),0.0006818953951246431,34.63391625029279,0.0006375541651170856,6.8703040228024115,6.871579131132646,0.6870304022802411,5.456076056395104,0.0,0.0,0.0,0,0
geco_matched_plus_all_actuator_persistence_no_holdout_quality_gate,PIT503,sensor,no_holdout_quality_gate,10.0,2.0,15.0,((((UV401 * P402) * P402) + -0.97898483) * (FIT503 + -0.9433507)) * (FIT401 + -1.7066069),-0.16917589053297233,14.725584363887497,0.11122263994287224,2372.39799629986,2372.620441579746,237.239799629986,2372.620441579746,5.778830809169671e-05,5.7741358880118895e-05,5.8150804419461134e-05,1,26
geco_matched_plus_all_actuator_persistence_no_holdout_quality_gate,FIT601,sensor,no_holdout_quality_gate,10.0,2.0,7.0,((P602 - FIT601) + -0.99994063) * FIT301,0.4916735207848195,10.255337304276727,0.01008498507082207,22.89475514628716,22.914925116428805,2.289475514628716,7.8859500276180645,0.0,0.0,0.0,0,0
geco_matched_plus_all_actuator_persistence_no_holdout_quality_gate,MV101,actuator,actuator_persistence,10.0,2.0,1.0,MV101,,,0.050778100568907185,25.937751954487425,26.03930815562524,2.5937751954487425,2.5937751954487425,0.0,0.0,0.0,0,0
geco_matched_plus_all_actuator_persistence_no_holdout_quality_gate,P101,actuator,actuator_persistence,10.0,2.0,1.0,P101,,,0.02283152133090779,9.771684786690923,9.817347829352737,0.9771684786690922,0.9771684786690922,0.0,0.0,0.0,0,0
geco_matched_plus_all_actuator_persistence_no_holdout_quality_gate,P102,actuator,actuator_persistence,10.0,2.0,1.0,P102,,,1e-06,1e-06,3e-06,0.0,3e-06,5.3343053623104655e-05,3.0125926372235947e-05,0.00023260321767784454,8,3
geco_matched_plus_all_actuator_persistence_no_holdout_quality_gate,MV201,actuator,actuator_persistence,10.0,2.0,1.0,MV201,,,0.05142405563146907,26.40031610579716,26.503164217060096,2.640031610579716,2.640031610579716,0.0,0.0,0.0,0,0
geco_matched_plus_all_actuator_persistence_no_holdout_quality_gate,P202,actuator,actuator_persistence,10.0,2.0,1.0,P202,,,1e-06,1e-06,3e-06,0.0,0.0,0.0,0.0,0.0,0,0
geco_matched_plus_all_actuator_persistence_no_holdout_quality_gate,P203,actuator,actuator_persistence,10.0,2.0,1.0,P203,,,0.022831521330907788,9.771684786690923,9.817347829352737,0.9771684786690922,0.9771684786690922,0.0,0.0,0.0,0,0
geco_matched_plus_all_actuator_persistence_no_holdout_quality_gate,P204,actuator,actuator_persistence,10.0,2.0,1.0,P204,,,1e-06,1e-06,3e-06,0.0,3e-06,1.3335763405776164e-05,0.0,0.00011630160883892227,2,3
geco_matched_plus_all_actuator_persistence_no_holdout_quality_gate,P205,actuator,actuator_persistence,10.0,2.0,1.0,P205,,,0.024826988305938616,15.282872221871655,15.332526198483531,1.5282872221871655,0.9751730116940613,0.0,0.0,0.0,0,0
geco_matched_plus_all_actuator_persistence_no_holdout_quality_gate,P206,actuator,actuator_persistence,10.0,2.0,1.0,P206,,,1e-06,1e-06,3e-06,0.0,3e-06,1.3335763405776164e-05,0.0,0.00011630160883892227,2,3
geco_matched_plus_all_actuator_persistence_no_holdout_quality_gate,MV301,actuator,actuator_persistence,10.0,2.0,1.0,MV301,,,0.05237923317467451,35.381760407903016,35.48651887425237,3.538176040790302,3.538176040790302,0.0,0.0,0.0,0,0
geco_matched_plus_all_actuator_persistence_no_holdout_quality_gate,MV302,actuator,actuator_persistence,10.0,2.0,1.0,MV302,,,0.07240099292831928,25.655940424300848,25.800742410157486,2.5655940424300847,4.18997517679202,0.0,0.0,0.0,0,0
geco_matched_plus_all_actuator_persistence_no_holdout_quality_gate,MV303,actuator,actuator_persistence,10.0,2.0,1.0,MV303,,,0.052379233174674536,25.80966134602604,25.91441981237539,2.580966134602604,2.580966134602603,0.0,0.0,0.0,0,0
geco_matched_plus_all_actuator_persistence_no_holdout_quality_gate,MV304,actuator,actuator_persistence,10.0,2.0,1.0,MV304,,,0.07247943385085219,24.926439630440353,25.071398498142056,2.4926439630440353,2.4926439630440353,0.0,0.0,0.0,0,0
geco_matched_plus_all_actuator_persistence_no_holdout_quality_gate,P301,actuator,actuator_persistence,10.0,2.0,1.0,P301,,,0.004036284484333829,24.995007239426094,25.003079808394762,2.4995007239426092,0.0,0.0,0.0,0.0,0,0
geco_matched_plus_all_actuator_persistence_no_holdout_quality_gate,P302,actuator,actuator_persistence,10.0,2.0,1.0,P302,,,0.0321976659636582,27.10221006327076,27.166605395198076,2.710221006327076,0.9678023340363417,0.0,0.0,0.0,0,0
geco_matched_plus_all_actuator_persistence_no_holdout_quality_gate,P401,actuator,actuator_persistence,10.0,2.0,1.0,P401,,,1e-06,1e-06,3e-06,0.0,0.0,0.0,0.0,0.0,0,0
geco_matched_plus_all_actuator_persistence_no_holdout_quality_gate,P402,actuator,actuator_persistence,10.0,2.0,1.0,P402,,,0.0014233583151173907,9.985766416848826,9.98861313347906,0.9985766416848826,9.571569147149665,0.0,0.0,0.0,0,0
geco_matched_plus_all_actuator_persistence_no_holdout_quality_gate,P403,actuator,actuator_persistence,10.0,2.0,1.0,P403,,,1e-06,1e-06,3e-06,0.0,3e-06,1.3335763405776164e-05,1.5062963186117974e-05,0.0,2,3
geco_matched_plus_all_actuator_persistence_no_holdout_quality_gate,P404,actuator,actuator_persistence,10.0,2.0,1.0,P404,,,1e-06,1e-06,3e-06,0.0,0.0,0.0,0.0,0.0,0,0
geco_matched_plus_all_actuator_persistence_no_holdout_quality_gate,UV401,actuator,actuator_persistence,10.0,2.0,1.0,UV401,,,0.001423358315117391,9.985766416848826,9.98861313347906,0.9985766416848826,2.856240810173141,0.0,0.0,0.0,0,0
geco_matched_plus_all_actuator_persistence_no_holdout_quality_gate,P501,actuator,actuator_persistence,10.0,2.0,1.0,P501,,,0.0014233583151173938,9.985766416848826,9.98861313347906,0.9985766416848826,2.856240810173141,0.0,0.0,0.0,0,0
geco_matched_plus_all_actuator_persistence_no_holdout_quality_gate,P502,actuator,actuator_persistence,10.0,2.0,1.0,P502,,,1e-06,1e-06,3e-06,0.0,0.0,0.0,0.0,0.0,0,0
geco_matched_plus_all_actuator_persistence_no_holdout_quality_gate,P601,actuator,actuator_persistence,10.0,2.0,1.0,P601,,,1e-06,1e-06,3e-06,0.0,0.0,0.0,0.0,0.0,0,0
geco_matched_plus_all_actuator_persistence_no_holdout_quality_gate,P602,actuator,actuator_persistence,10.0,2.0,1.0,P602,,,0.023252724092464913,13.024182772260522,13.07068822044545,1.3024182772260522,1.6279564145205612,0.0,0.0,0.0,0,0
geco_matched_plus_all_actuator_persistence_no_holdout_quality_gate,P603,actuator,actuator_persistence,10.0,2.0,1.0,P603,,,1e-06,1e-06,3e-06,0.0,0.0,0.0,0.0,0.0,0,0
geco_matched_plus_all_actuator_persistence_no_holdout_quality_gate,FIT101,sensor,no_holdout_quality_gate,10.0,5.98,5.0,(LIT101 * -5.3608805e-5) + 0.031951737,-0.02073055819816272,4.142017125521039,0.03810283754570068,21.334046089692883,21.561901058216172,2.1334046089692884,2.1797146193093173,0.0,0.0,0.0,0,0
geco_matched_plus_all_actuator_persistence_no_holdout_quality_gate,LIT101,sensor,no_holdout_quality_gate,10.0,5.98,5.0,(FIT201 - FIT101) * -0.19228067,0.40181479216081095,4.537950991815633,0.45541297011116505,73.42065496345566,76.14402452472042,7.342065496345566,76.14402452472042,0.004054072075355954,0.00013305617481070876,0.034328358208955224,9,1027
geco_matched_plus_all_actuator_persistence_no_holdout_quality_gate,FIT201,sensor,no_holdout_quality_gate,10.0,5.98,3.0,FIT301 * 0.0019161832,-0.028412093537082406,1.72743861513076,0.02363255310208697,22.033478139145313,22.174800806695792,2.2033478139145313,2.5178618086527687,0.0,0.0,0.0,0,0
geco_matched_plus_all_actuator_persistence_no_holdout_quality_gate,DPIT301,sensor,no_holdout_quality_gate,10.0,5.98,7.0,P302 - ((FIT301 * 0.4284513) - -1.027144),0.43800956563704907,25.153209621175467,0.16714296976649062,14412.077451352443,14413.076966311646,1441.2077451352443,63.35953520982656,0.0,0.0,0.0,0,0
geco_matched_plus_all_actuator_persistence_no_holdout_quality_gate,FIT301,sensor,no_holdout_quality_gate,10.0,5.98,3.0,MV303 * -0.0026802947,-0.010334711974421706,19.166696097155796,0.02845999811762023,21.260029059971053,21.430219848714422,2.1260029059971055,7.879213416431736,0.0,0.0,0.0,0,0
geco_matched_plus_all_actuator_persistence_no_holdout_quality_gate,LIT301,sensor,no_holdout_quality_gate,10.0,5.98,5.0,(FIT301 - FIT201) * -0.18929929,0.336680080211637,4.001021228958368,0.35900655586676056,34.61929007069731,36.76614927478054,3.461929007069731,36.76614927478054,0.004927564578434292,0.00023849691711353457,0.041132002326032174,8,935
geco_matched_plus_all_actuator_persistence_no_holdout_quality_gate,AIT401,sensor,no_holdout_quality_gate,10.0,5.98,9.0,(FIT301 * (MV304 * (MV304 * 1.11552225e-7))) * AIT401,-0.0007011429606935682,4.054639083289264,0.09907165330484896,1475.352886181464,1475.9453346682271,147.5352886181464,0.0,0.0,0.0,0.0,0,0
geco_matched_plus_all_actuator_persistence_no_holdout_quality_gate,LIT401,sensor,no_holdout_quality_gate,10.0,5.98,5.0,(DPIT301 * 0.022688651) - 0.38223073,0.2947958211021037,3.951397925657353,0.3366300543860994,265.77115999840424,267.78420772363313,26.577115999840423,267.78420772363313,0.033190492489742575,0.0002610913618927115,0.28743942624539637,51,1573
geco_matched_plus_all_actuator_persistence_no_holdout_quality_gate,AIT504,sensor,no_holdout_quality_gate,10.0,5.98,7.0,((FIT504 * 3.598646) - 1.1120417) * PIT502,-0.04966050508977915,38.574280505575615,0.10845552326854281,3437.710486356936,3438.359050386082,343.7710486356936,859.0176034158073,0.0,0.0,0.0,0,0
geco_matched_plus_all_actuator_persistence_no_holdout_quality_gate,FIT501,sensor,no_holdout_quality_gate,10.0,5.98,3.0,AIT504 * 6.7863766e-6,-0.011206098840220724,34.72298697833636,0.0013179223851327868,15.784808868094178,15.792690043957272,1.5784808868094178,3.3620074419943418,0.0,0.0,0.0,0,0
geco_matched_plus_all_actuator_persistence_no_holdout_quality_gate,FIT502,sensor,no_holdout_quality_gate,10.0,5.98,5.0,(P402 - UV401) * 0.20704994,-9.542144852048295e-12,4.050449108763439,0.011624436868351438,9.618822646399327,9.688336778872069,0.9618822646399326,9.688336778872069,0.0027960650607444025,0.00018577654596212167,0.022950184144213993,4,548
geco_matched_plus_all_actuator_persistence_no_holdout_quality_gate,FIT504,sensor,no_holdout_quality_gate,10.0,5.98,7.0,FIT502 * (0.006901001 - (FIT504 * 0.022353666)),0.0006818953951246431,34.63391625029279,0.0006375541651170856,6.8703040228024115,6.874116596709811,0.6870304022802411,5.456076056395104,0.0,0.0,0.0,0,0
geco_matched_plus_all_actuator_persistence_no_holdout_quality_gate,PIT503,sensor,no_holdout_quality_gate,10.0,5.98,15.0,((((UV401 * P402) * P402) + -0.97898483) * (FIT503 + -0.9433507)) * (FIT401 + -1.7066069),-0.16917589053297233,14.725584363887497,0.11122263994287224,2372.39799629986,2373.0631076867185,237.239799629986,2373.0631076867185,7.779195320036096e-05,8.033580365929586e-05,5.8150804419461134e-05,1,35
geco_matched_plus_all_actuator_persistence_no_holdout_quality_gate,FIT601,sensor,no_holdout_quality_gate,10.0,5.98,7.0,((P602 - FIT601) + -0.99994063) * FIT301,0.4916735207848195,10.255337304276727,0.01008498507082207,22.89475514628716,22.955063357010676,2.289475514628716,7.8859500276180645,0.0,0.0,0.0,0,0
geco_matched_plus_all_actuator_persistence_no_holdout_quality_gate,MV101,actuator,actuator_persistence,10.0,5.98,1.0,MV101,,,0.050778100568907185,25.937751954487425,26.24140499588949,2.5937751954487425,2.5937751954487425,0.0,0.0,0.0,0,0
geco_matched_plus_all_actuator_persistence_no_holdout_quality_gate,P101,actuator,actuator_persistence,10.0,5.98,1.0,P101,,,0.02283152133090779,9.771684786690923,9.908217284249751,0.9771684786690922,0.9771684786690922,0.0,0.0,0.0,0,0
geco_matched_plus_all_actuator_persistence_no_holdout_quality_gate,P102,actuator,actuator_persistence,10.0,5.98,1.0,P102,,,1e-06,1e-06,6.98e-06,0.0,6.98e-06,0.00010668610724620931,6.0251852744471894e-05,0.00046520643535568907,8,6
geco_matched_plus_all_actuator_persistence_no_holdout_quality_gate,MV201,actuator,actuator_persistence,10.0,5.98,1.0,MV201,,,0.05142405563146907,26.40031610579716,26.707831958473346,2.640031610579716,2.640031610579716,0.0,0.0,0.0,0,0
geco_matched_plus_all_actuator_persistence_no_holdout_quality_gate,P202,actuator,actuator_persistence,10.0,5.98,1.0,P202,,,1e-06,1e-06,6.98e-06,0.0,0.0,0.0,0.0,0.0,0,0
geco_matched_plus_all_actuator_persistence_no_holdout_quality_gate,P203,actuator,actuator_persistence,10.0,5.98,1.0,P203,,,0.022831521330907788,9.771684786690923,9.908217284249751,0.9771684786690922,0.9771684786690922,0.0,0.0,0.0,0,0
geco_matched_plus_all_actuator_persistence_no_holdout_quality_gate,P204,actuator,actuator_persistence,10.0,5.98,1.0,P204,,,1e-06,1e-06,6.98e-06,0.0,6.98e-06,2.6671526811552328e-05,0.0,0.00023260321767784454,2,6
geco_matched_plus_all_actuator_persistence_no_holdout_quality_gate,P205,actuator,actuator_persistence,10.0,5.98,1.0,P205,,,0.024826988305938616,15.282872221871655,15.431337611941167,1.5282872221871655,0.9751730116940613,0.0,0.0,0.0,0,0
geco_matched_plus_all_actuator_persistence_no_holdout_quality_gate,P206,actuator,actuator_persistence,10.0,5.98,1.0,P206,,,1e-06,1e-06,6.98e-06,0.0,6.98e-06,2.6671526811552328e-05,0.0,0.00023260321767784454,2,6
geco_matched_plus_all_actuator_persistence_no_holdout_quality_gate,MV301,actuator,actuator_persistence,10.0,5.98,1.0,MV301,,,0.05237923317467451,35.381760407903016,35.69498822228757,3.538176040790302,3.538176040790302,0.0,0.0,0.0,0,0
geco_matched_plus_all_actuator_persistence_no_holdout_quality_gate,MV302,actuator,actuator_persistence,10.0,5.98,1.0,MV302,,,0.07240099292831928,25.655940424300848,26.0888983620122,2.5655940424300847,4.18997517679202,0.0,0.0,0.0,0,0
geco_matched_plus_all_actuator_persistence_no_holdout_quality_gate,MV303,actuator,actuator_persistence,10.0,5.98,1.0,MV303,,,0.052379233174674536,25.80966134602604,26.122889160410594,2.580966134602604,2.580966134602603,0.0,0.0,0.0,0,0
geco_matched_plus_all_actuator_persistence_no_holdout_quality_gate,MV304,actuator,actuator_persistence,10.0,5.98,1.0,MV304,,,0.07247943385085219,24.926439630440353,25.35986664486845,2.4926439630440353,2.4926439630440353,0.0,0.0,0.0,0,0
geco_matched_plus_all_actuator_persistence_no_holdout_quality_gate,P301,actuator,actuator_persistence,10.0,5.98,1.0,P301,,,0.004036284484333829,24.995007239426094,25.01914422064241,2.4995007239426092,0.0,0.0,0.0,0.0,0,0
geco_matched_plus_all_actuator_persistence_no_holdout_quality_gate,P302,actuator,actuator_persistence,10.0,5.98,1.0,P302,,,0.0321976659636582,27.10221006327076,27.294752105733437,2.710221006327076,0.9678023340363417,0.0,0.0,0.0,0,0
geco_matched_plus_all_actuator_persistence_no_holdout_quality_gate,P401,actuator,actuator_persistence,10.0,5.98,1.0,P401,,,1e-06,1e-06,6.98e-06,0.0,0.0,0.0,0.0,0.0,0,0
geco_matched_plus_all_actuator_persistence_no_holdout_quality_gate,P402,actuator,actuator_persistence,10.0,5.98,1.0,P402,,,0.0014233583151173907,9.985766416848826,9.994278099573227,0.9985766416848826,9.571569147149665,0.0,0.0,0.0,0,0
geco_matched_plus_all_actuator_persistence_no_holdout_quality_gate,P403,actuator,actuator_persistence,10.0,5.98,1.0,P403,,,1e-06,1e-06,6.98e-06,0.0,6.98e-06,2.6671526811552328e-05,3.0125926372235947e-05,0.0,2,6
geco_matched_plus_all_actuator_persistence_no_holdout_quality_gate,P404,actuator,actuator_persistence,10.0,5.98,1.0,P404,,,1e-06,1e-06,6.98e-06,0.0,0.0,0.0,0.0,0.0,0,0
geco_matched_plus_all_actuator_persistence_no_holdout_quality_gate,UV401,actuator,actuator_persistence,10.0,5.98,1.0,UV401,,,0.001423358315117391,9.985766416848826,9.994278099573227,0.9985766416848826,2.856240810173141,0.0,0.0,0.0,0,0
geco_matched_plus_all_actuator_persistence_no_holdout_quality_gate,P501,actuator,actuator_persistence,10.0,5.98,1.0,P501,,,0.0014233583151173938,9.985766416848826,9.994278099573227,0.9985766416848826,2.856240810173141,0.0,0.0,0.0,0,0
geco_matched_plus_all_actuator_persistence_no_holdout_quality_gate,P502,actuator,actuator_persistence,10.0,5.98,1.0,P502,,,1e-06,1e-06,6.98e-06,0.0,0.0,0.0,0.0,0.0,0,0
geco_matched_plus_all_actuator_persistence_no_holdout_quality_gate,P601,actuator,actuator_persistence,10.0,5.98,1.0,P601,,,1e-06,1e-06,6.98e-06,0.0,0.0,0.0,0.0,0.0,0,0
geco_matched_plus_all_actuator_persistence_no_holdout_quality_gate,P602,actuator,actuator_persistence,10.0,5.98,1.0,P602,,,0.023252724092464913,13.024182772260522,13.163234062333462,1.3024182772260522,1.6279564145205612,0.0,0.0,0.0,0,0
geco_matched_plus_all_actuator_persistence_no_holdout_quality_gate,P603,actuator,actuator_persistence,10.0,5.98,1.0,P603,,,1e-06,1e-06,6.98e-06,0.0,0.0,0.0,0.0,0.0,0,0
geco_matched_plus_all_actuator_persistence_no_holdout_quality_gate,FIT101,sensor,no_holdout_quality_gate,10.0,9.0,5.0,(LIT101 * -5.3608805e-5) + 0.031951737,-0.02073055819816272,4.142017125521039,0.03810283754570068,21.334046089692883,21.67697162760419,2.1334046089692884,2.1797146193093173,0.0,0.0,0.0,0,0
geco_matched_plus_all_actuator_persistence_no_holdout_quality_gate,LIT101,sensor,no_holdout_quality_gate,10.0,9.0,5.0,(FIT201 - FIT101) * -0.19228067,0.40181479216081095,4.537950991815633,0.45541297011116505,73.42065496345566,77.51937169445614,7.342065496345566,77.51937169445614,0.004387466160500358,0.0002334759293848286,0.03646055437100213,9,1049
geco_matched_plus_all_actuator_persistence_no_holdout_quality_gate,FIT201,sensor,no_holdout_quality_gate,10.0,9.0,3.0,FIT301 * 0.0019161832,-0.028412093537082406,1.72743861513076,0.02363255310208697,22.033478139145313,22.246171117064094,2.2033478139145313,2.5178618086527687,0.0,0.0,0.0,0,0
geco_matched_plus_all_actuator_persistence_no_holdout_quality_gate,DPIT301,sensor,no_holdout_quality_gate,10.0,9.0,7.0,P302 - ((FIT301 * 0.4284513) - -1.027144),0.43800956563704907,25.153209621175467,0.16714296976649062,14412.077451352443,14413.581738080342,1441.2077451352443,63.35953520982656,0.0,0.0,0.0,0,0
geco_matched_plus_all_actuator_persistence_no_holdout_quality_gate,FIT301,sensor,no_holdout_quality_gate,10.0,9.0,3.0,MV303 * -0.0026802947,-0.010334711974421706,19.166696097155796,0.02845999811762023,21.260029059971053,21.516169043029635,2.1260029059971055,7.879213416431736,0.0,0.0,0.0,0,0
geco_matched_plus_all_actuator_persistence_no_holdout_quality_gate,LIT301,sensor,no_holdout_quality_gate,10.0,9.0,5.0,(FIT301 - FIT201) * -0.18929929,0.336680080211637,4.001021228958368,0.35900655586676056,34.61929007069731,37.85034907349816,3.461929007069731,37.85034907349816,0.005092038993772198,0.0003464481532807134,0.04173289397169994,7,939
geco_matched_plus_all_actuator_persistence_no_holdout_quality_gate,AIT401,sensor,no_holdout_quality_gate,10.0,9.0,9.0,(FIT301 * (MV304 * (MV304 * 1.11552225e-7))) * AIT401,-0.0007011429606935682,4.054639083289264,0.09907165330484896,1475.352886181464,1476.2445310612077,147.5352886181464,0.0,0.0,0.0,0.0,0,0
geco_matched_plus_all_actuator_persistence_no_holdout_quality_gate,LIT401,sensor,no_holdout_quality_gate,10.0,9.0,5.0,(DPIT301 * 0.022688651) - 0.38223073,0.2947958211021037,3.951397925657353,0.3366300543860994,265.77115999840424,268.8008304878791,26.577115999840423,268.8008304878791,0.033508328184246906,0.00037657407965294935,0.2893196355882923,12,14109
geco_matched_plus_all_actuator_persistence_no_holdout_quality_gate,AIT504,sensor,no_holdout_quality_gate,10.0,9.0,7.0,((FIT504 * 3.598646) - 1.1120417) * PIT502,-0.04966050508977915,38.574280505575615,0.10845552326854281,3437.710486356936,3438.686586066353,343.7710486356936,859.0176034158073,0.0,0.0,0.0,0,0
geco_matched_plus_all_actuator_persistence_no_holdout_quality_gate,FIT501,sensor,no_holdout_quality_gate,10.0,9.0,3.0,AIT504 * 6.7863766e-6,-0.011206098840220724,34.72298697833636,0.0013179223851327868,15.784808868094178,15.796670169560374,1.5784808868094178,3.3620074419943418,0.0,0.0,0.0,0,0
geco_matched_plus_all_actuator_persistence_no_holdout_quality_gate,FIT502,sensor,no_holdout_quality_gate,10.0,9.0,5.0,(P402 - UV401) * 0.20704994,-9.542144852048295e-12,4.050449108763439,0.011624436868351438,9.618822646399327,9.72344257821449,0.9618822646399326,9.72344257821449,0.0028338497237274346,0.0002284549416561226,0.022950184144213993,4,552
geco_matched_plus_all_actuator_persistence_no_holdout_quality_gate,FIT504,sensor,no_holdout_quality_gate,10.0,9.0,7.0,FIT502 * (0.006901001 - (FIT504 * 0.022353666)),0.0006818953951246431,34.63391625029279,0.0006375541651170856,6.8703040228024115,6.876042010288465,0.6870304022802411,5.456076056395104,0.0,0.0,0.0,0,0
geco_matched_plus_all_actuator_persistence_no_holdout_quality_gate,PIT503,sensor,no_holdout_quality_gate,10.0,9.0,15.0,((((UV401 * P402) * P402) + -0.97898483) * (FIT503 + -0.9433507)) * (FIT401 + -1.7066069),-0.16917589053297233,14.725584363887497,0.11122263994287224,2372.39799629986,2373.399000059346,237.239799629986,2373.399000059346,8.668246213754506e-05,9.037777911670784e-05,5.8150804419461134e-05,1,39
geco_matched_plus_all_actuator_persistence_no_holdout_quality_gate,FIT601,sensor,no_holdout_quality_gate,10.0,9.0,7.0,((P602 - FIT601) + -0.99994063) * FIT301,0.4916735207848195,10.255337304276727,0.01008498507082207,22.89475514628716,22.98552001192456,2.289475514628716,7.8859500276180645,0.0,0.0,0.0,0,0
geco_matched_plus_all_actuator_persistence_no_holdout_quality_gate,MV101,actuator,actuator_persistence,10.0,9.0,1.0,MV101,,,0.050778100568907185,25.937751954487425,26.394754859607588,2.5937751954487425,2.5937751954487425,0.0,0.0,0.0,0,0
geco_matched_plus_all_actuator_persistence_no_holdout_quality_gate,P101,actuator,actuator_persistence,10.0,9.0,1.0,P101,,,0.02283152133090779,9.771684786690923,9.977168478669093,0.9771684786690922,0.9771684786690922,0.0,0.0,0.0,0,0
geco_matched_plus_all_actuator_persistence_no_holdout_quality_gate,P102,actuator,actuator_persistence,10.0,9.0,1.0,P102,,,1e-06,1e-06,1e-05,0.0,1e-05,0.0001778101787436822,0.00010041975457411982,0.0007753440589261484,8,10
geco_matched_plus_all_actuator_persistence_no_holdout_quality_gate,MV201,actuator,actuator_persistence,10.0,9.0,1.0,MV201,,,0.05142405563146907,26.40031610579716,26.86313260648038,2.640031610579716,2.640031610579716,0.0,0.0,0.0,0,0
geco_matched_plus_all_actuator_persistence_no_holdout_quality_gate,P202,actuator,actuator_persistence,10.0,9.0,1.0,P202,,,1e-06,1e-06,1e-05,0.0,0.0,0.0,0.0,0.0,0,0
geco_matched_plus_all_actuator_persistence_no_holdout_quality_gate,P203,actuator,actuator_persistence,10.0,9.0,1.0,P203,,,0.022831521330907788,9.771684786690923,9.977168478669093,0.9771684786690922,0.9771684786690922,0.0,0.0,0.0,0,0
geco_matched_plus_all_actuator_persistence_no_holdout_quality_gate,P204,actuator,actuator_persistence,10.0,9.0,1.0,P204,,,1e-06,1e-06,1e-05,0.0,1e-05,4.445254468592055e-05,0.0,0.0003876720294630742,2,10
geco_matched_plus_all_actuator_persistence_no_holdout_quality_gate,P205,actuator,actuator_persistence,10.0,9.0,1.0,P205,,,0.024826988305938616,15.282872221871655,15.506315116625101,1.5282872221871655,0.9751730116940613,0.0,0.0,0.0,0,0
geco_matched_plus_all_actuator_persistence_no_holdout_quality_gate,P206,actuator,actuator_persistence,10.0,9.0,1.0,P206,,,1e-06,1e-06,1e-05,0.0,1e-05,4.445254468592055e-05,0.0,0.0003876720294630742,2,10
geco_matched_plus_all_actuator_persistence_no_holdout_quality_gate,MV301,actuator,actuator_persistence,10.0,9.0,1.0,MV301,,,0.05237923317467451,35.381760407903016,35.85317350647509,3.538176040790302,3.538176040790302,0.0,0.0,0.0,0,0
geco_matched_plus_all_actuator_persistence_no_holdout_quality_gate,MV302,actuator,actuator_persistence,10.0,9.0,1.0,MV302,,,0.07240099292831928,25.655940424300848,26.30754936065572,2.5655940424300847,4.18997517679202,0.0,0.0,0.0,0,0
geco_matched_plus_all_actuator_persistence_no_holdout_quality_gate,MV303,actuator,actuator_persistence,10.0,9.0,1.0,MV303,,,0.052379233174674536,25.80966134602604,26.28107444459811,2.580966134602604,2.580966134602603,0.0,0.0,0.0,0,0
geco_matched_plus_all_actuator_persistence_no_holdout_quality_gate,MV304,actuator,actuator_persistence,10.0,9.0,1.0,MV304,,,0.07247943385085219,24.926439630440353,25.57875453509802,2.4926439630440353,2.4926439630440353,0.0,0.0,0.0,0,0
geco_matched_plus_all_actuator_persistence_no_holdout_quality_gate,P301,actuator,actuator_persistence,10.0,9.0,1.0,P301,,,0.004036284484333829,24.995007239426094,25.0313337997851,2.4995007239426092,0.0,0.0,0.0,0.0,0,0
geco_matched_plus_all_actuator_persistence_no_holdout_quality_gate,P302,actuator,actuator_persistence,10.0,9.0,1.0,P302,,,0.0321976659636582,27.10221006327076,27.391989056943686,2.710221006327076,0.9678023340363417,0.0,0.0,0.0,0,0
geco_matched_plus_all_actuator_persistence_no_holdout_quality_gate,P401,actuator,actuator_persistence,10.0,9.0,1.0,P401,,,1e-06,1e-06,1e-05,0.0,0.0,0.0,0.0,0.0,0,0
geco_matched_plus_all_actuator_persistence_no_holdout_quality_gate,P402,actuator,actuator_persistence,10.0,9.0,1.0,P402,,,0.0014233583151173907,9.985766416848826,9.998576641684883,0.9985766416848826,9.571569147149665,0.0,0.0,0.0,0,0
geco_matched_plus_all_actuator_persistence_no_holdout_quality_gate,P403,actuator,actuator_persistence,10.0,9.0,1.0,P403,,,1e-06,1e-06,1e-05,0.0,1e-05,4.445254468592055e-05,5.020987728705991e-05,0.0,2,10
geco_matched_plus_all_actuator_persistence_no_holdout_quality_gate,P404,actuator,actuator_persistence,10.0,9.0,1.0,P404,,,1e-06,1e-06,1e-05,0.0,0.0,0.0,0.0,0.0,0,0
geco_matched_plus_all_actuator_persistence_no_holdout_quality_gate,UV401,actuator,actuator_persistence,10.0,9.0,1.0,UV401,,,0.001423358315117391,9.985766416848826,9.998576641684883,0.9985766416848826,2.856240810173141,0.0,0.0,0.0,0,0
geco_matched_plus_all_actuator_persistence_no_holdout_quality_gate,P501,actuator,actuator_persistence,10.0,9.0,1.0,P501,,,0.0014233583151173938,9.985766416848826,9.998576641684883,0.9985766416848826,2.856240810173141,0.0,0.0,0.0,0,0
geco_matched_plus_all_actuator_persistence_no_holdout_quality_gate,P502,actuator,actuator_persistence,10.0,9.0,1.0,P502,,,1e-06,1e-06,1e-05,0.0,0.0,0.0,0.0,0.0,0,0
geco_matched_plus_all_actuator_persistence_no_holdout_quality_gate,P601,actuator,actuator_persistence,10.0,9.0,1.0,P601,,,1e-06,1e-06,1e-05,0.0,0.0,0.0,0.0,0.0,0,0
geco_matched_plus_all_actuator_persistence_no_holdout_quality_gate,P602,actuator,actuator_persistence,10.0,9.0,1.0,P602,,,0.023252724092464913,13.024182772260522,13.233457289092707,1.3024182772260522,1.6279564145205612,0.0,0.0,0.0,0,0
geco_matched_plus_all_actuator_persistence_no_holdout_quality_gate,P603,actuator,actuator_persistence,10.0,9.0,1.0,P603,,,1e-06,1e-06,1e-05,0.0,0.0,0.0,0.0,0.0,0,0
geco_matched_plus_all_actuator_persistence_no_holdout_quality_gate,FIT101,sensor,no_holdout_quality_gate,10.0,15.0,5.0,(LIT101 * -5.3608805e-5) + 0.031951737,-0.02073055819816272,4.142017125521039,0.03810283754570068,21.334046089692883,21.905588652878393,2.1334046089692884,2.1797146193093173,0.0,0.0,0.0,0,0
geco_matched_plus_all_actuator_persistence_no_holdout_quality_gate,LIT101,sensor,no_holdout_quality_gate,10.0,15.0,5.0,(FIT201 - FIT101) * -0.19228067,0.40181479216081095,4.537950991815633,0.45541297011116505,73.42065496345566,80.25184951512314,7.342065496345566,80.25184951512314,0.004892002542685556,0.00037406358578859634,0.039775150222911414,7,1104
geco_matched_plus_all_actuator_persistence_no_holdout_quality_gate,FIT201,sensor,no_holdout_quality_gate,10.0,15.0,3.0,FIT301 * 0.0019161832,-0.028412093537082406,1.72743861513076,0.02363255310208697,22.033478139145313,22.387966435676617,2.2033478139145313,2.5178618086527687,0.0,0.0,0.0,0,0
geco_matched_plus_all_actuator_persistence_no_holdout_quality_gate,DPIT301,sensor,no_holdout_quality_gate,10.0,15.0,7.0,P302 - ((FIT301 * 0.4284513) - -1.027144),0.43800956563704907,25.153209621175467,0.16714296976649062,14412.077451352443,14414.584595898941,1441.2077451352443,63.35953520982656,0.0,0.0,0.0,0,0
geco_matched_plus_all_actuator_persistence_no_holdout_quality_gate,FIT301,sensor,no_holdout_quality_gate,10.0,15.0,3.0,MV303 * -0.0026802947,-0.010334711974421706,19.166696097155796,0.02845999811762023,21.260029059971053,21.686929031735357,2.1260029059971055,7.879213416431736,0.0,0.0,0.0,0,0
geco_matched_plus_all_actuator_persistence_no_holdout_quality_gate,LIT301,sensor,no_holdout_quality_gate,10.0,15.0,5.0,(FIT301 - FIT201) * -0.18929929,0.336680080211637,4.001021228958368,0.35900655586676056,34.61929007069731,40.004388408698716,3.461929007069731,40.004388408698716,0.005276517054218769,0.0005372456869715411,0.04186857918201202,6,946
geco_matched_plus_all_actuator_persistence_no_holdout_quality_gate,AIT401,sensor,no_holdout_quality_gate,10.0,15.0,9.0,(FIT301 * (MV304 * (MV304 * 1.11552225e-7))) * AIT401,-0.0007011429606935682,4.054639083289264,0.09907165330484896,1475.352886181464,1476.8389609810367,147.5352886181464,0.0,0.0,0.0,0.0,0,0
geco_matched_plus_all_actuator_persistence_no_holdout_quality_gate,LIT401,sensor,no_holdout_quality_gate,10.0,15.0,5.0,(DPIT301 * 0.022688651) - 0.38223073,0.2947958211021037,3.951397925657353,0.3366300543860994,265.77115999840424,270.82061081419573,26.577115999840423,270.82061081419573,0.033795047097471095,0.0006677913679178968,0.28957162240744333,11,14129
geco_matched_plus_all_actuator_persistence_no_holdout_quality_gate,AIT504,sensor,no_holdout_quality_gate,10.0,15.0,7.0,((FIT504 * 3.598646) - 1.1120417) * PIT502,-0.04966050508977915,38.574280505575615,0.10845552326854281,3437.710486356936,3439.3373192059644,343.7710486356936,859.0176034158073,0.0,0.0,0.0,0,0
geco_matched_plus_all_actuator_persistence_no_holdout_quality_gate,FIT501,sensor,no_holdout_quality_gate,10.0,15.0,3.0,AIT504 * 6.7863766e-6,-0.011206098840220724,34.72298697833636,0.0013179223851327868,15.784808868094178,15.80457770387117,1.5784808868094178,3.3620074419943418,0.0,0.0,0.0,0,0
geco_matched_plus_all_actuator_persistence_no_holdout_quality_gate,FIT502,sensor,no_holdout_quality_gate,10.0,15.0,5.0,(P402 - UV401) * 0.20704994,-9.542144852048295e-12,4.050449108763439,0.011624436868351438,9.618822646399327,9.793189199424598,0.9618822646399326,9.793189199424598,0.002958316848848012,0.00036904259805989033,0.022950184144213993,3,576
geco_matched_plus_all_actuator_persistence_no_holdout_quality_gate,FIT504,sensor,no_holdout_quality_gate,10.0,15.0,7.0,FIT502 * (0.006901001 - (FIT504 * 0.022353666)),0.0006818953951246431,34.63391625029279,0.0006375541651170856,6.8703040228024115,6.879867335279168,0.6870304022802411,5.456076056395104,0.0,0.0,0.0,0,0
geco_matched_plus_all_actuator_persistence_no_holdout_quality_gate,PIT503,sensor,no_holdout_quality_gate,10.0,15.0,15.0,((((UV401 * P402) * P402) + -0.97898483) * (FIT503 + -0.9433507)) * (FIT401 + -1.7066069),-0.16917589053297233,14.725584363887497,0.11122263994287224,2372.39799629986,2374.066335899003,237.239799629986,2374.066335899003,0.00011335398894909739,0.00012050370548894379,5.8150804419461134e-05,1,51
geco_matched_plus_all_actuator_persistence_no_holdout_quality_gate,FIT601,sensor,no_holdout_quality_gate,10.0,15.0,7.0,((P602 - FIT601) + -0.99994063) * FIT301,0.4916735207848195,10.255337304276727,0.01008498507082207,22.89475514628716,23.04602992234949,2.289475514628716,7.8859500276180645,0.0,0.0,0.0,0,0
geco_matched_plus_all_actuator_persistence_no_holdout_quality_gate,MV101,actuator,actuator_persistence,10.0,15.0,1.0,MV101,,,0.050778100568907185,25.937751954487425,26.69942346302103,2.5937751954487425,2.5937751954487425,0.0,0.0,0.0,0,0
geco_matched_plus_all_actuator_persistence_no_holdout_quality_gate,P101,actuator,actuator_persistence,10.0,15.0,1.0,P101,,,0.02283152133090779,9.771684786690923,10.11415760665454,0.9771684786690922,0.9771684786690922,0.0,0.0,0.0,0,0
geco_matched_plus_all_actuator_persistence_no_holdout_quality_gate,P102,actuator,actuator_persistence,10.0,15.0,1.0,P102,,,1e-06,1e-06,1.6e-05,0.0,1.6e-05,0.00026671526811552327,0.00015062963186117972,0.0011630160883892228,8,15
geco_matched_plus_all_actuator_persistence_no_holdout_quality_gate,MV201,actuator,actuator_persistence,10.0,15.0,1.0,MV201,,,0.05142405563146907,26.40031610579716,27.171676940269194,2.640031610579716,2.640031610579716,0.0,0.0,0.0,0,0
geco_matched_plus_all_actuator_persistence_no_holdout_quality_gate,P202,actuator,actuator_persistence,10.0,15.0,1.0,P202,,,1e-06,1e-06,1.6e-05,0.0,0.0,0.0,0.0,0.0,0,0
geco_matched_plus_all_actuator_persistence_no_holdout_quality_gate,P203,actuator,actuator_persistence,10.0,15.0,1.0,P203,,,0.022831521330907788,9.771684786690923,10.114157606654539,0.9771684786690922,0.9771684786690922,0.0,0.0,0.0,0,0
geco_matched_plus_all_actuator_persistence_no_holdout_quality_gate,P204,actuator,actuator_persistence,10.0,15.0,1.0,P204,,,1e-06,1e-06,1.6e-05,0.0,1.6e-05,6.667881702888082e-05,0.0,0.0005815080441946114,2,15
geco_matched_plus_all_actuator_persistence_no_holdout_quality_gate,P205,actuator,actuator_persistence,10.0,15.0,1.0,P205,,,0.024826988305938616,15.282872221871655,15.655277046460734,1.5282872221871655,0.9751730116940613,0.0,0.0,0.0,0,0
geco_matched_plus_all_actuator_persistence_no_holdout_quality_gate,P206,actuator,actuator_persistence,10.0,15.0,1.0,P206,,,1e-06,1e-06,1.6e-05,0.0,1.6e-05,6.667881702888082e-05,0.0,0.0005815080441946114,2,15
geco_matched_plus_all_actuator_persistence_no_holdout_quality_gate,MV301,actuator,actuator_persistence,10.0,15.0,1.0,MV301,,,0.05237923317467451,35.381760407903016,36.16744890552313,3.538176040790302,3.538176040790302,0.0,0.0,0.0,0,0
geco_matched_plus_all_actuator_persistence_no_holdout_quality_gate,MV302,actuator,actuator_persistence,10.0,15.0,1.0,MV302,,,0.07240099292831928,25.655940424300848,26.74195531822564,2.5655940424300847,4.18997517679202,0.0,0.0,0.0,0,0
geco_matched_plus_all_actuator_persistence_no_holdout_quality_gate,MV303,actuator,actuator_persistence,10.0,15.0,1.0,MV303,,,0.052379233174674536,25.80966134602604,26.595349843646158,2.580966134602604,2.580966134602603,0.0,0.0,0.0,0,0
geco_matched_plus_all_actuator_persistence_no_holdout_quality_gate,MV304,actuator,actuator_persistence,10.0,15.0,1.0,MV304,,,0.07247943385085219,24.926439630440353,26.013631138203134,2.4926439630440353,2.4926439630440353,0.0,0.0,0.0,0,0
geco_matched_plus_all_actuator_persistence_no_holdout_quality_gate,P301,actuator,actuator_persistence,10.0,15.0,1.0,P301,,,0.004036284484333829,24.995007239426094,25.055551506691103,2.4995007239426092,0.0,0.0,0.0,0.0,0,0
geco_matched_plus_all_actuator_persistence_no_holdout_quality_gate,P302,actuator,actuator_persistence,10.0,15.0,1.0,P302,,,0.0321976659636582,27.10221006327076,27.585175052725635,2.710221006327076,0.9678023340363417,0.0,0.0,0.0,0,0
geco_matched_plus_all_actuator_persistence_no_holdout_quality_gate,P401,actuator,actuator_persistence,10.0,15.0,1.0,P401,,,1e-06,1e-06,1.6e-05,0.0,0.0,0.0,0.0,0.0,0,0
geco_matched_plus_all_actuator_persistence_no_holdout_quality_gate,P402,actuator,actuator_persistence,10.0,15.0,1.0,P402,,,0.0014233583151173907,9.985766416848826,10.007116791575587,0.9985766416848826,9.571569147149665,0.0,0.0,0.0,0,0
geco_matched_plus_all_actuator_persistence_no_holdout_quality_gate,P403,actuator,actuator_persistence,10.0,15.0,1.0,P403,,,1e-06,1e-06,1.6e-05,0.0,1.6e-05,6.667881702888082e-05,7.531481593058986e-05,0.0,2,15
geco_matched_plus_all_actuator_persistence_no_holdout_quality_gate,P404,actuator,actuator_persistence,10.0,15.0,1.0,P404,,,1e-06,1e-06,1.6e-05,0.0,0.0,0.0,0.0,0.0,0,0
geco_matched_plus_all_actuator_persistence_no_holdout_quality_gate,UV401,actuator,actuator_persistence,10.0,15.0,1.0,UV401,,,0.001423358315117391,9.985766416848826,10.007116791575587,0.9985766416848826,2.856240810173141,0.0,0.0,0.0,0,0
geco_matched_plus_all_actuator_persistence_no_holdout_quality_gate,P501,actuator,actuator_persistence,10.0,15.0,1.0,P501,,,0.0014233583151173938,9.985766416848826,10.007116791575587,0.9985766416848826,2.856240810173141,0.0,0.0,0.0,0,0
geco_matched_plus_all_actuator_persistence_no_holdout_quality_gate,P502,actuator,actuator_persistence,10.0,15.0,1.0,P502,,,1e-06,1e-06,1.6e-05,0.0,0.0,0.0,0.0,0.0,0,0
geco_matched_plus_all_actuator_persistence_no_holdout_quality_gate,P601,actuator,actuator_persistence,10.0,15.0,1.0,P601,,,1e-06,1e-06,1.6e-05,0.0,0.0,0.0,0.0,0.0,0,0
geco_matched_plus_all_actuator_persistence_no_holdout_quality_gate,P602,actuator,actuator_persistence,10.0,15.0,1.0,P602,,,0.023252724092464913,13.024182772260522,13.372973633647495,1.3024182772260522,1.6279564145205612,0.0,0.0,0.0,0,0
geco_matched_plus_all_actuator_persistence_no_holdout_quality_gate,P603,actuator,actuator_persistence,10.0,15.0,1.0,P603,,,1e-06,1e-06,1.6e-05,0.0,0.0,0.0,0.0,0.0,0,0
geco_matched_plus_all_actuator_persistence_no_holdout_quality_gate,FIT101,sensor,no_holdout_quality_gate,10.0,25.0,5.0,(LIT101 * -5.3608805e-5) + 0.031951737,-0.02073055819816272,4.142017125521039,0.03810283754570068,21.334046089692883,22.2866170283354,2.1334046089692884,2.1797146193093173,0.0,0.0,0.0,0,0
geco_matched_plus_all_actuator_persistence_no_holdout_quality_gate,LIT101,sensor,no_holdout_quality_gate,10.0,25.0,5.0,(FIT201 - FIT101) * -0.19228067,0.40181479216081095,4.537950991815633,0.45541297011116505,73.42065496345566,84.80597921623479,7.342065496345566,84.80597921623479,0.005276517054218769,0.0006226024783595429,0.04120953673192479,7,1180
geco_matched_plus_all_actuator_persistence_no_holdout_quality_gate,FIT201,sensor,no_holdout_quality_gate,10.0,25.0,3.0,FIT301 * 0.0019161832,-0.028412093537082406,1.72743861513076,0.02363255310208697,22.033478139145313,22.624291966697488,2.2033478139145313,2.5178618086527687,0.0,0.0,0.0,0,0
geco_matched_plus_all_actuator_persistence_no_holdout_quality_gate,DPIT301,sensor,no_holdout_quality_gate,10.0,25.0,7.0,P302 - ((FIT301 * 0.4284513) - -1.027144),0.43800956563704907,25.153209621175467,0.16714296976649062,14412.077451352443,14416.256025596605,1441.2077451352443,63.35953520982656,0.0,0.0,0.0,0,0
geco_matched_plus_all_actuator_persistence_no_holdout_quality_gate,FIT301,sensor,no_holdout_quality_gate,10.0,25.0,3.0,MV303 * -0.0026802947,-0.010334711974421706,19.166696097155796,0.02845999811762023,21.260029059971053,21.97152901291156,2.1260029059971055,7.879213416431736,0.0,0.0,0.0,0,0
geco_matched_plus_all_actuator_persistence_no_holdout_quality_gate,LIT301,sensor,no_holdout_quality_gate,10.0,25.0,5.0,(FIT301 - FIT201) * -0.18929929,0.336680080211637,4.001021228958368,0.35900655586676056,34.61929007069731,43.59445396736632,3.461929007069731,43.59445396736632,0.005598798003191693,0.0008736518647948424,0.04208179879821671,6,957
geco_matched_plus_all_actuator_persistence_no_holdout_quality_gate,AIT401,sensor,no_holdout_quality_gate,10.0,25.0,9.0,(FIT301 * (MV304 * (MV304 * 1.11552225e-7))) * AIT401,-0.0007011429606935682,4.054639083289264,0.09907165330484896,1475.352886181464,1477.8296775140852,147.5352886181464,0.0,0.0,0.0,0.0,0,0
geco_matched_plus_all_actuator_persistence_no_holdout_quality_gate,LIT401,sensor,no_holdout_quality_gate,10.0,25.0,5.0,(DPIT301 * 0.022688651) - 0.38223073,0.2947958211021037,3.951397925657353,0.3366300543860994,265.77115999840424,274.1869113580567,26.577115999840423,274.1869113580567,0.0342929155979534,0.001194995079432026,0.28984299282806747,13,14184
geco_matched_plus_all_actuator_persistence_no_holdout_quality_gate,AIT504,sensor,no_holdout_quality_gate,10.0,25.0,7.0,((FIT504 * 3.598646) - 1.1120417) * PIT502,-0.04966050508977915,38.574280505575615,0.10845552326854281,3437.710486356936,3440.42187443865,343.7710486356936,859.0176034158073,0.0,0.0,0.0,0,0
geco_matched_plus_all_actuator_persistence_no_holdout_quality_gate,FIT501,sensor,no_holdout_quality_gate,10.0,25.0,3.0,AIT504 * 6.7863766e-6,-0.011206098840220724,34.72298697833636,0.0013179223851327868,15.784808868094178,15.817756927722497,1.5784808868094178,3.3620074419943418,0.0,0.0,0.0,0,0
geco_matched_plus_all_actuator_persistence_no_holdout_quality_gate,FIT502,sensor,no_holdout_quality_gate,10.0,25.0,5.0,(P402 - UV401) * 0.20704994,-9.542144852048295e-12,4.050449108763439,0.011624436868351438,9.618822646399327,9.909433568108113,0.9618822646399326,9.909433568108113,0.003085006601202886,0.0005121407483280111,0.022950184144213993,3,593
geco_matched_plus_all_actuator_persistence_no_holdout_quality_gate,FIT504,sensor,no_holdout_quality_gate,10.0,25.0,7.0,FIT502 * (0.006901001 - (FIT504 * 0.022353666)),0.0006818953951246431,34.63391625029279,0.0006375541651170856,6.8703040228024115,6.886242876930338,0.6870304022802411,5.456076056395104,0.0,0.0,0.0,0,0
geco_matched_plus_all_actuator_persistence_no_holdout_quality_gate,PIT503,sensor,no_holdout_quality_gate,10.0,25.0,15.0,((((UV401 * P402) * P402) + -0.97898483) * (FIT503 + -0.9433507)) * (FIT401 + -1.7066069),-0.16917589053297233,14.725584363887497,0.11122263994287224,2372.39799629986,2375.178562298432,237.239799629986,2375.178562298432,0.00014891602469783383,0.00016067160731859172,5.8150804419461134e-05,1,67
geco_matched_plus_all_actuator_persistence_no_holdout_quality_gate,FIT601,sensor,no_holdout_quality_gate,10.0,25.0,7.0,((P602 - FIT601) + -0.99994063) * FIT301,0.4916735207848195,10.255337304276727,0.01008498507082207,22.89475514628716,23.146879773057712,2.289475514628716,7.8859500276180645,0.0,0.0,0.0,0,0
geco_matched_plus_all_actuator_persistence_no_holdout_quality_gate,MV101,actuator,actuator_persistence,10.0,25.0,1.0,MV101,,,0.050778100568907185,25.937751954487425,27.207204468710103,2.5937751954487425,2.5937751954487425,0.0,0.0,0.0,0,0
geco_matched_plus_all_actuator_persistence_no_holdout_quality_gate,P101,actuator,actuator_persistence,10.0,25.0,1.0,P101,,,0.02283152133090779,9.771684786690923,10.342472819963618,0.9771684786690922,0.9771684786690922,0.0,0.0,0.0,0,0
geco_matched_plus_all_actuator_persistence_no_holdout_quality_gate,P102,actuator,actuator_persistence,10.0,25.0,1.0,P102,,,1e-06,1e-06,2.6e-05,0.0,2.6e-05,0.00044452544685920543,0.00025104938643529955,0.0019383601473153711,8,25
geco_matched_plus_all_actuator_persistence_no_holdout_quality_gate,MV201,actuator,actuator_persistence,10.0,25.0,1.0,MV201,,,0.05142405563146907,26.40031610579716,27.685917496583887,2.640031610579716,2.640031610579716,0.0,0.0,0.0,0,0
geco_matched_plus_all_actuator_persistence_no_holdout_quality_gate,P202,actuator,actuator_persistence,10.0,25.0,1.0,P202,,,1e-06,1e-06,2.6e-05,0.0,0.0,0.0,0.0,0.0,0,0
geco_matched_plus_all_actuator_persistence_no_holdout_quality_gate,P203,actuator,actuator_persistence,10.0,25.0,1.0,P203,,,0.022831521330907788,9.771684786690923,10.342472819963618,0.9771684786690922,0.9771684786690922,0.0,0.0,0.0,0,0
geco_matched_plus_all_actuator_persistence_no_holdout_quality_gate,P204,actuator,actuator_persistence,10.0,25.0,1.0,P204,,,1e-06,1e-06,2.6e-05,0.0,2.6e-05,0.00011113136171480136,0.0,0.0009691800736576856,2,25
geco_matched_plus_all_actuator_persistence_no_holdout_quality_gate,P205,actuator,actuator_persistence,10.0,25.0,1.0,P205,,,0.024826988305938616,15.282872221871655,15.90354692952012,1.5282872221871655,0.9751730116940613,0.0,0.0,0.0,0,0
geco_matched_plus_all_actuator_persistence_no_holdout_quality_gate,P206,actuator,actuator_persistence,10.0,25.0,1.0,P206,,,1e-06,1e-06,2.6e-05,0.0,2.6e-05,0.00011113136171480136,0.0,0.0009691800736576856,2,25
geco_matched_plus_all_actuator_persistence_no_holdout_quality_gate,MV301,actuator,actuator_persistence,10.0,25.0,1.0,MV301,,,0.05237923317467451,35.381760407903016,36.69124123726988,3.538176040790302,3.538176040790302,0.0,0.0,0.0,0,0
geco_matched_plus_all_actuator_persistence_no_holdout_quality_gate,MV302,actuator,actuator_persistence,10.0,25.0,1.0,MV302,,,0.07240099292831928,25.655940424300848,27.46596524750883,2.5655940424300847,4.18997517679202,0.0,0.0,0.0,0,0
geco_matched_plus_all_actuator_persistence_no_holdout_quality_gate,MV303,actuator,actuator_persistence,10.0,25.0,1.0,MV303,,,0.052379233174674536,25.80966134602604,27.119142175392902,2.580966134602604,2.580966134602603,0.0,0.0,0.0,0,0
geco_matched_plus_all_actuator_persistence_no_holdout_quality_gate,MV304,actuator,actuator_persistence,10.0,25.0,1.0,MV304,,,0.07247943385085219,24.926439630440353,26.738425476711658,2.4926439630440353,2.4926439630440353,0.0,0.0,0.0,0,0
geco_matched_plus_all_actuator_persistence_no_holdout_quality_gate,P301,actuator,actuator_persistence,10.0,25.0,1.0,P301,,,0.004036284484333829,24.995007239426094,25.09591435153444,2.4995007239426092,0.0,0.0,0.0,0.0,0,0
geco_matched_plus_all_actuator_persistence_no_holdout_quality_gate,P302,actuator,actuator_persistence,10.0,25.0,1.0,P302,,,0.0321976659636582,27.10221006327076,27.907151712362214,2.710221006327076,0.9678023340363417,0.0,0.0,0.0,0,0
geco_matched_plus_all_actuator_persistence_no_holdout_quality_gate,P401,actuator,actuator_persistence,10.0,25.0,1.0,P401,,,1e-06,1e-06,2.6e-05,0.0,0.0,0.0,0.0,0.0,0,0
geco_matched_plus_all_actuator_persistence_no_holdout_quality_gate,P402,actuator,actuator_persistence,10.0,25.0,1.0,P402,,,0.0014233583151173907,9.985766416848826,10.02135037472676,0.9985766416848826,9.571569147149665,0.0,0.0,0.0,0,0
geco_matched_plus_all_actuator_persistence_no_holdout_quality_gate,P403,actuator,actuator_persistence,10.0,25.0,1.0,P403,,,1e-06,1e-06,2.6e-05,0.0,2.6e-05,0.00011113136171480136,0.00012552469321764977,0.0,2,25
geco_matched_plus_all_actuator_persistence_no_holdout_quality_gate,P404,actuator,actuator_persistence,10.0,25.0,1.0,P404,,,1e-06,1e-06,2.6e-05,0.0,0.0,0.0,0.0,0.0,0,0
geco_matched_plus_all_actuator_persistence_no_holdout_quality_gate,UV401,actuator,actuator_persistence,10.0,25.0,1.0,UV401,,,0.001423358315117391,9.985766416848826,10.02135037472676,0.9985766416848826,2.856240810173141,0.0,0.0,0.0,0,0
geco_matched_plus_all_actuator_persistence_no_holdout_quality_gate,P501,actuator,actuator_persistence,10.0,25.0,1.0,P501,,,0.0014233583151173938,9.985766416848826,10.02135037472676,0.9985766416848826,2.856240810173141,0.0,0.0,0.0,0,0
geco_matched_plus_all_actuator_persistence_no_holdout_quality_gate,P502,actuator,actuator_persistence,10.0,25.0,1.0,P502,,,1e-06,1e-06,2.6e-05,0.0,0.0,0.0,0.0,0.0,0,0
geco_matched_plus_all_actuator_persistence_no_holdout_quality_gate,P601,actuator,actuator_persistence,10.0,25.0,1.0,P601,,,1e-06,1e-06,2.6e-05,0.0,0.0,0.0,0.0,0.0,0,0
geco_matched_plus_all_actuator_persistence_no_holdout_quality_gate,P602,actuator,actuator_persistence,10.0,25.0,1.0,P602,,,0.023252724092464913,13.024182772260522,13.605500874572146,1.3024182772260522,1.6279564145205612,0.0,0.0,0.0,0,0
geco_matched_plus_all_actuator_persistence_no_holdout_quality_gate,P603,actuator,actuator_persistence,10.0,25.0,1.0,P603,,,1e-06,1e-06,2.6e-05,0.0,0.0,0.0,0.0,0.0,0,0
