variant,target,variable_type,source,S,G,complexity,equation,holdout_r2,residual_tail_ratio,delta,threshold,growth_cap,max_train_cusum,max_test_cusum,total_alarm_rate,benign_alarm_rate,attack_alarm_rate,num_alarm_intervals,longest_alarm_interval
geco_matched_plus_actuator_persistence,L_T1,sensor,selected_sensor_delta,1.0,1.0,5.0,(F_PU1 * -0.018509276) - -1.8689289,0.6093577949599578,3.2443263748671884,0.20114243133850856,0.8254885801083667,1.0266310114468753,0.8254885801083667,1.0266310114468753,0.019636015325670497,0.0013572204125950054,0.1565040650406504,12,19
geco_matched_plus_actuator_persistence,L_T2,sensor,selected_sensor_delta,1.0,1.0,3.0,S_V2 + -0.7296837,0.6329362486388168,3.732356656969232,0.3918758112377071,1.0811109939262775,1.4729868051639845,1.0811109939262775,1.10903952010541,0.00023946360153256704,0.0002714440825190011,0.0,1,1
geco_matched_plus_actuator_persistence,L_T3,sensor,selected_sensor_delta,1.0,1.0,3.0,S_PU4 + -0.4228445,0.6321403815481337,6.739641591963922,0.3212550695335742,0.701833295609248,1.0230883651428222,0.701833295609248,0.6359005449073437,0.0,0.0,0.0,0,0
geco_matched_plus_actuator_persistence,L_T4,sensor,selected_sensor_delta,1.0,1.0,3.0,S_PU7 + -0.8458245,0.32571272981024224,6.371371477956238,0.5327790179687165,1.8912197357575806,2.423998753726297,1.8912197357575806,2.423998753726297,0.017001915708812262,0.0,0.1443089430894309,5,39
geco_matched_plus_actuator_persistence,L_T5,sensor,selected_sensor_delta,1.0,1.0,3.0,S_PU8 - 0.59500384,0.6858794854568699,8.380126141404594,0.39617782235066956,1.0537554648234027,1.4499332871740722,1.0537554648234027,0.8388261225535052,0.0,0.0,0.0,0,0
geco_matched_plus_actuator_persistence,L_T6,sensor,selected_sensor_delta,1.0,1.0,5.0,(L_T7 * -0.12331614) - -0.40589386,0.4130395576430216,3.9860977911077162,0.17158750089943808,0.31646509006687396,0.48805259096631204,0.31646509006687396,0.48805259096631204,0.0014367816091954023,0.0,0.012195121951219513,3,2
geco_matched_plus_actuator_persistence,L_T7,sensor,selected_sensor_delta,1.0,1.0,3.0,S_PU10 - 0.813014,0.43651015063671006,4.764365050630201,0.7253527589439241,2.027260050179336,2.75261280912326,2.027260050179336,2.75261280912326,0.0035919540229885057,0.0013572204125950054,0.02032520325203252,4,7
geco_matched_plus_actuator_persistence,F_PU1,sensor,selected_sensor_delta,1.0,1.0,3.0,L_T1 + -2.669049,0.09726981594327044,16.854552680878445,6.148236425507404,22.450271669493816,28.598508095001222,22.450271669493816,28.598508095001222,0.0011973180076628352,0.0,0.01016260162601626,2,4
geco_matched_plus_actuator_persistence,F_PU2,sensor,selected_sensor_delta,1.0,1.0,3.0,32.344326 - P_J269,0.09095408580152353,23.809450915382808,24.076309474852824,66.80930299365303,90.88561246850585,66.80930299365303,90.88561246850585,0.0004789272030651341,0.0,0.0040650406504065045,1,2
geco_matched_plus_actuator_persistence,F_PU3,sensor,selected_sensor_delta,1.0,1.0,1.0,0.0,-inf,0.0,1e-06,1e-06,2e-06,0.0,0.0,0.0,0.0,0.0,0,0
geco_matched_plus_actuator_persistence,F_PU4,sensor,selected_sensor_delta,1.0,1.0,7.0,((S_PU4 + L_T3) * -13.3848715) - -61.893787,0.5446333617168739,2.688539718614763,13.248216087853752,8.40428548620191,21.652501574055663,8.40428548620191,8.713501247502595,0.0011973180076628352,0.0008143322475570033,0.0040650406504065045,5,1
geco_matched_plus_actuator_persistence,F_PU5,sensor,selected_sensor_delta,1.0,1.0,7.0,(S_PU11 - (P_J307 * 0.09781639)) * S_PU5,-inf,0.0,1e-06,1e-06,2e-06,0.0,0.0,0.0,0.0,0.0,0,0
geco_matched_plus_actuator_persistence,F_PU6,sensor,selected_sensor_delta,1.0,1.0,3.0,S_PU6 * -15.802054,0.2495838490947454,0.0,1.3526648265693488,83.4288473914765,84.78151221804585,83.4288473914765,84.78151221804585,0.020833333333333332,0.0,0.17682926829268292,10,20
geco_matched_plus_actuator_persistence,F_PU7,sensor,selected_sensor_delta,1.0,1.0,3.0,41.705242 - F_PU7,0.37764841100804347,5.1720897103496215,25.213597292822932,63.276299831441314,88.48989712426425,63.276299831441314,88.48989712426425,0.01867816091954023,0.0002714440825190011,0.1565040650406504,2,77
geco_matched_plus_actuator_persistence,F_PU8,sensor,selected_sensor_delta,1.0,1.0,5.0,P_J302 + (L_T5 * -9.125825),0.4162477871935484,4.905129671049373,16.78591692331516,19.962357670514944,36.748274593830104,19.962357670514944,36.748274593830104,0.0040708812260536395,0.0002714440825190011,0.032520325203252036,6,6
geco_matched_plus_actuator_persistence,F_PU9,sensor,selected_sensor_delta,1.0,1.0,3.0,S_PU3 * -0.513481,-inf,0.0,1e-06,1e-06,2e-06,0.0,0.0,0.0,0.0,0.0,0,0
geco_matched_plus_actuator_persistence,F_PU10,sensor,selected_sensor_delta,1.0,1.0,3.0,67.91816 - P_J317,0.42073536588669425,10.887175664537754,15.293157883316429,28.4847787463066,43.77793662962303,28.4847787463066,43.77793662962303,0.004549808429118774,0.0,0.03861788617886179,3,10
geco_matched_plus_actuator_persistence,F_PU11,sensor,selected_sensor_delta,1.0,1.0,3.0,S_PU11 * -11.974697,-inf,0.0,0.418746930912535,41.62570958568037,42.0444565165929,41.62570958568037,42.0444565165929,0.009339080459770116,0.0005428881650380022,0.07520325203252033,8,14
geco_matched_plus_actuator_persistence,F_V2,sensor,selected_sensor_delta,1.0,1.0,5.0,L_T1 * (27.468645 - P_J300),0.21971716105443273,13.092701887049648,29.37579567072853,65.94182068153054,95.31761635225908,65.94182068153054,77.22726605495589,0.0009578544061302681,0.0005428881650380022,0.0040650406504065045,4,1
geco_matched_plus_actuator_persistence,P_J269,sensor,selected_sensor_delta,1.0,1.0,3.0,S_V2 - S_PU2,0.07579739196654967,21.918450899227214,3.4070213468145347,12.260615524523356,15.66763687133789,12.260615524523356,15.66763687133789,0.0009578544061302681,0.0,0.008130081300813009,2,3
geco_matched_plus_actuator_persistence,P_J300,sensor,selected_sensor_delta,1.0,1.0,5.0,L_T3 + (S_PU7 - 5.046974),0.272826500179711,7.331988220433037,2.1099545423828,5.421817518542516,7.5317720609253165,5.421817518542516,6.397111870120275,0.0007183908045977011,0.0002714440825190011,0.0040650406504065045,2,2
geco_matched_plus_actuator_persistence,P_J256,sensor,selected_sensor_delta,1.0,1.0,5.0,(4.201238 - L_T3) * 6.0064683,0.3197015694872337,3.904550168081942,8.431163749376763,11.319754769981275,19.750918519358038,11.319754769981275,10.390316873864949,0.0,0.0,0.0,0,0
geco_matched_plus_actuator_persistence,P_J289,sensor,selected_sensor_delta,1.0,1.0,5.0,L_T3 + (P_J300 * -0.15231189),0.25404529850996793,6.040316899547679,2.126504306095562,5.399665850933172,7.526170157028734,5.399665850933172,4.674685067619308,0.0,0.0,0.0,0,0
geco_matched_plus_actuator_persistence,P_J415,sensor,selected_sensor_delta,1.0,1.0,3.0,82.73172 - P_J415,0.4711623390450026,6.948374351067468,10.609020198594408,34.521945969158196,45.130966167752604,34.521945969158196,27.884655131755835,0.0,0.0,0.0,0,0
geco_matched_plus_actuator_persistence,P_J302,sensor,selected_sensor_delta,1.0,1.0,7.0,(S_PU8 + (L_T5 + -3.343674)) * 2.5377998,0.35730883248633993,4.438215667651566,4.24721539661027,10.038055182380404,14.285270578990673,10.038055182380404,14.285270578990673,0.013888888888888888,0.0,0.11788617886178862,17,10
geco_matched_plus_actuator_persistence,P_J306,sensor,selected_sensor_delta,1.0,1.0,5.0,(2.7484903 - L_T5) * 7.3260493,0.3262452518119333,3.602263886295136,10.582777581074764,11.853911258276726,22.43668883935149,11.853911258276726,22.43668883935149,0.0016762452107279694,0.0002714440825190011,0.012195121951219513,4,3
geco_matched_plus_actuator_persistence,P_J307,sensor,selected_sensor_delta,1.0,1.0,7.0,(L_T5 * 2.6905053) + (P_J307 * -0.3057421),0.4059912413169757,3.959460665546642,4.0887858203577006,9.143201329843244,13.231987150200943,9.143201329843244,13.231987150200943,0.016283524904214558,0.0,0.13821138211382114,12,13
geco_matched_plus_actuator_persistence,P_J317,sensor,selected_sensor_delta,1.0,1.0,3.0,67.91844 - P_J317,0.3768622058564455,4.939036745149259,7.515931709124317,30.28544990704785,37.801381616172165,30.28544990704785,37.801381616172165,0.016283524904214558,0.0016286644951140066,0.12601626016260162,2,51
geco_matched_plus_actuator_persistence,P_J14,sensor,selected_sensor_delta,1.0,1.0,5.0,(P_J422 * 0.4271824) + -12.582657,0.1636725399235337,10.745782704219174,3.605277546779343,10.701295695711334,14.306573242490677,10.701295695711334,14.306573242490677,0.005747126436781609,0.0005428881650380022,0.044715447154471545,6,7
geco_matched_plus_actuator_persistence,P_J422,sensor,selected_sensor_delta,1.0,1.0,5.0,(P_J300 * -0.15230241) + L_T3,0.2456647871840082,5.903007528222809,2.0275990476852326,5.040149754825402,7.067748802510634,5.040149754825402,4.521236868359633,0.0,0.0,0.0,0,0
geco_matched_plus_actuator_persistence,S_PU1,actuator,actuator_persistence,1.0,1.0,1.0,S_PU1,,,1e-06,1e-06,2e-06,0.0,0.0,0.0,0.0,0.0,0,0
geco_matched_plus_actuator_persistence,S_PU2,actuator,actuator_persistence,1.0,1.0,1.0,S_PU2,,,0.23580629418937082,0.7641937058106292,1.0,0.7641937058106292,1.0,0.00023946360153256704,0.0,0.0020325203252032522,1,1
geco_matched_plus_actuator_persistence,S_PU3,actuator,actuator_persistence,1.0,1.0,1.0,S_PU3,,,1e-06,1e-06,2e-06,0.0,0.0,0.0,0.0,0.0,0,0
geco_matched_plus_actuator_persistence,S_PU4,actuator,actuator_persistence,1.0,1.0,1.0,S_PU4,,,0.5393446629166316,0.46065533708336837,1.0,0.46065533708336837,0.46065533708336837,0.0,0.0,0.0,0,0
geco_matched_plus_actuator_persistence,S_PU5,actuator,actuator_persistence,1.0,1.0,1.0,S_PU5,,,1e-06,1e-06,2e-06,0.0,0.0,0.0,0.0,0.0,0,0
geco_matched_plus_actuator_persistence,S_PU6,actuator,actuator_persistence,1.0,1.0,1.0,S_PU6,,,0.04154337795149001,1.87536986614553,1.91691324409702,1.87536986614553,1.91691324409702,0.004789272030651341,0.0,0.04065040650406504,18,2
geco_matched_plus_actuator_persistence,S_PU7,actuator,actuator_persistence,1.0,1.0,1.0,S_PU7,,,0.6212850750281693,0.8935746248591534,1.5148596998873227,0.8935746248591534,1.136144774915492,0.00023946360153256704,0.0002714440825190011,0.0,1,1
geco_matched_plus_actuator_persistence,S_PU8,actuator,actuator_persistence,1.0,1.0,1.0,S_PU8,,,0.5891372357600062,0.4108627642399938,1.0,0.4108627642399938,0.4108627642399938,0.0,0.0,0.0,0,0
geco_matched_plus_actuator_persistence,S_PU9,actuator,actuator_persistence,1.0,1.0,1.0,S_PU9,,,1e-06,1e-06,2e-06,0.0,0.0,0.0,0.0,0.0,0,0
geco_matched_plus_actuator_persistence,S_PU10,actuator,actuator_persistence,1.0,1.0,1.0,S_PU10,,,0.6193381364488211,0.7613237271023579,1.380661863551179,0.7613237271023579,1.2839711813070736,0.0004789272030651341,0.0,0.0040650406504065045,1,2
geco_matched_plus_actuator_persistence,S_PU11,actuator,actuator_persistence,1.0,1.0,1.0,S_PU11,,,0.021820433909204722,1.9345386982723858,1.9563591321815905,1.9345386982723858,1.9563591321815905,0.004549808429118774,0.0002714440825190011,0.036585365853658534,15,3
geco_matched_plus_actuator_persistence,S_V2,actuator,actuator_persistence,1.0,1.0,1.0,S_V2,,,0.32293480650869044,0.6770651934913096,1.0,0.6770651934913096,0.6770651934913096,0.0,0.0,0.0,0,0
geco_matched_plus_actuator_persistence,L_T1,sensor,selected_sensor_delta,1.0,2.16,5.0,(F_PU1 * -0.018509276) - -1.8689289,0.6093577949599578,3.2443263748671884,0.20114243133850856,0.8254885801083667,1.2599562317995452,0.8254885801083667,1.2599562317995452,0.02825670498084291,0.002171552660152009,0.22357723577235772,8,38
geco_matched_plus_actuator_persistence,L_T2,sensor,selected_sensor_delta,1.0,2.16,3.0,S_V2 + -0.7296837,0.6329362486388168,3.732356656969232,0.3918758112377071,1.0811109939262775,1.927562746199725,1.0811109939262775,1.10903952010541,0.00023946360153256704,0.0002714440825190011,0.0,1,1
geco_matched_plus_actuator_persistence,L_T3,sensor,selected_sensor_delta,1.0,2.16,3.0,S_PU4 + -0.4228445,0.6321403815481337,6.739641591963922,0.3212550695335742,0.701833295609248,1.3957442458017684,0.701833295609248,0.6359005449073437,0.0,0.0,0.0,0,0
geco_matched_plus_actuator_persistence,L_T4,sensor,selected_sensor_delta,1.0,2.16,3.0,S_PU7 + -0.8458245,0.32571272981024224,6.371371477956238,0.5327790179687165,1.8912197357575806,3.0420224145700083,1.8912197357575806,3.0420224145700083,0.018917624521072797,0.0008143322475570033,0.15447154471544716,1,79
geco_matched_plus_actuator_persistence,L_T5,sensor,selected_sensor_delta,1.0,2.16,3.0,S_PU8 - 0.59500384,0.6858794854568699,8.380126141404594,0.39617782235066956,1.0537554648234027,1.909499561100849,1.0537554648234027,0.8388261225535052,0.0,0.0,0.0,0,0
geco_matched_plus_actuator_persistence,L_T6,sensor,selected_sensor_delta,1.0,2.16,5.0,(L_T7 * -0.12331614) - -0.40589386,0.4130395576430216,3.9860977911077162,0.17158750089943808,0.31646509006687396,0.6870940920096602,0.31646509006687396,0.5311594494550471,0.0016762452107279694,0.0,0.014227642276422764,3,3
geco_matched_plus_actuator_persistence,L_T7,sensor,selected_sensor_delta,1.0,2.16,3.0,S_PU10 - 0.813014,0.43651015063671006,4.764365050630201,0.7253527589439241,2.027260050179336,3.594022009498212,2.027260050179336,3.594022009498212,0.0040708812260536395,0.0013572204125950054,0.024390243902439025,3,12
geco_matched_plus_actuator_persistence,F_PU1,sensor,selected_sensor_delta,1.0,2.16,3.0,L_T1 + -2.669049,0.09726981594327044,16.854552680878445,6.148236425507404,22.450271669493816,35.73046234858981,22.450271669493816,35.73046234858981,0.0014367816091954023,0.0,0.012195121951219513,2,5
geco_matched_plus_actuator_persistence,F_PU2,sensor,selected_sensor_delta,1.0,2.16,3.0,32.344326 - P_J269,0.09095408580152353,23.809450915382808,24.076309474852824,66.80930299365303,118.81413145933513,66.80930299365303,93.94539368445032,0.0004789272030651341,0.0,0.0040650406504065045,1,2
geco_matched_plus_actuator_persistence,F_PU3,sensor,selected_sensor_delta,1.0,2.16,1.0,0.0,-inf,0.0,1e-06,1e-06,3.1600000000000002e-06,0.0,0.0,0.0,0.0,0.0,0,0
geco_matched_plus_actuator_persistence,F_PU4,sensor,selected_sensor_delta,1.0,2.16,7.0,((S_PU4 + L_T3) * -13.3848715) - -61.893787,0.5446333617168739,2.688539718614763,13.248216087853752,8.40428548620191,37.02043223596601,8.40428548620191,8.713501247502595,0.0011973180076628352,0.0008143322475570033,0.0040650406504065045,5,1
geco_matched_plus_actuator_persistence,F_PU5,sensor,selected_sensor_delta,1.0,2.16,7.0,(S_PU11 - (P_J307 * 0.09781639)) * S_PU5,-inf,0.0,1e-06,1e-06,3.1600000000000002e-06,0.0,0.0,0.0,0.0,0.0,0,0
geco_matched_plus_actuator_persistence,F_PU6,sensor,selected_sensor_delta,1.0,2.16,3.0,S_PU6 * -15.802054,0.2495838490947454,0.0,1.3526648265693488,83.4288473914765,86.35060341686629,83.4288473914765,86.35060341686629,0.02418582375478927,0.0,0.20528455284552846,4,80
geco_matched_plus_actuator_persistence,F_PU7,sensor,selected_sensor_delta,1.0,2.16,3.0,41.705242 - F_PU7,0.37764841100804347,5.1720897103496215,25.213597292822932,63.276299831441314,117.73766998393884,63.276299831441314,117.73766998393884,0.019157088122605363,0.0002714440825190011,0.16056910569105692,3,78
geco_matched_plus_actuator_persistence,F_PU8,sensor,selected_sensor_delta,1.0,2.16,5.0,P_J302 + (L_T5 * -9.125825),0.4162477871935484,4.905129671049373,16.78591692331516,19.962357670514944,56.21993822487569,19.962357670514944,56.21993822487569,0.005268199233716475,0.0002714440825190011,0.042682926829268296,6,9
geco_matched_plus_actuator_persistence,F_PU9,sensor,selected_sensor_delta,1.0,2.16,3.0,S_PU3 * -0.513481,-inf,0.0,1e-06,1e-06,3.1600000000000002e-06,0.0,0.0,0.0,0.0,0.0,0,0
geco_matched_plus_actuator_persistence,F_PU10,sensor,selected_sensor_delta,1.0,2.16,3.0,67.91816 - P_J317,0.42073536588669425,10.887175664537754,15.293157883316429,28.4847787463066,61.51799977427008,28.4847787463066,61.51799977427008,0.005028735632183908,0.0002714440825190011,0.04065040650406504,2,18
geco_matched_plus_actuator_persistence,F_PU11,sensor,selected_sensor_delta,1.0,2.16,3.0,S_PU11 * -11.974697,-inf,0.0,0.418746930912535,41.62570958568037,42.53020295645145,41.62570958568037,42.53020295645145,0.01221264367816092,0.0010857763300760044,0.09552845528455285,3,40
geco_matched_plus_actuator_persistence,F_V2,sensor,selected_sensor_delta,1.0,2.16,5.0,L_T1 * (27.468645 - P_J300),0.21971716105443273,13.092701887049648,29.37579567072853,65.94182068153054,129.39353933030418,65.94182068153054,77.22726605495589,0.0009578544061302681,0.0005428881650380022,0.0040650406504065045,4,1
geco_matched_plus_actuator_persistence,P_J269,sensor,selected_sensor_delta,1.0,2.16,3.0,S_V2 - S_PU2,0.07579739196654967,21.918450899227214,3.4070213468145347,12.260615524523356,19.619781633642752,12.260615524523356,19.619781633642752,0.0011973180076628352,0.0,0.01016260162601626,2,4
geco_matched_plus_actuator_persistence,P_J300,sensor,selected_sensor_delta,1.0,2.16,5.0,L_T3 + (S_PU7 - 5.046974),0.272826500179711,7.331988220433037,2.1099545423828,5.421817518542516,9.979319330089364,5.421817518542516,6.397111870120275,0.0007183908045977011,0.0002714440825190011,0.0040650406504065045,2,2
geco_matched_plus_actuator_persistence,P_J256,sensor,selected_sensor_delta,1.0,2.16,5.0,(4.201238 - L_T3) * 6.0064683,0.3197015694872337,3.904550168081942,8.431163749376763,11.319754769981275,29.531068468635084,11.319754769981275,10.390316873864949,0.0,0.0,0.0,0,0
geco_matched_plus_actuator_persistence,P_J289,sensor,selected_sensor_delta,1.0,2.16,5.0,L_T3 + (P_J300 * -0.15231189),0.25404529850996793,6.040316899547679,2.126504306095562,5.399665850933172,9.992915152099584,5.399665850933172,4.674685067619308,0.0,0.0,0.0,0,0
geco_matched_plus_actuator_persistence,P_J415,sensor,selected_sensor_delta,1.0,2.16,3.0,82.73172 - P_J415,0.4711623390450026,6.948374351067468,10.609020198594408,34.521945969158196,57.43742959812212,34.521945969158196,27.884655131755835,0.0,0.0,0.0,0,0
geco_matched_plus_actuator_persistence,P_J302,sensor,selected_sensor_delta,1.0,2.16,7.0,(S_PU8 + (L_T5 + -3.343674)) * 2.5377998,0.35730883248633993,4.438215667651566,4.24721539661027,10.038055182380404,19.212040439058587,10.038055182380404,19.212040439058587,0.019875478927203066,0.0002714440825190011,0.16666666666666666,8,39
geco_matched_plus_actuator_persistence,P_J306,sensor,selected_sensor_delta,1.0,2.16,5.0,(2.7484903 - L_T5) * 7.3260493,0.3262452518119333,3.602263886295136,10.582777581074764,11.853911258276726,34.71271083339822,11.853911258276726,27.939646807437626,0.0016762452107279694,0.0002714440825190011,0.012195121951219513,4,3
geco_matched_plus_actuator_persistence,P_J307,sensor,selected_sensor_delta,1.0,2.16,7.0,(L_T5 * 2.6905053) + (P_J307 * -0.3057421),0.4059912413169757,3.959460665546642,4.0887858203577006,9.143201329843244,17.97497870181588,9.143201329843244,17.97497870181588,0.0210727969348659,0.0005428881650380022,0.17479674796747968,7,42
geco_matched_plus_actuator_persistence,P_J317,sensor,selected_sensor_delta,1.0,2.16,3.0,67.91844 - P_J317,0.3768622058564455,4.939036745149259,7.515931709124317,30.28544990704785,46.51986239875637,30.28544990704785,46.51986239875637,0.017480842911877393,0.0024429967426710096,0.13008130081300814,2,54
geco_matched_plus_actuator_persistence,P_J14,sensor,selected_sensor_delta,1.0,2.16,5.0,(P_J422 * 0.4271824) + -12.582657,0.1636725399235337,10.745782704219174,3.605277546779343,10.701295695711334,18.488695196754716,10.701295695711334,18.488695196754716,0.007423371647509579,0.0005428881650380022,0.05894308943089431,6,9
geco_matched_plus_actuator_persistence,P_J422,sensor,selected_sensor_delta,1.0,2.16,5.0,(P_J300 * -0.15230241) + L_T3,0.2456647871840082,5.903007528222809,2.0275990476852326,5.040149754825402,9.419763697825505,5.040149754825402,4.521236868359633,0.0,0.0,0.0,0,0
geco_matched_plus_actuator_persistence,S_PU1,actuator,actuator_persistence,1.0,2.16,1.0,S_PU1,,,1e-06,1e-06,3.1600000000000002e-06,0.0,0.0,0.0,0.0,0.0,0,0
geco_matched_plus_actuator_persistence,S_PU2,actuator,actuator_persistence,1.0,2.16,1.0,S_PU2,,,0.23580629418937082,0.7641937058106292,1.2735353012596702,0.7641937058106292,1.2735353012596702,0.0007183908045977011,0.0,0.006097560975609756,1,3
geco_matched_plus_actuator_persistence,S_PU3,actuator,actuator_persistence,1.0,2.16,1.0,S_PU3,,,1e-06,1e-06,3.1600000000000002e-06,0.0,0.0,0.0,0.0,0.0,0,0
geco_matched_plus_actuator_persistence,S_PU4,actuator,actuator_persistence,1.0,2.16,1.0,S_PU4,,,0.5393446629166316,0.46065533708336837,1.6256398089832929,0.46065533708336837,0.46065533708336837,0.0,0.0,0.0,0,0
geco_matched_plus_actuator_persistence,S_PU5,actuator,actuator_persistence,1.0,2.16,1.0,S_PU5,,,1e-06,1e-06,3.1600000000000002e-06,0.0,0.0,0.0,0.0,0.0,0,0
geco_matched_plus_actuator_persistence,S_PU6,actuator,actuator_persistence,1.0,2.16,1.0,S_PU6,,,0.04154337795149001,1.87536986614553,1.9651035625207485,1.87536986614553,1.9651035625207485,0.011733716475095786,0.0,0.09959349593495935,11,9
geco_matched_plus_actuator_persistence,S_PU7,actuator,actuator_persistence,1.0,2.16,1.0,S_PU7,,,0.6212850750281693,0.8935746248591534,2.235550386919999,0.8935746248591534,1.136144774915492,0.00023946360153256704,0.0002714440825190011,0.0,1,1
geco_matched_plus_actuator_persistence,S_PU8,actuator,actuator_persistence,1.0,2.16,1.0,S_PU8,,,0.5891372357600062,0.4108627642399938,1.6833991934816073,0.4108627642399938,0.4108627642399938,0.0,0.0,0.0,0,0
geco_matched_plus_actuator_persistence,S_PU9,actuator,actuator_persistence,1.0,2.16,1.0,S_PU9,,,1e-06,1e-06,3.1600000000000002e-06,0.0,0.0,0.0,0.0,0.0,0,0
geco_matched_plus_actuator_persistence,S_PU10,actuator,actuator_persistence,1.0,2.16,1.0,S_PU10,,,0.6193381364488211,0.7613237271023579,2.0990941018318114,0.7613237271023579,1.2839711813070736,0.0004789272030651341,0.0,0.0040650406504065045,1,2
geco_matched_plus_actuator_persistence,S_PU11,actuator,actuator_persistence,1.0,2.16,1.0,S_PU11,,,0.021820433909204722,1.9345386982723858,1.981670835516268,1.9345386982723858,1.981670835516268,0.009818007662835249,0.0008143322475570033,0.07723577235772358,7,14
geco_matched_plus_actuator_persistence,S_V2,actuator,actuator_persistence,1.0,2.16,1.0,S_V2,,,0.32293480650869044,0.6770651934913096,1.374604375550081,0.6770651934913096,0.6770651934913096,0.0,0.0,0.0,0,0
geco_matched_plus_actuator_persistence,L_T1,sensor,selected_sensor_delta,1.0,5.0,5.0,(F_PU1 * -0.018509276) - -1.8689289,0.6093577949599578,3.2443263748671884,0.20114243133850856,0.8254885801083667,1.8312007368009096,0.8254885801083667,1.8312007368009096,0.037835249042145594,0.004343105320304018,0.2886178861788618,3,102
geco_matched_plus_actuator_persistence,L_T2,sensor,selected_sensor_delta,1.0,5.0,3.0,S_V2 + -0.7296837,0.6329362486388168,3.732356656969232,0.3918758112377071,1.0811109939262775,3.040490050114813,1.0811109939262775,1.10903952010541,0.00023946360153256704,0.0002714440825190011,0.0,1,1
geco_matched_plus_actuator_persistence,L_T3,sensor,selected_sensor_delta,1.0,5.0,3.0,S_PU4 + -0.4228445,0.6321403815481337,6.739641591963922,0.3212550695335742,0.701833295609248,2.308108643277119,0.701833295609248,0.6359005449073437,0.0,0.0,0.0,0,0
geco_matched_plus_actuator_persistence,L_T4,sensor,selected_sensor_delta,1.0,5.0,3.0,S_PU7 + -0.8458245,0.32571272981024224,6.371371477956238,0.5327790179687165,1.8912197357575806,4.555114825601163,1.8912197357575806,4.555114825601163,0.020354406130268198,0.0024429967426710096,0.15447154471544716,1,85
geco_matched_plus_actuator_persistence,L_T5,sensor,selected_sensor_delta,1.0,5.0,3.0,S_PU8 - 0.59500384,0.6858794854568699,8.380126141404594,0.39617782235066956,1.0537554648234027,3.0346445765767505,1.0537554648234027,0.8388261225535052,0.0,0.0,0.0,0,0
geco_matched_plus_actuator_persistence,L_T6,sensor,selected_sensor_delta,1.0,5.0,5.0,(L_T7 * -0.12331614) - -0.40589386,0.4130395576430216,3.9860977911077162,0.17158750089943808,0.31646509006687396,1.1744025945640644,0.31646509006687396,0.5311594494550471,0.0016762452107279694,0.0,0.014227642276422764,3,3
geco_matched_plus_actuator_persistence,L_T7,sensor,selected_sensor_delta,1.0,5.0,3.0,S_PU10 - 0.813014,0.43651015063671006,4.764365050630201,0.7253527589439241,2.027260050179336,5.654023844898957,2.027260050179336,4.601512286316876,0.006704980842911878,0.0013572204125950054,0.046747967479674794,4,18
geco_matched_plus_actuator_persistence,F_PU1,sensor,selected_sensor_delta,1.0,5.0,3.0,L_T1 + -2.669049,0.09726981594327044,16.854552680878445,6.148236425507404,22.450271669493816,53.19145379703084,22.450271669493816,53.19145379703084,0.0035919540229885057,0.0013572204125950054,0.02032520325203252,2,14
geco_matched_plus_actuator_persistence,F_PU2,sensor,selected_sensor_delta,1.0,5.0,3.0,32.344326 - P_J269,0.09095408580152353,23.809450915382808,24.076309474852824,66.80930299365303,187.19085036791716,66.80930299365303,93.94539368445032,0.0004789272030651341,0.0,0.0040650406504065045,1,2
geco_matched_plus_actuator_persistence,F_PU3,sensor,selected_sensor_delta,1.0,5.0,1.0,0.0,-inf,0.0,1e-06,1e-06,5.999999999999999e-06,0.0,0.0,0.0,0.0,0.0,0,0
geco_matched_plus_actuator_persistence,F_PU4,sensor,selected_sensor_delta,1.0,5.0,7.0,((S_PU4 + L_T3) * -13.3848715) - -61.893787,0.5446333617168739,2.688539718614763,13.248216087853752,8.40428548620191,74.64536592547067,8.40428548620191,8.713501247502595,0.0011973180076628352,0.0008143322475570033,0.0040650406504065045,5,1
geco_matched_plus_actuator_persistence,F_PU5,sensor,selected_sensor_delta,1.0,5.0,7.0,(S_PU11 - (P_J307 * 0.09781639)) * S_PU5,-inf,0.0,1e-06,1e-06,5.999999999999999e-06,0.0,0.0,0.0,0.0,0.0,0,0
geco_matched_plus_actuator_persistence,F_PU6,sensor,selected_sensor_delta,1.0,5.0,3.0,S_PU6 * -15.802054,0.2495838490947454,0.0,1.3526648265693488,83.4288473914765,90.19217152432324,83.4288473914765,90.19217152432324,0.02610153256704981,0.0010857763300760044,0.21341463414634146,4,82
geco_matched_plus_actuator_persistence,F_PU7,sensor,selected_sensor_delta,1.0,5.0,3.0,41.705242 - F_PU7,0.37764841100804347,5.1720897103496215,25.213597292822932,63.276299831441314,189.34428629555597,63.276299831441314,189.34428629555597,0.021312260536398467,0.0024429967426710096,0.16260162601626016,2,88
geco_matched_plus_actuator_persistence,F_PU8,sensor,selected_sensor_delta,1.0,5.0,5.0,P_J302 + (L_T5 * -9.125825),0.4162477871935484,4.905129671049373,16.78591692331516,19.962357670514944,103.89194228709074,19.962357670514944,57.25580288303328,0.005268199233716475,0.0002714440825190011,0.042682926829268296,6,9
geco_matched_plus_actuator_persistence,F_PU9,sensor,selected_sensor_delta,1.0,5.0,3.0,S_PU3 * -0.513481,-inf,0.0,1e-06,1e-06,5.999999999999999e-06,0.0,0.0,0.0,0.0,0.0,0,0
geco_matched_plus_actuator_persistence,F_PU10,sensor,selected_sensor_delta,1.0,5.0,3.0,67.91816 - P_J317,0.42073536588669425,10.887175664537754,15.293157883316429,28.4847787463066,104.95056816288874,28.4847787463066,104.95056816288874,0.006704980842911878,0.002171552660152009,0.04065040650406504,2,25
geco_matched_plus_actuator_persistence,F_PU11,sensor,selected_sensor_delta,1.0,5.0,3.0,S_PU11 * -11.974697,-inf,0.0,0.418746930912535,41.62570958568037,43.71944424024304,41.62570958568037,43.71944424024304,0.014128352490421455,0.0019001085776330076,0.10569105691056911,2,53
geco_matched_plus_actuator_persistence,F_V2,sensor,selected_sensor_delta,1.0,5.0,5.0,L_T1 * (27.468645 - P_J300),0.21971716105443273,13.092701887049648,29.37579567072853,65.94182068153054,212.8207990351732,65.94182068153054,77.22726605495589,0.0009578544061302681,0.0005428881650380022,0.0040650406504065045,4,1
geco_matched_plus_actuator_persistence,P_J269,sensor,selected_sensor_delta,1.0,5.0,3.0,S_V2 - S_PU2,0.07579739196654967,21.918450899227214,3.4070213468145347,12.260615524523356,29.29572225859603,12.260615524523356,29.29572225859603,0.0028735632183908046,0.0010857763300760044,0.016260162601626018,3,7
geco_matched_plus_actuator_persistence,P_J300,sensor,selected_sensor_delta,1.0,5.0,5.0,L_T3 + (S_PU7 - 5.046974),0.272826500179711,7.331988220433037,2.1099545423828,5.421817518542516,15.971590230456517,5.421817518542516,6.397111870120275,0.0007183908045977011,0.0002714440825190011,0.0040650406504065045,2,2
geco_matched_plus_actuator_persistence,P_J256,sensor,selected_sensor_delta,1.0,5.0,5.0,(4.201238 - L_T3) * 6.0064683,0.3197015694872337,3.904550168081942,8.431163749376763,11.319754769981275,53.47557351686509,11.319754769981275,10.390316873864949,0.0,0.0,0.0,0,0
geco_matched_plus_actuator_persistence,P_J289,sensor,selected_sensor_delta,1.0,5.0,5.0,L_T3 + (P_J300 * -0.15231189),0.25404529850996793,6.040316899547679,2.126504306095562,5.399665850933172,16.03218738141098,5.399665850933172,4.674685067619308,0.0,0.0,0.0,0,0
geco_matched_plus_actuator_persistence,P_J415,sensor,selected_sensor_delta,1.0,5.0,3.0,82.73172 - P_J415,0.4711623390450026,6.948374351067468,10.609020198594408,34.521945969158196,87.56704696213023,34.521945969158196,27.884655131755835,0.0,0.0,0.0,0,0
geco_matched_plus_actuator_persistence,P_J302,sensor,selected_sensor_delta,1.0,5.0,7.0,(S_PU8 + (L_T5 + -3.343674)) * 2.5377998,0.35730883248633993,4.438215667651566,4.24721539661027,10.038055182380404,31.27413216543175,10.038055182380404,31.27413216543175,0.02849616858237548,0.003257328990228013,0.21747967479674796,8,51
geco_matched_plus_actuator_persistence,P_J306,sensor,selected_sensor_delta,1.0,5.0,5.0,(2.7484903 - L_T5) * 7.3260493,0.3262452518119333,3.602263886295136,10.582777581074764,11.853911258276726,64.76779916365055,11.853911258276726,27.939646807437626,0.0016762452107279694,0.0002714440825190011,0.012195121951219513,4,3
geco_matched_plus_actuator_persistence,P_J307,sensor,selected_sensor_delta,1.0,5.0,7.0,(L_T5 * 2.6905053) + (P_J307 * -0.3057421),0.4059912413169757,3.959460665546642,4.0887858203577006,9.143201329843244,29.587130431631746,9.143201329843244,29.587130431631746,0.02993295019157088,0.003528773072747014,0.22764227642276422,6,51
geco_matched_plus_actuator_persistence,P_J317,sensor,selected_sensor_delta,1.0,5.0,3.0,67.91844 - P_J317,0.3768622058564455,4.939036745149259,7.515931709124317,30.28544990704785,67.86510845266943,30.28544990704785,67.86510845266943,0.020593869731800767,0.005971769815418024,0.13008130081300814,2,60
geco_matched_plus_actuator_persistence,P_J14,sensor,selected_sensor_delta,1.0,5.0,5.0,(P_J422 * 0.4271824) + -12.582657,0.1636725399235337,10.745782704219174,3.605277546779343,10.701295695711334,28.72768342960805,10.701295695711334,28.72768342960805,0.010775862068965518,0.0010857763300760044,0.08333333333333333,6,14
geco_matched_plus_actuator_persistence,P_J422,sensor,selected_sensor_delta,1.0,5.0,5.0,(P_J300 * -0.15230241) + L_T3,0.2456647871840082,5.903007528222809,2.0275990476852326,5.040149754825402,15.178144993251564,5.040149754825402,4.521236868359633,0.0,0.0,0.0,0,0
geco_matched_plus_actuator_persistence,S_PU1,actuator,actuator_persistence,1.0,5.0,1.0,S_PU1,,,1e-06,1e-06,5.999999999999999e-06,0.0,0.0,0.0,0.0,0.0,0,0
geco_matched_plus_actuator_persistence,S_PU2,actuator,actuator_persistence,1.0,5.0,1.0,S_PU2,,,0.23580629418937082,0.7641937058106292,1.9432251767574833,0.7641937058106292,1.2925811174318875,0.0007183908045977011,0.0,0.006097560975609756,1,3
geco_matched_plus_actuator_persistence,S_PU3,actuator,actuator_persistence,1.0,5.0,1.0,S_PU3,,,1e-06,1e-06,5.999999999999999e-06,0.0,0.0,0.0,0.0,0.0,0,0
geco_matched_plus_actuator_persistence,S_PU4,actuator,actuator_persistence,1.0,5.0,1.0,S_PU4,,,0.5393446629166316,0.46065533708336837,3.1573786516665265,0.46065533708336837,0.46065533708336837,0.0,0.0,0.0,0,0
geco_matched_plus_actuator_persistence,S_PU5,actuator,actuator_persistence,1.0,5.0,1.0,S_PU5,,,1e-06,1e-06,5.999999999999999e-06,0.0,0.0,0.0,0.0,0.0,0,0
geco_matched_plus_actuator_persistence,S_PU6,actuator,actuator_persistence,1.0,5.0,1.0,S_PU6,,,0.04154337795149001,1.87536986614553,2.08308675590298,1.87536986614553,2.08308675590298,0.017001915708812262,0.0010857763300760044,0.13617886178861788,11,11
geco_matched_plus_actuator_persistence,S_PU7,actuator,actuator_persistence,1.0,5.0,1.0,S_PU7,,,0.6212850750281693,0.8935746248591534,4.0,0.8935746248591534,1.136144774915492,0.00023946360153256704,0.0002714440825190011,0.0,1,1
geco_matched_plus_actuator_persistence,S_PU8,actuator,actuator_persistence,1.0,5.0,1.0,S_PU8,,,0.5891372357600062,0.4108627642399938,3.356548943040025,0.4108627642399938,0.4108627642399938,0.0,0.0,0.0,0,0
geco_matched_plus_actuator_persistence,S_PU9,actuator,actuator_persistence,1.0,5.0,1.0,S_PU9,,,1e-06,1e-06,5.999999999999999e-06,0.0,0.0,0.0,0.0,0.0,0,0
geco_matched_plus_actuator_persistence,S_PU10,actuator,actuator_persistence,1.0,5.0,1.0,S_PU10,,,0.6193381364488211,0.7613237271023579,3.8580144093464632,0.7613237271023579,1.2839711813070736,0.0004789272030651341,0.0,0.0040650406504065045,1,2
geco_matched_plus_actuator_persistence,S_PU11,actuator,actuator_persistence,1.0,5.0,1.0,S_PU11,,,0.021820433909204722,1.9345386982723858,2.0436408678184095,1.9345386982723858,2.0436408678184095,0.01293103448275862,0.0019001085776330076,0.09552845528455285,2,53
geco_matched_plus_actuator_persistence,S_V2,actuator,actuator_persistence,1.0,5.0,1.0,S_V2,,,0.32293480650869044,0.6770651934913096,2.2917392260347618,0.6770651934913096,0.6770651934913096,0.0,0.0,0.0,0,0
geco_matched_plus_actuator_persistence,L_T1,sensor,selected_sensor_delta,1.0,9.0,5.0,(F_PU1 * -0.018509276) - -1.8689289,0.6093577949599578,3.2443263748671884,0.20114243133850856,0.8254885801083667,2.6357704621549436,0.8254885801083667,2.6357704621549436,0.042624521072796934,0.009771986970684038,0.2886178861788618,3,113
geco_matched_plus_actuator_persistence,L_T2,sensor,selected_sensor_delta,1.0,9.0,3.0,S_V2 + -0.7296837,0.6329362486388168,3.732356656969232,0.3918758112377071,1.0811109939262775,4.607993295065642,1.0811109939262775,1.10903952010541,0.00023946360153256704,0.0002714440825190011,0.0,1,1
geco_matched_plus_actuator_persistence,L_T3,sensor,selected_sensor_delta,1.0,9.0,3.0,S_PU4 + -0.4228445,0.6321403815481337,6.739641591963922,0.3212550695335742,0.701833295609248,3.5931289214114157,0.701833295609248,0.6359005449073437,0.0,0.0,0.0,0,0
geco_matched_plus_actuator_persistence,L_T4,sensor,selected_sensor_delta,1.0,9.0,3.0,S_PU7 + -0.8458245,0.32571272981024224,6.371371477956238,0.5327790179687165,1.8912197357575806,6.68623089747603,1.8912197357575806,6.68623089747603,0.02418582375478927,0.0067861020629750276,0.15447154471544716,1,101
geco_matched_plus_actuator_persistence,L_T5,sensor,selected_sensor_delta,1.0,9.0,3.0,S_PU8 - 0.59500384,0.6858794854568699,8.380126141404594,0.39617782235066956,1.0537554648234027,4.619355865979429,1.0537554648234027,0.8388261225535052,0.0,0.0,0.0,0,0
geco_matched_plus_actuator_persistence,L_T6,sensor,selected_sensor_delta,1.0,9.0,5.0,(L_T7 * -0.12331614) - -0.40589386,0.4130395576430216,3.9860977911077162,0.17158750089943808,0.31646509006687396,1.8607525981618167,0.31646509006687396,0.5311594494550471,0.0016762452107279694,0.0,0.014227642276422764,3,3
geco_matched_plus_actuator_persistence,L_T7,sensor,selected_sensor_delta,1.0,9.0,3.0,S_PU10 - 0.813014,0.43651015063671006,4.764365050630201,0.7253527589439241,2.027260050179336,8.555434880674653,2.027260050179336,4.601512286316876,0.006704980842911878,0.0013572204125950054,0.046747967479674794,4,18
geco_matched_plus_actuator_persistence,F_PU1,sensor,selected_sensor_delta,1.0,9.0,3.0,L_T1 + -2.669049,0.09726981594327044,16.854552680878445,6.148236425507404,22.450271669493816,77.78439949906046,22.450271669493816,77.78439949906046,0.004549808429118774,0.0024429967426710096,0.02032520325203252,2,18
geco_matched_plus_actuator_persistence,F_PU2,sensor,selected_sensor_delta,1.0,9.0,3.0,32.344326 - P_J269,0.09095408580152353,23.809450915382808,24.076309474852824,66.80930299365303,283.49608826732845,66.80930299365303,93.94539368445032,0.0004789272030651341,0.0,0.0040650406504065045,1,2
geco_matched_plus_actuator_persistence,F_PU3,sensor,selected_sensor_delta,1.0,9.0,1.0,0.0,-inf,0.0,1e-06,1e-06,1e-05,0.0,0.0,0.0,0.0,0.0,0,0
geco_matched_plus_actuator_persistence,F_PU4,sensor,selected_sensor_delta,1.0,9.0,7.0,((S_PU4 + L_T3) * -13.3848715) - -61.893787,0.5446333617168739,2.688539718614763,13.248216087853752,8.40428548620191,127.63823027688568,8.40428548620191,8.713501247502595,0.0011973180076628352,0.0008143322475570033,0.0040650406504065045,5,1
geco_matched_plus_actuator_persistence,F_PU5,sensor,selected_sensor_delta,1.0,9.0,7.0,(S_PU11 - (P_J307 * 0.09781639)) * S_PU5,-inf,0.0,1e-06,1e-06,1e-05,0.0,0.0,0.0,0.0,0.0,0,0
geco_matched_plus_actuator_persistence,F_PU6,sensor,selected_sensor_delta,1.0,9.0,3.0,S_PU6 * -15.802054,0.2495838490947454,0.0,1.3526648265693488,83.4288473914765,95.60283083060064,83.4288473914765,95.60283083060064,0.02993295019157088,0.003257328990228013,0.22967479674796748,4,86
geco_matched_plus_actuator_persistence,F_PU7,sensor,selected_sensor_delta,1.0,9.0,3.0,41.705242 - F_PU7,0.37764841100804347,5.1720897103496215,25.213597292822932,63.276299831441314,290.1986754668477,63.276299831441314,290.1986754668477,0.023227969348659006,0.004614549402823019,0.16260162601626016,2,96
geco_matched_plus_actuator_persistence,F_PU8,sensor,selected_sensor_delta,1.0,9.0,5.0,P_J302 + (L_T5 * -9.125825),0.4162477871935484,4.905129671049373,16.78591692331516,19.962357670514944,171.03560998035138,19.962357670514944,57.25580288303328,0.005268199233716475,0.0002714440825190011,0.042682926829268296,6,9
geco_matched_plus_actuator_persistence,F_PU9,sensor,selected_sensor_delta,1.0,9.0,3.0,S_PU3 * -0.513481,-inf,0.0,1e-06,1e-06,1e-05,0.0,0.0,0.0,0.0,0.0,0,0
geco_matched_plus_actuator_persistence,F_PU10,sensor,selected_sensor_delta,1.0,9.0,3.0,67.91816 - P_J317,0.42073536588669425,10.887175664537754,15.293157883316429,28.4847787463066,166.12319969615447,28.4847787463066,119.08421545433647,0.006944444444444444,0.0024429967426710096,0.04065040650406504,2,26
geco_matched_plus_actuator_persistence,F_PU11,sensor,selected_sensor_delta,1.0,9.0,3.0,S_PU11 * -11.974697,-inf,0.0,0.418746930912535,41.62570958568037,45.39443196389318,41.62570958568037,45.39443196389318,0.01532567049808429,0.002985884907709012,0.10772357723577236,2,57
geco_matched_plus_actuator_persistence,F_V2,sensor,selected_sensor_delta,1.0,9.0,5.0,L_T1 * (27.468645 - P_J300),0.21971716105443273,13.092701887049648,29.37579567072853,65.94182068153054,330.3239817180873,65.94182068153054,77.22726605495589,0.0009578544061302681,0.0005428881650380022,0.0040650406504065045,4,1
geco_matched_plus_actuator_persistence,P_J269,sensor,selected_sensor_delta,1.0,9.0,3.0,S_V2 - S_PU2,0.07579739196654967,21.918450899227214,3.4070213468145347,12.260615524523356,42.92380764585417,12.260615524523356,39.11084965677091,0.0040708812260536395,0.002171552660152009,0.018292682926829267,2,16
geco_matched_plus_actuator_persistence,P_J300,sensor,selected_sensor_delta,1.0,9.0,5.0,L_T3 + (S_PU7 - 5.046974),0.272826500179711,7.331988220433037,2.1099545423828,5.421817518542516,24.41140839998772,5.421817518542516,6.397111870120275,0.0007183908045977011,0.0002714440825190011,0.0040650406504065045,2,2
geco_matched_plus_actuator_persistence,P_J256,sensor,selected_sensor_delta,1.0,9.0,5.0,(4.201238 - L_T3) * 6.0064683,0.3197015694872337,3.904550168081942,8.431163749376763,11.319754769981275,87.20022851437214,11.319754769981275,10.390316873864949,0.0,0.0,0.0,0,0
geco_matched_plus_actuator_persistence,P_J289,sensor,selected_sensor_delta,1.0,9.0,5.0,L_T3 + (P_J300 * -0.15231189),0.25404529850996793,6.040316899547679,2.126504306095562,5.399665850933172,24.53820460579323,5.399665850933172,4.674685067619308,0.0,0.0,0.0,0,0
geco_matched_plus_actuator_persistence,P_J415,sensor,selected_sensor_delta,1.0,9.0,3.0,82.73172 - P_J415,0.4711623390450026,6.948374351067468,10.609020198594408,34.521945969158196,130.00312775650787,34.521945969158196,27.884655131755835,0.0,0.0,0.0,0,0
geco_matched_plus_actuator_persistence,P_J302,sensor,selected_sensor_delta,1.0,9.0,7.0,(S_PU8 + (L_T5 + -3.343674)) * 2.5377998,0.35730883248633993,4.438215667651566,4.24721539661027,10.038055182380404,48.262993751872834,10.038055182380404,48.262993751872834,0.039990421455938695,0.009771986970684038,0.266260162601626,9,62
geco_matched_plus_actuator_persistence,P_J306,sensor,selected_sensor_delta,1.0,9.0,5.0,(2.7484903 - L_T5) * 7.3260493,0.3262452518119333,3.602263886295136,10.582777581074764,11.853911258276726,107.0989094879496,11.853911258276726,27.939646807437626,0.0016762452107279694,0.0002714440825190011,0.012195121951219513,4,3
geco_matched_plus_actuator_persistence,P_J307,sensor,selected_sensor_delta,1.0,9.0,7.0,(L_T5 * 2.6905053) + (P_J307 * -0.3057421),0.4059912413169757,3.959460665546642,4.0887858203577006,9.143201329843244,45.94227371306255,9.143201329843244,45.94227371306255,0.0421455938697318,0.009771986970684038,0.2845528455284553,10,60
geco_matched_plus_actuator_persistence,P_J317,sensor,selected_sensor_delta,1.0,9.0,3.0,67.91844 - P_J317,0.3768622058564455,4.939036745149259,7.515931709124317,30.28544990704785,97.9288352891667,30.28544990704785,97.9288352891667,0.02442528735632184,0.01031487513572204,0.13008130081300814,3,69
geco_matched_plus_actuator_persistence,P_J14,sensor,selected_sensor_delta,1.0,9.0,5.0,(P_J422 * 0.4271824) + -12.582657,0.1636725399235337,10.745782704219174,3.605277546779343,10.701295695711334,43.14879361672543,10.701295695711334,43.14879361672543,0.015565134099616858,0.0024429967426710096,0.11382113821138211,6,19
geco_matched_plus_actuator_persistence,P_J422,sensor,selected_sensor_delta,1.0,9.0,5.0,(P_J300 * -0.15230241) + L_T3,0.2456647871840082,5.903007528222809,2.0275990476852326,5.040149754825402,23.288541183992493,5.040149754825402,4.521236868359633,0.0,0.0,0.0,0,0
geco_matched_plus_actuator_persistence,S_PU1,actuator,actuator_persistence,1.0,9.0,1.0,S_PU1,,,1e-06,1e-06,1e-05,0.0,0.0,0.0,0.0,0.0,0,0
geco_matched_plus_actuator_persistence,S_PU2,actuator,actuator_persistence,1.0,9.0,1.0,S_PU2,,,0.23580629418937082,0.7641937058106292,2.8864503535149666,0.7641937058106292,1.2925811174318875,0.0007183908045977011,0.0,0.006097560975609756,1,3
geco_matched_plus_actuator_persistence,S_PU3,actuator,actuator_persistence,1.0,9.0,1.0,S_PU3,,,1e-06,1e-06,1e-05,0.0,0.0,0.0,0.0,0.0,0,0
geco_matched_plus_actuator_persistence,S_PU4,actuator,actuator_persistence,1.0,9.0,1.0,S_PU4,,,0.5393446629166316,0.46065533708336837,5.314757303333053,0.46065533708336837,0.46065533708336837,0.0,0.0,0.0,0,0
geco_matched_plus_actuator_persistence,S_PU5,actuator,actuator_persistence,1.0,9.0,1.0,S_PU5,,,1e-06,1e-06,1e-05,0.0,0.0,0.0,0.0,0.0,0,0
geco_matched_plus_actuator_persistence,S_PU6,actuator,actuator_persistence,1.0,9.0,1.0,S_PU6,,,0.04154337795149001,1.87536986614553,2.24926026770894,1.87536986614553,2.24926026770894,0.02418582375478927,0.003257328990228013,0.18089430894308944,6,23
geco_matched_plus_actuator_persistence,S_PU7,actuator,actuator_persistence,1.0,9.0,1.0,S_PU7,,,0.6212850750281693,0.8935746248591534,6.485140300112677,0.8935746248591534,1.136144774915492,0.00023946360153256704,0.0002714440825190011,0.0,1,1
geco_matched_plus_actuator_persistence,S_PU8,actuator,actuator_persistence,1.0,9.0,1.0,S_PU8,,,0.5891372357600062,0.4108627642399938,5.71309788608005,0.4108627642399938,0.4108627642399938,0.0,0.0,0.0,0,0
geco_matched_plus_actuator_persistence,S_PU9,actuator,actuator_persistence,1.0,9.0,1.0,S_PU9,,,1e-06,1e-06,1e-05,0.0,0.0,0.0,0.0,0.0,0,0
geco_matched_plus_actuator_persistence,S_PU10,actuator,actuator_persistence,1.0,9.0,1.0,S_PU10,,,0.6193381364488211,0.7613237271023579,6.3353669551417475,0.7613237271023579,1.2839711813070736,0.0004789272030651341,0.0,0.0040650406504065045,1,2
geco_matched_plus_actuator_persistence,S_PU11,actuator,actuator_persistence,1.0,9.0,1.0,S_PU11,,,0.021820433909204722,1.9345386982723858,2.1309226034552284,1.9345386982723858,2.1309226034552284,0.013888888888888888,0.002985884907709012,0.09552845528455285,2,57
geco_matched_plus_actuator_persistence,S_V2,actuator,actuator_persistence,1.0,9.0,1.0,S_V2,,,0.32293480650869044,0.6770651934913096,3.5834784520695235,0.6770651934913096,0.6770651934913096,0.0,0.0,0.0,0,0
geco_matched_plus_actuator_persistence,L_T1,sensor,selected_sensor_delta,1.39,1.0,5.0,(F_PU1 * -0.018509276) - -1.8689289,0.6093577949599578,3.2443263748671884,0.20114243133850856,1.1474291263506295,1.3485715576891382,0.8254885801083667,1.3485715576891382,0.019157088122605363,0.0013572204125950054,0.1524390243902439,12,19
geco_matched_plus_actuator_persistence,L_T2,sensor,selected_sensor_delta,1.39,1.0,3.0,S_V2 + -0.7296837,0.6329362486388168,3.732356656969232,0.3918758112377071,1.5027442815575256,1.8946200927952326,1.0811109939262775,1.10903952010541,0.0,0.0,0.0,0,0
geco_matched_plus_actuator_persistence,L_T3,sensor,selected_sensor_delta,1.39,1.0,3.0,S_PU4 + -0.4228445,0.6321403815481337,6.739641591963922,0.3212550695335742,0.9755482808968546,1.2968033504304288,0.701833295609248,0.6359005449073437,0.0,0.0,0.0,0,0
geco_matched_plus_actuator_persistence,L_T4,sensor,selected_sensor_delta,1.39,1.0,3.0,S_PU7 + -0.8458245,0.32571272981024224,6.371371477956238,0.5327790179687165,2.6287954327030367,3.161574450671753,1.8912197357575806,3.161574450671753,0.016762452107279693,0.0,0.14227642276422764,5,39
geco_matched_plus_actuator_persistence,L_T5,sensor,selected_sensor_delta,1.39,1.0,3.0,S_PU8 - 0.59500384,0.6858794854568699,8.380126141404594,0.39617782235066956,1.4647200961045297,1.8608979184551993,1.0537554648234027,0.8388261225535052,0.0,0.0,0.0,0,0
geco_matched_plus_actuator_persistence,L_T6,sensor,selected_sensor_delta,1.39,1.0,5.0,(L_T7 * -0.12331614) - -0.40589386,0.4130395576430216,3.9860977911077162,0.17158750089943808,0.43988647519295476,0.6114739760923928,0.31646509006687396,0.5311594494550471,0.0004789272030651341,0.0,0.0040650406504065045,1,2
geco_matched_plus_actuator_persistence,L_T7,sensor,selected_sensor_delta,1.39,1.0,3.0,S_PU10 - 0.813014,0.43651015063671006,4.764365050630201,0.7253527589439241,2.8178914697492767,3.543244228693201,2.027260050179336,3.543244228693201,0.0016762452107279694,0.0,0.014227642276422764,2,4
geco_matched_plus_actuator_persistence,F_PU1,sensor,selected_sensor_delta,1.39,1.0,3.0,L_T1 + -2.669049,0.09726981594327044,16.854552680878445,6.148236425507404,31.2058776205964,37.3541140461038,22.450271669493816,37.3541140461038,0.0007183908045977011,0.0,0.006097560975609756,1,3
geco_matched_plus_actuator_persistence,F_PU2,sensor,selected_sensor_delta,1.39,1.0,3.0,32.344326 - P_J269,0.09095408580152353,23.809450915382808,24.076309474852824,92.86493116117771,116.94124063603053,66.80930299365303,93.94539368445032,0.00023946360153256704,0.0,0.0020325203252032522,1,1
geco_matched_plus_actuator_persistence,F_PU3,sensor,selected_sensor_delta,1.39,1.0,1.0,0.0,-inf,0.0,1e-06,1e-06,2e-06,0.0,0.0,0.0,0.0,0.0,0,0
geco_matched_plus_actuator_persistence,F_PU4,sensor,selected_sensor_delta,1.39,1.0,7.0,((S_PU4 + L_T3) * -13.3848715) - -61.893787,0.5446333617168739,2.688539718614763,13.248216087853752,11.681956825820654,24.930172913674404,8.40428548620191,8.713501247502595,0.0,0.0,0.0,0,0
geco_matched_plus_actuator_persistence,F_PU5,sensor,selected_sensor_delta,1.39,1.0,7.0,(S_PU11 - (P_J307 * 0.09781639)) * S_PU5,-inf,0.0,1e-06,1e-06,2e-06,0.0,0.0,0.0,0.0,0.0,0,0
geco_matched_plus_actuator_persistence,F_PU6,sensor,selected_sensor_delta,1.39,1.0,3.0,S_PU6 * -15.802054,0.2495838490947454,0.0,1.3526648265693488,115.96609787415233,117.31876270072168,83.4288473914765,117.31876270072168,0.020114942528735632,0.0,0.17073170731707318,9,20
geco_matched_plus_actuator_persistence,F_PU7,sensor,selected_sensor_delta,1.39,1.0,3.0,41.705242 - F_PU7,0.37764841100804347,5.1720897103496215,25.213597292822932,87.95405676570341,113.16765405852635,63.276299831441314,113.16765405852635,0.018199233716475097,0.0,0.15447154471544716,1,76
geco_matched_plus_actuator_persistence,F_PU8,sensor,selected_sensor_delta,1.39,1.0,5.0,P_J302 + (L_T5 * -9.125825),0.4162477871935484,4.905129671049373,16.78591692331516,27.74767716201577,44.53359408533093,19.962357670514944,44.53359408533093,0.0026340996168582377,0.0,0.022357723577235773,4,5
geco_matched_plus_actuator_persistence,F_PU9,sensor,selected_sensor_delta,1.39,1.0,3.0,S_PU3 * -0.513481,-inf,0.0,1e-06,1e-06,2e-06,0.0,0.0,0.0,0.0,0.0,0,0
geco_matched_plus_actuator_persistence,F_PU10,sensor,selected_sensor_delta,1.39,1.0,3.0,67.91816 - P_J317,0.42073536588669425,10.887175664537754,15.293157883316429,39.59384245736617,54.887000340682604,28.4847787463066,54.887000340682604,0.0038314176245210726,0.0,0.032520325203252036,2,10
geco_matched_plus_actuator_persistence,F_PU11,sensor,selected_sensor_delta,1.39,1.0,3.0,S_PU11 * -11.974697,-inf,0.0,0.418746930912535,57.85973632409571,58.27848325500824,41.62570958568037,58.27848325500824,0.009099616858237548,0.0005428881650380022,0.07317073170731707,7,14
geco_matched_plus_actuator_persistence,F_V2,sensor,selected_sensor_delta,1.39,1.0,5.0,L_T1 * (27.468645 - P_J300),0.21971716105443273,13.092701887049648,29.37579567072853,91.65913074732745,121.03492641805599,65.94182068153054,77.22726605495589,0.0,0.0,0.0,0,0
geco_matched_plus_actuator_persistence,P_J269,sensor,selected_sensor_delta,1.39,1.0,3.0,S_V2 - S_PU2,0.07579739196654967,21.918450899227214,3.4070213468145347,17.042255579087463,20.449276925901998,12.260615524523356,20.449276925901998,0.0007183908045977011,0.0,0.006097560975609756,1,3
geco_matched_plus_actuator_persistence,P_J300,sensor,selected_sensor_delta,1.39,1.0,5.0,L_T3 + (S_PU7 - 5.046974),0.272826500179711,7.331988220433037,2.1099545423828,7.536326350774098,9.646280893156899,5.421817518542516,6.397111870120275,0.0,0.0,0.0,0,0
geco_matched_plus_actuator_persistence,P_J256,sensor,selected_sensor_delta,1.39,1.0,5.0,(4.201238 - L_T3) * 6.0064683,0.3197015694872337,3.904550168081942,8.431163749376763,15.73445913027397,24.165622879650734,11.319754769981275,10.390316873864949,0.0,0.0,0.0,0,0
geco_matched_plus_actuator_persistence,P_J289,sensor,selected_sensor_delta,1.39,1.0,5.0,L_T3 + (P_J300 * -0.15231189),0.25404529850996793,6.040316899547679,2.126504306095562,7.505535532797108,9.63203983889267,5.399665850933172,4.674685067619308,0.0,0.0,0.0,0,0
geco_matched_plus_actuator_persistence,P_J415,sensor,selected_sensor_delta,1.39,1.0,3.0,82.73172 - P_J415,0.4711623390450026,6.948374351067468,10.609020198594408,47.985504897129886,58.59452509572429,34.521945969158196,27.884655131755835,0.0,0.0,0.0,0,0
geco_matched_plus_actuator_persistence,P_J302,sensor,selected_sensor_delta,1.39,1.0,7.0,(S_PU8 + (L_T5 + -3.343674)) * 2.5377998,0.35730883248633993,4.438215667651566,4.24721539661027,13.952896703508761,18.200112100119032,10.038055182380404,18.200112100119032,0.013409961685823755,0.0,0.11382113821138211,16,10
geco_matched_plus_actuator_persistence,P_J306,sensor,selected_sensor_delta,1.39,1.0,5.0,(2.7484903 - L_T5) * 7.3260493,0.3262452518119333,3.602263886295136,10.582777581074764,16.47693664900465,27.059714230079415,11.853911258276726,27.059714230079415,0.0009578544061302681,0.0,0.008130081300813009,2,3
geco_matched_plus_actuator_persistence,P_J307,sensor,selected_sensor_delta,1.39,1.0,7.0,(L_T5 * 2.6905053) + (P_J307 * -0.3057421),0.4059912413169757,3.959460665546642,4.0887858203577006,12.709049848482108,16.79783566883981,9.143201329843244,16.79783566883981,0.01532567049808429,0.0,0.13008130081300814,14,10
geco_matched_plus_actuator_persistence,P_J317,sensor,selected_sensor_delta,1.39,1.0,3.0,67.91844 - P_J317,0.3768622058564455,4.939036745149259,7.515931709124317,42.09677537079651,49.612707079920824,30.28544990704785,49.612707079920824,0.015804597701149427,0.0016286644951140066,0.12195121951219512,2,51
geco_matched_plus_actuator_persistence,P_J14,sensor,selected_sensor_delta,1.39,1.0,5.0,(P_J422 * 0.4271824) + -12.582657,0.1636725399235337,10.745782704219174,3.605277546779343,14.874801017038752,18.480078563818097,10.701295695711334,18.480078563818097,0.004789272030651341,0.0,0.04065040650406504,5,6
geco_matched_plus_actuator_persistence,P_J422,sensor,selected_sensor_delta,1.39,1.0,5.0,(P_J300 * -0.15230241) + L_T3,0.2456647871840082,5.903007528222809,2.0275990476852326,7.005808159207308,9.03340720689254,5.040149754825402,4.521236868359633,0.0,0.0,0.0,0,0
geco_matched_plus_actuator_persistence,S_PU1,actuator,actuator_persistence,1.39,1.0,1.0,S_PU1,,,1e-06,1e-06,2e-06,0.0,0.0,0.0,0.0,0.0,0,0
geco_matched_plus_actuator_persistence,S_PU2,actuator,actuator_persistence,1.39,1.0,1.0,S_PU2,,,0.23580629418937082,1.0622292510767746,1.2980355452661454,0.7641937058106292,1.2925811174318875,0.00023946360153256704,0.0,0.0020325203252032522,1,1
geco_matched_plus_actuator_persistence,S_PU3,actuator,actuator_persistence,1.39,1.0,1.0,S_PU3,,,1e-06,1e-06,2e-06,0.0,0.0,0.0,0.0,0.0,0,0
geco_matched_plus_actuator_persistence,S_PU4,actuator,actuator_persistence,1.39,1.0,1.0,S_PU4,,,0.5393446629166316,0.640310918545882,1.1796555814625136,0.46065533708336837,0.46065533708336837,0.0,0.0,0.0,0,0
geco_matched_plus_actuator_persistence,S_PU5,actuator,actuator_persistence,1.39,1.0,1.0,S_PU5,,,1e-06,1e-06,2e-06,0.0,0.0,0.0,0.0,0.0,0,0
geco_matched_plus_actuator_persistence,S_PU6,actuator,actuator_persistence,1.39,1.0,1.0,S_PU6,,,0.04154337795149001,2.6067641139422864,2.6483074918937763,1.87536986614553,2.6483074918937763,0.004310344827586207,0.0,0.036585365853658534,16,2
geco_matched_plus_actuator_persistence,S_PU7,actuator,actuator_persistence,1.39,1.0,1.0,S_PU7,,,0.6212850750281693,1.2420687285542231,1.8633538035823924,0.8935746248591534,1.136144774915492,0.0,0.0,0.0,0,0
geco_matched_plus_actuator_persistence,S_PU8,actuator,actuator_persistence,1.39,1.0,1.0,S_PU8,,,0.5891372357600062,0.5710992422935913,1.1602364780535974,0.4108627642399938,0.4108627642399938,0.0,0.0,0.0,0,0
geco_matched_plus_actuator_persistence,S_PU9,actuator,actuator_persistence,1.39,1.0,1.0,S_PU9,,,1e-06,1e-06,2e-06,0.0,0.0,0.0,0.0,0.0,0,0
geco_matched_plus_actuator_persistence,S_PU10,actuator,actuator_persistence,1.39,1.0,1.0,S_PU10,,,0.6193381364488211,1.0582399806722773,1.6775781171210984,0.7613237271023579,1.2839711813070736,0.00023946360153256704,0.0,0.0020325203252032522,1,1
geco_matched_plus_actuator_persistence,S_PU11,actuator,actuator_persistence,1.39,1.0,1.0,S_PU11,,,0.021820433909204722,2.689008790598616,2.7108292245078207,1.9345386982723858,2.7108292245078207,0.004310344827586207,0.0002714440825190011,0.034552845528455285,14,3
geco_matched_plus_actuator_persistence,S_V2,actuator,actuator_persistence,1.39,1.0,1.0,S_V2,,,0.32293480650869044,0.9411206189529202,1.2640554254616108,0.6770651934913096,0.6770651934913096,0.0,0.0,0.0,0,0
geco_matched_plus_actuator_persistence,L_T1,sensor,selected_sensor_delta,1.39,2.16,5.0,(F_PU1 * -0.018509276) - -1.8689289,0.6093577949599578,3.2443263748671884,0.20114243133850856,1.1474291263506295,1.581896778041808,0.8254885801083667,1.581896778041808,0.02681992337164751,0.002171552660152009,0.21138211382113822,10,36
geco_matched_plus_actuator_persistence,L_T2,sensor,selected_sensor_delta,1.39,2.16,3.0,S_V2 + -0.7296837,0.6329362486388168,3.732356656969232,0.3918758112377071,1.5027442815575256,2.3491960338309728,1.0811109939262775,1.10903952010541,0.0,0.0,0.0,0,0
geco_matched_plus_actuator_persistence,L_T3,sensor,selected_sensor_delta,1.39,2.16,3.0,S_PU4 + -0.4228445,0.6321403815481337,6.739641591963922,0.3212550695335742,0.9755482808968546,1.669459231089375,0.701833295609248,0.6359005449073437,0.0,0.0,0.0,0,0
geco_matched_plus_actuator_persistence,L_T4,sensor,selected_sensor_delta,1.39,2.16,3.0,S_PU7 + -0.8458245,0.32571272981024224,6.371371477956238,0.5327790179687165,2.6287954327030367,3.7795981115154644,1.8912197357575806,3.7795981115154644,0.01867816091954023,0.0008143322475570033,0.1524390243902439,1,78
geco_matched_plus_actuator_persistence,L_T5,sensor,selected_sensor_delta,1.39,2.16,3.0,S_PU8 - 0.59500384,0.6858794854568699,8.380126141404594,0.39617782235066956,1.4647200961045297,2.320464192381976,1.0537554648234027,0.8388261225535052,0.0,0.0,0.0,0,0
geco_matched_plus_actuator_persistence,L_T6,sensor,selected_sensor_delta,1.39,2.16,5.0,(L_T7 * -0.12331614) - -0.40589386,0.4130395576430216,3.9860977911077162,0.17158750089943808,0.43988647519295476,0.810515477135741,0.31646509006687396,0.5311594494550471,0.0004789272030651341,0.0,0.0040650406504065045,1,2
geco_matched_plus_actuator_persistence,L_T7,sensor,selected_sensor_delta,1.39,2.16,3.0,S_PU10 - 0.813014,0.43651015063671006,4.764365050630201,0.7253527589439241,2.8178914697492767,4.384653429068153,2.027260050179336,4.384653429068153,0.0021551724137931034,0.0,0.018292682926829267,1,9
geco_matched_plus_actuator_persistence,F_PU1,sensor,selected_sensor_delta,1.39,2.16,3.0,L_T1 + -2.669049,0.09726981594327044,16.854552680878445,6.148236425507404,31.2058776205964,44.48606829969239,22.450271669493816,44.48606829969239,0.0009578544061302681,0.0,0.008130081300813009,1,4
geco_matched_plus_actuator_persistence,F_PU2,sensor,selected_sensor_delta,1.39,2.16,3.0,32.344326 - P_J269,0.09095408580152353,23.809450915382808,24.076309474852824,92.86493116117771,144.8697596268598,66.80930299365303,93.94539368445032,0.00023946360153256704,0.0,0.0020325203252032522,1,1
geco_matched_plus_actuator_persistence,F_PU3,sensor,selected_sensor_delta,1.39,2.16,1.0,0.0,-inf,0.0,1e-06,1e-06,3.1600000000000002e-06,0.0,0.0,0.0,0.0,0.0,0,0
geco_matched_plus_actuator_persistence,F_PU4,sensor,selected_sensor_delta,1.39,2.16,7.0,((S_PU4 + L_T3) * -13.3848715) - -61.893787,0.5446333617168739,2.688539718614763,13.248216087853752,11.681956825820654,40.29810357558476,8.40428548620191,8.713501247502595,0.0,0.0,0.0,0,0
geco_matched_plus_actuator_persistence,F_PU5,sensor,selected_sensor_delta,1.39,2.16,7.0,(S_PU11 - (P_J307 * 0.09781639)) * S_PU5,-inf,0.0,1e-06,1e-06,3.1600000000000002e-06,0.0,0.0,0.0,0.0,0.0,0,0
geco_matched_plus_actuator_persistence,F_PU6,sensor,selected_sensor_delta,1.39,2.16,3.0,S_PU6 * -15.802054,0.2495838490947454,0.0,1.3526648265693488,115.96609787415233,118.88785389954212,83.4288473914765,118.88785389954212,0.022988505747126436,0.0,0.1951219512195122,3,78
geco_matched_plus_actuator_persistence,F_PU7,sensor,selected_sensor_delta,1.39,2.16,3.0,41.705242 - F_PU7,0.37764841100804347,5.1720897103496215,25.213597292822932,87.95405676570341,142.41542691820095,63.276299831441314,142.41542691820095,0.01867816091954023,0.0,0.15853658536585366,2,77
geco_matched_plus_actuator_persistence,F_PU8,sensor,selected_sensor_delta,1.39,2.16,5.0,P_J302 + (L_T5 * -9.125825),0.4162477871935484,4.905129671049373,16.78591692331516,27.74767716201577,64.00525771637652,19.962357670514944,57.25580288303328,0.003352490421455939,0.0,0.028455284552845527,4,6
geco_matched_plus_actuator_persistence,F_PU9,sensor,selected_sensor_delta,1.39,2.16,3.0,S_PU3 * -0.513481,-inf,0.0,1e-06,1e-06,3.1600000000000002e-06,0.0,0.0,0.0,0.0,0.0,0,0
geco_matched_plus_actuator_persistence,F_PU10,sensor,selected_sensor_delta,1.39,2.16,3.0,67.91816 - P_J317,0.42073536588669425,10.887175664537754,15.293157883316429,39.59384245736617,72.62706348532966,28.4847787463066,72.62706348532966,0.004310344827586207,0.0002714440825190011,0.034552845528455285,1,18
geco_matched_plus_actuator_persistence,F_PU11,sensor,selected_sensor_delta,1.39,2.16,3.0,S_PU11 * -11.974697,-inf,0.0,0.418746930912535,57.85973632409571,58.764229694866785,41.62570958568037,58.764229694866785,0.011494252873563218,0.0010857763300760044,0.08943089430894309,2,40
geco_matched_plus_actuator_persistence,F_V2,sensor,selected_sensor_delta,1.39,2.16,5.0,L_T1 * (27.468645 - P_J300),0.21971716105443273,13.092701887049648,29.37579567072853,91.65913074732745,155.1108493961011,65.94182068153054,77.22726605495589,0.0,0.0,0.0,0,0
geco_matched_plus_actuator_persistence,P_J269,sensor,selected_sensor_delta,1.39,2.16,3.0,S_V2 - S_PU2,0.07579739196654967,21.918450899227214,3.4070213468145347,17.042255579087463,24.40142168820686,12.260615524523356,24.40142168820686,0.0009578544061302681,0.0,0.008130081300813009,1,4
geco_matched_plus_actuator_persistence,P_J300,sensor,selected_sensor_delta,1.39,2.16,5.0,L_T3 + (S_PU7 - 5.046974),0.272826500179711,7.331988220433037,2.1099545423828,7.536326350774098,12.093828162320946,5.421817518542516,6.397111870120275,0.0,0.0,0.0,0,0
geco_matched_plus_actuator_persistence,P_J256,sensor,selected_sensor_delta,1.39,2.16,5.0,(4.201238 - L_T3) * 6.0064683,0.3197015694872337,3.904550168081942,8.431163749376763,15.73445913027397,33.94577282892778,11.319754769981275,10.390316873864949,0.0,0.0,0.0,0,0
geco_matched_plus_actuator_persistence,P_J289,sensor,selected_sensor_delta,1.39,2.16,5.0,L_T3 + (P_J300 * -0.15231189),0.25404529850996793,6.040316899547679,2.126504306095562,7.505535532797108,12.09878483396352,5.399665850933172,4.674685067619308,0.0,0.0,0.0,0,0
geco_matched_plus_actuator_persistence,P_J415,sensor,selected_sensor_delta,1.39,2.16,3.0,82.73172 - P_J415,0.4711623390450026,6.948374351067468,10.609020198594408,47.985504897129886,70.90098852609381,34.521945969158196,27.884655131755835,0.0,0.0,0.0,0,0
geco_matched_plus_actuator_persistence,P_J302,sensor,selected_sensor_delta,1.39,2.16,7.0,(S_PU8 + (L_T5 + -3.343674)) * 2.5377998,0.35730883248633993,4.438215667651566,4.24721539661027,13.952896703508761,23.126881960186942,10.038055182380404,23.126881960186942,0.018438697318007662,0.0002714440825190011,0.15447154471544716,10,28
geco_matched_plus_actuator_persistence,P_J306,sensor,selected_sensor_delta,1.39,2.16,5.0,(2.7484903 - L_T5) * 7.3260493,0.3262452518119333,3.602263886295136,10.582777581074764,16.47693664900465,39.33573622412614,11.853911258276726,27.939646807437626,0.0009578544061302681,0.0,0.008130081300813009,2,3
geco_matched_plus_actuator_persistence,P_J307,sensor,selected_sensor_delta,1.39,2.16,7.0,(L_T5 * 2.6905053) + (P_J307 * -0.3057421),0.4059912413169757,3.959460665546642,4.0887858203577006,12.709049848482108,21.54082722045474,9.143201329843244,21.54082722045474,0.01939655172413793,0.0005428881650380022,0.16056910569105692,11,31
geco_matched_plus_actuator_persistence,P_J317,sensor,selected_sensor_delta,1.39,2.16,3.0,67.91844 - P_J317,0.3768622058564455,4.939036745149259,7.515931709124317,42.09677537079651,58.33118786250503,30.28544990704785,58.33118786250503,0.017001915708812262,0.0024429967426710096,0.12601626016260162,2,54
geco_matched_plus_actuator_persistence,P_J14,sensor,selected_sensor_delta,1.39,2.16,5.0,(P_J422 * 0.4271824) + -12.582657,0.1636725399235337,10.745782704219174,3.605277546779343,14.874801017038752,22.662200518082134,10.701295695711334,22.662200518082134,0.00646551724137931,0.0,0.054878048780487805,5,8
geco_matched_plus_actuator_persistence,P_J422,sensor,selected_sensor_delta,1.39,2.16,5.0,(P_J300 * -0.15230241) + L_T3,0.2456647871840082,5.903007528222809,2.0275990476852326,7.005808159207308,11.38542210220741,5.040149754825402,4.521236868359633,0.0,0.0,0.0,0,0
geco_matched_plus_actuator_persistence,S_PU1,actuator,actuator_persistence,1.39,2.16,1.0,S_PU1,,,1e-06,1e-06,3.1600000000000002e-06,0.0,0.0,0.0,0.0,0.0,0,0
geco_matched_plus_actuator_persistence,S_PU2,actuator,actuator_persistence,1.39,2.16,1.0,S_PU2,,,0.23580629418937082,1.0622292510767746,1.5715708465258156,0.7641937058106292,1.2925811174318875,0.00023946360153256704,0.0,0.0020325203252032522,1,1
geco_matched_plus_actuator_persistence,S_PU3,actuator,actuator_persistence,1.39,2.16,1.0,S_PU3,,,1e-06,1e-06,3.1600000000000002e-06,0.0,0.0,0.0,0.0,0.0,0,0
geco_matched_plus_actuator_persistence,S_PU4,actuator,actuator_persistence,1.39,2.16,1.0,S_PU4,,,0.5393446629166316,0.640310918545882,1.8052953904458064,0.46065533708336837,0.46065533708336837,0.0,0.0,0.0,0,0
geco_matched_plus_actuator_persistence,S_PU5,actuator,actuator_persistence,1.39,2.16,1.0,S_PU5,,,1e-06,1e-06,3.1600000000000002e-06,0.0,0.0,0.0,0.0,0.0,0,0
geco_matched_plus_actuator_persistence,S_PU6,actuator,actuator_persistence,1.39,2.16,1.0,S_PU6,,,0.04154337795149001,2.6067641139422864,2.6964978103175046,1.87536986614553,2.6964978103175046,0.010296934865900383,0.0,0.08739837398373984,9,9
geco_matched_plus_actuator_persistence,S_PU7,actuator,actuator_persistence,1.39,2.16,1.0,S_PU7,,,0.6212850750281693,1.2420687285542231,2.584044490615069,0.8935746248591534,1.136144774915492,0.0,0.0,0.0,0,0
geco_matched_plus_actuator_persistence,S_PU8,actuator,actuator_persistence,1.39,2.16,1.0,S_PU8,,,0.5891372357600062,0.5710992422935913,1.8436356715352047,0.4108627642399938,0.4108627642399938,0.0,0.0,0.0,0,0
geco_matched_plus_actuator_persistence,S_PU9,actuator,actuator_persistence,1.39,2.16,1.0,S_PU9,,,1e-06,1e-06,3.1600000000000002e-06,0.0,0.0,0.0,0.0,0.0,0,0
geco_matched_plus_actuator_persistence,S_PU10,actuator,actuator_persistence,1.39,2.16,1.0,S_PU10,,,0.6193381364488211,1.0582399806722773,2.3960103554017307,0.7613237271023579,1.2839711813070736,0.00023946360153256704,0.0,0.0020325203252032522,1,1
geco_matched_plus_actuator_persistence,S_PU11,actuator,actuator_persistence,1.39,2.16,1.0,S_PU11,,,0.021820433909204722,2.689008790598616,2.736140927842498,1.9345386982723858,2.736140927842498,0.009578544061302681,0.0008143322475570033,0.07520325203252033,6,14
geco_matched_plus_actuator_persistence,S_V2,actuator,actuator_persistence,1.39,2.16,1.0,S_V2,,,0.32293480650869044,0.9411206189529202,1.6386598010116917,0.6770651934913096,0.6770651934913096,0.0,0.0,0.0,0,0
geco_matched_plus_actuator_persistence,L_T1,sensor,selected_sensor_delta,1.39,5.0,5.0,(F_PU1 * -0.018509276) - -1.8689289,0.6093577949599578,3.2443263748671884,0.20114243133850856,1.1474291263506295,2.1531412830431726,0.8254885801083667,2.1531412830431726,0.036159003831417624,0.004343105320304018,0.27439024390243905,6,76
geco_matched_plus_actuator_persistence,L_T2,sensor,selected_sensor_delta,1.39,5.0,3.0,S_V2 + -0.7296837,0.6329362486388168,3.732356656969232,0.3918758112377071,1.5027442815575256,3.462123337746061,1.0811109939262775,1.10903952010541,0.0,0.0,0.0,0,0
geco_matched_plus_actuator_persistence,L_T3,sensor,selected_sensor_delta,1.39,5.0,3.0,S_PU4 + -0.4228445,0.6321403815481337,6.739641591963922,0.3212550695335742,0.9755482808968546,2.5818236285647256,0.701833295609248,0.6359005449073437,0.0,0.0,0.0,0,0
geco_matched_plus_actuator_persistence,L_T4,sensor,selected_sensor_delta,1.39,5.0,3.0,S_PU7 + -0.8458245,0.32571272981024224,6.371371477956238,0.5327790179687165,2.6287954327030367,5.29269052254662,1.8912197357575806,5.29269052254662,0.020114942528735632,0.0024429967426710096,0.1524390243902439,1,84
geco_matched_plus_actuator_persistence,L_T5,sensor,selected_sensor_delta,1.39,5.0,3.0,S_PU8 - 0.59500384,0.6858794854568699,8.380126141404594,0.39617782235066956,1.4647200961045297,3.4456092078578777,1.0537554648234027,0.8388261225535052,0.0,0.0,0.0,0,0
geco_matched_plus_actuator_persistence,L_T6,sensor,selected_sensor_delta,1.39,5.0,5.0,(L_T7 * -0.12331614) - -0.40589386,0.4130395576430216,3.9860977911077162,0.17158750089943808,0.43988647519295476,1.2978239796901452,0.31646509006687396,0.5311594494550471,0.0004789272030651341,0.0,0.0040650406504065045,1,2
geco_matched_plus_actuator_persistence,L_T7,sensor,selected_sensor_delta,1.39,5.0,3.0,S_PU10 - 0.813014,0.43651015063671006,4.764365050630201,0.7253527589439241,2.8178914697492767,6.4446552644688975,2.027260050179336,4.601512286316876,0.0026340996168582377,0.0,0.022357723577235773,2,10
geco_matched_plus_actuator_persistence,F_PU1,sensor,selected_sensor_delta,1.39,5.0,3.0,L_T1 + -2.669049,0.09726981594327044,16.854552680878445,6.148236425507404,31.2058776205964,61.94705974813343,22.450271669493816,61.94705974813343,0.0031130268199233715,0.0013572204125950054,0.016260162601626018,1,13
geco_matched_plus_actuator_persistence,F_PU2,sensor,selected_sensor_delta,1.39,5.0,3.0,32.344326 - P_J269,0.09095408580152353,23.809450915382808,24.076309474852824,92.86493116117771,213.24647853544184,66.80930299365303,93.94539368445032,0.00023946360153256704,0.0,0.0020325203252032522,1,1
geco_matched_plus_actuator_persistence,F_PU3,sensor,selected_sensor_delta,1.39,5.0,1.0,0.0,-inf,0.0,1e-06,1e-06,5.999999999999999e-06,0.0,0.0,0.0,0.0,0.0,0,0
geco_matched_plus_actuator_persistence,F_PU4,sensor,selected_sensor_delta,1.39,5.0,7.0,((S_PU4 + L_T3) * -13.3848715) - -61.893787,0.5446333617168739,2.688539718614763,13.248216087853752,11.681956825820654,77.9230372650894,8.40428548620191,8.713501247502595,0.0,0.0,0.0,0,0
geco_matched_plus_actuator_persistence,F_PU5,sensor,selected_sensor_delta,1.39,5.0,7.0,(S_PU11 - (P_J307 * 0.09781639)) * S_PU5,-inf,0.0,1e-06,1e-06,5.999999999999999e-06,0.0,0.0,0.0,0.0,0.0,0,0
geco_matched_plus_actuator_persistence,F_PU6,sensor,selected_sensor_delta,1.39,5.0,3.0,S_PU6 * -15.802054,0.2495838490947454,0.0,1.3526648265693488,115.96609787415233,122.72942200699907,83.4288473914765,122.72942200699907,0.02442528735632184,0.0010857763300760044,0.1991869918699187,3,80
geco_matched_plus_actuator_persistence,F_PU7,sensor,selected_sensor_delta,1.39,5.0,3.0,41.705242 - F_PU7,0.37764841100804347,5.1720897103496215,25.213597292822932,87.95405676570341,214.02204322981805,63.276299831441314,214.02204322981805,0.020833333333333332,0.002171552660152009,0.16056910569105692,1,87
geco_matched_plus_actuator_persistence,F_PU8,sensor,selected_sensor_delta,1.39,5.0,5.0,P_J302 + (L_T5 * -9.125825),0.4162477871935484,4.905129671049373,16.78591692331516,27.74767716201577,111.67726177859157,19.962357670514944,57.25580288303328,0.003352490421455939,0.0,0.028455284552845527,4,6
geco_matched_plus_actuator_persistence,F_PU9,sensor,selected_sensor_delta,1.39,5.0,3.0,S_PU3 * -0.513481,-inf,0.0,1e-06,1e-06,5.999999999999999e-06,0.0,0.0,0.0,0.0,0.0,0,0
geco_matched_plus_actuator_persistence,F_PU10,sensor,selected_sensor_delta,1.39,5.0,3.0,67.91816 - P_J317,0.42073536588669425,10.887175664537754,15.293157883316429,39.59384245736617,116.05963187394832,28.4847787463066,116.05963187394832,0.0059865900383141765,0.002171552660152009,0.034552845528455285,1,25
geco_matched_plus_actuator_persistence,F_PU11,sensor,selected_sensor_delta,1.39,5.0,3.0,S_PU11 * -11.974697,-inf,0.0,0.418746930912535,57.85973632409571,59.95347097865838,41.62570958568037,59.95347097865838,0.012691570881226053,0.0019001085776330076,0.09349593495934959,1,53
geco_matched_plus_actuator_persistence,F_V2,sensor,selected_sensor_delta,1.39,5.0,5.0,L_T1 * (27.468645 - P_J300),0.21971716105443273,13.092701887049648,29.37579567072853,91.65913074732745,238.5381091009701,65.94182068153054,77.22726605495589,0.0,0.0,0.0,0,0
geco_matched_plus_actuator_persistence,P_J269,sensor,selected_sensor_delta,1.39,5.0,3.0,S_V2 - S_PU2,0.07579739196654967,21.918450899227214,3.4070213468145347,17.042255579087463,34.07736231316014,12.260615524523356,34.07736231316014,0.0026340996168582377,0.0010857763300760044,0.014227642276422764,2,7
geco_matched_plus_actuator_persistence,P_J300,sensor,selected_sensor_delta,1.39,5.0,5.0,L_T3 + (S_PU7 - 5.046974),0.272826500179711,7.331988220433037,2.1099545423828,7.536326350774098,18.0860990626881,5.421817518542516,6.397111870120275,0.0,0.0,0.0,0,0
geco_matched_plus_actuator_persistence,P_J256,sensor,selected_sensor_delta,1.39,5.0,5.0,(4.201238 - L_T3) * 6.0064683,0.3197015694872337,3.904550168081942,8.431163749376763,15.73445913027397,57.890277877157786,11.319754769981275,10.390316873864949,0.0,0.0,0.0,0,0
geco_matched_plus_actuator_persistence,P_J289,sensor,selected_sensor_delta,1.39,5.0,5.0,L_T3 + (P_J300 * -0.15231189),0.25404529850996793,6.040316899547679,2.126504306095562,7.505535532797108,18.138057063274918,5.399665850933172,4.674685067619308,0.0,0.0,0.0,0,0
geco_matched_plus_actuator_persistence,P_J415,sensor,selected_sensor_delta,1.39,5.0,3.0,82.73172 - P_J415,0.4711623390450026,6.948374351067468,10.609020198594408,47.985504897129886,101.03060589010192,34.521945969158196,27.884655131755835,0.0,0.0,0.0,0,0
geco_matched_plus_actuator_persistence,P_J302,sensor,selected_sensor_delta,1.39,5.0,7.0,(S_PU8 + (L_T5 + -3.343674)) * 2.5377998,0.35730883248633993,4.438215667651566,4.24721539661027,13.952896703508761,35.18897368656011,10.038055182380404,35.18897368656011,0.02658045977011494,0.0027144408251900108,0.20528455284552846,10,40
geco_matched_plus_actuator_persistence,P_J306,sensor,selected_sensor_delta,1.39,5.0,5.0,(2.7484903 - L_T5) * 7.3260493,0.3262452518119333,3.602263886295136,10.582777581074764,16.47693664900465,69.39082455437847,11.853911258276726,27.939646807437626,0.0009578544061302681,0.0,0.008130081300813009,2,3
geco_matched_plus_actuator_persistence,P_J307,sensor,selected_sensor_delta,1.39,5.0,7.0,(L_T5 * 2.6905053) + (P_J307 * -0.3057421),0.4059912413169757,3.959460665546642,4.0887858203577006,12.709049848482108,33.15297895027061,9.143201329843244,33.15297895027061,0.02753831417624521,0.0027144408251900108,0.21341463414634146,10,40
geco_matched_plus_actuator_persistence,P_J317,sensor,selected_sensor_delta,1.39,5.0,3.0,67.91844 - P_J317,0.3768622058564455,4.939036745149259,7.515931709124317,42.09677537079651,79.67643391641809,30.28544990704785,79.67643391641809,0.020114942528735632,0.005971769815418024,0.12601626016260162,2,60
geco_matched_plus_actuator_persistence,P_J14,sensor,selected_sensor_delta,1.39,5.0,5.0,(P_J422 * 0.4271824) + -12.582657,0.1636725399235337,10.745782704219174,3.605277546779343,14.874801017038752,32.90118875093547,10.701295695711334,32.90118875093547,0.009818007662835249,0.0005428881650380022,0.07926829268292683,5,12
geco_matched_plus_actuator_persistence,P_J422,sensor,selected_sensor_delta,1.39,5.0,5.0,(P_J300 * -0.15230241) + L_T3,0.2456647871840082,5.903007528222809,2.0275990476852326,7.005808159207308,17.14380339763347,5.040149754825402,4.521236868359633,0.0,0.0,0.0,0,0
geco_matched_plus_actuator_persistence,S_PU1,actuator,actuator_persistence,1.39,5.0,1.0,S_PU1,,,1e-06,1e-06,5.999999999999999e-06,0.0,0.0,0.0,0.0,0.0,0,0
geco_matched_plus_actuator_persistence,S_PU2,actuator,actuator_persistence,1.39,5.0,1.0,S_PU2,,,0.23580629418937082,1.0622292510767746,2.241260722023629,0.7641937058106292,1.2925811174318875,0.00023946360153256704,0.0,0.0020325203252032522,1,1
geco_matched_plus_actuator_persistence,S_PU3,actuator,actuator_persistence,1.39,5.0,1.0,S_PU3,,,1e-06,1e-06,5.999999999999999e-06,0.0,0.0,0.0,0.0,0.0,0,0
geco_matched_plus_actuator_persistence,S_PU4,actuator,actuator_persistence,1.39,5.0,1.0,S_PU4,,,0.5393446629166316,0.640310918545882,3.33703423312904,0.46065533708336837,0.46065533708336837,0.0,0.0,0.0,0,0
geco_matched_plus_actuator_persistence,S_PU5,actuator,actuator_persistence,1.39,5.0,1.0,S_PU5,,,1e-06,1e-06,5.999999999999999e-06,0.0,0.0,0.0,0.0,0.0,0,0
geco_matched_plus_actuator_persistence,S_PU6,actuator,actuator_persistence,1.39,5.0,1.0,S_PU6,,,0.04154337795149001,2.6067641139422864,2.8144810036997363,1.87536986614553,2.8144810036997363,0.01460727969348659,0.0010857763300760044,0.11585365853658537,9,11
geco_matched_plus_actuator_persistence,S_PU7,actuator,actuator_persistence,1.39,5.0,1.0,S_PU7,,,0.6212850750281693,1.2420687285542231,4.34849410369507,0.8935746248591534,1.136144774915492,0.0,0.0,0.0,0,0
geco_matched_plus_actuator_persistence,S_PU8,actuator,actuator_persistence,1.39,5.0,1.0,S_PU8,,,0.5891372357600062,0.5710992422935913,3.5167854210936222,0.4108627642399938,0.4108627642399938,0.0,0.0,0.0,0,0
geco_matched_plus_actuator_persistence,S_PU9,actuator,actuator_persistence,1.39,5.0,1.0,S_PU9,,,1e-06,1e-06,5.999999999999999e-06,0.0,0.0,0.0,0.0,0.0,0,0
geco_matched_plus_actuator_persistence,S_PU10,actuator,actuator_persistence,1.39,5.0,1.0,S_PU10,,,0.6193381364488211,1.0582399806722773,4.1549306629163825,0.7613237271023579,1.2839711813070736,0.00023946360153256704,0.0,0.0020325203252032522,1,1
geco_matched_plus_actuator_persistence,S_PU11,actuator,actuator_persistence,1.39,5.0,1.0,S_PU11,,,0.021820433909204722,2.689008790598616,2.7981109601446397,1.9345386982723858,2.7981109601446397,0.012691570881226053,0.0019001085776330076,0.09349593495934959,1,53
geco_matched_plus_actuator_persistence,S_V2,actuator,actuator_persistence,1.39,5.0,1.0,S_V2,,,0.32293480650869044,0.9411206189529202,2.5557946514963725,0.6770651934913096,0.6770651934913096,0.0,0.0,0.0,0,0
geco_matched_plus_actuator_persistence,L_T1,sensor,selected_sensor_delta,1.39,9.0,5.0,(F_PU1 * -0.018509276) - -1.8689289,0.6093577949599578,3.2443263748671884,0.20114243133850856,1.1474291263506295,2.9577110083972067,0.8254885801083667,2.9577110083972067,0.040948275862068964,0.009771986970684038,0.27439024390243905,6,87
geco_matched_plus_actuator_persistence,L_T2,sensor,selected_sensor_delta,1.39,9.0,3.0,S_V2 + -0.7296837,0.6329362486388168,3.732356656969232,0.3918758112377071,1.5027442815575256,5.029626582696889,1.0811109939262775,1.10903952010541,0.0,0.0,0.0,0,0
geco_matched_plus_actuator_persistence,L_T3,sensor,selected_sensor_delta,1.39,9.0,3.0,S_PU4 + -0.4228445,0.6321403815481337,6.739641591963922,0.3212550695335742,0.9755482808968546,3.8668439066990223,0.701833295609248,0.6359005449073437,0.0,0.0,0.0,0,0
geco_matched_plus_actuator_persistence,L_T4,sensor,selected_sensor_delta,1.39,9.0,3.0,S_PU7 + -0.8458245,0.32571272981024224,6.371371477956238,0.5327790179687165,2.6287954327030367,7.423806594421485,1.8912197357575806,7.423806594421485,0.023946360153256706,0.0067861020629750276,0.1524390243902439,1,100
geco_matched_plus_actuator_persistence,L_T5,sensor,selected_sensor_delta,1.39,9.0,3.0,S_PU8 - 0.59500384,0.6858794854568699,8.380126141404594,0.39617782235066956,1.4647200961045297,5.030320497260556,1.0537554648234027,0.8388261225535052,0.0,0.0,0.0,0,0
geco_matched_plus_actuator_persistence,L_T6,sensor,selected_sensor_delta,1.39,9.0,5.0,(L_T7 * -0.12331614) - -0.40589386,0.4130395576430216,3.9860977911077162,0.17158750089943808,0.43988647519295476,1.9841739832878975,0.31646509006687396,0.5311594494550471,0.0004789272030651341,0.0,0.0040650406504065045,1,2
geco_matched_plus_actuator_persistence,L_T7,sensor,selected_sensor_delta,1.39,9.0,3.0,S_PU10 - 0.813014,0.43651015063671006,4.764365050630201,0.7253527589439241,2.8178914697492767,9.346066300244594,2.027260050179336,4.601512286316876,0.0026340996168582377,0.0,0.022357723577235773,2,10
geco_matched_plus_actuator_persistence,F_PU1,sensor,selected_sensor_delta,1.39,9.0,3.0,L_T1 + -2.669049,0.09726981594327044,16.854552680878445,6.148236425507404,31.2058776205964,86.54000545016304,22.450271669493816,86.54000545016304,0.0040708812260536395,0.0024429967426710096,0.016260162601626018,1,17
geco_matched_plus_actuator_persistence,F_PU2,sensor,selected_sensor_delta,1.39,9.0,3.0,32.344326 - P_J269,0.09095408580152353,23.809450915382808,24.076309474852824,92.86493116117771,309.5517164348531,66.80930299365303,93.94539368445032,0.00023946360153256704,0.0,0.0020325203252032522,1,1
geco_matched_plus_actuator_persistence,F_PU3,sensor,selected_sensor_delta,1.39,9.0,1.0,0.0,-inf,0.0,1e-06,1e-06,1e-05,0.0,0.0,0.0,0.0,0.0,0,0
geco_matched_plus_actuator_persistence,F_PU4,sensor,selected_sensor_delta,1.39,9.0,7.0,((S_PU4 + L_T3) * -13.3848715) - -61.893787,0.5446333617168739,2.688539718614763,13.248216087853752,11.681956825820654,130.9159016165044,8.40428548620191,8.713501247502595,0.0,0.0,0.0,0,0
geco_matched_plus_actuator_persistence,F_PU5,sensor,selected_sensor_delta,1.39,9.0,7.0,(S_PU11 - (P_J307 * 0.09781639)) * S_PU5,-inf,0.0,1e-06,1e-06,1e-05,0.0,0.0,0.0,0.0,0.0,0,0
geco_matched_plus_actuator_persistence,F_PU6,sensor,selected_sensor_delta,1.39,9.0,3.0,S_PU6 * -15.802054,0.2495838490947454,0.0,1.3526648265693488,115.96609787415233,128.14008131327645,83.4288473914765,128.14008131327645,0.027298850574712645,0.003257328990228013,0.2073170731707317,3,84
geco_matched_plus_actuator_persistence,F_PU7,sensor,selected_sensor_delta,1.39,9.0,3.0,41.705242 - F_PU7,0.37764841100804347,5.1720897103496215,25.213597292822932,87.95405676570341,314.8764324011098,63.276299831441314,314.8764324011098,0.02274904214559387,0.004343105320304018,0.16056910569105692,1,95
geco_matched_plus_actuator_persistence,F_PU8,sensor,selected_sensor_delta,1.39,9.0,5.0,P_J302 + (L_T5 * -9.125825),0.4162477871935484,4.905129671049373,16.78591692331516,27.74767716201577,178.82092947185222,19.962357670514944,57.25580288303328,0.003352490421455939,0.0,0.028455284552845527,4,6
geco_matched_plus_actuator_persistence,F_PU9,sensor,selected_sensor_delta,1.39,9.0,3.0,S_PU3 * -0.513481,-inf,0.0,1e-06,1e-06,1e-05,0.0,0.0,0.0,0.0,0.0,0,0
geco_matched_plus_actuator_persistence,F_PU10,sensor,selected_sensor_delta,1.39,9.0,3.0,67.91816 - P_J317,0.42073536588669425,10.887175664537754,15.293157883316429,39.59384245736617,177.23226340721405,28.4847787463066,119.08421545433647,0.0059865900383141765,0.002171552660152009,0.034552845528455285,1,25
geco_matched_plus_actuator_persistence,F_PU11,sensor,selected_sensor_delta,1.39,9.0,3.0,S_PU11 * -11.974697,-inf,0.0,0.418746930912535,57.85973632409571,61.62845870230852,41.62570958568037,61.62845870230852,0.013649425287356323,0.002985884907709012,0.09349593495934959,1,57
geco_matched_plus_actuator_persistence,F_V2,sensor,selected_sensor_delta,1.39,9.0,5.0,L_T1 * (27.468645 - P_J300),0.21971716105443273,13.092701887049648,29.37579567072853,91.65913074732745,356.04129178388416,65.94182068153054,77.22726605495589,0.0,0.0,0.0,0,0
geco_matched_plus_actuator_persistence,P_J269,sensor,selected_sensor_delta,1.39,9.0,3.0,S_V2 - S_PU2,0.07579739196654967,21.918450899227214,3.4070213468145347,17.042255579087463,47.705447700418276,12.260615524523356,39.11084965677091,0.003352490421455939,0.0016286644951140066,0.016260162601626018,1,14
geco_matched_plus_actuator_persistence,P_J300,sensor,selected_sensor_delta,1.39,9.0,5.0,L_T3 + (S_PU7 - 5.046974),0.272826500179711,7.331988220433037,2.1099545423828,7.536326350774098,26.5259172322193,5.421817518542516,6.397111870120275,0.0,0.0,0.0,0,0
geco_matched_plus_actuator_persistence,P_J256,sensor,selected_sensor_delta,1.39,9.0,5.0,(4.201238 - L_T3) * 6.0064683,0.3197015694872337,3.904550168081942,8.431163749376763,15.73445913027397,91.61493287466485,11.319754769981275,10.390316873864949,0.0,0.0,0.0,0,0
geco_matched_plus_actuator_persistence,P_J289,sensor,selected_sensor_delta,1.39,9.0,5.0,L_T3 + (P_J300 * -0.15231189),0.25404529850996793,6.040316899547679,2.126504306095562,7.505535532797108,26.644074287657165,5.399665850933172,4.674685067619308,0.0,0.0,0.0,0,0
geco_matched_plus_actuator_persistence,P_J415,sensor,selected_sensor_delta,1.39,9.0,3.0,82.73172 - P_J415,0.4711623390450026,6.948374351067468,10.609020198594408,47.985504897129886,143.46668668447955,34.521945969158196,27.884655131755835,0.0,0.0,0.0,0,0
geco_matched_plus_actuator_persistence,P_J302,sensor,selected_sensor_delta,1.39,9.0,7.0,(S_PU8 + (L_T5 + -3.343674)) * 2.5377998,0.35730883248633993,4.438215667651566,4.24721539661027,13.952896703508761,52.17783527300119,10.038055182380404,52.17783527300119,0.036877394636015325,0.008414766558089034,0.25,11,49
geco_matched_plus_actuator_persistence,P_J306,sensor,selected_sensor_delta,1.39,9.0,5.0,(2.7484903 - L_T5) * 7.3260493,0.3262452518119333,3.602263886295136,10.582777581074764,16.47693664900465,111.72193487867753,11.853911258276726,27.939646807437626,0.0009578544061302681,0.0,0.008130081300813009,2,3
geco_matched_plus_actuator_persistence,P_J307,sensor,selected_sensor_delta,1.39,9.0,7.0,(L_T5 * 2.6905053) + (P_J307 * -0.3057421),0.4059912413169757,3.959460665546642,4.0887858203577006,12.709049848482108,49.508122231701414,9.143201329843244,49.508122231701414,0.037835249042145594,0.008143322475570033,0.2601626016260163,11,51
geco_matched_plus_actuator_persistence,P_J317,sensor,selected_sensor_delta,1.39,9.0,3.0,67.91844 - P_J317,0.3768622058564455,4.939036745149259,7.515931709124317,42.09677537079651,109.74016075291536,30.28544990704785,109.74016075291536,0.023946360153256706,0.01031487513572204,0.12601626016260162,3,69
geco_matched_plus_actuator_persistence,P_J14,sensor,selected_sensor_delta,1.39,9.0,5.0,(P_J422 * 0.4271824) + -12.582657,0.1636725399235337,10.745782704219174,3.605277546779343,14.874801017038752,47.32229893805284,10.701295695711334,47.32229893805284,0.01460727969348659,0.0019001085776330076,0.10975609756097561,5,17
geco_matched_plus_actuator_persistence,P_J422,sensor,selected_sensor_delta,1.39,9.0,5.0,(P_J300 * -0.15230241) + L_T3,0.2456647871840082,5.903007528222809,2.0275990476852326,7.005808159207308,25.2541995883744,5.040149754825402,4.521236868359633,0.0,0.0,0.0,0,0
geco_matched_plus_actuator_persistence,S_PU1,actuator,actuator_persistence,1.39,9.0,1.0,S_PU1,,,1e-06,1e-06,1e-05,0.0,0.0,0.0,0.0,0.0,0,0
geco_matched_plus_actuator_persistence,S_PU2,actuator,actuator_persistence,1.39,9.0,1.0,S_PU2,,,0.23580629418937082,1.0622292510767746,3.184485898781112,0.7641937058106292,1.2925811174318875,0.00023946360153256704,0.0,0.0020325203252032522,1,1
geco_matched_plus_actuator_persistence,S_PU3,actuator,actuator_persistence,1.39,9.0,1.0,S_PU3,,,1e-06,1e-06,1e-05,0.0,0.0,0.0,0.0,0.0,0,0
geco_matched_plus_actuator_persistence,S_PU4,actuator,actuator_persistence,1.39,9.0,1.0,S_PU4,,,0.5393446629166316,0.640310918545882,5.494412884795567,0.46065533708336837,0.46065533708336837,0.0,0.0,0.0,0,0
geco_matched_plus_actuator_persistence,S_PU5,actuator,actuator_persistence,1.39,9.0,1.0,S_PU5,,,1e-06,1e-06,1e-05,0.0,0.0,0.0,0.0,0.0,0,0
geco_matched_plus_actuator_persistence,S_PU6,actuator,actuator_persistence,1.39,9.0,1.0,S_PU6,,,0.04154337795149001,2.6067641139422864,2.9806545155056963,1.87536986614553,2.9806545155056963,0.0210727969348659,0.003257328990228013,0.15447154471544716,6,23
geco_matched_plus_actuator_persistence,S_PU7,actuator,actuator_persistence,1.39,9.0,1.0,S_PU7,,,0.6212850750281693,1.2420687285542231,6.833634403807746,0.8935746248591534,1.136144774915492,0.0,0.0,0.0,0,0
geco_matched_plus_actuator_persistence,S_PU8,actuator,actuator_persistence,1.39,9.0,1.0,S_PU8,,,0.5891372357600062,0.5710992422935913,5.8733343641336475,0.4108627642399938,0.4108627642399938,0.0,0.0,0.0,0,0
geco_matched_plus_actuator_persistence,S_PU9,actuator,actuator_persistence,1.39,9.0,1.0,S_PU9,,,1e-06,1e-06,1e-05,0.0,0.0,0.0,0.0,0.0,0,0
geco_matched_plus_actuator_persistence,S_PU10,actuator,actuator_persistence,1.39,9.0,1.0,S_PU10,,,0.6193381364488211,1.0582399806722773,6.632283208711667,0.7613237271023579,1.2839711813070736,0.00023946360153256704,0.0,0.0020325203252032522,1,1
geco_matched_plus_actuator_persistence,S_PU11,actuator,actuator_persistence,1.39,9.0,1.0,S_PU11,,,0.021820433909204722,2.689008790598616,2.8853926957814586,1.9345386982723858,2.8853926957814586,0.013649425287356323,0.002985884907709012,0.09349593495934959,1,57
geco_matched_plus_actuator_persistence,S_V2,actuator,actuator_persistence,1.39,9.0,1.0,S_V2,,,0.32293480650869044,0.9411206189529202,3.8475338775311343,0.6770651934913096,0.6770651934913096,0.0,0.0,0.0,0,0
geco_matched_plus_actuator_persistence,L_T1,sensor,selected_sensor_delta,2.0,1.0,5.0,(F_PU1 * -0.018509276) - -1.8689289,0.6093577949599578,3.2443263748671884,0.20114243133850856,1.6509771602167334,1.852119591555242,0.8254885801083667,1.852119591555242,0.015086206896551725,0.0010857763300760044,0.11991869918699187,10,19
geco_matched_plus_actuator_persistence,L_T2,sensor,selected_sensor_delta,2.0,1.0,3.0,S_V2 + -0.7296837,0.6329362486388168,3.732356656969232,0.3918758112377071,2.162221987852555,2.554097799090262,1.0811109939262775,1.10903952010541,0.0,0.0,0.0,0,0
geco_matched_plus_actuator_persistence,L_T3,sensor,selected_sensor_delta,2.0,1.0,3.0,S_PU4 + -0.4228445,0.6321403815481337,6.739641591963922,0.3212550695335742,1.403666591218496,1.72492166075207,0.701833295609248,0.6359005449073437,0.0,0.0,0.0,0,0
geco_matched_plus_actuator_persistence,L_T4,sensor,selected_sensor_delta,2.0,1.0,3.0,S_PU7 + -0.8458245,0.32571272981024224,6.371371477956238,0.5327790179687165,3.7824394715151612,4.315218489483878,1.8912197357575806,4.315218489483878,0.016283524904214558,0.0,0.13821138211382114,5,39
geco_matched_plus_actuator_persistence,L_T5,sensor,selected_sensor_delta,2.0,1.0,3.0,S_PU8 - 0.59500384,0.6858794854568699,8.380126141404594,0.39617782235066956,2.1075109296468053,2.503688751997475,1.0537554648234027,0.8388261225535052,0.0,0.0,0.0,0,0
geco_matched_plus_actuator_persistence,L_T6,sensor,selected_sensor_delta,2.0,1.0,5.0,(L_T7 * -0.12331614) - -0.40589386,0.4130395576430216,3.9860977911077162,0.17158750089943808,0.6329301801337479,0.804517681033186,0.31646509006687396,0.5311594494550471,0.0,0.0,0.0,0,0
geco_matched_plus_actuator_persistence,L_T7,sensor,selected_sensor_delta,2.0,1.0,3.0,S_PU10 - 0.813014,0.43651015063671006,4.764365050630201,0.7253527589439241,4.054520100358672,4.779872859302596,2.027260050179336,4.601512286316876,0.0009578544061302681,0.0,0.008130081300813009,2,3
geco_matched_plus_actuator_persistence,F_PU1,sensor,selected_sensor_delta,2.0,1.0,3.0,L_T1 + -2.669049,0.09726981594327044,16.854552680878445,6.148236425507404,44.90054333898763,51.04877976449504,22.450271669493816,51.04877976449504,0.0004789272030651341,0.0,0.0040650406504065045,1,2
geco_matched_plus_actuator_persistence,F_PU2,sensor,selected_sensor_delta,2.0,1.0,3.0,32.344326 - P_J269,0.09095408580152353,23.809450915382808,24.076309474852824,133.61860598730607,157.6949154621589,66.80930299365303,93.94539368445032,0.0,0.0,0.0,0,0
geco_matched_plus_actuator_persistence,F_PU3,sensor,selected_sensor_delta,2.0,1.0,1.0,0.0,-inf,0.0,1e-06,1e-06,2e-06,0.0,0.0,0.0,0.0,0.0,0,0
geco_matched_plus_actuator_persistence,F_PU4,sensor,selected_sensor_delta,2.0,1.0,7.0,((S_PU4 + L_T3) * -13.3848715) - -61.893787,0.5446333617168739,2.688539718614763,13.248216087853752,16.80857097240382,30.056787060257573,8.40428548620191,8.713501247502595,0.0,0.0,0.0,0,0
geco_matched_plus_actuator_persistence,F_PU5,sensor,selected_sensor_delta,2.0,1.0,7.0,(S_PU11 - (P_J307 * 0.09781639)) * S_PU5,-inf,0.0,1e-06,1e-06,2e-06,0.0,0.0,0.0,0.0,0.0,0,0
geco_matched_plus_actuator_persistence,F_PU6,sensor,selected_sensor_delta,2.0,1.0,3.0,S_PU6 * -15.802054,0.2495838490947454,0.0,1.3526648265693488,166.857694782953,168.21035960952233,83.4288473914765,168.21035960952233,0.018199233716475097,0.0,0.15447154471544716,9,20
geco_matched_plus_actuator_persistence,F_PU7,sensor,selected_sensor_delta,2.0,1.0,3.0,41.705242 - F_PU7,0.37764841100804347,5.1720897103496215,25.213597292822932,126.55259966288263,151.76619695570557,63.276299831441314,151.76619695570557,0.017720306513409962,0.0,0.15040650406504066,1,74
geco_matched_plus_actuator_persistence,F_PU8,sensor,selected_sensor_delta,2.0,1.0,5.0,P_J302 + (L_T5 * -9.125825),0.4162477871935484,4.905129671049373,16.78591692331516,39.92471534102989,56.71063226434505,19.962357670514944,56.71063226434505,0.0019157088122605363,0.0,0.016260162601626018,3,4
geco_matched_plus_actuator_persistence,F_PU9,sensor,selected_sensor_delta,2.0,1.0,3.0,S_PU3 * -0.513481,-inf,0.0,1e-06,1e-06,2e-06,0.0,0.0,0.0,0.0,0.0,0,0
geco_matched_plus_actuator_persistence,F_PU10,sensor,selected_sensor_delta,2.0,1.0,3.0,67.91816 - P_J317,0.42073536588669425,10.887175664537754,15.293157883316429,56.9695574926132,72.26271537592963,28.4847787463066,72.26271537592963,0.0028735632183908046,0.0,0.024390243902439025,3,6
geco_matched_plus_actuator_persistence,F_PU11,sensor,selected_sensor_delta,2.0,1.0,3.0,S_PU11 * -11.974697,-inf,0.0,0.418746930912535,83.25141917136074,83.67016610227327,41.62570958568037,83.67016610227327,0.008620689655172414,0.0005428881650380022,0.06910569105691057,7,14
geco_matched_plus_actuator_persistence,F_V2,sensor,selected_sensor_delta,2.0,1.0,5.0,L_T1 * (27.468645 - P_J300),0.21971716105443273,13.092701887049648,29.37579567072853,131.8836413630611,161.25943703378962,65.94182068153054,77.22726605495589,0.0,0.0,0.0,0,0
geco_matched_plus_actuator_persistence,P_J269,sensor,selected_sensor_delta,2.0,1.0,3.0,S_V2 - S_PU2,0.07579739196654967,21.918450899227214,3.4070213468145347,24.521231049046712,27.928252395861247,12.260615524523356,27.928252395861247,0.0004789272030651341,0.0,0.0040650406504065045,1,2
geco_matched_plus_actuator_persistence,P_J300,sensor,selected_sensor_delta,2.0,1.0,5.0,L_T3 + (S_PU7 - 5.046974),0.272826500179711,7.331988220433037,2.1099545423828,10.843635037085033,12.953589579467833,5.421817518542516,6.397111870120275,0.0,0.0,0.0,0,0
geco_matched_plus_actuator_persistence,P_J256,sensor,selected_sensor_delta,2.0,1.0,5.0,(4.201238 - L_T3) * 6.0064683,0.3197015694872337,3.904550168081942,8.431163749376763,22.63950953996255,31.07067328933931,11.319754769981275,10.390316873864949,0.0,0.0,0.0,0,0
geco_matched_plus_actuator_persistence,P_J289,sensor,selected_sensor_delta,2.0,1.0,5.0,L_T3 + (P_J300 * -0.15231189),0.25404529850996793,6.040316899547679,2.126504306095562,10.799331701866343,12.925836007961905,5.399665850933172,4.674685067619308,0.0,0.0,0.0,0,0
geco_matched_plus_actuator_persistence,P_J415,sensor,selected_sensor_delta,2.0,1.0,3.0,82.73172 - P_J415,0.4711623390450026,6.948374351067468,10.609020198594408,69.04389193831639,79.6529121369108,34.521945969158196,27.884655131755835,0.0,0.0,0.0,0,0
geco_matched_plus_actuator_persistence,P_J302,sensor,selected_sensor_delta,2.0,1.0,7.0,(S_PU8 + (L_T5 + -3.343674)) * 2.5377998,0.35730883248633993,4.438215667651566,4.24721539661027,20.076110364760808,24.323325761371077,10.038055182380404,24.323325761371077,0.010057471264367816,0.0,0.08536585365853659,14,8
geco_matched_plus_actuator_persistence,P_J306,sensor,selected_sensor_delta,2.0,1.0,5.0,(2.7484903 - L_T5) * 7.3260493,0.3262452518119333,3.602263886295136,10.582777581074764,23.707822516553453,34.290600097628214,11.853911258276726,27.939646807437626,0.00023946360153256704,0.0,0.0020325203252032522,1,1
geco_matched_plus_actuator_persistence,P_J307,sensor,selected_sensor_delta,2.0,1.0,7.0,(L_T5 * 2.6905053) + (P_J307 * -0.3057421),0.4059912413169757,3.959460665546642,4.0887858203577006,18.286402659686487,22.375188480044187,9.143201329843244,22.375188480044187,0.01293103448275862,0.0,0.10975609756097561,10,9
geco_matched_plus_actuator_persistence,P_J317,sensor,selected_sensor_delta,2.0,1.0,3.0,67.91844 - P_J317,0.3768622058564455,4.939036745149259,7.515931709124317,60.5708998140957,68.08683152322001,30.28544990704785,68.08683152322001,0.01460727969348659,0.0016286644951140066,0.11178861788617886,2,47
geco_matched_plus_actuator_persistence,P_J14,sensor,selected_sensor_delta,2.0,1.0,5.0,(P_J422 * 0.4271824) + -12.582657,0.1636725399235337,10.745782704219174,3.605277546779343,21.402591391422668,25.007868938202012,10.701295695711334,25.007868938202012,0.003352490421455939,0.0,0.028455284552845527,4,6
geco_matched_plus_actuator_persistence,P_J422,sensor,selected_sensor_delta,2.0,1.0,5.0,(P_J300 * -0.15230241) + L_T3,0.2456647871840082,5.903007528222809,2.0275990476852326,10.080299509650803,12.107898557336036,5.040149754825402,4.521236868359633,0.0,0.0,0.0,0,0
geco_matched_plus_actuator_persistence,S_PU1,actuator,actuator_persistence,2.0,1.0,1.0,S_PU1,,,1e-06,1e-06,2e-06,0.0,0.0,0.0,0.0,0.0,0,0
geco_matched_plus_actuator_persistence,S_PU2,actuator,actuator_persistence,2.0,1.0,1.0,S_PU2,,,0.23580629418937082,1.5283874116212584,1.7641937058106292,0.7641937058106292,1.2925811174318875,0.0,0.0,0.0,0,0
geco_matched_plus_actuator_persistence,S_PU3,actuator,actuator_persistence,2.0,1.0,1.0,S_PU3,,,1e-06,1e-06,2e-06,0.0,0.0,0.0,0.0,0.0,0,0
geco_matched_plus_actuator_persistence,S_PU4,actuator,actuator_persistence,2.0,1.0,1.0,S_PU4,,,0.5393446629166316,0.9213106741667367,1.4606553370833684,0.46065533708336837,0.46065533708336837,0.0,0.0,0.0,0,0
geco_matched_plus_actuator_persistence,S_PU5,actuator,actuator_persistence,2.0,1.0,1.0,S_PU5,,,1e-06,1e-06,2e-06,0.0,0.0,0.0,0.0,0.0,0,0
geco_matched_plus_actuator_persistence,S_PU6,actuator,actuator_persistence,2.0,1.0,1.0,S_PU6,,,0.04154337795149001,3.75073973229106,3.79228311024255,1.87536986614553,3.79228311024255,0.0035919540229885057,0.0,0.03048780487804878,14,2
geco_matched_plus_actuator_persistence,S_PU7,actuator,actuator_persistence,2.0,1.0,1.0,S_PU7,,,0.6212850750281693,1.7871492497183068,2.408434324746476,0.8935746248591534,1.136144774915492,0.0,0.0,0.0,0,0
geco_matched_plus_actuator_persistence,S_PU8,actuator,actuator_persistence,2.0,1.0,1.0,S_PU8,,,0.5891372357600062,0.8217255284799876,1.4108627642399938,0.4108627642399938,0.4108627642399938,0.0,0.0,0.0,0,0
geco_matched_plus_actuator_persistence,S_PU9,actuator,actuator_persistence,2.0,1.0,1.0,S_PU9,,,1e-06,1e-06,2e-06,0.0,0.0,0.0,0.0,0.0,0,0
geco_matched_plus_actuator_persistence,S_PU10,actuator,actuator_persistence,2.0,1.0,1.0,S_PU10,,,0.6193381364488211,1.5226474542047157,2.1419855906535368,0.7613237271023579,1.2839711813070736,0.0,0.0,0.0,0,0
geco_matched_plus_actuator_persistence,S_PU11,actuator,actuator_persistence,2.0,1.0,1.0,S_PU11,,,0.021820433909204722,3.8690773965447716,3.890897830453976,1.9345386982723858,3.890897830453976,0.0038314176245210726,0.0002714440825190011,0.03048780487804878,12,3
geco_matched_plus_actuator_persistence,S_V2,actuator,actuator_persistence,2.0,1.0,1.0,S_V2,,,0.32293480650869044,1.3541303869826191,1.6770651934913094,0.6770651934913096,0.6770651934913096,0.0,0.0,0.0,0,0
geco_matched_plus_actuator_persistence,L_T1,sensor,selected_sensor_delta,2.0,2.16,5.0,(F_PU1 * -0.018509276) - -1.8689289,0.6093577949599578,3.2443263748671884,0.20114243133850856,1.6509771602167334,2.085444811907912,0.8254885801083667,2.085444811907912,0.0210727969348659,0.0019001085776330076,0.16463414634146342,11,29
geco_matched_plus_actuator_persistence,L_T2,sensor,selected_sensor_delta,2.0,2.16,3.0,S_V2 + -0.7296837,0.6329362486388168,3.732356656969232,0.3918758112377071,2.162221987852555,3.008673740126002,1.0811109939262775,1.10903952010541,0.0,0.0,0.0,0,0
geco_matched_plus_actuator_persistence,L_T3,sensor,selected_sensor_delta,2.0,2.16,3.0,S_PU4 + -0.4228445,0.6321403815481337,6.739641591963922,0.3212550695335742,1.403666591218496,2.0975775414110163,0.701833295609248,0.6359005449073437,0.0,0.0,0.0,0,0
geco_matched_plus_actuator_persistence,L_T4,sensor,selected_sensor_delta,2.0,2.16,3.0,S_PU7 + -0.8458245,0.32571272981024224,6.371371477956238,0.5327790179687165,3.7824394715151612,4.9332421503275885,1.8912197357575806,4.9332421503275885,0.017959770114942528,0.0008143322475570033,0.14634146341463414,2,73
geco_matched_plus_actuator_persistence,L_T5,sensor,selected_sensor_delta,2.0,2.16,3.0,S_PU8 - 0.59500384,0.6858794854568699,8.380126141404594,0.39617782235066956,2.1075109296468053,2.9632550259242514,1.0537554648234027,0.8388261225535052,0.0,0.0,0.0,0,0
geco_matched_plus_actuator_persistence,L_T6,sensor,selected_sensor_delta,2.0,2.16,5.0,(L_T7 * -0.12331614) - -0.40589386,0.4130395576430216,3.9860977911077162,0.17158750089943808,0.6329301801337479,1.0035591820765342,0.31646509006687396,0.5311594494550471,0.0,0.0,0.0,0,0
geco_matched_plus_actuator_persistence,L_T7,sensor,selected_sensor_delta,2.0,2.16,3.0,S_PU10 - 0.813014,0.43651015063671006,4.764365050630201,0.7253527589439241,4.054520100358672,5.621282059677548,2.027260050179336,4.601512286316876,0.0009578544061302681,0.0,0.008130081300813009,2,3
geco_matched_plus_actuator_persistence,F_PU1,sensor,selected_sensor_delta,2.0,2.16,3.0,L_T1 + -2.669049,0.09726981594327044,16.854552680878445,6.148236425507404,44.90054333898763,58.180734018083626,22.450271669493816,58.180734018083626,0.0007183908045977011,0.0,0.006097560975609756,1,3
geco_matched_plus_actuator_persistence,F_PU2,sensor,selected_sensor_delta,2.0,2.16,3.0,32.344326 - P_J269,0.09095408580152353,23.809450915382808,24.076309474852824,133.61860598730607,185.62343445298816,66.80930299365303,93.94539368445032,0.0,0.0,0.0,0,0
geco_matched_plus_actuator_persistence,F_PU3,sensor,selected_sensor_delta,2.0,2.16,1.0,0.0,-inf,0.0,1e-06,1e-06,3.1600000000000002e-06,0.0,0.0,0.0,0.0,0.0,0,0
geco_matched_plus_actuator_persistence,F_PU4,sensor,selected_sensor_delta,2.0,2.16,7.0,((S_PU4 + L_T3) * -13.3848715) - -61.893787,0.5446333617168739,2.688539718614763,13.248216087853752,16.80857097240382,45.42471772216793,8.40428548620191,8.713501247502595,0.0,0.0,0.0,0,0
geco_matched_plus_actuator_persistence,F_PU5,sensor,selected_sensor_delta,2.0,2.16,7.0,(S_PU11 - (P_J307 * 0.09781639)) * S_PU5,-inf,0.0,1e-06,1e-06,3.1600000000000002e-06,0.0,0.0,0.0,0.0,0.0,0,0
geco_matched_plus_actuator_persistence,F_PU6,sensor,selected_sensor_delta,2.0,2.16,3.0,S_PU6 * -15.802054,0.2495838490947454,0.0,1.3526648265693488,166.857694782953,169.77945080834277,83.4288473914765,169.77945080834277,0.0210727969348659,0.0,0.17886178861788618,3,74
geco_matched_plus_actuator_persistence,F_PU7,sensor,selected_sensor_delta,2.0,2.16,3.0,41.705242 - F_PU7,0.37764841100804347,5.1720897103496215,25.213597292822932,126.55259966288263,181.01396981538016,63.276299831441314,181.01396981538016,0.018199233716475097,0.0,0.15447154471544716,2,75
geco_matched_plus_actuator_persistence,F_PU8,sensor,selected_sensor_delta,2.0,2.16,5.0,P_J302 + (L_T5 * -9.125825),0.4162477871935484,4.905129671049373,16.78591692331516,39.92471534102989,76.18229589539064,19.962357670514944,57.25580288303328,0.0019157088122605363,0.0,0.016260162601626018,3,4
geco_matched_plus_actuator_persistence,F_PU9,sensor,selected_sensor_delta,2.0,2.16,3.0,S_PU3 * -0.513481,-inf,0.0,1e-06,1e-06,3.1600000000000002e-06,0.0,0.0,0.0,0.0,0.0,0,0
geco_matched_plus_actuator_persistence,F_PU10,sensor,selected_sensor_delta,2.0,2.16,3.0,67.91816 - P_J317,0.42073536588669425,10.887175664537754,15.293157883316429,56.9695574926132,90.00277852057668,28.4847787463066,90.00277852057668,0.0031130268199233715,0.0002714440825190011,0.024390243902439025,3,6
geco_matched_plus_actuator_persistence,F_PU11,sensor,selected_sensor_delta,2.0,2.16,3.0,S_PU11 * -11.974697,-inf,0.0,0.418746930912535,83.25141917136074,84.15591254213182,41.62570958568037,84.15591254213182,0.011015325670498084,0.0010857763300760044,0.08536585365853659,2,38
geco_matched_plus_actuator_persistence,F_V2,sensor,selected_sensor_delta,2.0,2.16,5.0,L_T1 * (27.468645 - P_J300),0.21971716105443273,13.092701887049648,29.37579567072853,131.8836413630611,195.33536001183472,65.94182068153054,77.22726605495589,0.0,0.0,0.0,0,0
geco_matched_plus_actuator_persistence,P_J269,sensor,selected_sensor_delta,2.0,2.16,3.0,S_V2 - S_PU2,0.07579739196654967,21.918450899227214,3.4070213468145347,24.521231049046712,31.880397158166108,12.260615524523356,31.880397158166108,0.0007183908045977011,0.0,0.006097560975609756,1,3
geco_matched_plus_actuator_persistence,P_J300,sensor,selected_sensor_delta,2.0,2.16,5.0,L_T3 + (S_PU7 - 5.046974),0.272826500179711,7.331988220433037,2.1099545423828,10.843635037085033,15.401136848631882,5.421817518542516,6.397111870120275,0.0,0.0,0.0,0,0
geco_matched_plus_actuator_persistence,P_J256,sensor,selected_sensor_delta,2.0,2.16,5.0,(4.201238 - L_T3) * 6.0064683,0.3197015694872337,3.904550168081942,8.431163749376763,22.63950953996255,40.85082323861636,11.319754769981275,10.390316873864949,0.0,0.0,0.0,0,0
geco_matched_plus_actuator_persistence,P_J289,sensor,selected_sensor_delta,2.0,2.16,5.0,L_T3 + (P_J300 * -0.15231189),0.25404529850996793,6.040316899547679,2.126504306095562,10.799331701866343,15.392581003032756,5.399665850933172,4.674685067619308,0.0,0.0,0.0,0,0
geco_matched_plus_actuator_persistence,P_J415,sensor,selected_sensor_delta,2.0,2.16,3.0,82.73172 - P_J415,0.4711623390450026,6.948374351067468,10.609020198594408,69.04389193831639,91.95937556728032,34.521945969158196,27.884655131755835,0.0,0.0,0.0,0,0
geco_matched_plus_actuator_persistence,P_J302,sensor,selected_sensor_delta,2.0,2.16,7.0,(S_PU8 + (L_T5 + -3.343674)) * 2.5377998,0.35730883248633993,4.438215667651566,4.24721539661027,20.076110364760808,29.25009562143899,10.038055182380404,29.25009562143899,0.014846743295019157,0.0,0.12601626016260162,8,27
geco_matched_plus_actuator_persistence,P_J306,sensor,selected_sensor_delta,2.0,2.16,5.0,(2.7484903 - L_T5) * 7.3260493,0.3262452518119333,3.602263886295136,10.582777581074764,23.707822516553453,46.566622091674944,11.853911258276726,27.939646807437626,0.00023946360153256704,0.0,0.0020325203252032522,1,1
geco_matched_plus_actuator_persistence,P_J307,sensor,selected_sensor_delta,2.0,2.16,7.0,(L_T5 * 2.6905053) + (P_J307 * -0.3057421),0.4059912413169757,3.959460665546642,4.0887858203577006,18.286402659686487,27.118180031659122,9.143201329843244,27.118180031659122,0.016762452107279693,0.0002714440825190011,0.1402439024390244,7,30
geco_matched_plus_actuator_persistence,P_J317,sensor,selected_sensor_delta,2.0,2.16,3.0,67.91844 - P_J317,0.3768622058564455,4.939036745149259,7.515931709124317,60.5708998140957,76.80531230580422,30.28544990704785,76.80531230580422,0.015804597701149427,0.0024429967426710096,0.11585365853658537,2,50
geco_matched_plus_actuator_persistence,P_J14,sensor,selected_sensor_delta,2.0,2.16,5.0,(P_J422 * 0.4271824) + -12.582657,0.1636725399235337,10.745782704219174,3.605277546779343,21.402591391422668,29.18999089246605,10.701295695711334,29.18999089246605,0.005028735632183908,0.0,0.042682926829268296,4,8
geco_matched_plus_actuator_persistence,P_J422,sensor,selected_sensor_delta,2.0,2.16,5.0,(P_J300 * -0.15230241) + L_T3,0.2456647871840082,5.903007528222809,2.0275990476852326,10.080299509650803,14.459913452650905,5.040149754825402,4.521236868359633,0.0,0.0,0.0,0,0
geco_matched_plus_actuator_persistence,S_PU1,actuator,actuator_persistence,2.0,2.16,1.0,S_PU1,,,1e-06,1e-06,3.1600000000000002e-06,0.0,0.0,0.0,0.0,0.0,0,0
geco_matched_plus_actuator_persistence,S_PU2,actuator,actuator_persistence,2.0,2.16,1.0,S_PU2,,,0.23580629418937082,1.5283874116212584,2.0377290070702996,0.7641937058106292,1.2925811174318875,0.0,0.0,0.0,0,0
geco_matched_plus_actuator_persistence,S_PU3,actuator,actuator_persistence,2.0,2.16,1.0,S_PU3,,,1e-06,1e-06,3.1600000000000002e-06,0.0,0.0,0.0,0.0,0.0,0,0
geco_matched_plus_actuator_persistence,S_PU4,actuator,actuator_persistence,2.0,2.16,1.0,S_PU4,,,0.5393446629166316,0.9213106741667367,2.086295146066661,0.46065533708336837,0.46065533708336837,0.0,0.0,0.0,0,0
geco_matched_plus_actuator_persistence,S_PU5,actuator,actuator_persistence,2.0,2.16,1.0,S_PU5,,,1e-06,1e-06,3.1600000000000002e-06,0.0,0.0,0.0,0.0,0.0,0,0
geco_matched_plus_actuator_persistence,S_PU6,actuator,actuator_persistence,2.0,2.16,1.0,S_PU6,,,0.04154337795149001,3.75073973229106,3.8404734286662783,1.87536986614553,3.8404734286662783,0.008620689655172414,0.0,0.07317073170731707,7,9
geco_matched_plus_actuator_persistence,S_PU7,actuator,actuator_persistence,2.0,2.16,1.0,S_PU7,,,0.6212850750281693,1.7871492497183068,3.129125011779153,0.8935746248591534,1.136144774915492,0.0,0.0,0.0,0,0
geco_matched_plus_actuator_persistence,S_PU8,actuator,actuator_persistence,2.0,2.16,1.0,S_PU8,,,0.5891372357600062,0.8217255284799876,2.094261957721601,0.4108627642399938,0.4108627642399938,0.0,0.0,0.0,0,0
geco_matched_plus_actuator_persistence,S_PU9,actuator,actuator_persistence,2.0,2.16,1.0,S_PU9,,,1e-06,1e-06,3.1600000000000002e-06,0.0,0.0,0.0,0.0,0.0,0,0
geco_matched_plus_actuator_persistence,S_PU10,actuator,actuator_persistence,2.0,2.16,1.0,S_PU10,,,0.6193381364488211,1.5226474542047157,2.8604178289341693,0.7613237271023579,1.2839711813070736,0.0,0.0,0.0,0,0
geco_matched_plus_actuator_persistence,S_PU11,actuator,actuator_persistence,2.0,2.16,1.0,S_PU11,,,0.021820433909204722,3.8690773965447716,3.9162095337886536,1.9345386982723858,3.9162095337886536,0.008381226053639846,0.0008143322475570033,0.06504065040650407,6,14
geco_matched_plus_actuator_persistence,S_V2,actuator,actuator_persistence,2.0,2.16,1.0,S_V2,,,0.32293480650869044,1.3541303869826191,2.0516695690413904,0.6770651934913096,0.6770651934913096,0.0,0.0,0.0,0,0
geco_matched_plus_actuator_persistence,L_T1,sensor,selected_sensor_delta,2.0,5.0,5.0,(F_PU1 * -0.018509276) - -1.8689289,0.6093577949599578,3.2443263748671884,0.20114243133850856,1.6509771602167334,2.6566893169092762,0.8254885801083667,2.6566893169092762,0.02610153256704981,0.004071661237785016,0.1910569105691057,8,57
geco_matched_plus_actuator_persistence,L_T2,sensor,selected_sensor_delta,2.0,5.0,3.0,S_V2 + -0.7296837,0.6329362486388168,3.732356656969232,0.3918758112377071,2.162221987852555,4.121601044041091,1.0811109939262775,1.10903952010541,0.0,0.0,0.0,0,0
geco_matched_plus_actuator_persistence,L_T3,sensor,selected_sensor_delta,2.0,5.0,3.0,S_PU4 + -0.4228445,0.6321403815481337,6.739641591963922,0.3212550695335742,1.403666591218496,3.0099419388863673,0.701833295609248,0.6359005449073437,0.0,0.0,0.0,0,0
geco_matched_plus_actuator_persistence,L_T4,sensor,selected_sensor_delta,2.0,5.0,3.0,S_PU7 + -0.8458245,0.32571272981024224,6.371371477956238,0.5327790179687165,3.7824394715151612,6.446334561358744,1.8912197357575806,6.446334561358744,0.01939655172413793,0.0024429967426710096,0.14634146341463414,2,79
geco_matched_plus_actuator_persistence,L_T5,sensor,selected_sensor_delta,2.0,5.0,3.0,S_PU8 - 0.59500384,0.6858794854568699,8.380126141404594,0.39617782235066956,2.1075109296468053,4.088400041400153,1.0537554648234027,0.8388261225535052,0.0,0.0,0.0,0,0
geco_matched_plus_actuator_persistence,L_T6,sensor,selected_sensor_delta,2.0,5.0,5.0,(L_T7 * -0.12331614) - -0.40589386,0.4130395576430216,3.9860977911077162,0.17158750089943808,0.6329301801337479,1.4908676846309383,0.31646509006687396,0.5311594494550471,0.0,0.0,0.0,0,0
geco_matched_plus_actuator_persistence,L_T7,sensor,selected_sensor_delta,2.0,5.0,3.0,S_PU10 - 0.813014,0.43651015063671006,4.764365050630201,0.7253527589439241,4.054520100358672,7.681283895078293,2.027260050179336,4.601512286316876,0.0009578544061302681,0.0,0.008130081300813009,2,3
geco_matched_plus_actuator_persistence,F_PU1,sensor,selected_sensor_delta,2.0,5.0,3.0,L_T1 + -2.669049,0.09726981594327044,16.854552680878445,6.148236425507404,44.90054333898763,75.64172546652466,22.450271669493816,75.64172546652466,0.0028735632183908046,0.0013572204125950054,0.014227642276422764,1,12
geco_matched_plus_actuator_persistence,F_PU2,sensor,selected_sensor_delta,2.0,5.0,3.0,32.344326 - P_J269,0.09095408580152353,23.809450915382808,24.076309474852824,133.61860598730607,254.0001533615702,66.80930299365303,93.94539368445032,0.0,0.0,0.0,0,0
geco_matched_plus_actuator_persistence,F_PU3,sensor,selected_sensor_delta,2.0,5.0,1.0,0.0,-inf,0.0,1e-06,1e-06,5.999999999999999e-06,0.0,0.0,0.0,0.0,0.0,0,0
geco_matched_plus_actuator_persistence,F_PU4,sensor,selected_sensor_delta,2.0,5.0,7.0,((S_PU4 + L_T3) * -13.3848715) - -61.893787,0.5446333617168739,2.688539718614763,13.248216087853752,16.80857097240382,83.04965141167258,8.40428548620191,8.713501247502595,0.0,0.0,0.0,0,0
geco_matched_plus_actuator_persistence,F_PU5,sensor,selected_sensor_delta,2.0,5.0,7.0,(S_PU11 - (P_J307 * 0.09781639)) * S_PU5,-inf,0.0,1e-06,1e-06,5.999999999999999e-06,0.0,0.0,0.0,0.0,0.0,0,0
geco_matched_plus_actuator_persistence,F_PU6,sensor,selected_sensor_delta,2.0,5.0,3.0,S_PU6 * -15.802054,0.2495838490947454,0.0,1.3526648265693488,166.857694782953,173.62101891579974,83.4288473914765,173.62101891579974,0.023227969348659006,0.0016286644951140066,0.18495934959349594,3,77
geco_matched_plus_actuator_persistence,F_PU7,sensor,selected_sensor_delta,2.0,5.0,3.0,41.705242 - F_PU7,0.37764841100804347,5.1720897103496215,25.213597292822932,126.55259966288263,252.6205861269973,63.276299831441314,252.6205861269973,0.020354406130268198,0.002171552660152009,0.1565040650406504,1,85
geco_matched_plus_actuator_persistence,F_PU8,sensor,selected_sensor_delta,2.0,5.0,5.0,P_J302 + (L_T5 * -9.125825),0.4162477871935484,4.905129671049373,16.78591692331516,39.92471534102989,123.85429995760569,19.962357670514944,57.25580288303328,0.0019157088122605363,0.0,0.016260162601626018,3,4
geco_matched_plus_actuator_persistence,F_PU9,sensor,selected_sensor_delta,2.0,5.0,3.0,S_PU3 * -0.513481,-inf,0.0,1e-06,1e-06,5.999999999999999e-06,0.0,0.0,0.0,0.0,0.0,0,0
geco_matched_plus_actuator_persistence,F_PU10,sensor,selected_sensor_delta,2.0,5.0,3.0,67.91816 - P_J317,0.42073536588669425,10.887175664537754,15.293157883316429,56.9695574926132,133.43534690919535,28.4847787463066,119.08421545433647,0.004549808429118774,0.0019001085776330076,0.024390243902439025,3,12
geco_matched_plus_actuator_persistence,F_PU11,sensor,selected_sensor_delta,2.0,5.0,3.0,S_PU11 * -11.974697,-inf,0.0,0.418746930912535,83.25141917136074,85.34515382592342,41.62570958568037,85.34515382592342,0.01221264367816092,0.0019001085776330076,0.08943089430894309,1,51
geco_matched_plus_actuator_persistence,F_V2,sensor,selected_sensor_delta,2.0,5.0,5.0,L_T1 * (27.468645 - P_J300),0.21971716105443273,13.092701887049648,29.37579567072853,131.8836413630611,278.76261971670374,65.94182068153054,77.22726605495589,0.0,0.0,0.0,0,0
geco_matched_plus_actuator_persistence,P_J269,sensor,selected_sensor_delta,2.0,5.0,3.0,S_V2 - S_PU2,0.07579739196654967,21.918450899227214,3.4070213468145347,24.521231049046712,41.55633778311939,12.260615524523356,39.11084965677091,0.0019157088122605363,0.0008143322475570033,0.01016260162601626,2,5
geco_matched_plus_actuator_persistence,P_J300,sensor,selected_sensor_delta,2.0,5.0,5.0,L_T3 + (S_PU7 - 5.046974),0.272826500179711,7.331988220433037,2.1099545423828,10.843635037085033,21.39340774899903,5.421817518542516,6.397111870120275,0.0,0.0,0.0,0,0
geco_matched_plus_actuator_persistence,P_J256,sensor,selected_sensor_delta,2.0,5.0,5.0,(4.201238 - L_T3) * 6.0064683,0.3197015694872337,3.904550168081942,8.431163749376763,22.63950953996255,64.79532828684637,11.319754769981275,10.390316873864949,0.0,0.0,0.0,0,0
geco_matched_plus_actuator_persistence,P_J289,sensor,selected_sensor_delta,2.0,5.0,5.0,L_T3 + (P_J300 * -0.15231189),0.25404529850996793,6.040316899547679,2.126504306095562,10.799331701866343,21.431853232344153,5.399665850933172,4.674685067619308,0.0,0.0,0.0,0,0
geco_matched_plus_actuator_persistence,P_J415,sensor,selected_sensor_delta,2.0,5.0,3.0,82.73172 - P_J415,0.4711623390450026,6.948374351067468,10.609020198594408,69.04389193831639,122.08899293128843,34.521945969158196,27.884655131755835,0.0,0.0,0.0,0,0
geco_matched_plus_actuator_persistence,P_J302,sensor,selected_sensor_delta,2.0,5.0,7.0,(S_PU8 + (L_T5 + -3.343674)) * 2.5377998,0.35730883248633993,4.438215667651566,4.24721539661027,20.076110364760808,41.312187347812156,10.038055182380404,41.312187347812156,0.022988505747126436,0.002171552660152009,0.17886178861788618,9,39
geco_matched_plus_actuator_persistence,P_J306,sensor,selected_sensor_delta,2.0,5.0,5.0,(2.7484903 - L_T5) * 7.3260493,0.3262452518119333,3.602263886295136,10.582777581074764,23.707822516553453,76.62171042192728,11.853911258276726,27.939646807437626,0.00023946360153256704,0.0,0.0020325203252032522,1,1
geco_matched_plus_actuator_persistence,P_J307,sensor,selected_sensor_delta,2.0,5.0,7.0,(L_T5 * 2.6905053) + (P_J307 * -0.3057421),0.4059912413169757,3.959460665546642,4.0887858203577006,18.286402659686487,38.730331761474986,9.143201329843244,38.730331761474986,0.02442528735632184,0.002171552660152009,0.1910569105691057,6,39
geco_matched_plus_actuator_persistence,P_J317,sensor,selected_sensor_delta,2.0,5.0,3.0,67.91844 - P_J317,0.3768622058564455,4.939036745149259,7.515931709124317,60.5708998140957,98.15055835971728,30.28544990704785,98.15055835971728,0.018917624521072797,0.005971769815418024,0.11585365853658537,2,56
geco_matched_plus_actuator_persistence,P_J14,sensor,selected_sensor_delta,2.0,5.0,5.0,(P_J422 * 0.4271824) + -12.582657,0.1636725399235337,10.745782704219174,3.605277546779343,21.402591391422668,39.42897912531939,10.701295695711334,39.42897912531939,0.008381226053639846,0.0005428881650380022,0.06707317073170732,4,11
geco_matched_plus_actuator_persistence,P_J422,sensor,selected_sensor_delta,2.0,5.0,5.0,(P_J300 * -0.15230241) + L_T3,0.2456647871840082,5.903007528222809,2.0275990476852326,10.080299509650803,20.218294748076964,5.040149754825402,4.521236868359633,0.0,0.0,0.0,0,0
geco_matched_plus_actuator_persistence,S_PU1,actuator,actuator_persistence,2.0,5.0,1.0,S_PU1,,,1e-06,1e-06,5.999999999999999e-06,0.0,0.0,0.0,0.0,0.0,0,0
geco_matched_plus_actuator_persistence,S_PU2,actuator,actuator_persistence,2.0,5.0,1.0,S_PU2,,,0.23580629418937082,1.5283874116212584,2.7074188825681125,0.7641937058106292,1.2925811174318875,0.0,0.0,0.0,0,0
geco_matched_plus_actuator_persistence,S_PU3,actuator,actuator_persistence,2.0,5.0,1.0,S_PU3,,,1e-06,1e-06,5.999999999999999e-06,0.0,0.0,0.0,0.0,0.0,0,0
geco_matched_plus_actuator_persistence,S_PU4,actuator,actuator_persistence,2.0,5.0,1.0,S_PU4,,,0.5393446629166316,0.9213106741667367,3.618033988749895,0.46065533708336837,0.46065533708336837,0.0,0.0,0.0,0,0
geco_matched_plus_actuator_persistence,S_PU5,actuator,actuator_persistence,2.0,5.0,1.0,S_PU5,,,1e-06,1e-06,5.999999999999999e-06,0.0,0.0,0.0,0.0,0.0,0,0
geco_matched_plus_actuator_persistence,S_PU6,actuator,actuator_persistence,2.0,5.0,1.0,S_PU6,,,0.04154337795149001,3.75073973229106,3.95845662204851,1.87536986614553,3.95845662204851,0.011494252873563218,0.0005428881650380022,0.09349593495934959,7,11
geco_matched_plus_actuator_persistence,S_PU7,actuator,actuator_persistence,2.0,5.0,1.0,S_PU7,,,0.6212850750281693,1.7871492497183068,4.893574624859154,0.8935746248591534,1.136144774915492,0.0,0.0,0.0,0,0
geco_matched_plus_actuator_persistence,S_PU8,actuator,actuator_persistence,2.0,5.0,1.0,S_PU8,,,0.5891372357600062,0.8217255284799876,3.7674117072800186,0.4108627642399938,0.4108627642399938,0.0,0.0,0.0,0,0
geco_matched_plus_actuator_persistence,S_PU9,actuator,actuator_persistence,2.0,5.0,1.0,S_PU9,,,1e-06,1e-06,5.999999999999999e-06,0.0,0.0,0.0,0.0,0.0,0,0
geco_matched_plus_actuator_persistence,S_PU10,actuator,actuator_persistence,2.0,5.0,1.0,S_PU10,,,0.6193381364488211,1.5226474542047157,4.619338136448821,0.7613237271023579,1.2839711813070736,0.0,0.0,0.0,0,0
geco_matched_plus_actuator_persistence,S_PU11,actuator,actuator_persistence,2.0,5.0,1.0,S_PU11,,,0.021820433909204722,3.8690773965447716,3.978179566090795,1.9345386982723858,3.978179566090795,0.011494252873563218,0.0019001085776330076,0.08333333333333333,1,48
geco_matched_plus_actuator_persistence,S_V2,actuator,actuator_persistence,2.0,5.0,1.0,S_V2,,,0.32293480650869044,1.3541303869826191,2.968804419526071,0.6770651934913096,0.6770651934913096,0.0,0.0,0.0,0,0
geco_matched_plus_actuator_persistence,L_T1,sensor,selected_sensor_delta,2.0,9.0,5.0,(F_PU1 * -0.018509276) - -1.8689289,0.6093577949599578,3.2443263748671884,0.20114243133850856,1.6509771602167334,3.4612590422633103,0.8254885801083667,3.4612590422633103,0.03089080459770115,0.009500542888165039,0.1910569105691057,8,68
geco_matched_plus_actuator_persistence,L_T2,sensor,selected_sensor_delta,2.0,9.0,3.0,S_V2 + -0.7296837,0.6329362486388168,3.732356656969232,0.3918758112377071,2.162221987852555,5.689104288991919,1.0811109939262775,1.10903952010541,0.0,0.0,0.0,0,0
geco_matched_plus_actuator_persistence,L_T3,sensor,selected_sensor_delta,2.0,9.0,3.0,S_PU4 + -0.4228445,0.6321403815481337,6.739641591963922,0.3212550695335742,1.403666591218496,4.294962217020664,0.701833295609248,0.6359005449073437,0.0,0.0,0.0,0,0
geco_matched_plus_actuator_persistence,L_T4,sensor,selected_sensor_delta,2.0,9.0,3.0,S_PU7 + -0.8458245,0.32571272981024224,6.371371477956238,0.5327790179687165,3.7824394715151612,8.57745063323361,1.8912197357575806,8.57745063323361,0.023227969348659006,0.0067861020629750276,0.14634146341463414,2,95
geco_matched_plus_actuator_persistence,L_T5,sensor,selected_sensor_delta,2.0,9.0,3.0,S_PU8 - 0.59500384,0.6858794854568699,8.380126141404594,0.39617782235066956,2.1075109296468053,5.673111330802831,1.0537554648234027,0.8388261225535052,0.0,0.0,0.0,0,0
geco_matched_plus_actuator_persistence,L_T6,sensor,selected_sensor_delta,2.0,9.0,5.0,(L_T7 * -0.12331614) - -0.40589386,0.4130395576430216,3.9860977911077162,0.17158750089943808,0.6329301801337479,2.1772176882286907,0.31646509006687396,0.5311594494550471,0.0,0.0,0.0,0,0
geco_matched_plus_actuator_persistence,L_T7,sensor,selected_sensor_delta,2.0,9.0,3.0,S_PU10 - 0.813014,0.43651015063671006,4.764365050630201,0.7253527589439241,4.054520100358672,10.58269493085399,2.027260050179336,4.601512286316876,0.0009578544061302681,0.0,0.008130081300813009,2,3
geco_matched_plus_actuator_persistence,F_PU1,sensor,selected_sensor_delta,2.0,9.0,3.0,L_T1 + -2.669049,0.09726981594327044,16.854552680878445,6.148236425507404,44.90054333898763,100.23467116855427,22.450271669493816,90.32520696691324,0.003352490421455939,0.0019001085776330076,0.014227642276422764,1,14
geco_matched_plus_actuator_persistence,F_PU2,sensor,selected_sensor_delta,2.0,9.0,3.0,32.344326 - P_J269,0.09095408580152353,23.809450915382808,24.076309474852824,133.61860598730607,350.3053912609815,66.80930299365303,93.94539368445032,0.0,0.0,0.0,0,0
geco_matched_plus_actuator_persistence,F_PU3,sensor,selected_sensor_delta,2.0,9.0,1.0,0.0,-inf,0.0,1e-06,1e-06,1e-05,0.0,0.0,0.0,0.0,0.0,0,0
geco_matched_plus_actuator_persistence,F_PU4,sensor,selected_sensor_delta,2.0,9.0,7.0,((S_PU4 + L_T3) * -13.3848715) - -61.893787,0.5446333617168739,2.688539718614763,13.248216087853752,16.80857097240382,136.04251576308758,8.40428548620191,8.713501247502595,0.0,0.0,0.0,0,0
geco_matched_plus_actuator_persistence,F_PU5,sensor,selected_sensor_delta,2.0,9.0,7.0,(S_PU11 - (P_J307 * 0.09781639)) * S_PU5,-inf,0.0,1e-06,1e-06,1e-05,0.0,0.0,0.0,0.0,0.0,0,0
geco_matched_plus_actuator_persistence,F_PU6,sensor,selected_sensor_delta,2.0,9.0,3.0,S_PU6 * -15.802054,0.2495838490947454,0.0,1.3526648265693488,166.857694782953,179.03167822207712,83.4288473914765,179.03167822207712,0.02610153256704981,0.003800217155266015,0.19308943089430894,3,81
geco_matched_plus_actuator_persistence,F_PU7,sensor,selected_sensor_delta,2.0,9.0,3.0,41.705242 - F_PU7,0.37764841100804347,5.1720897103496215,25.213597292822932,126.55259966288263,353.474975298289,63.276299831441314,353.474975298289,0.022270114942528736,0.004343105320304018,0.1565040650406504,1,93
geco_matched_plus_actuator_persistence,F_PU8,sensor,selected_sensor_delta,2.0,9.0,5.0,P_J302 + (L_T5 * -9.125825),0.4162477871935484,4.905129671049373,16.78591692331516,39.92471534102989,190.99796765086634,19.962357670514944,57.25580288303328,0.0019157088122605363,0.0,0.016260162601626018,3,4
geco_matched_plus_actuator_persistence,F_PU9,sensor,selected_sensor_delta,2.0,9.0,3.0,S_PU3 * -0.513481,-inf,0.0,1e-06,1e-06,1e-05,0.0,0.0,0.0,0.0,0.0,0,0
geco_matched_plus_actuator_persistence,F_PU10,sensor,selected_sensor_delta,2.0,9.0,3.0,67.91816 - P_J317,0.42073536588669425,10.887175664537754,15.293157883316429,56.9695574926132,194.60797844246108,28.4847787463066,119.08421545433647,0.004549808429118774,0.0019001085776330076,0.024390243902439025,3,12
geco_matched_plus_actuator_persistence,F_PU11,sensor,selected_sensor_delta,2.0,9.0,3.0,S_PU11 * -11.974697,-inf,0.0,0.418746930912535,83.25141917136074,87.02014154957355,41.62570958568037,87.02014154957355,0.013170498084291188,0.002985884907709012,0.08943089430894309,1,55
geco_matched_plus_actuator_persistence,F_V2,sensor,selected_sensor_delta,2.0,9.0,5.0,L_T1 * (27.468645 - P_J300),0.21971716105443273,13.092701887049648,29.37579567072853,131.8836413630611,396.2658023996178,65.94182068153054,77.22726605495589,0.0,0.0,0.0,0,0
geco_matched_plus_actuator_persistence,P_J269,sensor,selected_sensor_delta,2.0,9.0,3.0,S_V2 - S_PU2,0.07579739196654967,21.918450899227214,3.4070213468145347,24.521231049046712,55.18442317037753,12.260615524523356,39.11084965677091,0.0019157088122605363,0.0008143322475570033,0.01016260162601626,2,5
geco_matched_plus_actuator_persistence,P_J300,sensor,selected_sensor_delta,2.0,9.0,5.0,L_T3 + (S_PU7 - 5.046974),0.272826500179711,7.331988220433037,2.1099545423828,10.843635037085033,29.833225918530236,5.421817518542516,6.397111870120275,0.0,0.0,0.0,0,0
geco_matched_plus_actuator_persistence,P_J256,sensor,selected_sensor_delta,2.0,9.0,5.0,(4.201238 - L_T3) * 6.0064683,0.3197015694872337,3.904550168081942,8.431163749376763,22.63950953996255,98.51998328435342,11.319754769981275,10.390316873864949,0.0,0.0,0.0,0,0
geco_matched_plus_actuator_persistence,P_J289,sensor,selected_sensor_delta,2.0,9.0,5.0,L_T3 + (P_J300 * -0.15231189),0.25404529850996793,6.040316899547679,2.126504306095562,10.799331701866343,29.9378704567264,5.399665850933172,4.674685067619308,0.0,0.0,0.0,0,0
geco_matched_plus_actuator_persistence,P_J415,sensor,selected_sensor_delta,2.0,9.0,3.0,82.73172 - P_J415,0.4711623390450026,6.948374351067468,10.609020198594408,69.04389193831639,164.52507372566606,34.521945969158196,27.884655131755835,0.0,0.0,0.0,0,0
geco_matched_plus_actuator_persistence,P_J302,sensor,selected_sensor_delta,2.0,9.0,7.0,(S_PU8 + (L_T5 + -3.343674)) * 2.5377998,0.35730883248633993,4.438215667651566,4.24721539661027,20.076110364760808,58.30104893425324,10.038055182380404,58.30104893425324,0.029693486590038315,0.006243213897937025,0.20528455284552846,8,46
geco_matched_plus_actuator_persistence,P_J306,sensor,selected_sensor_delta,2.0,9.0,5.0,(2.7484903 - L_T5) * 7.3260493,0.3262452518119333,3.602263886295136,10.582777581074764,23.707822516553453,118.95282074622632,11.853911258276726,27.939646807437626,0.00023946360153256704,0.0,0.0020325203252032522,1,1
geco_matched_plus_actuator_persistence,P_J307,sensor,selected_sensor_delta,2.0,9.0,7.0,(L_T5 * 2.6905053) + (P_J307 * -0.3057421),0.4059912413169757,3.959460665546642,4.0887858203577006,18.286402659686487,55.08547504290579,9.143201329843244,55.08547504290579,0.033045977011494254,0.006514657980456026,0.23170731707317074,7,51
geco_matched_plus_actuator_persistence,P_J317,sensor,selected_sensor_delta,2.0,9.0,3.0,67.91844 - P_J317,0.3768622058564455,4.939036745149259,7.515931709124317,60.5708998140957,128.21428519621455,30.28544990704785,128.21428519621455,0.02274904214559387,0.01031487513572204,0.11585365853658537,3,65
geco_matched_plus_actuator_persistence,P_J14,sensor,selected_sensor_delta,2.0,9.0,5.0,(P_J422 * 0.4271824) + -12.582657,0.1636725399235337,10.745782704219174,3.605277546779343,21.402591391422668,53.85008931243676,10.701295695711334,53.85008931243676,0.01221264367816092,0.0019001085776330076,0.08943089430894309,4,16
geco_matched_plus_actuator_persistence,P_J422,sensor,selected_sensor_delta,2.0,9.0,5.0,(P_J300 * -0.15230241) + L_T3,0.2456647871840082,5.903007528222809,2.0275990476852326,10.080299509650803,28.328690938817896,5.040149754825402,4.521236868359633,0.0,0.0,0.0,0,0
geco_matched_plus_actuator_persistence,S_PU1,actuator,actuator_persistence,2.0,9.0,1.0,S_PU1,,,1e-06,1e-06,1e-05,0.0,0.0,0.0,0.0,0.0,0,0
geco_matched_plus_actuator_persistence,S_PU2,actuator,actuator_persistence,2.0,9.0,1.0,S_PU2,,,0.23580629418937082,1.5283874116212584,3.6506440593255958,0.7641937058106292,1.2925811174318875,0.0,0.0,0.0,0,0
geco_matched_plus_actuator_persistence,S_PU3,actuator,actuator_persistence,2.0,9.0,1.0,S_PU3,,,1e-06,1e-06,1e-05,0.0,0.0,0.0,0.0,0.0,0,0
geco_matched_plus_actuator_persistence,S_PU4,actuator,actuator_persistence,2.0,9.0,1.0,S_PU4,,,0.5393446629166316,0.9213106741667367,5.775412640416421,0.46065533708336837,0.46065533708336837,0.0,0.0,0.0,0,0
geco_matched_plus_actuator_persistence,S_PU5,actuator,actuator_persistence,2.0,9.0,1.0,S_PU5,,,1e-06,1e-06,1e-05,0.0,0.0,0.0,0.0,0.0,0,0
geco_matched_plus_actuator_persistence,S_PU6,actuator,actuator_persistence,2.0,9.0,1.0,S_PU6,,,0.04154337795149001,3.75073973229106,4.12463013385447,1.87536986614553,4.12463013385447,0.015804597701149427,0.0016286644951140066,0.12195121951219512,5,23
geco_matched_plus_actuator_persistence,S_PU7,actuator,actuator_persistence,2.0,9.0,1.0,S_PU7,,,0.6212850750281693,1.7871492497183068,7.37871492497183,0.8935746248591534,1.136144774915492,0.0,0.0,0.0,0,0
geco_matched_plus_actuator_persistence,S_PU8,actuator,actuator_persistence,2.0,9.0,1.0,S_PU8,,,0.5891372357600062,0.8217255284799876,6.123960650320043,0.4108627642399938,0.4108627642399938,0.0,0.0,0.0,0,0
geco_matched_plus_actuator_persistence,S_PU9,actuator,actuator_persistence,2.0,9.0,1.0,S_PU9,,,1e-06,1e-06,1e-05,0.0,0.0,0.0,0.0,0.0,0,0
geco_matched_plus_actuator_persistence,S_PU10,actuator,actuator_persistence,2.0,9.0,1.0,S_PU10,,,0.6193381364488211,1.5226474542047157,7.096690682244105,0.7613237271023579,1.2839711813070736,0.0,0.0,0.0,0,0
geco_matched_plus_actuator_persistence,S_PU11,actuator,actuator_persistence,2.0,9.0,1.0,S_PU11,,,0.021820433909204722,3.8690773965447716,4.065461301727614,1.9345386982723858,4.065461301727614,0.012452107279693486,0.002985884907709012,0.08333333333333333,1,52
geco_matched_plus_actuator_persistence,S_V2,actuator,actuator_persistence,2.0,9.0,1.0,S_V2,,,0.32293480650869044,1.3541303869826191,4.260543645560833,0.6770651934913096,0.6770651934913096,0.0,0.0,0.0,0,0
geco_matched_plus_actuator_persistence,L_T1,sensor,selected_sensor_delta,3.0,1.0,5.0,(F_PU1 * -0.018509276) - -1.8689289,0.6093577949599578,3.2443263748671884,0.20114243133850856,2.4764657403251,2.6776081716636084,0.8254885801083667,2.6776081716636084,0.010296934865900383,0.0010857763300760044,0.07926829268292683,7,19
geco_matched_plus_actuator_persistence,L_T2,sensor,selected_sensor_delta,3.0,1.0,3.0,S_V2 + -0.7296837,0.6329362486388168,3.732356656969232,0.3918758112377071,3.2433329817788326,3.6352087930165395,1.0811109939262775,1.10903952010541,0.0,0.0,0.0,0,0
geco_matched_plus_actuator_persistence,L_T3,sensor,selected_sensor_delta,3.0,1.0,3.0,S_PU4 + -0.4228445,0.6321403815481337,6.739641591963922,0.3212550695335742,2.105499886827744,2.4267549563613184,0.701833295609248,0.6359005449073437,0.0,0.0,0.0,0,0
geco_matched_plus_actuator_persistence,L_T4,sensor,selected_sensor_delta,3.0,1.0,3.0,S_PU7 + -0.8458245,0.32571272981024224,6.371371477956238,0.5327790179687165,5.673659207272742,6.206438225241459,1.8912197357575806,6.206438225241459,0.015086206896551725,0.0,0.12804878048780488,4,39
geco_matched_plus_actuator_persistence,L_T5,sensor,selected_sensor_delta,3.0,1.0,3.0,S_PU8 - 0.59500384,0.6858794854568699,8.380126141404594,0.39617782235066956,3.161266394470208,3.5574442168208775,1.0537554648234027,0.8388261225535052,0.0,0.0,0.0,0,0
geco_matched_plus_actuator_persistence,L_T6,sensor,selected_sensor_delta,3.0,1.0,5.0,(L_T7 * -0.12331614) - -0.40589386,0.4130395576430216,3.9860977911077162,0.17158750089943808,0.9493952702006219,1.12098277110006,0.31646509006687396,0.5311594494550471,0.0,0.0,0.0,0,0
geco_matched_plus_actuator_persistence,L_T7,sensor,selected_sensor_delta,3.0,1.0,3.0,S_PU10 - 0.813014,0.43651015063671006,4.764365050630201,0.7253527589439241,6.081780150538007,6.807132909481931,2.027260050179336,4.601512286316876,0.0,0.0,0.0,0,0
geco_matched_plus_actuator_persistence,F_PU1,sensor,selected_sensor_delta,3.0,1.0,3.0,L_T1 + -2.669049,0.09726981594327044,16.854552680878445,6.148236425507404,67.35081500848145,73.49905143398885,22.450271669493816,73.49905143398885,0.0004789272030651341,0.0,0.0040650406504065045,1,2
geco_matched_plus_actuator_persistence,F_PU2,sensor,selected_sensor_delta,3.0,1.0,3.0,32.344326 - P_J269,0.09095408580152353,23.809450915382808,24.076309474852824,200.4279089809591,224.50421845581192,66.80930299365303,93.94539368445032,0.0,0.0,0.0,0,0
geco_matched_plus_actuator_persistence,F_PU3,sensor,selected_sensor_delta,3.0,1.0,1.0,0.0,-inf,0.0,1e-06,1e-06,2e-06,0.0,0.0,0.0,0.0,0.0,0,0
geco_matched_plus_actuator_persistence,F_PU4,sensor,selected_sensor_delta,3.0,1.0,7.0,((S_PU4 + L_T3) * -13.3848715) - -61.893787,0.5446333617168739,2.688539718614763,13.248216087853752,25.21285645860573,38.461072546459484,8.40428548620191,8.713501247502595,0.0,0.0,0.0,0,0
geco_matched_plus_actuator_persistence,F_PU5,sensor,selected_sensor_delta,3.0,1.0,7.0,(S_PU11 - (P_J307 * 0.09781639)) * S_PU5,-inf,0.0,1e-06,1e-06,2e-06,0.0,0.0,0.0,0.0,0.0,0,0
geco_matched_plus_actuator_persistence,F_PU6,sensor,selected_sensor_delta,3.0,1.0,3.0,S_PU6 * -15.802054,0.2495838490947454,0.0,1.3526648265693488,250.28654217442948,251.63920700099882,83.4288473914765,251.63920700099882,0.016283524904214558,0.0,0.13821138211382114,7,20
geco_matched_plus_actuator_persistence,F_PU7,sensor,selected_sensor_delta,3.0,1.0,3.0,41.705242 - F_PU7,0.37764841100804347,5.1720897103496215,25.213597292822932,189.82889949432393,215.04249678714686,63.276299831441314,215.04249678714686,0.016762452107279693,0.0,0.14227642276422764,1,70
geco_matched_plus_actuator_persistence,F_PU8,sensor,selected_sensor_delta,3.0,1.0,5.0,P_J302 + (L_T5 * -9.125825),0.4162477871935484,4.905129671049373,16.78591692331516,59.88707301154483,76.67298993485998,19.962357670514944,57.25580288303328,0.0,0.0,0.0,0,0
geco_matched_plus_actuator_persistence,F_PU9,sensor,selected_sensor_delta,3.0,1.0,3.0,S_PU3 * -0.513481,-inf,0.0,1e-06,1e-06,2e-06,0.0,0.0,0.0,0.0,0.0,0,0
geco_matched_plus_actuator_persistence,F_PU10,sensor,selected_sensor_delta,3.0,1.0,3.0,67.91816 - P_J317,0.42073536588669425,10.887175664537754,15.293157883316429,85.4543362389198,100.74749412223622,28.4847787463066,100.74749412223622,0.0009578544061302681,0.0,0.008130081300813009,1,4
geco_matched_plus_actuator_persistence,F_PU11,sensor,selected_sensor_delta,3.0,1.0,3.0,S_PU11 * -11.974697,-inf,0.0,0.418746930912535,124.8771287570411,125.29587568795364,41.62570958568037,125.29587568795364,0.008141762452107279,0.0005428881650380022,0.06504065040650407,6,14
geco_matched_plus_actuator_persistence,F_V2,sensor,selected_sensor_delta,3.0,1.0,5.0,L_T1 * (27.468645 - P_J300),0.21971716105443273,13.092701887049648,29.37579567072853,197.82546204459163,227.20125771532017,65.94182068153054,77.22726605495589,0.0,0.0,0.0,0,0
geco_matched_plus_actuator_persistence,P_J269,sensor,selected_sensor_delta,3.0,1.0,3.0,S_V2 - S_PU2,0.07579739196654967,21.918450899227214,3.4070213468145347,36.781846573570064,40.188867920384595,12.260615524523356,39.11084965677091,0.00023946360153256704,0.0,0.0020325203252032522,1,1
geco_matched_plus_actuator_persistence,P_J300,sensor,selected_sensor_delta,3.0,1.0,5.0,L_T3 + (S_PU7 - 5.046974),0.272826500179711,7.331988220433037,2.1099545423828,16.265452555627547,18.37540709801035,5.421817518542516,6.397111870120275,0.0,0.0,0.0,0,0
geco_matched_plus_actuator_persistence,P_J256,sensor,selected_sensor_delta,3.0,1.0,5.0,(4.201238 - L_T3) * 6.0064683,0.3197015694872337,3.904550168081942,8.431163749376763,33.959264309943826,42.39042805932059,11.319754769981275,10.390316873864949,0.0,0.0,0.0,0,0
geco_matched_plus_actuator_persistence,P_J289,sensor,selected_sensor_delta,3.0,1.0,5.0,L_T3 + (P_J300 * -0.15231189),0.25404529850996793,6.040316899547679,2.126504306095562,16.198997552799515,18.325501858895077,5.399665850933172,4.674685067619308,0.0,0.0,0.0,0,0
geco_matched_plus_actuator_persistence,P_J415,sensor,selected_sensor_delta,3.0,1.0,3.0,82.73172 - P_J415,0.4711623390450026,6.948374351067468,10.609020198594408,103.56583790747459,114.174858106069,34.521945969158196,27.884655131755835,0.0,0.0,0.0,0,0
geco_matched_plus_actuator_persistence,P_J302,sensor,selected_sensor_delta,3.0,1.0,7.0,(S_PU8 + (L_T5 + -3.343674)) * 2.5377998,0.35730883248633993,4.438215667651566,4.24721539661027,30.114165547141212,34.361380943751485,10.038055182380404,34.361380943751485,0.007662835249042145,0.0,0.06504065040650407,12,8
geco_matched_plus_actuator_persistence,P_J306,sensor,selected_sensor_delta,3.0,1.0,5.0,(2.7484903 - L_T5) * 7.3260493,0.3262452518119333,3.602263886295136,10.582777581074764,35.56173377483018,46.144511355904946,11.853911258276726,27.939646807437626,0.0,0.0,0.0,0,0
geco_matched_plus_actuator_persistence,P_J307,sensor,selected_sensor_delta,3.0,1.0,7.0,(L_T5 * 2.6905053) + (P_J307 * -0.3057421),0.4059912413169757,3.959460665546642,4.0887858203577006,27.42960398952973,31.51838980988743,9.143201329843244,31.51838980988743,0.009099616858237548,0.0,0.07723577235772358,9,9
geco_matched_plus_actuator_persistence,P_J317,sensor,selected_sensor_delta,3.0,1.0,3.0,67.91844 - P_J317,0.3768622058564455,4.939036745149259,7.515931709124317,90.85634972114354,98.37228143026786,30.28544990704785,98.37228143026786,0.012452107279693486,0.0016286644951140066,0.09349593495934959,2,42
geco_matched_plus_actuator_persistence,P_J14,sensor,selected_sensor_delta,3.0,1.0,5.0,(P_J422 * 0.4271824) + -12.582657,0.1636725399235337,10.745782704219174,3.605277546779343,32.103887087134,35.70916463391334,10.701295695711334,35.70916463391334,0.0021551724137931034,0.0,0.018292682926829267,4,3
geco_matched_plus_actuator_persistence,P_J422,sensor,selected_sensor_delta,3.0,1.0,5.0,(P_J300 * -0.15230241) + L_T3,0.2456647871840082,5.903007528222809,2.0275990476852326,15.120449264476205,17.14804831216144,5.040149754825402,4.521236868359633,0.0,0.0,0.0,0,0
geco_matched_plus_actuator_persistence,S_PU1,actuator,actuator_persistence,3.0,1.0,1.0,S_PU1,,,1e-06,1e-06,2e-06,0.0,0.0,0.0,0.0,0.0,0,0
geco_matched_plus_actuator_persistence,S_PU2,actuator,actuator_persistence,3.0,1.0,1.0,S_PU2,,,0.23580629418937082,2.2925811174318875,2.5283874116212584,0.7641937058106292,1.2925811174318875,0.0,0.0,0.0,0,0
geco_matched_plus_actuator_persistence,S_PU3,actuator,actuator_persistence,3.0,1.0,1.0,S_PU3,,,1e-06,1e-06,2e-06,0.0,0.0,0.0,0.0,0.0,0,0
geco_matched_plus_actuator_persistence,S_PU4,actuator,actuator_persistence,3.0,1.0,1.0,S_PU4,,,0.5393446629166316,1.381966011250105,1.9213106741667367,0.46065533708336837,0.46065533708336837,0.0,0.0,0.0,0,0
geco_matched_plus_actuator_persistence,S_PU5,actuator,actuator_persistence,3.0,1.0,1.0,S_PU5,,,1e-06,1e-06,2e-06,0.0,0.0,0.0,0.0,0.0,0,0
geco_matched_plus_actuator_persistence,S_PU6,actuator,actuator_persistence,3.0,1.0,1.0,S_PU6,,,0.04154337795149001,5.6261095984365905,5.667652976388081,1.87536986614553,5.667652976388081,0.0026340996168582377,0.0,0.022357723577235773,10,2
geco_matched_plus_actuator_persistence,S_PU7,actuator,actuator_persistence,3.0,1.0,1.0,S_PU7,,,0.6212850750281693,2.68072387457746,3.3020089496056295,0.8935746248591534,1.136144774915492,0.0,0.0,0.0,0,0
geco_matched_plus_actuator_persistence,S_PU8,actuator,actuator_persistence,3.0,1.0,1.0,S_PU8,,,0.5891372357600062,1.2325882927199814,1.8217255284799876,0.4108627642399938,0.4108627642399938,0.0,0.0,0.0,0,0
geco_matched_plus_actuator_persistence,S_PU9,actuator,actuator_persistence,3.0,1.0,1.0,S_PU9,,,1e-06,1e-06,2e-06,0.0,0.0,0.0,0.0,0.0,0,0
geco_matched_plus_actuator_persistence,S_PU10,actuator,actuator_persistence,3.0,1.0,1.0,S_PU10,,,0.6193381364488211,2.2839711813070736,2.9033093177558946,0.7613237271023579,1.2839711813070736,0.0,0.0,0.0,0,0
geco_matched_plus_actuator_persistence,S_PU11,actuator,actuator_persistence,3.0,1.0,1.0,S_PU11,,,0.021820433909204722,5.803616094817158,5.825436528726362,1.9345386982723858,5.825436528726362,0.003352490421455939,0.0002714440825190011,0.026422764227642278,11,3
geco_matched_plus_actuator_persistence,S_V2,actuator,actuator_persistence,3.0,1.0,1.0,S_V2,,,0.32293480650869044,2.031195580473929,2.3541303869826193,0.6770651934913096,0.6770651934913096,0.0,0.0,0.0,0,0
geco_matched_plus_actuator_persistence,L_T1,sensor,selected_sensor_delta,3.0,2.16,5.0,(F_PU1 * -0.018509276) - -1.8689289,0.6093577949599578,3.2443263748671884,0.20114243133850856,2.4764657403251,2.9109333920162785,0.8254885801083667,2.9109333920162785,0.014846743295019157,0.0019001085776330076,0.11178861788617886,5,26
geco_matched_plus_actuator_persistence,L_T2,sensor,selected_sensor_delta,3.0,2.16,3.0,S_V2 + -0.7296837,0.6329362486388168,3.732356656969232,0.3918758112377071,3.2433329817788326,4.08978473405228,1.0811109939262775,1.10903952010541,0.0,0.0,0.0,0,0
geco_matched_plus_actuator_persistence,L_T3,sensor,selected_sensor_delta,3.0,2.16,3.0,S_PU4 + -0.4228445,0.6321403815481337,6.739641591963922,0.3212550695335742,2.105499886827744,2.7994108370202646,0.701833295609248,0.6359005449073437,0.0,0.0,0.0,0,0
geco_matched_plus_actuator_persistence,L_T4,sensor,selected_sensor_delta,3.0,2.16,3.0,S_PU7 + -0.8458245,0.32571272981024224,6.371371477956238,0.5327790179687165,5.673659207272742,6.824461886085169,1.8912197357575806,6.824461886085169,0.016762452107279693,0.0008143322475570033,0.13617886178861788,1,70
geco_matched_plus_actuator_persistence,L_T5,sensor,selected_sensor_delta,3.0,2.16,3.0,S_PU8 - 0.59500384,0.6858794854568699,8.380126141404594,0.39617782235066956,3.161266394470208,4.017010490747654,1.0537554648234027,0.8388261225535052,0.0,0.0,0.0,0,0
geco_matched_plus_actuator_persistence,L_T6,sensor,selected_sensor_delta,3.0,2.16,5.0,(L_T7 * -0.12331614) - -0.40589386,0.4130395576430216,3.9860977911077162,0.17158750089943808,0.9493952702006219,1.3200242721434081,0.31646509006687396,0.5311594494550471,0.0,0.0,0.0,0,0
geco_matched_plus_actuator_persistence,L_T7,sensor,selected_sensor_delta,3.0,2.16,3.0,S_PU10 - 0.813014,0.43651015063671006,4.764365050630201,0.7253527589439241,6.081780150538007,7.6485421098568835,2.027260050179336,4.601512286316876,0.0,0.0,0.0,0,0
geco_matched_plus_actuator_persistence,F_PU1,sensor,selected_sensor_delta,3.0,2.16,3.0,L_T1 + -2.669049,0.09726981594327044,16.854552680878445,6.148236425507404,67.35081500848145,80.63100568757744,22.450271669493816,80.63100568757744,0.0007183908045977011,0.0,0.006097560975609756,1,3
geco_matched_plus_actuator_persistence,F_PU2,sensor,selected_sensor_delta,3.0,2.16,3.0,32.344326 - P_J269,0.09095408580152353,23.809450915382808,24.076309474852824,200.4279089809591,252.4327374466412,66.80930299365303,93.94539368445032,0.0,0.0,0.0,0,0
geco_matched_plus_actuator_persistence,F_PU3,sensor,selected_sensor_delta,3.0,2.16,1.0,0.0,-inf,0.0,1e-06,1e-06,3.1600000000000002e-06,0.0,0.0,0.0,0.0,0.0,0,0
geco_matched_plus_actuator_persistence,F_PU4,sensor,selected_sensor_delta,3.0,2.16,7.0,((S_PU4 + L_T3) * -13.3848715) - -61.893787,0.5446333617168739,2.688539718614763,13.248216087853752,25.21285645860573,53.82900320836984,8.40428548620191,8.713501247502595,0.0,0.0,0.0,0,0
geco_matched_plus_actuator_persistence,F_PU5,sensor,selected_sensor_delta,3.0,2.16,7.0,(S_PU11 - (P_J307 * 0.09781639)) * S_PU5,-inf,0.0,1e-06,1e-06,3.1600000000000002e-06,0.0,0.0,0.0,0.0,0.0,0,0
geco_matched_plus_actuator_persistence,F_PU6,sensor,selected_sensor_delta,3.0,2.16,3.0,S_PU6 * -15.802054,0.2495838490947454,0.0,1.3526648265693488,250.28654217442948,253.20829819981927,83.4288473914765,253.20829819981927,0.018438697318007662,0.0,0.1565040650406504,2,70
geco_matched_plus_actuator_persistence,F_PU7,sensor,selected_sensor_delta,3.0,2.16,3.0,41.705242 - F_PU7,0.37764841100804347,5.1720897103496215,25.213597292822932,189.82889949432393,244.29026964682146,63.276299831441314,244.29026964682146,0.017241379310344827,0.0,0.14634146341463414,2,71
geco_matched_plus_actuator_persistence,F_PU8,sensor,selected_sensor_delta,3.0,2.16,5.0,P_J302 + (L_T5 * -9.125825),0.4162477871935484,4.905129671049373,16.78591692331516,59.88707301154483,96.14465356590557,19.962357670514944,57.25580288303328,0.0,0.0,0.0,0,0
geco_matched_plus_actuator_persistence,F_PU9,sensor,selected_sensor_delta,3.0,2.16,3.0,S_PU3 * -0.513481,-inf,0.0,1e-06,1e-06,3.1600000000000002e-06,0.0,0.0,0.0,0.0,0.0,0,0
geco_matched_plus_actuator_persistence,F_PU10,sensor,selected_sensor_delta,3.0,2.16,3.0,67.91816 - P_J317,0.42073536588669425,10.887175664537754,15.293157883316429,85.4543362389198,118.48755726688327,28.4847787463066,118.48755726688327,0.0011973180076628352,0.0002714440825190011,0.008130081300813009,1,5
geco_matched_plus_actuator_persistence,F_PU11,sensor,selected_sensor_delta,3.0,2.16,3.0,S_PU11 * -11.974697,-inf,0.0,0.418746930912535,124.8771287570411,125.78162212781218,41.62570958568037,125.78162212781218,0.009818007662835249,0.0010857763300760044,0.07520325203252033,3,32
geco_matched_plus_actuator_persistence,F_V2,sensor,selected_sensor_delta,3.0,2.16,5.0,L_T1 * (27.468645 - P_J300),0.21971716105443273,13.092701887049648,29.37579567072853,197.82546204459163,261.27718069336527,65.94182068153054,77.22726605495589,0.0,0.0,0.0,0,0
geco_matched_plus_actuator_persistence,P_J269,sensor,selected_sensor_delta,3.0,2.16,3.0,S_V2 - S_PU2,0.07579739196654967,21.918450899227214,3.4070213468145347,36.781846573570064,44.14101268268946,12.260615524523356,39.11084965677091,0.00023946360153256704,0.0,0.0020325203252032522,1,1
geco_matched_plus_actuator_persistence,P_J300,sensor,selected_sensor_delta,3.0,2.16,5.0,L_T3 + (S_PU7 - 5.046974),0.272826500179711,7.331988220433037,2.1099545423828,16.265452555627547,20.822954367174397,5.421817518542516,6.397111870120275,0.0,0.0,0.0,0,0
geco_matched_plus_actuator_persistence,P_J256,sensor,selected_sensor_delta,3.0,2.16,5.0,(4.201238 - L_T3) * 6.0064683,0.3197015694872337,3.904550168081942,8.431163749376763,33.959264309943826,52.17057800859764,11.319754769981275,10.390316873864949,0.0,0.0,0.0,0,0
geco_matched_plus_actuator_persistence,P_J289,sensor,selected_sensor_delta,3.0,2.16,5.0,L_T3 + (P_J300 * -0.15231189),0.25404529850996793,6.040316899547679,2.126504306095562,16.198997552799515,20.792246853965928,5.399665850933172,4.674685067619308,0.0,0.0,0.0,0,0
geco_matched_plus_actuator_persistence,P_J415,sensor,selected_sensor_delta,3.0,2.16,3.0,82.73172 - P_J415,0.4711623390450026,6.948374351067468,10.609020198594408,103.56583790747459,126.48132153643851,34.521945969158196,27.884655131755835,0.0,0.0,0.0,0,0
geco_matched_plus_actuator_persistence,P_J302,sensor,selected_sensor_delta,3.0,2.16,7.0,(S_PU8 + (L_T5 + -3.343674)) * 2.5377998,0.35730883248633993,4.438215667651566,4.24721539661027,30.114165547141212,39.28815080381939,10.038055182380404,39.28815080381939,0.011733716475095786,0.0,0.09959349593495935,7,20
geco_matched_plus_actuator_persistence,P_J306,sensor,selected_sensor_delta,3.0,2.16,5.0,(2.7484903 - L_T5) * 7.3260493,0.3262452518119333,3.602263886295136,10.582777581074764,35.56173377483018,58.42053334995167,11.853911258276726,27.939646807437626,0.0,0.0,0.0,0,0
geco_matched_plus_actuator_persistence,P_J307,sensor,selected_sensor_delta,3.0,2.16,7.0,(L_T5 * 2.6905053) + (P_J307 * -0.3057421),0.4059912413169757,3.959460665546642,4.0887858203577006,27.42960398952973,36.261381361502366,9.143201329843244,36.261381361502366,0.012691570881226053,0.0,0.10772357723577236,7,23
geco_matched_plus_actuator_persistence,P_J317,sensor,selected_sensor_delta,3.0,2.16,3.0,67.91844 - P_J317,0.3768622058564455,4.939036745149259,7.515931709124317,90.85634972114354,107.09076221285207,30.28544990704785,107.09076221285207,0.013649425287356323,0.0024429967426710096,0.0975609756097561,2,45
geco_matched_plus_actuator_persistence,P_J14,sensor,selected_sensor_delta,3.0,2.16,5.0,(P_J422 * 0.4271824) + -12.582657,0.1636725399235337,10.745782704219174,3.605277546779343,32.103887087134,39.89128658817738,10.701295695711334,39.89128658817738,0.0040708812260536395,0.0,0.034552845528455285,4,5
geco_matched_plus_actuator_persistence,P_J422,sensor,selected_sensor_delta,3.0,2.16,5.0,(P_J300 * -0.15230241) + L_T3,0.2456647871840082,5.903007528222809,2.0275990476852326,15.120449264476205,19.50006320747631,5.040149754825402,4.521236868359633,0.0,0.0,0.0,0,0
geco_matched_plus_actuator_persistence,S_PU1,actuator,actuator_persistence,3.0,2.16,1.0,S_PU1,,,1e-06,1e-06,3.1600000000000002e-06,0.0,0.0,0.0,0.0,0.0,0,0
geco_matched_plus_actuator_persistence,S_PU2,actuator,actuator_persistence,3.0,2.16,1.0,S_PU2,,,0.23580629418937082,2.2925811174318875,2.8019227128809288,0.7641937058106292,1.2925811174318875,0.0,0.0,0.0,0,0
geco_matched_plus_actuator_persistence,S_PU3,actuator,actuator_persistence,3.0,2.16,1.0,S_PU3,,,1e-06,1e-06,3.1600000000000002e-06,0.0,0.0,0.0,0.0,0.0,0,0
geco_matched_plus_actuator_persistence,S_PU4,actuator,actuator_persistence,3.0,2.16,1.0,S_PU4,,,0.5393446629166316,1.381966011250105,2.5469504831500296,0.46065533708336837,0.46065533708336837,0.0,0.0,0.0,0,0
geco_matched_plus_actuator_persistence,S_PU5,actuator,actuator_persistence,3.0,2.16,1.0,S_PU5,,,1e-06,1e-06,3.1600000000000002e-06,0.0,0.0,0.0,0.0,0.0,0,0
geco_matched_plus_actuator_persistence,S_PU6,actuator,actuator_persistence,3.0,2.16,1.0,S_PU6,,,0.04154337795149001,5.6261095984365905,5.715843294811809,1.87536986614553,5.715843294811809,0.006226053639846743,0.0,0.052845528455284556,5,9
geco_matched_plus_actuator_persistence,S_PU7,actuator,actuator_persistence,3.0,2.16,1.0,S_PU7,,,0.6212850750281693,2.68072387457746,4.022699636638306,0.8935746248591534,1.136144774915492,0.0,0.0,0.0,0,0
geco_matched_plus_actuator_persistence,S_PU8,actuator,actuator_persistence,3.0,2.16,1.0,S_PU8,,,0.5891372357600062,1.2325882927199814,2.505124721961595,0.4108627642399938,0.4108627642399938,0.0,0.0,0.0,0,0
geco_matched_plus_actuator_persistence,S_PU9,actuator,actuator_persistence,3.0,2.16,1.0,S_PU9,,,1e-06,1e-06,3.1600000000000002e-06,0.0,0.0,0.0,0.0,0.0,0,0
geco_matched_plus_actuator_persistence,S_PU10,actuator,actuator_persistence,3.0,2.16,1.0,S_PU10,,,0.6193381364488211,2.2839711813070736,3.621741556036527,0.7613237271023579,1.2839711813070736,0.0,0.0,0.0,0,0
geco_matched_plus_actuator_persistence,S_PU11,actuator,actuator_persistence,3.0,2.16,1.0,S_PU11,,,0.021820433909204722,5.803616094817158,5.85074823206104,1.9345386982723858,5.85074823206104,0.007662835249042145,0.0008143322475570033,0.05894308943089431,6,14
geco_matched_plus_actuator_persistence,S_V2,actuator,actuator_persistence,3.0,2.16,1.0,S_V2,,,0.32293480650869044,2.031195580473929,2.7287347625327003,0.6770651934913096,0.6770651934913096,0.0,0.0,0.0,0,0
geco_matched_plus_actuator_persistence,L_T1,sensor,selected_sensor_delta,3.0,5.0,5.0,(F_PU1 * -0.018509276) - -1.8689289,0.6093577949599578,3.2443263748671884,0.20114243133850856,2.4764657403251,3.482177897017643,0.8254885801083667,3.482177897017643,0.019875478927203066,0.004071661237785016,0.13821138211382114,2,54
geco_matched_plus_actuator_persistence,L_T2,sensor,selected_sensor_delta,3.0,5.0,3.0,S_V2 + -0.7296837,0.6329362486388168,3.732356656969232,0.3918758112377071,3.2433329817788326,5.202712037967368,1.0811109939262775,1.10903952010541,0.0,0.0,0.0,0,0
geco_matched_plus_actuator_persistence,L_T3,sensor,selected_sensor_delta,3.0,5.0,3.0,S_PU4 + -0.4228445,0.6321403815481337,6.739641591963922,0.3212550695335742,2.105499886827744,3.711775234495615,0.701833295609248,0.6359005449073437,0.0,0.0,0.0,0,0
geco_matched_plus_actuator_persistence,L_T4,sensor,selected_sensor_delta,3.0,5.0,3.0,S_PU7 + -0.8458245,0.32571272981024224,6.371371477956238,0.5327790179687165,5.673659207272742,8.337554297116323,1.8912197357575806,8.337554297116323,0.018199233716475097,0.0024429967426710096,0.13617886178861788,1,76
geco_matched_plus_actuator_persistence,L_T5,sensor,selected_sensor_delta,3.0,5.0,3.0,S_PU8 - 0.59500384,0.6858794854568699,8.380126141404594,0.39617782235066956,3.161266394470208,5.142155506223556,1.0537554648234027,0.8388261225535052,0.0,0.0,0.0,0,0
geco_matched_plus_actuator_persistence,L_T6,sensor,selected_sensor_delta,3.0,5.0,5.0,(L_T7 * -0.12331614) - -0.40589386,0.4130395576430216,3.9860977911077162,0.17158750089943808,0.9493952702006219,1.8073327746978123,0.31646509006687396,0.5311594494550471,0.0,0.0,0.0,0,0
geco_matched_plus_actuator_persistence,L_T7,sensor,selected_sensor_delta,3.0,5.0,3.0,S_PU10 - 0.813014,0.43651015063671006,4.764365050630201,0.7253527589439241,6.081780150538007,9.708543945257627,2.027260050179336,4.601512286316876,0.0,0.0,0.0,0,0
geco_matched_plus_actuator_persistence,F_PU1,sensor,selected_sensor_delta,3.0,5.0,3.0,L_T1 + -2.669049,0.09726981594327044,16.854552680878445,6.148236425507404,67.35081500848145,98.09199713601848,22.450271669493816,90.32520696691324,0.0019157088122605363,0.0008143322475570033,0.01016260162601626,2,5
geco_matched_plus_actuator_persistence,F_PU2,sensor,selected_sensor_delta,3.0,5.0,3.0,32.344326 - P_J269,0.09095408580152353,23.809450915382808,24.076309474852824,200.4279089809591,320.80945635522323,66.80930299365303,93.94539368445032,0.0,0.0,0.0,0,0
geco_matched_plus_actuator_persistence,F_PU3,sensor,selected_sensor_delta,3.0,5.0,1.0,0.0,-inf,0.0,1e-06,1e-06,5.999999999999999e-06,0.0,0.0,0.0,0.0,0.0,0,0
geco_matched_plus_actuator_persistence,F_PU4,sensor,selected_sensor_delta,3.0,5.0,7.0,((S_PU4 + L_T3) * -13.3848715) - -61.893787,0.5446333617168739,2.688539718614763,13.248216087853752,25.21285645860573,91.45393689787448,8.40428548620191,8.713501247502595,0.0,0.0,0.0,0,0
geco_matched_plus_actuator_persistence,F_PU5,sensor,selected_sensor_delta,3.0,5.0,7.0,(S_PU11 - (P_J307 * 0.09781639)) * S_PU5,-inf,0.0,1e-06,1e-06,5.999999999999999e-06,0.0,0.0,0.0,0.0,0.0,0,0
geco_matched_plus_actuator_persistence,F_PU6,sensor,selected_sensor_delta,3.0,5.0,3.0,S_PU6 * -15.802054,0.2495838490947454,0.0,1.3526648265693488,250.28654217442948,257.0498663072762,83.4288473914765,257.0498663072762,0.019875478927203066,0.0016286644951140066,0.1565040650406504,2,73
geco_matched_plus_actuator_persistence,F_PU7,sensor,selected_sensor_delta,3.0,5.0,3.0,41.705242 - F_PU7,0.37764841100804347,5.1720897103496215,25.213597292822932,189.82889949432393,315.8968859584386,63.276299831441314,315.8968859584386,0.01939655172413793,0.002171552660152009,0.1483739837398374,1,81
geco_matched_plus_actuator_persistence,F_PU8,sensor,selected_sensor_delta,3.0,5.0,5.0,P_J302 + (L_T5 * -9.125825),0.4162477871935484,4.905129671049373,16.78591692331516,59.88707301154483,143.81665762812062,19.962357670514944,57.25580288303328,0.0,0.0,0.0,0,0
geco_matched_plus_actuator_persistence,F_PU9,sensor,selected_sensor_delta,3.0,5.0,3.0,S_PU3 * -0.513481,-inf,0.0,1e-06,1e-06,5.999999999999999e-06,0.0,0.0,0.0,0.0,0.0,0,0
geco_matched_plus_actuator_persistence,F_PU10,sensor,selected_sensor_delta,3.0,5.0,3.0,67.91816 - P_J317,0.42073536588669425,10.887175664537754,15.293157883316429,85.4543362389198,161.92012565550192,28.4847787463066,119.08421545433647,0.0011973180076628352,0.0002714440825190011,0.008130081300813009,1,5
geco_matched_plus_actuator_persistence,F_PU11,sensor,selected_sensor_delta,3.0,5.0,3.0,S_PU11 * -11.974697,-inf,0.0,0.418746930912535,124.8771287570411,126.97086341160379,41.62570958568037,126.97086341160379,0.011015325670498084,0.0019001085776330076,0.07926829268292683,2,45
geco_matched_plus_actuator_persistence,F_V2,sensor,selected_sensor_delta,3.0,5.0,5.0,L_T1 * (27.468645 - P_J300),0.21971716105443273,13.092701887049648,29.37579567072853,197.82546204459163,344.7044403982343,65.94182068153054,77.22726605495589,0.0,0.0,0.0,0,0
geco_matched_plus_actuator_persistence,P_J269,sensor,selected_sensor_delta,3.0,5.0,3.0,S_V2 - S_PU2,0.07579739196654967,21.918450899227214,3.4070213468145347,36.781846573570064,53.816953307642734,12.260615524523356,39.11084965677091,0.00023946360153256704,0.0,0.0020325203252032522,1,1
geco_matched_plus_actuator_persistence,P_J300,sensor,selected_sensor_delta,3.0,5.0,5.0,L_T3 + (S_PU7 - 5.046974),0.272826500179711,7.331988220433037,2.1099545423828,16.265452555627547,26.81522526754155,5.421817518542516,6.397111870120275,0.0,0.0,0.0,0,0
geco_matched_plus_actuator_persistence,P_J256,sensor,selected_sensor_delta,3.0,5.0,5.0,(4.201238 - L_T3) * 6.0064683,0.3197015694872337,3.904550168081942,8.431163749376763,33.959264309943826,76.11508305682764,11.319754769981275,10.390316873864949,0.0,0.0,0.0,0,0
geco_matched_plus_actuator_persistence,P_J289,sensor,selected_sensor_delta,3.0,5.0,5.0,L_T3 + (P_J300 * -0.15231189),0.25404529850996793,6.040316899547679,2.126504306095562,16.198997552799515,26.831519083277325,5.399665850933172,4.674685067619308,0.0,0.0,0.0,0,0
geco_matched_plus_actuator_persistence,P_J415,sensor,selected_sensor_delta,3.0,5.0,3.0,82.73172 - P_J415,0.4711623390450026,6.948374351067468,10.609020198594408,103.56583790747459,156.61093890044663,34.521945969158196,27.884655131755835,0.0,0.0,0.0,0,0
geco_matched_plus_actuator_persistence,P_J302,sensor,selected_sensor_delta,3.0,5.0,7.0,(S_PU8 + (L_T5 + -3.343674)) * 2.5377998,0.35730883248633993,4.438215667651566,4.24721539661027,30.114165547141212,51.35024253019256,10.038055182380404,51.35024253019256,0.017720306513409962,0.0013572204125950054,0.1402439024390244,7,30
geco_matched_plus_actuator_persistence,P_J306,sensor,selected_sensor_delta,3.0,5.0,5.0,(2.7484903 - L_T5) * 7.3260493,0.3262452518119333,3.602263886295136,10.582777581074764,35.56173377483018,88.475621680204,11.853911258276726,27.939646807437626,0.0,0.0,0.0,0,0
geco_matched_plus_actuator_persistence,P_J307,sensor,selected_sensor_delta,3.0,5.0,7.0,(L_T5 * 2.6905053) + (P_J307 * -0.3057421),0.4059912413169757,3.959460665546642,4.0887858203577006,27.42960398952973,47.87353309131824,9.143201329843244,47.87353309131824,0.019157088122605363,0.0013572204125950054,0.1524390243902439,6,30
geco_matched_plus_actuator_persistence,P_J317,sensor,selected_sensor_delta,3.0,5.0,3.0,67.91844 - P_J317,0.3768622058564455,4.939036745149259,7.515931709124317,90.85634972114354,128.43600826676513,30.28544990704785,128.43600826676513,0.016762452107279693,0.005971769815418024,0.0975609756097561,2,51
geco_matched_plus_actuator_persistence,P_J14,sensor,selected_sensor_delta,3.0,5.0,5.0,(P_J422 * 0.4271824) + -12.582657,0.1636725399235337,10.745782704219174,3.605277546779343,32.103887087134,50.13027482103071,10.701295695711334,50.13027482103071,0.007423371647509579,0.0005428881650380022,0.05894308943089431,5,10
geco_matched_plus_actuator_persistence,P_J422,sensor,selected_sensor_delta,3.0,5.0,5.0,(P_J300 * -0.15230241) + L_T3,0.2456647871840082,5.903007528222809,2.0275990476852326,15.120449264476205,25.258444502902368,5.040149754825402,4.521236868359633,0.0,0.0,0.0,0,0
geco_matched_plus_actuator_persistence,S_PU1,actuator,actuator_persistence,3.0,5.0,1.0,S_PU1,,,1e-06,1e-06,5.999999999999999e-06,0.0,0.0,0.0,0.0,0.0,0,0
geco_matched_plus_actuator_persistence,S_PU2,actuator,actuator_persistence,3.0,5.0,1.0,S_PU2,,,0.23580629418937082,2.2925811174318875,3.4716125883787416,0.7641937058106292,1.2925811174318875,0.0,0.0,0.0,0,0
geco_matched_plus_actuator_persistence,S_PU3,actuator,actuator_persistence,3.0,5.0,1.0,S_PU3,,,1e-06,1e-06,5.999999999999999e-06,0.0,0.0,0.0,0.0,0.0,0,0
geco_matched_plus_actuator_persistence,S_PU4,actuator,actuator_persistence,3.0,5.0,1.0,S_PU4,,,0.5393446629166316,1.381966011250105,4.078689325833263,0.46065533708336837,0.46065533708336837,0.0,0.0,0.0,0,0
geco_matched_plus_actuator_persistence,S_PU5,actuator,actuator_persistence,3.0,5.0,1.0,S_PU5,,,1e-06,1e-06,5.999999999999999e-06,0.0,0.0,0.0,0.0,0.0,0,0
geco_matched_plus_actuator_persistence,S_PU6,actuator,actuator_persistence,3.0,5.0,1.0,S_PU6,,,0.04154337795149001,5.6261095984365905,5.833826488194041,1.87536986614553,5.833826488194041,0.008620689655172414,0.0005428881650380022,0.06910569105691057,5,11
geco_matched_plus_actuator_persistence,S_PU7,actuator,actuator_persistence,3.0,5.0,1.0,S_PU7,,,0.6212850750281693,2.68072387457746,5.787149249718307,0.8935746248591534,1.136144774915492,0.0,0.0,0.0,0,0
geco_matched_plus_actuator_persistence,S_PU8,actuator,actuator_persistence,3.0,5.0,1.0,S_PU8,,,0.5891372357600062,1.2325882927199814,4.178274471520012,0.4108627642399938,0.4108627642399938,0.0,0.0,0.0,0,0
geco_matched_plus_actuator_persistence,S_PU9,actuator,actuator_persistence,3.0,5.0,1.0,S_PU9,,,1e-06,1e-06,5.999999999999999e-06,0.0,0.0,0.0,0.0,0.0,0,0
geco_matched_plus_actuator_persistence,S_PU10,actuator,actuator_persistence,3.0,5.0,1.0,S_PU10,,,0.6193381364488211,2.2839711813070736,5.380661863551179,0.7613237271023579,1.2839711813070736,0.0,0.0,0.0,0,0
geco_matched_plus_actuator_persistence,S_PU11,actuator,actuator_persistence,3.0,5.0,1.0,S_PU11,,,0.021820433909204722,5.803616094817158,5.912718264363181,1.9345386982723858,5.912718264363181,0.010775862068965518,0.0019001085776330076,0.07723577235772358,1,45
geco_matched_plus_actuator_persistence,S_V2,actuator,actuator_persistence,3.0,5.0,1.0,S_V2,,,0.32293480650869044,2.031195580473929,3.645869613017381,0.6770651934913096,0.6770651934913096,0.0,0.0,0.0,0,0
geco_matched_plus_actuator_persistence,L_T1,sensor,selected_sensor_delta,3.0,9.0,5.0,(F_PU1 * -0.018509276) - -1.8689289,0.6093577949599578,3.2443263748671884,0.20114243133850856,2.4764657403251,4.286747622371677,0.8254885801083667,4.286747622371677,0.024664750957854406,0.009500542888165039,0.13821138211382114,2,65
geco_matched_plus_actuator_persistence,L_T2,sensor,selected_sensor_delta,3.0,9.0,3.0,S_V2 + -0.7296837,0.6329362486388168,3.732356656969232,0.3918758112377071,3.2433329817788326,6.770215282918196,1.0811109939262775,1.10903952010541,0.0,0.0,0.0,0,0
geco_matched_plus_actuator_persistence,L_T3,sensor,selected_sensor_delta,3.0,9.0,3.0,S_PU4 + -0.4228445,0.6321403815481337,6.739641591963922,0.3212550695335742,2.105499886827744,4.996795512629912,0.701833295609248,0.6359005449073437,0.0,0.0,0.0,0,0
geco_matched_plus_actuator_persistence,L_T4,sensor,selected_sensor_delta,3.0,9.0,3.0,S_PU7 + -0.8458245,0.32571272981024224,6.371371477956238,0.5327790179687165,5.673659207272742,10.46867036899119,1.8912197357575806,10.46867036899119,0.022030651340996167,0.0067861020629750276,0.13617886178861788,1,92
geco_matched_plus_actuator_persistence,L_T5,sensor,selected_sensor_delta,3.0,9.0,3.0,S_PU8 - 0.59500384,0.6858794854568699,8.380126141404594,0.39617782235066956,3.161266394470208,6.7268667956262345,1.0537554648234027,0.8388261225535052,0.0,0.0,0.0,0,0
geco_matched_plus_actuator_persistence,L_T6,sensor,selected_sensor_delta,3.0,9.0,5.0,(L_T7 * -0.12331614) - -0.40589386,0.4130395576430216,3.9860977911077162,0.17158750089943808,0.9493952702006219,2.4936827782955646,0.31646509006687396,0.5311594494550471,0.0,0.0,0.0,0,0
geco_matched_plus_actuator_persistence,L_T7,sensor,selected_sensor_delta,3.0,9.0,3.0,S_PU10 - 0.813014,0.43651015063671006,4.764365050630201,0.7253527589439241,6.081780150538007,12.609954981033324,2.027260050179336,4.601512286316876,0.0,0.0,0.0,0,0
geco_matched_plus_actuator_persistence,F_PU1,sensor,selected_sensor_delta,3.0,9.0,3.0,L_T1 + -2.669049,0.09726981594327044,16.854552680878445,6.148236425507404,67.35081500848145,122.68494283804809,22.450271669493816,90.32520696691324,0.0019157088122605363,0.0008143322475570033,0.01016260162601626,2,5
geco_matched_plus_actuator_persistence,F_PU2,sensor,selected_sensor_delta,3.0,9.0,3.0,32.344326 - P_J269,0.09095408580152353,23.809450915382808,24.076309474852824,200.4279089809591,417.1146942546345,66.80930299365303,93.94539368445032,0.0,0.0,0.0,0,0
geco_matched_plus_actuator_persistence,F_PU3,sensor,selected_sensor_delta,3.0,9.0,1.0,0.0,-inf,0.0,1e-06,1e-06,1e-05,0.0,0.0,0.0,0.0,0.0,0,0
geco_matched_plus_actuator_persistence,F_PU4,sensor,selected_sensor_delta,3.0,9.0,7.0,((S_PU4 + L_T3) * -13.3848715) - -61.893787,0.5446333617168739,2.688539718614763,13.248216087853752,25.21285645860573,144.4468012492895,8.40428548620191,8.713501247502595,0.0,0.0,0.0,0,0
geco_matched_plus_actuator_persistence,F_PU5,sensor,selected_sensor_delta,3.0,9.0,7.0,(S_PU11 - (P_J307 * 0.09781639)) * S_PU5,-inf,0.0,1e-06,1e-06,1e-05,0.0,0.0,0.0,0.0,0.0,0,0
geco_matched_plus_actuator_persistence,F_PU6,sensor,selected_sensor_delta,3.0,9.0,3.0,S_PU6 * -15.802054,0.2495838490947454,0.0,1.3526648265693488,250.28654217442948,262.4605256135536,83.4288473914765,262.4605256135536,0.021312260536398467,0.003257328990228013,0.1565040650406504,2,76
geco_matched_plus_actuator_persistence,F_PU7,sensor,selected_sensor_delta,3.0,9.0,3.0,41.705242 - F_PU7,0.37764841100804347,5.1720897103496215,25.213597292822932,189.82889949432393,416.7512751297303,63.276299831441314,416.7512751297303,0.021312260536398467,0.004343105320304018,0.1483739837398374,1,89
geco_matched_plus_actuator_persistence,F_PU8,sensor,selected_sensor_delta,3.0,9.0,5.0,P_J302 + (L_T5 * -9.125825),0.4162477871935484,4.905129671049373,16.78591692331516,59.88707301154483,210.96032532138128,19.962357670514944,57.25580288303328,0.0,0.0,0.0,0,0
geco_matched_plus_actuator_persistence,F_PU9,sensor,selected_sensor_delta,3.0,9.0,3.0,S_PU3 * -0.513481,-inf,0.0,1e-06,1e-06,1e-05,0.0,0.0,0.0,0.0,0.0,0,0
geco_matched_plus_actuator_persistence,F_PU10,sensor,selected_sensor_delta,3.0,9.0,3.0,67.91816 - P_J317,0.42073536588669425,10.887175664537754,15.293157883316429,85.4543362389198,223.09275718876768,28.4847787463066,119.08421545433647,0.0011973180076628352,0.0002714440825190011,0.008130081300813009,1,5
geco_matched_plus_actuator_persistence,F_PU11,sensor,selected_sensor_delta,3.0,9.0,3.0,S_PU11 * -11.974697,-inf,0.0,0.418746930912535,124.8771287570411,128.64585113525393,41.62570958568037,128.64585113525393,0.011973180076628353,0.002985884907709012,0.07926829268292683,2,49
geco_matched_plus_actuator_persistence,F_V2,sensor,selected_sensor_delta,3.0,9.0,5.0,L_T1 * (27.468645 - P_J300),0.21971716105443273,13.092701887049648,29.37579567072853,197.82546204459163,462.20762308114837,65.94182068153054,77.22726605495589,0.0,0.0,0.0,0,0
geco_matched_plus_actuator_persistence,P_J269,sensor,selected_sensor_delta,3.0,9.0,3.0,S_V2 - S_PU2,0.07579739196654967,21.918450899227214,3.4070213468145347,36.781846573570064,67.44503869490087,12.260615524523356,39.11084965677091,0.00023946360153256704,0.0,0.0020325203252032522,1,1
geco_matched_plus_actuator_persistence,P_J300,sensor,selected_sensor_delta,3.0,9.0,5.0,L_T3 + (S_PU7 - 5.046974),0.272826500179711,7.331988220433037,2.1099545423828,16.265452555627547,35.25504343707275,5.421817518542516,6.397111870120275,0.0,0.0,0.0,0,0
geco_matched_plus_actuator_persistence,P_J256,sensor,selected_sensor_delta,3.0,9.0,5.0,(4.201238 - L_T3) * 6.0064683,0.3197015694872337,3.904550168081942,8.431163749376763,33.959264309943826,109.8397380543347,11.319754769981275,10.390316873864949,0.0,0.0,0.0,0,0
geco_matched_plus_actuator_persistence,P_J289,sensor,selected_sensor_delta,3.0,9.0,5.0,L_T3 + (P_J300 * -0.15231189),0.25404529850996793,6.040316899547679,2.126504306095562,16.198997552799515,35.337536307659576,5.399665850933172,4.674685067619308,0.0,0.0,0.0,0,0
geco_matched_plus_actuator_persistence,P_J415,sensor,selected_sensor_delta,3.0,9.0,3.0,82.73172 - P_J415,0.4711623390450026,6.948374351067468,10.609020198594408,103.56583790747459,199.04701969482426,34.521945969158196,27.884655131755835,0.0,0.0,0.0,0,0
geco_matched_plus_actuator_persistence,P_J302,sensor,selected_sensor_delta,3.0,9.0,7.0,(S_PU8 + (L_T5 + -3.343674)) * 2.5377998,0.35730883248633993,4.438215667651566,4.24721539661027,30.114165547141212,68.33910411663365,10.038055182380404,68.33910411663365,0.0210727969348659,0.0019001085776330076,0.16463414634146342,8,30
geco_matched_plus_actuator_persistence,P_J306,sensor,selected_sensor_delta,3.0,9.0,5.0,(2.7484903 - L_T5) * 7.3260493,0.3262452518119333,3.602263886295136,10.582777581074764,35.56173377483018,130.80673200450306,11.853911258276726,27.939646807437626,0.0,0.0,0.0,0,0
geco_matched_plus_actuator_persistence,P_J307,sensor,selected_sensor_delta,3.0,9.0,7.0,(L_T5 * 2.6905053) + (P_J307 * -0.3057421),0.4059912413169757,3.959460665546642,4.0887858203577006,27.42960398952973,64.22867637274904,9.143201329843244,64.22867637274904,0.02514367816091954,0.003257328990228013,0.18902439024390244,6,31
geco_matched_plus_actuator_persistence,P_J317,sensor,selected_sensor_delta,3.0,9.0,3.0,67.91844 - P_J317,0.3768622058564455,4.939036745149259,7.515931709124317,90.85634972114354,158.4997351032624,30.28544990704785,158.4997351032624,0.019636015325670497,0.009229098805646038,0.0975609756097561,2,60
geco_matched_plus_actuator_persistence,P_J14,sensor,selected_sensor_delta,3.0,9.0,5.0,(P_J422 * 0.4271824) + -12.582657,0.1636725399235337,10.745782704219174,3.605277546779343,32.103887087134,64.55138500814809,10.701295695711334,64.55138500814809,0.009578544061302681,0.0019001085776330076,0.06707317073170732,5,15
geco_matched_plus_actuator_persistence,P_J422,sensor,selected_sensor_delta,3.0,9.0,5.0,(P_J300 * -0.15230241) + L_T3,0.2456647871840082,5.903007528222809,2.0275990476852326,15.120449264476205,33.3688406936433,5.040149754825402,4.521236868359633,0.0,0.0,0.0,0,0
geco_matched_plus_actuator_persistence,S_PU1,actuator,actuator_persistence,3.0,9.0,1.0,S_PU1,,,1e-06,1e-06,1e-05,0.0,0.0,0.0,0.0,0.0,0,0
geco_matched_plus_actuator_persistence,S_PU2,actuator,actuator_persistence,3.0,9.0,1.0,S_PU2,,,0.23580629418937082,2.2925811174318875,4.414837765136225,0.7641937058106292,1.2925811174318875,0.0,0.0,0.0,0,0
geco_matched_plus_actuator_persistence,S_PU3,actuator,actuator_persistence,3.0,9.0,1.0,S_PU3,,,1e-06,1e-06,1e-05,0.0,0.0,0.0,0.0,0.0,0,0
geco_matched_plus_actuator_persistence,S_PU4,actuator,actuator_persistence,3.0,9.0,1.0,S_PU4,,,0.5393446629166316,1.381966011250105,6.23606797749979,0.46065533708336837,0.46065533708336837,0.0,0.0,0.0,0,0
geco_matched_plus_actuator_persistence,S_PU5,actuator,actuator_persistence,3.0,9.0,1.0,S_PU5,,,1e-06,1e-06,1e-05,0.0,0.0,0.0,0.0,0.0,0,0
geco_matched_plus_actuator_persistence,S_PU6,actuator,actuator_persistence,3.0,9.0,1.0,S_PU6,,,0.04154337795149001,5.6261095984365905,6.000000000000001,1.87536986614553,6.000000000000001,0.011973180076628353,0.0016286644951140066,0.08943089430894309,3,23
geco_matched_plus_actuator_persistence,S_PU7,actuator,actuator_persistence,3.0,9.0,1.0,S_PU7,,,0.6212850750281693,2.68072387457746,8.272289549830983,0.8935746248591534,1.136144774915492,0.0,0.0,0.0,0,0
geco_matched_plus_actuator_persistence,S_PU8,actuator,actuator_persistence,3.0,9.0,1.0,S_PU8,,,0.5891372357600062,1.2325882927199814,6.534823414560037,0.4108627642399938,0.4108627642399938,0.0,0.0,0.0,0,0
geco_matched_plus_actuator_persistence,S_PU9,actuator,actuator_persistence,3.0,9.0,1.0,S_PU9,,,1e-06,1e-06,1e-05,0.0,0.0,0.0,0.0,0.0,0,0
geco_matched_plus_actuator_persistence,S_PU10,actuator,actuator_persistence,3.0,9.0,1.0,S_PU10,,,0.6193381364488211,2.2839711813070736,7.858014409346463,0.7613237271023579,1.2839711813070736,0.0,0.0,0.0,0,0
geco_matched_plus_actuator_persistence,S_PU11,actuator,actuator_persistence,3.0,9.0,1.0,S_PU11,,,0.021820433909204722,5.803616094817158,6.0,1.9345386982723858,6.0,0.011733716475095786,0.002985884907709012,0.07723577235772358,1,49
geco_matched_plus_actuator_persistence,S_V2,actuator,actuator_persistence,3.0,9.0,1.0,S_V2,,,0.32293480650869044,2.031195580473929,4.937608839052142,0.6770651934913096,0.6770651934913096,0.0,0.0,0.0,0,0
geco_matched_plus_actuator_persistence,L_T1,sensor,selected_sensor_delta,5.0,1.0,5.0,(F_PU1 * -0.018509276) - -1.8689289,0.6093577949599578,3.2443263748671884,0.20114243133850856,4.127442900541833,4.328585331880342,0.8254885801083667,4.328585331880342,0.0031130268199233715,0.0010857763300760044,0.018292682926829267,2,11
geco_matched_plus_actuator_persistence,L_T2,sensor,selected_sensor_delta,5.0,1.0,3.0,S_V2 + -0.7296837,0.6329362486388168,3.732356656969232,0.3918758112377071,5.405554969631387,5.797430780869094,1.0811109939262775,1.10903952010541,0.0,0.0,0.0,0,0
geco_matched_plus_actuator_persistence,L_T3,sensor,selected_sensor_delta,5.0,1.0,3.0,S_PU4 + -0.4228445,0.6321403815481337,6.739641591963922,0.3212550695335742,3.50916647804624,3.8304215475798142,0.701833295609248,0.6359005449073437,0.0,0.0,0.0,0,0
geco_matched_plus_actuator_persistence,L_T4,sensor,selected_sensor_delta,5.0,1.0,3.0,S_PU7 + -0.8458245,0.32571272981024224,6.371371477956238,0.5327790179687165,9.456098678787903,9.988877696756619,1.8912197357575806,9.988877696756619,0.012691570881226053,0.0,0.10772357723577236,3,33
geco_matched_plus_actuator_persistence,L_T5,sensor,selected_sensor_delta,5.0,1.0,3.0,S_PU8 - 0.59500384,0.6858794854568699,8.380126141404594,0.39617782235066956,5.268777324117013,5.664955146467683,1.0537554648234027,0.8388261225535052,0.0,0.0,0.0,0,0
geco_matched_plus_actuator_persistence,L_T6,sensor,selected_sensor_delta,5.0,1.0,5.0,(L_T7 * -0.12331614) - -0.40589386,0.4130395576430216,3.9860977911077162,0.17158750089943808,1.5823254503343698,1.7539129512338079,0.31646509006687396,0.5311594494550471,0.0,0.0,0.0,0,0
geco_matched_plus_actuator_persistence,L_T7,sensor,selected_sensor_delta,5.0,1.0,3.0,S_PU10 - 0.813014,0.43651015063671006,4.764365050630201,0.7253527589439241,10.13630025089668,10.861653009840603,2.027260050179336,4.601512286316876,0.0,0.0,0.0,0,0
geco_matched_plus_actuator_persistence,F_PU1,sensor,selected_sensor_delta,5.0,1.0,3.0,L_T1 + -2.669049,0.09726981594327044,16.854552680878445,6.148236425507404,112.25135834746908,118.39959477297649,22.450271669493816,90.32520696691324,0.0,0.0,0.0,0,0
geco_matched_plus_actuator_persistence,F_PU2,sensor,selected_sensor_delta,5.0,1.0,3.0,32.344326 - P_J269,0.09095408580152353,23.809450915382808,24.076309474852824,334.04651496826517,358.122824443118,66.80930299365303,93.94539368445032,0.0,0.0,0.0,0,0
geco_matched_plus_actuator_persistence,F_PU3,sensor,selected_sensor_delta,5.0,1.0,1.0,0.0,-inf,0.0,1e-06,1e-06,2e-06,0.0,0.0,0.0,0.0,0.0,0,0
geco_matched_plus_actuator_persistence,F_PU4,sensor,selected_sensor_delta,5.0,1.0,7.0,((S_PU4 + L_T3) * -13.3848715) - -61.893787,0.5446333617168739,2.688539718614763,13.248216087853752,42.021427431009556,55.269643518863305,8.40428548620191,8.713501247502595,0.0,0.0,0.0,0,0
geco_matched_plus_actuator_persistence,F_PU5,sensor,selected_sensor_delta,5.0,1.0,7.0,(S_PU11 - (P_J307 * 0.09781639)) * S_PU5,-inf,0.0,1e-06,1e-06,2e-06,0.0,0.0,0.0,0.0,0.0,0,0
geco_matched_plus_actuator_persistence,F_PU6,sensor,selected_sensor_delta,5.0,1.0,3.0,S_PU6 * -15.802054,0.2495838490947454,0.0,1.3526648265693488,417.1442369573825,418.49690178395184,83.4288473914765,418.49690178395184,0.013888888888888888,0.0,0.11788617886178862,6,20
geco_matched_plus_actuator_persistence,F_PU7,sensor,selected_sensor_delta,5.0,1.0,3.0,41.705242 - F_PU7,0.37764841100804347,5.1720897103496215,25.213597292822932,316.3814991572066,341.59509645002953,63.276299831441314,341.59509645002953,0.014846743295019157,0.0,0.12601626016260162,1,62
geco_matched_plus_actuator_persistence,F_PU8,sensor,selected_sensor_delta,5.0,1.0,5.0,P_J302 + (L_T5 * -9.125825),0.4162477871935484,4.905129671049373,16.78591692331516,99.81178835257472,116.59770527588988,19.962357670514944,57.25580288303328,0.0,0.0,0.0,0,0
geco_matched_plus_actuator_persistence,F_PU9,sensor,selected_sensor_delta,5.0,1.0,3.0,S_PU3 * -0.513481,-inf,0.0,1e-06,1e-06,2e-06,0.0,0.0,0.0,0.0,0.0,0,0
geco_matched_plus_actuator_persistence,F_PU10,sensor,selected_sensor_delta,5.0,1.0,3.0,67.91816 - P_J317,0.42073536588669425,10.887175664537754,15.293157883316429,142.42389373153298,157.71705161484942,28.4847787463066,119.08421545433647,0.0,0.0,0.0,0,0
geco_matched_plus_actuator_persistence,F_PU11,sensor,selected_sensor_delta,5.0,1.0,3.0,S_PU11 * -11.974697,-inf,0.0,0.418746930912535,208.12854792840184,208.54729485931438,41.62570958568037,208.54729485931438,0.006704980842911878,0.0005428881650380022,0.052845528455284556,5,9
geco_matched_plus_actuator_persistence,F_V2,sensor,selected_sensor_delta,5.0,1.0,5.0,L_T1 * (27.468645 - P_J300),0.21971716105443273,13.092701887049648,29.37579567072853,329.7091034076527,359.0848990783812,65.94182068153054,77.22726605495589,0.0,0.0,0.0,0,0
geco_matched_plus_actuator_persistence,P_J269,sensor,selected_sensor_delta,5.0,1.0,3.0,S_V2 - S_PU2,0.07579739196654967,21.918450899227214,3.4070213468145347,61.30307762261678,64.71009896943131,12.260615524523356,39.11084965677091,0.0,0.0,0.0,0,0
geco_matched_plus_actuator_persistence,P_J300,sensor,selected_sensor_delta,5.0,1.0,5.0,L_T3 + (S_PU7 - 5.046974),0.272826500179711,7.331988220433037,2.1099545423828,27.109087592712584,29.219042135095386,5.421817518542516,6.397111870120275,0.0,0.0,0.0,0,0
geco_matched_plus_actuator_persistence,P_J256,sensor,selected_sensor_delta,5.0,1.0,5.0,(4.201238 - L_T3) * 6.0064683,0.3197015694872337,3.904550168081942,8.431163749376763,56.59877384990637,65.02993759928313,11.319754769981275,10.390316873864949,0.0,0.0,0.0,0,0
geco_matched_plus_actuator_persistence,P_J289,sensor,selected_sensor_delta,5.0,1.0,5.0,L_T3 + (P_J300 * -0.15231189),0.25404529850996793,6.040316899547679,2.126504306095562,26.998329254665858,29.12483356076142,5.399665850933172,4.674685067619308,0.0,0.0,0.0,0,0
geco_matched_plus_actuator_persistence,P_J415,sensor,selected_sensor_delta,5.0,1.0,3.0,82.73172 - P_J415,0.4711623390450026,6.948374351067468,10.609020198594408,172.60972984579098,183.2187500443854,34.521945969158196,27.884655131755835,0.0,0.0,0.0,0,0
geco_matched_plus_actuator_persistence,P_J302,sensor,selected_sensor_delta,5.0,1.0,7.0,(S_PU8 + (L_T5 + -3.343674)) * 2.5377998,0.35730883248633993,4.438215667651566,4.24721539661027,50.19027591190202,54.43749130851229,10.038055182380404,54.43749130851229,0.0021551724137931034,0.0,0.018292682926829267,2,5
geco_matched_plus_actuator_persistence,P_J306,sensor,selected_sensor_delta,5.0,1.0,5.0,(2.7484903 - L_T5) * 7.3260493,0.3262452518119333,3.602263886295136,10.582777581074764,59.26955629138363,69.85233387245839,11.853911258276726,27.939646807437626,0.0,0.0,0.0,0,0
geco_matched_plus_actuator_persistence,P_J307,sensor,selected_sensor_delta,5.0,1.0,7.0,(L_T5 * 2.6905053) + (P_J307 * -0.3057421),0.4059912413169757,3.959460665546642,4.0887858203577006,45.71600664921622,49.80479246957392,9.143201329843244,49.80479246957392,0.0031130268199233715,0.0,0.026422764227642278,4,7
geco_matched_plus_actuator_persistence,P_J317,sensor,selected_sensor_delta,5.0,1.0,3.0,67.91844 - P_J317,0.3768622058564455,4.939036745149259,7.515931709124317,151.42724953523924,158.94318124436356,30.28544990704785,158.94318124436356,0.008381226053639846,0.0016286644951140066,0.05894308943089431,1,35
geco_matched_plus_actuator_persistence,P_J14,sensor,selected_sensor_delta,5.0,1.0,5.0,(P_J422 * 0.4271824) + -12.582657,0.1636725399235337,10.745782704219174,3.605277546779343,53.50647847855667,57.111756025336014,10.701295695711334,57.111756025336014,0.0009578544061302681,0.0,0.008130081300813009,2,2
geco_matched_plus_actuator_persistence,P_J422,sensor,selected_sensor_delta,5.0,1.0,5.0,(P_J300 * -0.15230241) + L_T3,0.2456647871840082,5.903007528222809,2.0275990476852326,25.200748774127007,27.22834782181224,5.040149754825402,4.521236868359633,0.0,0.0,0.0,0,0
geco_matched_plus_actuator_persistence,S_PU1,actuator,actuator_persistence,5.0,1.0,1.0,S_PU1,,,1e-06,1e-06,2e-06,0.0,0.0,0.0,0.0,0.0,0,0
geco_matched_plus_actuator_persistence,S_PU2,actuator,actuator_persistence,5.0,1.0,1.0,S_PU2,,,0.23580629418937082,3.820968529053146,4.056774823242517,0.7641937058106292,1.2925811174318875,0.0,0.0,0.0,0,0
geco_matched_plus_actuator_persistence,S_PU3,actuator,actuator_persistence,5.0,1.0,1.0,S_PU3,,,1e-06,1e-06,2e-06,0.0,0.0,0.0,0.0,0.0,0,0
geco_matched_plus_actuator_persistence,S_PU4,actuator,actuator_persistence,5.0,1.0,1.0,S_PU4,,,0.5393446629166316,2.303276685416842,2.8426213483334735,0.46065533708336837,0.46065533708336837,0.0,0.0,0.0,0,0
geco_matched_plus_actuator_persistence,S_PU5,actuator,actuator_persistence,5.0,1.0,1.0,S_PU5,,,1e-06,1e-06,2e-06,0.0,0.0,0.0,0.0,0.0,0,0
geco_matched_plus_actuator_persistence,S_PU6,actuator,actuator_persistence,5.0,1.0,1.0,S_PU6,,,0.04154337795149001,9.37684933072765,9.41839270867914,1.87536986614553,9.41839270867914,0.0016762452107279694,0.0,0.014227642276422764,7,1
geco_matched_plus_actuator_persistence,S_PU7,actuator,actuator_persistence,5.0,1.0,1.0,S_PU7,,,0.6212850750281693,4.467873124295767,5.089158199323936,0.8935746248591534,1.136144774915492,0.0,0.0,0.0,0,0
geco_matched_plus_actuator_persistence,S_PU8,actuator,actuator_persistence,5.0,1.0,1.0,S_PU8,,,0.5891372357600062,2.054313821199969,2.643451056959975,0.4108627642399938,0.4108627642399938,0.0,0.0,0.0,0,0
geco_matched_plus_actuator_persistence,S_PU9,actuator,actuator_persistence,5.0,1.0,1.0,S_PU9,,,1e-06,1e-06,2e-06,0.0,0.0,0.0,0.0,0.0,0,0
geco_matched_plus_actuator_persistence,S_PU10,actuator,actuator_persistence,5.0,1.0,1.0,S_PU10,,,0.6193381364488211,3.8066186355117893,4.42595677196061,0.7613237271023579,1.2839711813070736,0.0,0.0,0.0,0,0
geco_matched_plus_actuator_persistence,S_PU11,actuator,actuator_persistence,5.0,1.0,1.0,S_PU11,,,0.021820433909204722,9.67269349136193,9.694513925271135,1.9345386982723858,9.694513925271135,0.0023946360153256703,0.0002714440825190011,0.018292682926829267,10,1
geco_matched_plus_actuator_persistence,S_V2,actuator,actuator_persistence,5.0,1.0,1.0,S_V2,,,0.32293480650869044,3.3853259674565477,3.7082607739652382,0.6770651934913096,0.6770651934913096,0.0,0.0,0.0,0,0
geco_matched_plus_actuator_persistence,L_T1,sensor,selected_sensor_delta,5.0,2.16,5.0,(F_PU1 * -0.018509276) - -1.8689289,0.6093577949599578,3.2443263748671884,0.20114243133850856,4.127442900541833,4.561910552233012,0.8254885801083667,4.561910552233012,0.0038314176245210726,0.0019001085776330076,0.018292682926829267,2,13
geco_matched_plus_actuator_persistence,L_T2,sensor,selected_sensor_delta,5.0,2.16,3.0,S_V2 + -0.7296837,0.6329362486388168,3.732356656969232,0.3918758112377071,5.405554969631387,6.252006721904834,1.0811109939262775,1.10903952010541,0.0,0.0,0.0,0,0
geco_matched_plus_actuator_persistence,L_T3,sensor,selected_sensor_delta,5.0,2.16,3.0,S_PU4 + -0.4228445,0.6321403815481337,6.739641591963922,0.3212550695335742,3.50916647804624,4.20307742823876,0.701833295609248,0.6359005449073437,0.0,0.0,0.0,0,0
geco_matched_plus_actuator_persistence,L_T4,sensor,selected_sensor_delta,5.0,2.16,3.0,S_PU7 + -0.8458245,0.32571272981024224,6.371371477956238,0.5327790179687165,9.456098678787903,10.60690135760033,1.8912197357575806,10.60690135760033,0.014128352490421455,0.0008143322475570033,0.11382113821138211,1,59
geco_matched_plus_actuator_persistence,L_T5,sensor,selected_sensor_delta,5.0,2.16,3.0,S_PU8 - 0.59500384,0.6858794854568699,8.380126141404594,0.39617782235066956,5.268777324117013,6.124521420394459,1.0537554648234027,0.8388261225535052,0.0,0.0,0.0,0,0
geco_matched_plus_actuator_persistence,L_T6,sensor,selected_sensor_delta,5.0,2.16,5.0,(L_T7 * -0.12331614) - -0.40589386,0.4130395576430216,3.9860977911077162,0.17158750089943808,1.5823254503343698,1.952954452277156,0.31646509006687396,0.5311594494550471,0.0,0.0,0.0,0,0
geco_matched_plus_actuator_persistence,L_T7,sensor,selected_sensor_delta,5.0,2.16,3.0,S_PU10 - 0.813014,0.43651015063671006,4.764365050630201,0.7253527589439241,10.13630025089668,11.703062210215556,2.027260050179336,4.601512286316876,0.0,0.0,0.0,0,0
geco_matched_plus_actuator_persistence,F_PU1,sensor,selected_sensor_delta,5.0,2.16,3.0,L_T1 + -2.669049,0.09726981594327044,16.854552680878445,6.148236425507404,112.25135834746908,125.53154902656507,22.450271669493816,90.32520696691324,0.0,0.0,0.0,0,0
geco_matched_plus_actuator_persistence,F_PU2,sensor,selected_sensor_delta,5.0,2.16,3.0,32.344326 - P_J269,0.09095408580152353,23.809450915382808,24.076309474852824,334.04651496826517,386.0513434339473,66.80930299365303,93.94539368445032,0.0,0.0,0.0,0,0
geco_matched_plus_actuator_persistence,F_PU3,sensor,selected_sensor_delta,5.0,2.16,1.0,0.0,-inf,0.0,1e-06,1e-06,3.1600000000000002e-06,0.0,0.0,0.0,0.0,0.0,0,0
geco_matched_plus_actuator_persistence,F_PU4,sensor,selected_sensor_delta,5.0,2.16,7.0,((S_PU4 + L_T3) * -13.3848715) - -61.893787,0.5446333617168739,2.688539718614763,13.248216087853752,42.021427431009556,70.63757418077367,8.40428548620191,8.713501247502595,0.0,0.0,0.0,0,0
geco_matched_plus_actuator_persistence,F_PU5,sensor,selected_sensor_delta,5.0,2.16,7.0,(S_PU11 - (P_J307 * 0.09781639)) * S_PU5,-inf,0.0,1e-06,1e-06,3.1600000000000002e-06,0.0,0.0,0.0,0.0,0.0,0,0
geco_matched_plus_actuator_persistence,F_PU6,sensor,selected_sensor_delta,5.0,2.16,3.0,S_PU6 * -15.802054,0.2495838490947454,0.0,1.3526648265693488,417.1442369573825,420.0659929827723,83.4288473914765,420.0659929827723,0.015565134099616858,0.0,0.13211382113821138,1,65
geco_matched_plus_actuator_persistence,F_PU7,sensor,selected_sensor_delta,5.0,2.16,3.0,41.705242 - F_PU7,0.37764841100804347,5.1720897103496215,25.213597292822932,316.3814991572066,370.8428693097041,63.276299831441314,370.8428693097041,0.01532567049808429,0.0,0.13008130081300814,2,63
geco_matched_plus_actuator_persistence,F_PU8,sensor,selected_sensor_delta,5.0,2.16,5.0,P_J302 + (L_T5 * -9.125825),0.4162477871935484,4.905129671049373,16.78591692331516,99.81178835257472,136.06936890693547,19.962357670514944,57.25580288303328,0.0,0.0,0.0,0,0
geco_matched_plus_actuator_persistence,F_PU9,sensor,selected_sensor_delta,5.0,2.16,3.0,S_PU3 * -0.513481,-inf,0.0,1e-06,1e-06,3.1600000000000002e-06,0.0,0.0,0.0,0.0,0.0,0,0
geco_matched_plus_actuator_persistence,F_PU10,sensor,selected_sensor_delta,5.0,2.16,3.0,67.91816 - P_J317,0.42073536588669425,10.887175664537754,15.293157883316429,142.42389373153298,175.45711475949648,28.4847787463066,119.08421545433647,0.0,0.0,0.0,0,0
geco_matched_plus_actuator_persistence,F_PU11,sensor,selected_sensor_delta,5.0,2.16,3.0,S_PU11 * -11.974697,-inf,0.0,0.418746930912535,208.12854792840184,209.0330412991729,41.62570958568037,209.0330412991729,0.008381226053639846,0.0010857763300760044,0.06300813008130081,2,27
geco_matched_plus_actuator_persistence,F_V2,sensor,selected_sensor_delta,5.0,2.16,5.0,L_T1 * (27.468645 - P_J300),0.21971716105443273,13.092701887049648,29.37579567072853,329.7091034076527,393.16082205642635,65.94182068153054,77.22726605495589,0.0,0.0,0.0,0,0
geco_matched_plus_actuator_persistence,P_J269,sensor,selected_sensor_delta,5.0,2.16,3.0,S_V2 - S_PU2,0.07579739196654967,21.918450899227214,3.4070213468145347,61.30307762261678,68.66224373173618,12.260615524523356,39.11084965677091,0.0,0.0,0.0,0,0
geco_matched_plus_actuator_persistence,P_J300,sensor,selected_sensor_delta,5.0,2.16,5.0,L_T3 + (S_PU7 - 5.046974),0.272826500179711,7.331988220433037,2.1099545423828,27.109087592712584,31.666589404259433,5.421817518542516,6.397111870120275,0.0,0.0,0.0,0,0
geco_matched_plus_actuator_persistence,P_J256,sensor,selected_sensor_delta,5.0,2.16,5.0,(4.201238 - L_T3) * 6.0064683,0.3197015694872337,3.904550168081942,8.431163749376763,56.59877384990637,74.81008754856018,11.319754769981275,10.390316873864949,0.0,0.0,0.0,0,0
geco_matched_plus_actuator_persistence,P_J289,sensor,selected_sensor_delta,5.0,2.16,5.0,L_T3 + (P_J300 * -0.15231189),0.25404529850996793,6.040316899547679,2.126504306095562,26.998329254665858,31.59157855583227,5.399665850933172,4.674685067619308,0.0,0.0,0.0,0,0
geco_matched_plus_actuator_persistence,P_J415,sensor,selected_sensor_delta,5.0,2.16,3.0,82.73172 - P_J415,0.4711623390450026,6.948374351067468,10.609020198594408,172.60972984579098,195.5252134747549,34.521945969158196,27.884655131755835,0.0,0.0,0.0,0,0
geco_matched_plus_actuator_persistence,P_J302,sensor,selected_sensor_delta,5.0,2.16,7.0,(S_PU8 + (L_T5 + -3.343674)) * 2.5377998,0.35730883248633993,4.438215667651566,4.24721539661027,50.19027591190202,59.3642611685802,10.038055182380404,59.3642611685802,0.0026340996168582377,0.0,0.022357723577235773,2,7
geco_matched_plus_actuator_persistence,P_J306,sensor,selected_sensor_delta,5.0,2.16,5.0,(2.7484903 - L_T5) * 7.3260493,0.3262452518119333,3.602263886295136,10.582777581074764,59.26955629138363,82.12835586650512,11.853911258276726,27.939646807437626,0.0,0.0,0.0,0,0
geco_matched_plus_actuator_persistence,P_J307,sensor,selected_sensor_delta,5.0,2.16,7.0,(L_T5 * 2.6905053) + (P_J307 * -0.3057421),0.4059912413169757,3.959460665546642,4.0887858203577006,45.71600664921622,54.54778402118885,9.143201329843244,54.54778402118885,0.004310344827586207,0.0,0.036585365853658534,3,11
geco_matched_plus_actuator_persistence,P_J317,sensor,selected_sensor_delta,5.0,2.16,3.0,67.91844 - P_J317,0.3768622058564455,4.939036745149259,7.515931709124317,151.42724953523924,167.66166202694777,30.28544990704785,167.66166202694777,0.009099616858237548,0.0024429967426710096,0.05894308943089431,1,38
geco_matched_plus_actuator_persistence,P_J14,sensor,selected_sensor_delta,5.0,2.16,5.0,(P_J422 * 0.4271824) + -12.582657,0.1636725399235337,10.745782704219174,3.605277546779343,53.50647847855667,61.293877979600055,10.701295695711334,61.293877979600055,0.0019157088122605363,0.0,0.016260162601626018,2,4
geco_matched_plus_actuator_persistence,P_J422,sensor,selected_sensor_delta,5.0,2.16,5.0,(P_J300 * -0.15230241) + L_T3,0.2456647871840082,5.903007528222809,2.0275990476852326,25.200748774127007,29.58036271712711,5.040149754825402,4.521236868359633,0.0,0.0,0.0,0,0
geco_matched_plus_actuator_persistence,S_PU1,actuator,actuator_persistence,5.0,2.16,1.0,S_PU1,,,1e-06,1e-06,3.1600000000000002e-06,0.0,0.0,0.0,0.0,0.0,0,0
geco_matched_plus_actuator_persistence,S_PU2,actuator,actuator_persistence,5.0,2.16,1.0,S_PU2,,,0.23580629418937082,3.820968529053146,4.330310124502187,0.7641937058106292,1.2925811174318875,0.0,0.0,0.0,0,0
geco_matched_plus_actuator_persistence,S_PU3,actuator,actuator_persistence,5.0,2.16,1.0,S_PU3,,,1e-06,1e-06,3.1600000000000002e-06,0.0,0.0,0.0,0.0,0.0,0,0
geco_matched_plus_actuator_persistence,S_PU4,actuator,actuator_persistence,5.0,2.16,1.0,S_PU4,,,0.5393446629166316,2.303276685416842,3.4682611573167663,0.46065533708336837,0.46065533708336837,0.0,0.0,0.0,0,0
geco_matched_plus_actuator_persistence,S_PU5,actuator,actuator_persistence,5.0,2.16,1.0,S_PU5,,,1e-06,1e-06,3.1600000000000002e-06,0.0,0.0,0.0,0.0,0.0,0,0
geco_matched_plus_actuator_persistence,S_PU6,actuator,actuator_persistence,5.0,2.16,1.0,S_PU6,,,0.04154337795149001,9.37684933072765,9.466583027102867,1.87536986614553,9.466583027102867,0.0040708812260536395,0.0,0.034552845528455285,3,9
geco_matched_plus_actuator_persistence,S_PU7,actuator,actuator_persistence,5.0,2.16,1.0,S_PU7,,,0.6212850750281693,4.467873124295767,5.809848886356614,0.8935746248591534,1.136144774915492,0.0,0.0,0.0,0,0
geco_matched_plus_actuator_persistence,S_PU8,actuator,actuator_persistence,5.0,2.16,1.0,S_PU8,,,0.5891372357600062,2.054313821199969,3.3268502504415824,0.4108627642399938,0.4108627642399938,0.0,0.0,0.0,0,0
geco_matched_plus_actuator_persistence,S_PU9,actuator,actuator_persistence,5.0,2.16,1.0,S_PU9,,,1e-06,1e-06,3.1600000000000002e-06,0.0,0.0,0.0,0.0,0.0,0,0
geco_matched_plus_actuator_persistence,S_PU10,actuator,actuator_persistence,5.0,2.16,1.0,S_PU10,,,0.6193381364488211,3.8066186355117893,5.144389010241243,0.7613237271023579,1.2839711813070736,0.0,0.0,0.0,0,0
geco_matched_plus_actuator_persistence,S_PU11,actuator,actuator_persistence,5.0,2.16,1.0,S_PU11,,,0.021820433909204722,9.67269349136193,9.719825628605811,1.9345386982723858,9.719825628605811,0.006226053639846743,0.0008143322475570033,0.046747967479674794,5,14
geco_matched_plus_actuator_persistence,S_V2,actuator,actuator_persistence,5.0,2.16,1.0,S_V2,,,0.32293480650869044,3.3853259674565477,4.082865149515319,0.6770651934913096,0.6770651934913096,0.0,0.0,0.0,0,0
geco_matched_plus_actuator_persistence,L_T1,sensor,selected_sensor_delta,5.0,5.0,5.0,(F_PU1 * -0.018509276) - -1.8689289,0.6093577949599578,3.2443263748671884,0.20114243133850856,4.127442900541833,5.133155057234376,0.8254885801083667,5.133155057234376,0.005747126436781609,0.004071661237785016,0.018292682926829267,2,16
geco_matched_plus_actuator_persistence,L_T2,sensor,selected_sensor_delta,5.0,5.0,3.0,S_V2 + -0.7296837,0.6329362486388168,3.732356656969232,0.3918758112377071,5.405554969631387,7.364934025819922,1.0811109939262775,1.10903952010541,0.0,0.0,0.0,0,0
geco_matched_plus_actuator_persistence,L_T3,sensor,selected_sensor_delta,5.0,5.0,3.0,S_PU4 + -0.4228445,0.6321403815481337,6.739641591963922,0.3212550695335742,3.50916647804624,5.115441825714111,0.701833295609248,0.6359005449073437,0.0,0.0,0.0,0,0
geco_matched_plus_actuator_persistence,L_T4,sensor,selected_sensor_delta,5.0,5.0,3.0,S_PU7 + -0.8458245,0.32571272981024224,6.371371477956238,0.5327790179687165,9.456098678787903,12.119993768631485,1.8912197357575806,12.119993768631485,0.015565134099616858,0.0024429967426710096,0.11382113821138211,1,65
geco_matched_plus_actuator_persistence,L_T5,sensor,selected_sensor_delta,5.0,5.0,3.0,S_PU8 - 0.59500384,0.6858794854568699,8.380126141404594,0.39617782235066956,5.268777324117013,7.2496664358703615,1.0537554648234027,0.8388261225535052,0.0,0.0,0.0,0,0
geco_matched_plus_actuator_persistence,L_T6,sensor,selected_sensor_delta,5.0,5.0,5.0,(L_T7 * -0.12331614) - -0.40589386,0.4130395576430216,3.9860977911077162,0.17158750089943808,1.5823254503343698,2.44026295483156,0.31646509006687396,0.5311594494550471,0.0,0.0,0.0,0,0
geco_matched_plus_actuator_persistence,L_T7,sensor,selected_sensor_delta,5.0,5.0,3.0,S_PU10 - 0.813014,0.43651015063671006,4.764365050630201,0.7253527589439241,10.13630025089668,13.7630640456163,2.027260050179336,4.601512286316876,0.0,0.0,0.0,0,0
geco_matched_plus_actuator_persistence,F_PU1,sensor,selected_sensor_delta,5.0,5.0,3.0,L_T1 + -2.669049,0.09726981594327044,16.854552680878445,6.148236425507404,112.25135834746908,142.9925404750061,22.450271669493816,90.32520696691324,0.0,0.0,0.0,0,0
geco_matched_plus_actuator_persistence,F_PU2,sensor,selected_sensor_delta,5.0,5.0,3.0,32.344326 - P_J269,0.09095408580152353,23.809450915382808,24.076309474852824,334.04651496826517,454.4280623425293,66.80930299365303,93.94539368445032,0.0,0.0,0.0,0,0
geco_matched_plus_actuator_persistence,F_PU3,sensor,selected_sensor_delta,5.0,5.0,1.0,0.0,-inf,0.0,1e-06,1e-06,5.999999999999999e-06,0.0,0.0,0.0,0.0,0.0,0,0
geco_matched_plus_actuator_persistence,F_PU4,sensor,selected_sensor_delta,5.0,5.0,7.0,((S_PU4 + L_T3) * -13.3848715) - -61.893787,0.5446333617168739,2.688539718614763,13.248216087853752,42.021427431009556,108.26250787027831,8.40428548620191,8.713501247502595,0.0,0.0,0.0,0,0
geco_matched_plus_actuator_persistence,F_PU5,sensor,selected_sensor_delta,5.0,5.0,7.0,(S_PU11 - (P_J307 * 0.09781639)) * S_PU5,-inf,0.0,1e-06,1e-06,5.999999999999999e-06,0.0,0.0,0.0,0.0,0.0,0,0
geco_matched_plus_actuator_persistence,F_PU6,sensor,selected_sensor_delta,5.0,5.0,3.0,S_PU6 * -15.802054,0.2495838490947454,0.0,1.3526648265693488,417.1442369573825,423.9075610902292,83.4288473914765,423.9075610902292,0.016044061302681992,0.0005428881650380022,0.13211382113821138,1,67
geco_matched_plus_actuator_persistence,F_PU7,sensor,selected_sensor_delta,5.0,5.0,3.0,41.705242 - F_PU7,0.37764841100804347,5.1720897103496215,25.213597292822932,316.3814991572066,442.44948562132123,63.276299831441314,442.44948562132123,0.017480842911877393,0.002171552660152009,0.13211382113821138,1,73
geco_matched_plus_actuator_persistence,F_PU8,sensor,selected_sensor_delta,5.0,5.0,5.0,P_J302 + (L_T5 * -9.125825),0.4162477871935484,4.905129671049373,16.78591692331516,99.81178835257472,183.74137296915052,19.962357670514944,57.25580288303328,0.0,0.0,0.0,0,0
geco_matched_plus_actuator_persistence,F_PU9,sensor,selected_sensor_delta,5.0,5.0,3.0,S_PU3 * -0.513481,-inf,0.0,1e-06,1e-06,5.999999999999999e-06,0.0,0.0,0.0,0.0,0.0,0,0
geco_matched_plus_actuator_persistence,F_PU10,sensor,selected_sensor_delta,5.0,5.0,3.0,67.91816 - P_J317,0.42073536588669425,10.887175664537754,15.293157883316429,142.42389373153298,218.88968314811513,28.4847787463066,119.08421545433647,0.0,0.0,0.0,0,0
geco_matched_plus_actuator_persistence,F_PU11,sensor,selected_sensor_delta,5.0,5.0,3.0,S_PU11 * -11.974697,-inf,0.0,0.418746930912535,208.12854792840184,210.2222825829645,41.62570958568037,210.2222825829645,0.009339080459770116,0.0016286644951140066,0.06707317073170732,1,39
geco_matched_plus_actuator_persistence,F_V2,sensor,selected_sensor_delta,5.0,5.0,5.0,L_T1 * (27.468645 - P_J300),0.21971716105443273,13.092701887049648,29.37579567072853,329.7091034076527,476.58808176129537,65.94182068153054,77.22726605495589,0.0,0.0,0.0,0,0
geco_matched_plus_actuator_persistence,P_J269,sensor,selected_sensor_delta,5.0,5.0,3.0,S_V2 - S_PU2,0.07579739196654967,21.918450899227214,3.4070213468145347,61.30307762261678,78.33818435668945,12.260615524523356,39.11084965677091,0.0,0.0,0.0,0,0
geco_matched_plus_actuator_persistence,P_J300,sensor,selected_sensor_delta,5.0,5.0,5.0,L_T3 + (S_PU7 - 5.046974),0.272826500179711,7.331988220433037,2.1099545423828,27.109087592712584,37.658860304626586,5.421817518542516,6.397111870120275,0.0,0.0,0.0,0,0
geco_matched_plus_actuator_persistence,P_J256,sensor,selected_sensor_delta,5.0,5.0,5.0,(4.201238 - L_T3) * 6.0064683,0.3197015694872337,3.904550168081942,8.431163749376763,56.59877384990637,98.75459259679019,11.319754769981275,10.390316873864949,0.0,0.0,0.0,0,0
geco_matched_plus_actuator_persistence,P_J289,sensor,selected_sensor_delta,5.0,5.0,5.0,L_T3 + (P_J300 * -0.15231189),0.25404529850996793,6.040316899547679,2.126504306095562,26.998329254665858,37.630850785143664,5.399665850933172,4.674685067619308,0.0,0.0,0.0,0,0
geco_matched_plus_actuator_persistence,P_J415,sensor,selected_sensor_delta,5.0,5.0,3.0,82.73172 - P_J415,0.4711623390450026,6.948374351067468,10.609020198594408,172.60972984579098,225.65483083876302,34.521945969158196,27.884655131755835,0.0,0.0,0.0,0,0
geco_matched_plus_actuator_persistence,P_J302,sensor,selected_sensor_delta,5.0,5.0,7.0,(S_PU8 + (L_T5 + -3.343674)) * 2.5377998,0.35730883248633993,4.438215667651566,4.24721539661027,50.19027591190202,71.42635289495337,10.038055182380404,71.42635289495337,0.0040708812260536395,0.0,0.034552845528455285,2,13
geco_matched_plus_actuator_persistence,P_J306,sensor,selected_sensor_delta,5.0,5.0,5.0,(2.7484903 - L_T5) * 7.3260493,0.3262452518119333,3.602263886295136,10.582777581074764,59.26955629138363,112.18344419675745,11.853911258276726,27.939646807437626,0.0,0.0,0.0,0,0
geco_matched_plus_actuator_persistence,P_J307,sensor,selected_sensor_delta,5.0,5.0,7.0,(L_T5 * 2.6905053) + (P_J307 * -0.3057421),0.4059912413169757,3.959460665546642,4.0887858203577006,45.71600664921622,66.15993575100472,9.143201329843244,66.15993575100472,0.0059865900383141765,0.0,0.0508130081300813,3,17
geco_matched_plus_actuator_persistence,P_J317,sensor,selected_sensor_delta,5.0,5.0,3.0,67.91844 - P_J317,0.3768622058564455,4.939036745149259,7.515931709124317,151.42724953523924,189.00690808086082,30.28544990704785,189.00690808086082,0.01053639846743295,0.004071661237785016,0.05894308943089431,1,44
geco_matched_plus_actuator_persistence,P_J14,sensor,selected_sensor_delta,5.0,5.0,5.0,(P_J422 * 0.4271824) + -12.582657,0.1636725399235337,10.745782704219174,3.605277546779343,53.50647847855667,71.53286621245338,10.701295695711334,71.53286621245338,0.0035919540229885057,0.0005428881650380022,0.026422764227642278,2,9
geco_matched_plus_actuator_persistence,P_J422,sensor,selected_sensor_delta,5.0,5.0,5.0,(P_J300 * -0.15230241) + L_T3,0.2456647871840082,5.903007528222809,2.0275990476852326,25.200748774127007,35.33874401255317,5.040149754825402,4.521236868359633,0.0,0.0,0.0,0,0
geco_matched_plus_actuator_persistence,S_PU1,actuator,actuator_persistence,5.0,5.0,1.0,S_PU1,,,1e-06,1e-06,5.999999999999999e-06,0.0,0.0,0.0,0.0,0.0,0,0
geco_matched_plus_actuator_persistence,S_PU2,actuator,actuator_persistence,5.0,5.0,1.0,S_PU2,,,0.23580629418937082,3.820968529053146,5.0,0.7641937058106292,1.2925811174318875,0.0,0.0,0.0,0,0
geco_matched_plus_actuator_persistence,S_PU3,actuator,actuator_persistence,5.0,5.0,1.0,S_PU3,,,1e-06,1e-06,5.999999999999999e-06,0.0,0.0,0.0,0.0,0.0,0,0
geco_matched_plus_actuator_persistence,S_PU4,actuator,actuator_persistence,5.0,5.0,1.0,S_PU4,,,0.5393446629166316,2.303276685416842,5.0,0.46065533708336837,0.46065533708336837,0.0,0.0,0.0,0,0
geco_matched_plus_actuator_persistence,S_PU5,actuator,actuator_persistence,5.0,5.0,1.0,S_PU5,,,1e-06,1e-06,5.999999999999999e-06,0.0,0.0,0.0,0.0,0.0,0,0
geco_matched_plus_actuator_persistence,S_PU6,actuator,actuator_persistence,5.0,5.0,1.0,S_PU6,,,0.04154337795149001,9.37684933072765,9.5845662204851,1.87536986614553,9.5845662204851,0.006226053639846743,0.0008143322475570033,0.046747967479674794,2,20
geco_matched_plus_actuator_persistence,S_PU7,actuator,actuator_persistence,5.0,5.0,1.0,S_PU7,,,0.6212850750281693,4.467873124295767,7.574298499436614,0.8935746248591534,1.136144774915492,0.0,0.0,0.0,0,0
geco_matched_plus_actuator_persistence,S_PU8,actuator,actuator_persistence,5.0,5.0,1.0,S_PU8,,,0.5891372357600062,2.054313821199969,5.0,0.4108627642399938,0.4108627642399938,0.0,0.0,0.0,0,0
geco_matched_plus_actuator_persistence,S_PU9,actuator,actuator_persistence,5.0,5.0,1.0,S_PU9,,,1e-06,1e-06,5.999999999999999e-06,0.0,0.0,0.0,0.0,0.0,0,0
geco_matched_plus_actuator_persistence,S_PU10,actuator,actuator_persistence,5.0,5.0,1.0,S_PU10,,,0.6193381364488211,3.8066186355117893,6.903309317755895,0.7613237271023579,1.2839711813070736,0.0,0.0,0.0,0,0
geco_matched_plus_actuator_persistence,S_PU11,actuator,actuator_persistence,5.0,5.0,1.0,S_PU11,,,0.021820433909204722,9.67269349136193,9.781795660907953,1.9345386982723858,9.781795660907953,0.008381226053639846,0.0016286644951140066,0.05894308943089431,1,35
geco_matched_plus_actuator_persistence,S_V2,actuator,actuator_persistence,5.0,5.0,1.0,S_V2,,,0.32293480650869044,3.3853259674565477,5.0,0.6770651934913096,0.6770651934913096,0.0,0.0,0.0,0,0
geco_matched_plus_actuator_persistence,L_T1,sensor,selected_sensor_delta,5.0,9.0,5.0,(F_PU1 * -0.018509276) - -1.8689289,0.6093577949599578,3.2443263748671884,0.20114243133850856,4.127442900541833,5.93772478258841,0.8254885801083667,5.93772478258841,0.01053639846743295,0.009500542888165039,0.018292682926829267,2,25
geco_matched_plus_actuator_persistence,L_T2,sensor,selected_sensor_delta,5.0,9.0,3.0,S_V2 + -0.7296837,0.6329362486388168,3.732356656969232,0.3918758112377071,5.405554969631387,8.932437270770752,1.0811109939262775,1.10903952010541,0.0,0.0,0.0,0,0
geco_matched_plus_actuator_persistence,L_T3,sensor,selected_sensor_delta,5.0,9.0,3.0,S_PU4 + -0.4228445,0.6321403815481337,6.739641591963922,0.3212550695335742,3.50916647804624,6.400462103848408,0.701833295609248,0.6359005449073437,0.0,0.0,0.0,0,0
geco_matched_plus_actuator_persistence,L_T4,sensor,selected_sensor_delta,5.0,9.0,3.0,S_PU7 + -0.8458245,0.32571272981024224,6.371371477956238,0.5327790179687165,9.456098678787903,14.251109840506352,1.8912197357575806,14.251109840506352,0.01939655172413793,0.0067861020629750276,0.11382113821138211,1,81
geco_matched_plus_actuator_persistence,L_T5,sensor,selected_sensor_delta,5.0,9.0,3.0,S_PU8 - 0.59500384,0.6858794854568699,8.380126141404594,0.39617782235066956,5.268777324117013,8.83437772527304,1.0537554648234027,0.8388261225535052,0.0,0.0,0.0,0,0
geco_matched_plus_actuator_persistence,L_T6,sensor,selected_sensor_delta,5.0,9.0,5.0,(L_T7 * -0.12331614) - -0.40589386,0.4130395576430216,3.9860977911077162,0.17158750089943808,1.5823254503343698,3.1266129584293125,0.31646509006687396,0.5311594494550471,0.0,0.0,0.0,0,0
geco_matched_plus_actuator_persistence,L_T7,sensor,selected_sensor_delta,5.0,9.0,3.0,S_PU10 - 0.813014,0.43651015063671006,4.764365050630201,0.7253527589439241,10.13630025089668,16.664475081392,2.027260050179336,4.601512286316876,0.0,0.0,0.0,0,0
geco_matched_plus_actuator_persistence,F_PU1,sensor,selected_sensor_delta,5.0,9.0,3.0,L_T1 + -2.669049,0.09726981594327044,16.854552680878445,6.148236425507404,112.25135834746908,167.5854861770357,22.450271669493816,90.32520696691324,0.0,0.0,0.0,0,0
geco_matched_plus_actuator_persistence,F_PU2,sensor,selected_sensor_delta,5.0,9.0,3.0,32.344326 - P_J269,0.09095408580152353,23.809450915382808,24.076309474852824,334.04651496826517,550.7333002419406,66.80930299365303,93.94539368445032,0.0,0.0,0.0,0,0
geco_matched_plus_actuator_persistence,F_PU3,sensor,selected_sensor_delta,5.0,9.0,1.0,0.0,-inf,0.0,1e-06,1e-06,1e-05,0.0,0.0,0.0,0.0,0.0,0,0
geco_matched_plus_actuator_persistence,F_PU4,sensor,selected_sensor_delta,5.0,9.0,7.0,((S_PU4 + L_T3) * -13.3848715) - -61.893787,0.5446333617168739,2.688539718614763,13.248216087853752,42.021427431009556,161.25537222169334,8.40428548620191,8.713501247502595,0.0,0.0,0.0,0,0
geco_matched_plus_actuator_persistence,F_PU5,sensor,selected_sensor_delta,5.0,9.0,7.0,(S_PU11 - (P_J307 * 0.09781639)) * S_PU5,-inf,0.0,1e-06,1e-06,1e-05,0.0,0.0,0.0,0.0,0.0,0,0
geco_matched_plus_actuator_persistence,F_PU6,sensor,selected_sensor_delta,5.0,9.0,3.0,S_PU6 * -15.802054,0.2495838490947454,0.0,1.3526648265693488,417.1442369573825,429.3182203965066,83.4288473914765,429.3182203965066,0.017001915708812262,0.0016286644951140066,0.13211382113821138,1,71
geco_matched_plus_actuator_persistence,F_PU7,sensor,selected_sensor_delta,5.0,9.0,3.0,41.705242 - F_PU7,0.37764841100804347,5.1720897103496215,25.213597292822932,316.3814991572066,543.303874792613,63.276299831441314,543.303874792613,0.01939655172413793,0.004343105320304018,0.13211382113821138,1,81
geco_matched_plus_actuator_persistence,F_PU8,sensor,selected_sensor_delta,5.0,9.0,5.0,P_J302 + (L_T5 * -9.125825),0.4162477871935484,4.905129671049373,16.78591692331516,99.81178835257472,250.88504066241117,19.962357670514944,57.25580288303328,0.0,0.0,0.0,0,0
geco_matched_plus_actuator_persistence,F_PU9,sensor,selected_sensor_delta,5.0,9.0,3.0,S_PU3 * -0.513481,-inf,0.0,1e-06,1e-06,1e-05,0.0,0.0,0.0,0.0,0.0,0,0
geco_matched_plus_actuator_persistence,F_PU10,sensor,selected_sensor_delta,5.0,9.0,3.0,67.91816 - P_J317,0.42073536588669425,10.887175664537754,15.293157883316429,142.42389373153298,280.0623146813808,28.4847787463066,119.08421545433647,0.0,0.0,0.0,0,0
geco_matched_plus_actuator_persistence,F_PU11,sensor,selected_sensor_delta,5.0,9.0,3.0,S_PU11 * -11.974697,-inf,0.0,0.418746930912535,208.12854792840184,211.89727030661467,41.62570958568037,211.89727030661467,0.01053639846743295,0.002985884907709012,0.06707317073170732,1,44
geco_matched_plus_actuator_persistence,F_V2,sensor,selected_sensor_delta,5.0,9.0,5.0,L_T1 * (27.468645 - P_J300),0.21971716105443273,13.092701887049648,29.37579567072853,329.7091034076527,594.0912644442094,65.94182068153054,77.22726605495589,0.0,0.0,0.0,0,0
geco_matched_plus_actuator_persistence,P_J269,sensor,selected_sensor_delta,5.0,9.0,3.0,S_V2 - S_PU2,0.07579739196654967,21.918450899227214,3.4070213468145347,61.30307762261678,91.96626974394759,12.260615524523356,39.11084965677091,0.0,0.0,0.0,0,0
geco_matched_plus_actuator_persistence,P_J300,sensor,selected_sensor_delta,5.0,9.0,5.0,L_T3 + (S_PU7 - 5.046974),0.272826500179711,7.331988220433037,2.1099545423828,27.109087592712584,46.098678474157786,5.421817518542516,6.397111870120275,0.0,0.0,0.0,0,0
geco_matched_plus_actuator_persistence,P_J256,sensor,selected_sensor_delta,5.0,9.0,5.0,(4.201238 - L_T3) * 6.0064683,0.3197015694872337,3.904550168081942,8.431163749376763,56.59877384990637,132.47924759429725,11.319754769981275,10.390316873864949,0.0,0.0,0.0,0,0
geco_matched_plus_actuator_persistence,P_J289,sensor,selected_sensor_delta,5.0,9.0,5.0,L_T3 + (P_J300 * -0.15231189),0.25404529850996793,6.040316899547679,2.126504306095562,26.998329254665858,46.13686800952591,5.399665850933172,4.674685067619308,0.0,0.0,0.0,0,0
geco_matched_plus_actuator_persistence,P_J415,sensor,selected_sensor_delta,5.0,9.0,3.0,82.73172 - P_J415,0.4711623390450026,6.948374351067468,10.609020198594408,172.60972984579098,268.09091163314065,34.521945969158196,27.884655131755835,0.0,0.0,0.0,0,0
geco_matched_plus_actuator_persistence,P_J302,sensor,selected_sensor_delta,5.0,9.0,7.0,(S_PU8 + (L_T5 + -3.343674)) * 2.5377998,0.35730883248633993,4.438215667651566,4.24721539661027,50.19027591190202,88.41521448139446,10.038055182380404,73.46324517418026,0.0040708812260536395,0.0,0.034552845528455285,2,13
geco_matched_plus_actuator_persistence,P_J306,sensor,selected_sensor_delta,5.0,9.0,5.0,(2.7484903 - L_T5) * 7.3260493,0.3262452518119333,3.602263886295136,10.582777581074764,59.26955629138363,154.5145545210565,11.853911258276726,27.939646807437626,0.0,0.0,0.0,0,0
geco_matched_plus_actuator_persistence,P_J307,sensor,selected_sensor_delta,5.0,9.0,7.0,(L_T5 * 2.6905053) + (P_J307 * -0.3057421),0.4059912413169757,3.959460665546642,4.0887858203577006,45.71600664921622,82.51507903243552,9.143201329843244,82.07003358363029,0.009099616858237548,0.0,0.07723577235772358,3,30
geco_matched_plus_actuator_persistence,P_J317,sensor,selected_sensor_delta,5.0,9.0,3.0,67.91844 - P_J317,0.3768622058564455,4.939036745149259,7.515931709124317,151.42724953523924,219.0706349173581,30.28544990704785,219.0706349173581,0.012691570881226053,0.006514657980456026,0.05894308943089431,1,53
geco_matched_plus_actuator_persistence,P_J14,sensor,selected_sensor_delta,5.0,9.0,5.0,(P_J422 * 0.4271824) + -12.582657,0.1636725399235337,10.745782704219174,3.605277546779343,53.50647847855667,85.95397639957076,10.701295695711334,77.31460494453557,0.0040708812260536395,0.0010857763300760044,0.026422764227642278,2,11
geco_matched_plus_actuator_persistence,P_J422,sensor,selected_sensor_delta,5.0,9.0,5.0,(P_J300 * -0.15230241) + L_T3,0.2456647871840082,5.903007528222809,2.0275990476852326,25.200748774127007,43.4491402032941,5.040149754825402,4.521236868359633,0.0,0.0,0.0,0,0
geco_matched_plus_actuator_persistence,S_PU1,actuator,actuator_persistence,5.0,9.0,1.0,S_PU1,,,1e-06,1e-06,1e-05,0.0,0.0,0.0,0.0,0.0,0,0
geco_matched_plus_actuator_persistence,S_PU2,actuator,actuator_persistence,5.0,9.0,1.0,S_PU2,,,0.23580629418937082,3.820968529053146,5.943225176757483,0.7641937058106292,1.2925811174318875,0.0,0.0,0.0,0,0
geco_matched_plus_actuator_persistence,S_PU3,actuator,actuator_persistence,5.0,9.0,1.0,S_PU3,,,1e-06,1e-06,1e-05,0.0,0.0,0.0,0.0,0.0,0,0
geco_matched_plus_actuator_persistence,S_PU4,actuator,actuator_persistence,5.0,9.0,1.0,S_PU4,,,0.5393446629166316,2.303276685416842,7.1573786516665265,0.46065533708336837,0.46065533708336837,0.0,0.0,0.0,0,0
geco_matched_plus_actuator_persistence,S_PU5,actuator,actuator_persistence,5.0,9.0,1.0,S_PU5,,,1e-06,1e-06,1e-05,0.0,0.0,0.0,0.0,0.0,0,0
geco_matched_plus_actuator_persistence,S_PU6,actuator,actuator_persistence,5.0,9.0,1.0,S_PU6,,,0.04154337795149001,9.37684933072765,9.75073973229106,1.87536986614553,9.75073973229106,0.008141762452107279,0.0019001085776330076,0.054878048780487805,1,34
geco_matched_plus_actuator_persistence,S_PU7,actuator,actuator_persistence,5.0,9.0,1.0,S_PU7,,,0.6212850750281693,4.467873124295767,10.05943879954929,0.8935746248591534,1.136144774915492,0.0,0.0,0.0,0,0
geco_matched_plus_actuator_persistence,S_PU8,actuator,actuator_persistence,5.0,9.0,1.0,S_PU8,,,0.5891372357600062,2.054313821199969,7.356548943040025,0.4108627642399938,0.4108627642399938,0.0,0.0,0.0,0,0
geco_matched_plus_actuator_persistence,S_PU9,actuator,actuator_persistence,5.0,9.0,1.0,S_PU9,,,1e-06,1e-06,1e-05,0.0,0.0,0.0,0.0,0.0,0,0
geco_matched_plus_actuator_persistence,S_PU10,actuator,actuator_persistence,5.0,9.0,1.0,S_PU10,,,0.6193381364488211,3.8066186355117893,9.380661863551179,0.7613237271023579,1.2839711813070736,0.0,0.0,0.0,0,0
geco_matched_plus_actuator_persistence,S_PU11,actuator,actuator_persistence,5.0,9.0,1.0,S_PU11,,,0.021820433909204722,9.67269349136193,9.869077396544773,1.9345386982723858,9.869077396544773,0.009339080459770116,0.0027144408251900108,0.05894308943089431,1,39
geco_matched_plus_actuator_persistence,S_V2,actuator,actuator_persistence,5.0,9.0,1.0,S_V2,,,0.32293480650869044,3.3853259674565477,6.291739226034762,0.6770651934913096,0.6770651934913096,0.0,0.0,0.0,0,0
