dataset,variant,S,G,point_kind,num_monitored,monitored_symbolic,monitored_persistence,Precision,Recall,F1,eTaP,eTaR,eTaF1,FPA,Scen,TP,FP,TN,FN
HAI,without_geco_ignored,0.1,0.1,grid,47,45,2,3.684210526315789,90.3654856376439,7.07977775539959,1.273949635196718,95.02919134953332,2.514194291377742,35833.0,100.0,8085,211365,181688,862
HAI,without_geco_ignored,0.1,0.5,grid,47,45,2,3.36781637372425,92.13144070638202,6.498098184899785,1.2510304878098355,95.90827428116954,2.469844251032128,28991.0,100.0,8243,236515,156538,704
HAI,without_geco_ignored,0.1,1.0,grid,47,45,2,3.2289473175820564,93.40561081926904,6.242110530993942,1.1638317007275525,96.4966401296692,2.299924354075307,25297.0,100.0,8357,250458,142595,590
HAI,without_geco_ignored,0.1,1.5,grid,47,45,2,3.1609119835906063,94.04269587571254,6.11624796464294,1.163834891776366,96.82550712648325,2.3000236818968256,23797.0,100.0,8414,257775,135278,533
HAI,without_geco_ignored,0.1,2.0,grid,47,45,2,3.1147299388401737,94.48977310830446,6.030666947251281,1.09269800869881,97.0290838525036,2.1610591389682554,22724.0,100.0,8454,262966,130087,493
HAI,without_geco_ignored,0.1,2.5,grid,47,45,2,3.08186102578626,94.8697887560076,5.969792344346175,1.0764646865593703,97.22606642622148,2.1293536582659884,21949.0,100.0,8488,266930,126123,459
HAI,without_geco_ignored,0.1,3.0,grid,47,45,2,3.0544264788712185,95.16038895719235,5.918871006986687,0.9995278323515552,97.36360796779888,1.9787420405080616,21378.0,100.0,8514,270229,122824,433
HAI,without_geco_ignored,0.1,3.5,grid,47,45,2,3.0276027336469333,95.31686598859952,5.868791763871971,1.0126936307995995,97.43183037203724,2.004552209568626,20825.0,100.0,8528,273147,119906,419
HAI,without_geco_ignored,0.1,4.0,grid,47,45,2,3.0061664953751284,95.46216608919192,5.828780842344479,1.0098737833316778,97.49325900174814,1.9990407113700157,20392.0,100.0,8541,275575,117478,406
HAI,without_geco_ignored,0.1,4.5,grid,47,45,2,2.989678117959376,95.66335084385828,5.798151961846954,0.973090596251864,97.5912692243357,1.9269672431565723,20013.0,100.0,8559,277726,115327,388
HAI,without_geco_ignored,0.1,5.0,grid,47,45,2,2.973214006863933,95.76394322119144,5.7673667205169625,0.9823447348925654,97.6430973638111,1.9451204588354936,19679.0,100.0,8568,279605,113448,379
HAI,without_geco_ignored,0.1,6.0,grid,47,45,2,2.947464507915156,95.99865876830222,5.719327451306809,0.9869540501445936,97.74509196091437,1.9541763447660063,19129.0,100.0,8589,282814,110239,358
HAI,without_geco_ignored,0.1,7.0,grid,47,45,2,2.9264776876474627,96.2110204537834,5.680179749182583,1.009088199024205,97.84878622288176,1.9975759350227904,18607.0,100.0,8608,285534,107519,339
HAI,without_geco_ignored,0.1,8.0,grid,47,45,2,2.912464104580104,96.46808986252375,5.65422183207007,0.9651479820796068,97.9337025461476,1.9114583210048783,18208.0,100.0,8631,287716,105337,316
HAI,without_geco_ignored,0.1,9.0,grid,47,45,2,2.902406538215075,96.69162847881972,5.635647047327449,0.9362391017210951,98.01841734206552,1.854762136566864,17908.0,100.0,8651,289412,103641,296
HAI,without_geco_ignored,0.1,10.0,grid,47,45,2,2.893319487249693,96.84810551022689,5.618778977401679,0.9003986085098205,98.0922537420107,1.7844178669374595,17638.0,100.0,8665,290818,102235,282
HAI,without_geco_ignored,0.1,12.0,grid,47,45,2,2.8840763824162554,97.18341343467084,5.601907032181168,0.861307398406336,98.211699156209,1.7076389631250055,17258.0,100.0,8695,292788,100265,252
HAI,without_geco_ignored,0.1,15.0,grid,47,45,2,2.874808329623584,97.4404828434112,5.584845708867976,0.7765788387187396,98.34470352691284,1.540989257531022,16932.0,100.0,8718,294537,98516,229
HAI,without_geco_ignored,0.1,20.0,grid,47,45,2,2.868365612427725,97.69755225215155,5.573106779093677,0.6868308674330159,98.4620325887529,1.3641460102472167,16673.0,100.0,8741,295997,97056,206
HAI,without_geco_ignored,0.1,25.0,grid,47,45,2,2.867256868787992,97.95462166089192,5.571430841849303,0.614118684121119,98.62188357984208,1.2206364623294128,16522.0,100.0,8764,296894,96159,183
HAI,without_geco_ignored,0.2,0.1,grid,47,45,2,4.738694662868228,86.82239856935286,8.986892187373464,1.8633358844587584,93.390260891826,3.653771201677706,21404.0,100.0,7768,156159,236894,1179
HAI,without_geco_ignored,0.2,0.5,grid,47,45,2,4.325169075286149,88.77836146194255,8.24848255128691,1.7441915059761788,94.35003537472564,3.425065909390177,17060.0,100.0,7943,175703,217350,1004
HAI,without_geco_ignored,0.2,1.0,grid,47,45,2,4.105539074247166,90.33195484519952,7.854112913805922,1.7668388840822182,95.07159727529844,3.4692050284938567,14327.0,100.0,8082,188774,204279,865
HAI,without_geco_ignored,0.2,1.5,grid,47,45,2,3.999156627096786,91.15904772549456,7.662172953168303,1.7026502446406813,95.49018485895682,3.3456455187789604,13558.0,100.0,8156,195787,197266,791
HAI,without_geco_ignored,0.2,2.0,grid,47,45,2,3.9226366233791055,91.76260198949367,7.523654608352998,1.6662891839700509,95.77131624605418,3.2755876479329364,12983.0,100.0,8210,201088,191965,737
HAI,without_geco_ignored,0.2,2.5,grid,47,45,2,3.860430934002406,92.17614842964124,7.410502480051758,1.5444626418280407,96.02259135019024,3.040028350636097,12584.0,100.0,8247,205382,187671,700
HAI,without_geco_ignored,0.2,3.0,grid,47,45,2,3.80967719669604,92.53381021571477,7.318064898215343,1.4843534999045016,96.19739705972378,2.923595086886563,12292.0,100.0,8279,209036,184017,668
HAI,without_geco_ignored,0.2,3.5,grid,47,45,2,3.761181308343421,92.72381803956632,7.229125638299726,1.4862681341898798,96.29327657128005,2.927353137831092,12046.0,100.0,8296,212273,180780,651
HAI,without_geco_ignored,0.2,4.0,grid,47,45,2,3.716991513860992,92.86911814015872,7.147895805374901,1.4697562720228363,96.36575038141642,2.895353044636068,11837.0,100.0,8309,215232,177821,638
HAI,without_geco_ignored,0.2,4.5,grid,47,45,2,3.683421949376152,93.14854141052868,7.086614173228346,1.3721589871844673,96.50242320845187,2.705843832382864,11665.0,100.0,8334,217923,175130,613
HAI,without_geco_ignored,0.2,5.0,grid,47,45,2,3.650059457190823,93.31619537275064,7.025323645359576,1.299408655358541,96.58410115456915,2.5643178765039165,11507.0,100.0,8349,220387,172666,598
HAI,without_geco_ignored,0.2,6.0,grid,47,45,2,3.6023060949866936,93.6515032971946,6.937751502806895,1.325319970286521,96.71689180037806,2.614808985886933,11286.0,100.0,8379,224222,168831,568
HAI,without_geco_ignored,0.2,7.0,grid,47,45,2,3.572946777758885,93.94210349837935,6.884068357447366,1.2890024303546366,96.85314583684604,2.544145254112187,11104.0,100.0,8405,226835,166218,542
HAI,without_geco_ignored,0.2,8.0,grid,47,45,2,3.5532267379363547,94.2103498379345,6.848168730298008,1.2544034246024356,96.95282762044292,2.4767617964137467,10955.0,100.0,8429,228792,164261,518
HAI,without_geco_ignored,0.2,9.0,grid,47,45,2,3.543422529783348,94.54565776237844,6.8308360688171,1.2634107922679887,97.07783912585452,2.494358974362765,10845.0,100.0,8459,230265,162788,488
HAI,without_geco_ignored,0.2,10.0,grid,47,45,2,3.5362860036425623,94.8362579635632,6.818327922599724,1.2037309210487894,97.18687497058032,2.378008458470997,10742.0,100.0,8485,231456,161597,462
HAI,without_geco_ignored,0.2,12.0,grid,47,45,2,3.5343155940799176,95.33921985022911,6.815957170538764,1.113128317460034,97.34185136228328,2.201086660680841,10640.0,100.0,8530,232818,160235,417
HAI,without_geco_ignored,0.2,15.0,grid,47,45,2,3.5284025059700324,95.61864312059907,6.80567046394705,1.0698073432514694,97.45428042215264,2.116382037967285,10556.0,100.0,8555,233906,159147,392
HAI,without_geco_ignored,0.2,20.0,grid,47,45,2,3.522435069329101,95.99865876830222,6.795525033229952,0.9830930587078502,97.61575493791771,1.94658199461474,10466.0,100.0,8589,235248,157805,358
HAI,without_geco_ignored,0.2,25.0,grid,47,45,2,3.5193907286930544,96.37867441600535,6.790806462409583,0.8933022505270245,97.82445767716104,1.7704374220728971,10386.0,100.0,8623,236391,156662,324
HAI,without_geco_ignored,0.3,0.1,grid,47,45,2,6.141211586507145,83.24578070861742,11.43857601400642,2.4299592755606394,91.6640103562706,4.73441205789994,15679.0,100.0,7448,113831,279222,1499
HAI,without_geco_ignored,0.3,0.5,grid,47,45,2,5.511617305479779,85.13468201631832,10.35298275182472,2.3233909768133727,92.58171540005712,4.533023151024457,12357.0,100.0,7617,130582,262471,1330
HAI,without_geco_ignored,0.3,1.0,grid,47,45,2,5.148711169861203,87.06829104727841,9.72249090466592,2.368351718842994,93.48015319615662,4.619662699927567,10185.0,100.0,7790,143510,249543,1157
HAI,without_geco_ignored,0.3,1.5,grid,47,45,2,4.962807264855068,88.14127640549904,9.3965409385817,2.33660335356791,94.07382817092127,4.559946862831151,9638.0,100.0,7886,151016,242037,1061
HAI,without_geco_ignored,0.3,2.0,grid,47,45,2,4.824707542997691,89.0130770090533,9.15328651717678,2.283691487606236,94.5031836405424,4.459615329988674,9214.0,100.0,7964,157103,235950,983
HAI,without_geco_ignored,0.3,2.5,grid,47,45,2,4.725712065372252,89.7172236503856,8.978496127065798,2.1860077416208155,94.92955023336572,4.273604271978098,8900.0,100.0,8027,161831,231222,920
HAI,without_geco_ignored,0.3,3.0,grid,47,45,2,4.643530439580651,90.29842405275512,8.832838611279662,2.0535933218987905,95.22070348642794,4.020478321658647,8662.0,100.0,8079,165905,227148,868
HAI,without_geco_ignored,0.3,3.5,grid,47,45,2,4.575886556851411,90.60020118475468,8.711773145685221,2.04470726059161,95.36817094882734,4.003577250827076,8497.0,100.0,8106,169040,224013,841
HAI,without_geco_ignored,0.3,4.0,grid,47,45,2,4.524289581267893,90.79020900860624,8.61907060889495,1.986826102797032,95.46206155320722,3.892635827517173,8385.0,100.0,8123,171419,221634,824
HAI,without_geco_ignored,0.3,4.5,grid,47,45,2,4.494097017353281,91.09198614060578,8.56560306049523,1.9943784155561948,95.61552298153607,3.907258023972832,8310.0,100.0,8150,173199,219854,797
HAI,without_geco_ignored,0.3,5.0,grid,47,45,2,4.46472511729131,91.25964010282776,8.512967548546852,1.9931463836616583,95.7068153615264,3.904969654483937,8202.0,100.0,8165,174713,218340,782
HAI,without_geco_ignored,0.3,6.0,grid,47,45,2,4.422819371840844,91.53906337319772,8.437949135342025,2.014425707990388,95.8300994106711,3.9459053149477072,8082.0,100.0,8190,176986,216067,757
HAI,without_geco_ignored,0.3,7.0,grid,47,45,2,4.398258476005848,91.79613278193808,8.3943172526574,1.9106864747575143,95.95399219947052,3.7467653821214064,8007.0,100.0,8213,178520,214533,734
HAI,without_geco_ignored,0.3,8.0,grid,47,45,2,4.385459972284405,91.96378674416006,8.371700234525632,1.846176279027232,96.0321862552706,3.6227076076283984,7975.0,100.0,8228,179392,213661,719
HAI,without_geco_ignored,0.3,9.0,grid,47,45,2,4.377286751312973,92.13144070638202,8.357497718746831,1.8435755516012824,96.11754351385254,3.617760903358256,7950.0,100.0,8243,180070,212983,704
HAI,without_geco_ignored,0.3,10.0,grid,47,45,2,4.373874351096514,92.2879177377892,8.351919565866067,1.7336633574763265,96.17981689749446,3.4059339704760108,7922.0,100.0,8257,180523,212530,690
HAI,without_geco_ignored,0.3,12.0,grid,47,45,2,4.372501239490701,92.65675645467756,8.350919961116343,1.647797242008587,96.3190396406732,3.240162751460111,7886.0,100.0,8290,181304,211749,657
HAI,without_geco_ignored,0.3,15.0,grid,47,45,2,4.366054723734756,93.11501061808428,8.341009211053265,1.5012931089391297,96.49813078572936,2.956588376067054,7851.0,100.0,8331,182482,210571,616
HAI,without_geco_ignored,0.3,20.0,grid,47,45,2,4.352023919520779,93.7073879512686,8.317749128193935,1.321714348790783,96.72649754435416,2.6077946194873465,7800.0,100.0,8384,184262,208791,563
HAI,without_geco_ignored,0.3,25.0,grid,47,45,2,4.33788778945851,94.1768190454901,8.293756059629212,1.1600232092364993,96.91939100214763,2.292606331135871,7726.0,100.0,8426,185816,207237,521
HAI,without_geco_ignored,0.4,0.1,grid,47,45,2,8.373053327041056,79.32267799262323,15.14721418890798,3.1500603879260534,89.73853259279716,6.086469559289054,11790.0,100.0,7097,77663,315390,1850
HAI,without_geco_ignored,0.4,0.5,grid,47,45,2,7.438643234103602,81.13334078462054,13.627830135546128,3.201425925002809,90.61790672831572,6.184365368308873,9237.0,100.0,7259,90326,302727,1688
HAI,without_geco_ignored,0.4,1.0,grid,47,45,2,6.871175866186557,82.96635743824746,12.69127528253176,3.131537274259596,91.42268384888924,6.055648045850314,7524.0,100.0,7423,100608,292445,1524
HAI,without_geco_ignored,0.4,1.5,grid,47,45,2,6.629999823717101,84.07287358891249,12.290749258584489,3.081862873457539,92.02497360385853,5.963995020448084,7144.0,100.0,7522,105932,287121,1425
HAI,without_geco_ignored,0.4,2.0,grid,47,45,2,6.470513093463913,84.92232033083715,12.024815623714112,3.070969801807771,92.44473686146516,5.944467253714759,6942.0,100.0,7598,109827,283226,1349
HAI,without_geco_ignored,0.4,2.5,grid,47,45,2,6.387872625903178,85.67117469542863,11.889250814332248,2.949577281005155,92.87109166383618,5.717565219493198,6750.0,100.0,7665,112328,280725,1282
HAI,without_geco_ignored,0.4,3.0,grid,47,45,2,6.31555693737625,86.27472895942773,11.76954920751092,2.771900632218188,93.15406369592162,5.383606197986829,6635.0,100.0,7719,114503,278550,1228
HAI,without_geco_ignored,0.4,3.5,grid,47,45,2,6.253331825598113,86.5317983681681,11.663766543882248,2.751204325250848,93.29459614623032,5.344793737572181,6555.0,100.0,7742,116064,276989,1205
HAI,without_geco_ignored,0.4,4.0,grid,47,45,2,6.197297815254887,86.74416005364927,11.568129140923691,2.720411950049236,93.42277339149362,5.286873494738374,6491.0,100.0,7761,117471,275582,1186
HAI,without_geco_ignored,0.4,4.5,grid,47,45,2,6.157633518297172,86.94534480831564,11.50076139505315,2.724453656834879,93.5201889758936,5.294661892310235,6452.0,100.0,7779,118552,274501,1168
HAI,without_geco_ignored,0.4,5.0,grid,47,45,2,6.122497055359246,87.146529562982,11.441190928633793,2.653009383774212,93.65261975987788,5.159849559102773,6404.0,100.0,7797,119553,273500,1150
HAI,without_geco_ignored,0.4,6.0,grid,47,45,2,6.072274191670225,87.42595283335196,11.35581655318593,2.593485658137633,93.794226415291,5.047406475191758,6356.0,100.0,7822,120993,272060,1125
HAI,without_geco_ignored,0.4,7.0,grid,47,45,2,6.041467697710958,87.67184531127752,11.303978152943804,2.583464508424981,93.91412095440728,5.028598325272975,6311.0,100.0,7844,121992,271061,1103
HAI,without_geco_ignored,0.4,8.0,grid,47,45,2,6.026144691800492,87.95126858164748,11.279456453185023,2.507439340999161,94.0399916739804,4.884636955570308,6281.0,100.0,7869,122712,270341,1078
HAI,without_geco_ignored,0.4,9.0,grid,47,45,2,6.012619642748278,88.18598412875825,11.257678121722751,2.530647529770984,94.14608645323992,4.9288086451568605,6252.0,100.0,7890,123334,269719,1057
HAI,without_geco_ignored,0.4,10.0,grid,47,45,2,6.007925542413799,88.4542304683134,11.251626111620569,2.487066885212913,94.26166791959886,4.846266430268835,6225.0,100.0,7914,123812,269241,1033
HAI,without_geco_ignored,0.4,12.0,grid,47,45,2,6.013190126248351,89.16955404046048,11.266611119741285,2.4093890767519954,94.56743152625133,4.699055611827014,6194.0,100.0,7978,124697,268356,969
HAI,without_geco_ignored,0.4,15.0,grid,47,45,2,5.992825018459542,89.806639096904,11.235876496252375,2.162342171990833,94.85753469489738,4.228297421636152,6166.0,100.0,8035,126042,267011,912
HAI,without_geco_ignored,0.4,20.0,grid,47,45,2,5.963130864124964,90.71197049290264,11.190623922785246,1.8687795604708,95.24701079269212,3.665638024836971,6139.0,100.0,8116,127987,265066,831
HAI,without_geco_ignored,0.4,25.0,grid,47,45,2,5.934655691336984,91.46082485749412,11.146071700991609,1.7042862014511777,95.55107642628852,3.348841167976531,6096.0,100.0,8183,129702,263351,764
HAI,without_geco_ignored,0.5,0.1,grid,47,45,2,12.755911460300672,75.48899072314742,21.824056870506503,4.81293519571312,88.08950613610311,9.12718930477107,7432.0,100.0,6754,46194,346859,2193
HAI,without_geco_ignored,0.5,0.5,grid,47,45,2,11.393115284332817,77.16553034536716,19.85477029261629,5.019413234392417,88.8737357047657,9.50216304866843,5678.0,100.0,6904,53694,339359,2043
HAI,without_geco_ignored,0.5,1.0,grid,47,45,2,10.5726411428913,79.07678551469766,18.65155209912344,5.455502432744967,89.71844422795235,10.285570955518924,4270.0,100.0,7075,59843,333210,1872
HAI,without_geco_ignored,0.5,1.5,grid,47,45,2,10.238888332928276,80.04917849558511,18.155546542283517,5.404788568078047,90.2289968045558,10.198668776692864,4033.0,100.0,7162,62787,330266,1785
HAI,without_geco_ignored,0.5,2.0,grid,47,45,2,9.973684573097644,80.90980216832457,17.75831616131881,5.382061990791,90.65611237100596,10.160893204545491,3936.0,100.0,7239,65342,327711,1708
HAI,without_geco_ignored,0.5,2.5,grid,47,45,2,9.818030207254584,81.59159494802726,17.52701080432173,5.217361634481085,90.98968214308434,9.86884240710156,3798.0,100.0,7300,67053,326000,1647
HAI,without_geco_ignored,0.5,3.0,grid,47,45,2,9.687487653589349,82.21750307365598,17.332704995287465,4.950137221330098,91.29642768166508,9.39108518412002,3756.0,100.0,7356,68577,324476,1591
HAI,without_geco_ignored,0.5,3.5,grid,47,45,2,9.584063331386671,82.54163406728512,17.174019208855608,4.927390203483901,91.49747563126384,9.351192997077106,3716.0,100.0,7385,69670,323383,1562
HAI,without_geco_ignored,0.5,4.0,grid,47,45,2,9.505366967182631,82.84341119928467,17.053978187842254,4.771004165862711,91.65475170625264,9.069883834596911,3689.0,100.0,7412,70565,322488,1535
HAI,without_geco_ignored,0.5,4.5,grid,47,45,2,9.448398576512457,83.08930367721024,16.967373069944195,4.742471025178348,91.75723644788178,9.018805271010809,3661.0,100.0,7434,71246,321807,1513
HAI,without_geco_ignored,0.5,5.0,grid,47,45,2,9.405697136300011,83.3687269475802,16.904249291784705,4.617353373314783,91.9123104541331,8.792978238962284,3632.0,100.0,7459,71844,321209,1488
HAI,without_geco_ignored,0.5,6.0,grid,47,45,2,9.338118916763252,83.74874259528333,16.80270888460331,4.5227519104205385,92.07532386904668,8.621990522503502,3618.0,100.0,7493,72748,320305,1454
HAI,without_geco_ignored,0.5,7.0,grid,47,45,2,9.276023680315737,84.06169665809769,16.70832083708221,4.472974768840281,92.226988787788,8.53214372955396,3615.0,100.0,7521,73559,319494,1426
HAI,without_geco_ignored,0.5,8.0,grid,47,45,2,9.233911905373503,84.37465072091203,16.64608599779493,4.479900587127133,92.368397484809,8.545348681642883,3604.0,100.0,7549,74204,318849,1398
HAI,without_geco_ignored,0.5,9.0,grid,47,45,2,9.203735412340462,84.70995864535598,16.60350077770719,4.537044254484385,92.52249047559648,8.649920587200027,3584.0,100.0,7579,74768,318285,1368
HAI,without_geco_ignored,0.5,10.0,grid,47,45,2,9.18815802182942,85.05644350061473,16.584759891468984,4.420654316681478,92.68064773149337,8.438797355442107,3569.0,100.0,7610,75214,317839,1337
HAI,without_geco_ignored,0.5,12.0,grid,47,45,2,9.182101529753162,85.9394210349838,16.59150249228578,4.227082455685579,93.08149084672684,8.086916158650581,3566.0,100.0,7689,76050,317003,1258
HAI,without_geco_ignored,0.5,15.0,grid,47,45,2,9.112608322456994,86.62121381468648,16.490414281762668,3.952778423657713,93.37837514335112,7.584499165495656,3559.0,100.0,7750,77297,315756,1197
HAI,without_geco_ignored,0.5,20.0,grid,47,45,2,9.004712102057235,87.57125293394435,16.3302312494138,3.427967227248023,93.77969063540252,6.61416421603006,3537.0,100.0,7835,79175,313878,1112
HAI,without_geco_ignored,0.5,25.0,grid,47,45,2,8.924449048997197,88.57717670727618,16.215165527683432,2.909524418722471,94.21504565975523,5.644729767897407,3531.0,100.0,7925,80876,312177,1022
HAI,without_geco_ignored,0.6,0.1,grid,47,45,2,19.201710202647305,73.28713535263218,30.430444367095948,7.430819484328764,87.0251159128385,13.692478386498156,4909.0,100.0,6557,27591,365462,2390
HAI,without_geco_ignored,0.6,0.5,grid,47,45,2,17.21067487811137,74.9636749748519,27.99424004006929,7.774546445251803,87.82063800025392,14.284519308058488,3708.0,100.0,6707,32263,360790,2240
HAI,without_geco_ignored,0.6,1.0,grid,47,45,2,15.908828220717076,76.91963786744161,26.364785656821056,9.00759515335218,88.68729527420354,16.35416647850611,2504.0,100.0,6882,36377,356676,2065
HAI,without_geco_ignored,0.6,1.5,grid,47,45,2,15.466939029264177,77.85850005588465,25.807168657960545,9.162698274308225,89.18802004965886,16.618138257132227,2321.0,100.0,6966,38072,354981,1981
HAI,without_geco_ignored,0.6,2.0,grid,47,45,2,15.152623314044783,78.73030065943892,25.414005844788395,9.010118552800852,89.6064759009745,16.373815693765614,2283.0,100.0,7044,39443,353610,1903
HAI,without_geco_ignored,0.6,2.5,grid,47,45,2,14.974918855119505,79.4120934391416,25.198162892557583,8.7227288009454,89.92836933432328,15.90293046994718,2204.0,100.0,7105,40341,352712,1842
HAI,without_geco_ignored,0.6,3.0,grid,47,45,2,14.840154248040802,80.00447077232592,25.03628827757472,8.354018992388648,90.21071767515464,15.291920300405264,2182.0,100.0,7158,41076,351977,1789
HAI,without_geco_ignored,0.6,3.5,grid,47,45,2,14.719305785800534,80.38448642002905,24.882369222252976,8.276642420902716,90.42572695567762,15.165216648586547,2163.0,100.0,7192,41669,351384,1755
HAI,without_geco_ignored,0.6,4.0,grid,47,45,2,14.616365955895755,80.67508662121381,24.748842791016628,7.96141545301888,90.5810650461703,14.636398177848228,2152.0,100.0,7218,42165,350888,1729
HAI,without_geco_ignored,0.6,4.5,grid,47,45,2,14.528457078660702,80.94333296076897,24.635166853760587,7.72083793636213,90.69137229664793,14.230213630418612,2131.0,100.0,7242,42605,350448,1705
HAI,without_geco_ignored,0.6,5.0,grid,47,45,2,14.449039646876368,81.22275623113893,24.533684441518545,7.784916747112856,90.84490460094716,14.34089628373222,2112.0,100.0,7267,43027,350026,1680
HAI,without_geco_ignored,0.6,6.0,grid,47,45,2,14.328287977413536,81.68101039454567,24.379910260045705,7.62669678659761,91.0447334496664,14.074399740118688,2115.0,100.0,7308,43696,349357,1639
HAI,without_geco_ignored,0.6,7.0,grid,47,45,2,14.20745988424985,82.0386721806192,24.2204256723313,7.557840548767243,91.21901904458518,13.959115602422624,2115.0,100.0,7340,44323,348730,1607
HAI,without_geco_ignored,0.6,8.0,grid,47,45,2,14.121048499818102,82.42986475913713,24.111550658776604,7.588963177098623,91.40042025023752,14.01431950850687,2115.0,100.0,7375,44852,348201,1572
HAI,without_geco_ignored,0.6,9.0,grid,47,45,2,14.056369529369398,82.88811892254387,24.03656046413639,7.473372050247678,91.59983740975576,13.819268971631772,2104.0,100.0,7416,45343,347710,1531
HAI,without_geco_ignored,0.6,10.0,grid,47,45,2,14.001954372909385,83.2793115010618,23.973230803880245,7.198365918372564,91.76788703189246,13.349577471492402,2096.0,100.0,7451,45763,347290,1496
HAI,without_geco_ignored,0.6,12.0,grid,47,45,2,13.937185557857354,84.21817368950487,23.916459030962848,6.949293180216415,92.17768242162248,12.924226446566829,2095.0,100.0,7535,46529,346524,1412
HAI,without_geco_ignored,0.6,15.0,grid,47,45,2,13.756872106481485,85.02291270817034,23.681957567361422,6.500212042131919,92.52738766013366,12.147070943932995,2089.0,100.0,7607,47689,345364,1340
HAI,without_geco_ignored,0.6,20.0,grid,47,45,2,13.442279122607708,85.96177489661339,23.24899489132735,5.786543329101082,92.9409389253542,10.894773326697084,2063.0,100.0,7691,49524,343529,1256
HAI,without_geco_ignored,0.6,25.0,grid,47,45,2,13.169680724731109,86.76651391527886,22.86833694195278,4.751274748528608,93.33774225574516,9.04226123185782,2065.0,100.0,7763,51183,341870,1184
HAI,without_geco_ignored,0.7,0.1,grid,47,45,2,30.060685891706264,71.42058790656087,42.31227651966627,12.596974182212092,85.11659545408675,21.94601137598016,2720.0,100.0,6390,14867,378186,2557
HAI,without_geco_ignored,0.7,0.5,grid,47,45,2,27.51159848165331,72.90711970492903,39.94855620540772,13.326837306394356,85.8482572515712,23.072037642686333,2026.0,100.0,6523,17187,375866,2424
HAI,without_geco_ignored,0.7,1.0,grid,47,45,2,25.559630223852093,74.78484408181514,38.098220640569394,16.176542836404145,86.70446175904858,27.26603312764711,1186.0,100.0,6691,19487,373566,2256
HAI,without_geco_ignored,0.7,1.5,grid,47,45,2,24.96125175289689,75.60076003129541,37.53086419753087,16.833420707354026,87.14479879116104,28.2163912324019,1083.0,100.0,6764,20334,372719,2183
HAI,without_geco_ignored,0.7,2.0,grid,47,45,2,24.49081862762645,76.47256063484967,37.10009760329682,16.348761868989882,87.57863734083789,27.55389430664377,1093.0,100.0,6842,21095,371958,2105
HAI,without_geco_ignored,0.7,2.5,grid,47,45,2,24.134191562303226,77.10964569129317,36.76231582873738,15.974854924006037,87.88533098725954,27.035488144980068,1036.0,100.0,6899,21687,371366,2048
HAI,without_geco_ignored,0.7,3.0,grid,47,45,2,23.86461158216333,77.70202302447747,36.51452282157676,15.41296185102088,89.26468272950557,26.28704830084232,1012.0,100.0,6952,22179,370874,1995
HAI,without_geco_ignored,0.7,3.5,grid,47,45,2,23.62566772601258,78.10439253381021,36.27774172615185,15.278871006964623,89.48973718518124,26.101370906673004,1015.0,100.0,6988,22590,370463,1959
HAI,without_geco_ignored,0.7,4.0,grid,47,45,2,23.40617180984153,78.41734659662457,36.0515903602076,15.137792303947595,89.65283736366256,25.90204936787775,1011.0,100.0,7016,22959,370094,1931
HAI,without_geco_ignored,0.7,4.5,grid,47,45,2,23.204456310359603,78.68559293617973,35.8397393473502,14.51263042573722,89.7661561083046,24.98577307309916,1008.0,100.0,7040,23299,369754,1907
HAI,without_geco_ignored,0.7,5.0,grid,47,45,2,23.022543653896275,78.98737006817927,35.65320485331584,14.632102990722537,89.92593967850817,25.168902885376003,1002.0,100.0,7067,23629,369424,1880
HAI,without_geco_ignored,0.7,6.0,grid,47,45,2,22.713175816094893,79.40091650832682,35.32219570405728,14.455154314037111,90.1090814463349,24.91369382525625,983.0,100.0,7104,24173,368880,1843
HAI,without_geco_ignored,0.7,7.0,grid,47,45,2,22.43634077334172,79.76975522521515,35.02220477463994,14.006835086279285,90.28124522682126,24.25118018242344,970.0,100.0,7137,24673,368380,1810
HAI,without_geco_ignored,0.7,8.0,grid,47,45,2,22.208463610191004,80.18330166536269,34.7830303030303,13.99162432141462,90.47671239956708,24.23540394086065,972.0,100.0,7174,25129,367924,1773
HAI,without_geco_ignored,0.7,9.0,grid,47,45,2,22.01440165985232,80.64155582876941,34.58689868411592,13.881784492020044,90.68397199405524,24.07777456799625,968.0,100.0,7215,25559,367494,1732
HAI,without_geco_ignored,0.7,10.0,grid,47,45,2,21.873397870864626,81.06627919973175,34.45114710492566,13.712026777628218,90.86589119727368,23.828271921976704,947.0,100.0,7253,25906,367147,1694
HAI,without_geco_ignored,0.7,12.0,grid,47,45,2,21.654997193417827,81.92690287247122,34.25553790073839,13.259998696470465,91.2590595086189,23.155490126038732,959.0,100.0,7330,26519,366534,1617
HAI,without_geco_ignored,0.7,15.0,grid,47,45,2,21.1639151955595,82.67575723706271,33.70085197503303,11.934175962092988,91.59844997353142,21.117053874762288,959.0,100.0,7397,27554,365499,1550
HAI,without_geco_ignored,0.7,20.0,grid,47,45,2,20.36144906235541,83.61461942550575,32.74820521800035,10.531987822545265,92.01620488920824,18.900646100979927,941.0,100.0,7481,29260,363793,1466
HAI,without_geco_ignored,0.7,25.0,grid,47,45,2,19.76102700865427,84.47524309824523,32.02949527482307,8.717117473531175,92.42488470415978,15.93163196489391,940.0,100.0,7558,30689,362364,1389
HAI,without_geco_ignored,0.8,0.1,grid,47,45,2,42.60254404462282,70.00111769308148,52.96853856562923,20.41044081856389,83.38875758379346,32.79411262888777,1569.0,100.0,6263,8438,384615,2684
HAI,without_geco_ignored,0.8,0.5,grid,47,45,2,39.59752321981424,71.47647256063485,50.9622664063434,21.325688032338245,84.10396175180172,34.02410715154331,1184.0,100.0,6395,9755,383298,2552
HAI,without_geco_ignored,0.8,1.0,grid,47,45,2,36.86366952910142,73.41008159159495,49.080854879689134,26.725226048662535,86.0753440286541,40.786726960784506,571.0,100.0,6568,11249,381804,2379
HAI,without_geco_ignored,0.8,1.5,grid,47,45,2,35.94909287841863,74.19246674863082,48.43134393696191,27.666936374426783,86.50029511473751,41.92443190734153,516.0,100.0,6638,11827,381226,2309
HAI,without_geco_ignored,0.8,2.0,grid,47,45,2,35.259842519685044,75.0754442829999,47.98371254062936,26.88775318932543,86.92611995392053,41.071408862170166,533.0,100.0,6717,12333,380720,2230
HAI,without_geco_ignored,0.8,2.5,grid,47,45,2,34.74250576479631,75.77959092433217,47.64247066263791,26.766297358591125,87.25902019987106,40.966356102302754,487.0,100.0,6780,12735,380318,2167
HAI,without_geco_ignored,0.8,3.0,grid,47,45,2,34.339831189710615,76.39432211914608,47.38137326262522,26.76221186538077,87.54128188513602,40.99259359281725,473.0,100.0,6835,13069,379984,2112
HAI,without_geco_ignored,0.8,3.5,grid,47,45,2,33.96533846837506,76.8861070749972,47.11643835616439,26.21495028641429,87.80125737393932,40.37505972833453,479.0,100.0,6879,13374,379679,2068
HAI,without_geco_ignored,0.8,4.0,grid,47,45,2,33.613854161599455,77.23259193025595,46.84110629067245,25.56973845711043,89.0724131492505,39.73334896557626,480.0,100.0,6910,13647,379406,2037
HAI,without_geco_ignored,0.8,4.5,grid,47,45,2,33.29652391012099,77.51201520062591,46.58270361041142,24.60579334903417,89.19075701952066,38.57075330945492,475.0,100.0,6935,13893,379160,2012
HAI,without_geco_ignored,0.8,5.0,grid,47,45,2,32.99218194740583,77.82496926344025,46.33967789165447,25.103970567157152,89.35668459098054,39.1961338479415,459.0,100.0,6963,14142,378911,1984
HAI,without_geco_ignored,0.8,6.0,grid,47,45,2,32.5052240538658,78.2385157035878,45.92874483301621,24.951277131916985,89.54206411006352,39.0274025081011,441.0,100.0,7000,14535,378518,1947
HAI,without_geco_ignored,0.8,7.0,grid,47,45,2,32.0712593402588,78.67441600536492,45.56724389059718,24.559772668612585,89.74253283951859,38.56538493158014,457.0,100.0,7039,14909,378144,1908
HAI,without_geco_ignored,0.8,8.0,grid,47,45,2,31.59867892528787,79.13267016877165,45.16314228303512,23.509659873246477,89.95873558882647,37.27732762428165,457.0,100.0,7080,15326,377727,1867
HAI,without_geco_ignored,0.8,9.0,grid,47,45,2,31.23821220228957,79.60210126299319,44.86864486864487,23.77057651136697,90.17541663440208,37.623466720945245,448.0,100.0,7122,15677,377376,1825
HAI,without_geco_ignored,0.8,10.0,grid,47,45,2,30.981223500908538,80.03800156477031,44.67109572377655,23.458378609741,90.36972235207648,37.24787014593687,431.0,100.0,7161,15953,377100,1786
HAI,without_geco_ignored,0.8,12.0,grid,47,45,2,30.541476600777155,80.82038672180619,44.33068693866291,23.481364129886916,90.73750784381184,37.30802843876167,439.0,100.0,7231,16445,376608,1716
HAI,without_geco_ignored,0.8,15.0,grid,47,45,2,29.717942447216107,81.49100257069408,43.553059944446105,21.388604959464747,91.05373557906556,34.64019640745285,444.0,100.0,7291,17243,375810,1656
HAI,without_geco_ignored,0.8,20.0,grid,47,45,2,28.323988017512864,82.42986475913713,42.16092611119051,18.745855540771807,91.4714904947424,31.115090475160027,441.0,100.0,7375,18663,374390,1572
HAI,without_geco_ignored,0.8,25.0,grid,47,45,2,27.17264508603091,83.31284229350621,40.97968608263009,14.523312186806317,91.88492090351814,25.08214548415692,445.0,100.0,7454,19978,373075,1493
HAI,without_geco_ignored,0.9,0.1,grid,47,45,2,53.92882311486963,68.42517044819493,60.31824227794472,28.65951677682828,82.73147477105817,42.57155908615081,1017.0,100.0,6122,5230,387823,2825
HAI,without_geco_ignored,0.9,0.5,grid,47,45,2,50.50391034427155,70.01229462389628,58.67915690866511,29.62520483260305,83.49759894363447,43.73359551145285,779.0,100.0,6264,6139,386914,2683
HAI,without_geco_ignored,0.9,1.0,grid,47,45,2,47.27419473182185,72.01296523974517,57.07831325301205,36.27050578865549,84.36660558859505,50.73098023378903,354.0,100.0,6443,7186,385867,2504
HAI,without_geco_ignored,0.9,1.5,grid,47,45,2,46.0559796437659,72.82888118922544,56.42779822472397,37.64078008665152,84.78138900208299,52.134962852278434,300.0,100.0,6516,7632,385421,2431
HAI,without_geco_ignored,0.9,2.0,grid,47,45,2,45.03207315408762,73.75656644685368,55.92135926443794,36.30087817250903,85.2141131625671,50.913012567525584,324.0,100.0,6599,8055,384998,2348
HAI,without_geco_ignored,0.9,2.5,grid,47,45,2,44.30934821606537,74.53895160388957,55.57963163596966,36.09884015628551,86.67480326212696,50.969569386710525,277.0,100.0,6669,8382,384671,2278
HAI,without_geco_ignored,0.9,3.0,grid,47,45,2,43.72035605223832,75.20956745277746,55.296244555838605,36.217566435560975,86.98757629916399,51.14199381216981,259.0,100.0,6729,8662,384391,2218
HAI,without_geco_ignored,0.9,3.5,grid,47,45,2,43.22996426748341,75.72370627025819,55.0387911775458,36.17228975811644,87.25259426714868,51.14246040259777,263.0,100.0,6775,8897,384156,2172
HAI,without_geco_ignored,0.9,4.0,grid,47,45,2,42.721737492938296,76.07019112551693,54.71500924511616,35.573149114569226,87.42161227523894,50.569016341224845,267.0,100.0,6806,9125,383928,2141
HAI,without_geco_ignored,0.9,4.5,grid,47,45,2,42.249690976514216,76.40549904996088,54.41158912723365,33.901030137851244,87.55482062094887,48.87699676946005,263.0,100.0,6836,9344,383709,2111
HAI,without_geco_ignored,0.9,5.0,grid,47,45,2,41.79958602215999,76.74080697440483,54.12052181452726,34.86751539421192,88.8279859729484,50.077992071114906,243.0,100.0,6866,9560,383493,2081
HAI,without_geco_ignored,0.9,6.0,grid,47,45,2,41.058263971462544,77.18788420699676,53.60344626848295,34.76129627961066,89.02586592789038,49.99960330104035,225.0,100.0,6906,9914,383139,2041
HAI,without_geco_ignored,0.9,7.0,grid,47,45,2,40.3906522497384,77.65731530121829,53.141611533901866,33.7118053500134,89.23965853816028,48.93687155894843,234.0,100.0,6948,10254,382799,1999
HAI,without_geco_ignored,0.9,8.0,grid,47,45,2,39.77150002842039,78.2049849111434,52.72795779954785,34.10730352297645,89.48910861129397,49.39030408245477,238.0,100.0,6997,10596,382457,1950
HAI,without_geco_ignored,0.9,9.0,grid,47,45,2,39.27994203867804,78.7750083826981,52.42097433990332,33.20472042280092,89.74726570787092,48.47474140634931,230.0,100.0,7048,10895,382158,1899
HAI,without_geco_ignored,0.9,10.0,grid,47,45,2,38.8925474700911,79.21090868447524,52.16975229121425,32.62992528311936,89.9415714255453,47.88693675557319,220.0,100.0,7087,11135,381918,1860
HAI,without_geco_ignored,0.9,12.0,grid,47,45,2,38.2499065121,80.02682463395551,51.76028338032241,31.24499892716911,90.33260253131574,46.43029695141888,224.0,100.0,7160,11559,381494,1787
HAI,without_geco_ignored,0.9,15.0,grid,47,45,2,37.02963190813083,80.73097127528781,50.77144765051137,29.949382507436063,90.67383026656944,45.0265776149687,226.0,100.0,7223,12283,380770,1724
HAI,without_geco_ignored,0.9,20.0,grid,47,45,2,34.94644223412395,81.68101039454567,48.95006530694263,26.055745741773173,91.0939604791584,40.52116133146562,224.0,100.0,7308,13604,379449,1639
HAI,without_geco_ignored,0.9,25.0,grid,47,45,2,33.48896242237432,82.57516485972953,47.65221878224975,21.085713229075303,91.51159256860645,34.27412733133694,233.0,100.0,7388,14673,378380,1559
HAI,without_geco_ignored,1.0,0.1,grid,47,45,2,61.18581907090464,67.12864647367833,64.01961306827266,37.20529378465923,82.14563221012905,51.21455663675162,678.0,100.0,6006,3810,389243,2941
HAI,without_geco_ignored,1.0,0.5,grid,47,45,2,57.8377869777945,68.70459371856488,62.80459770114943,36.01730345093729,82.91065857109072,50.21894428021759,555.0,100.0,6147,4481,388572,2800
HAI,without_geco_ignored,1.0,1.0,grid,47,45,2,54.178797739338926,70.71644126522857,61.35272727272727,43.04382795199484,83.81031726817152,56.87661007580193,220.0,100.0,6327,5351,387702,2620
HAI,without_geco_ignored,1.0,1.5,grid,47,45,2,52.75558118461158,71.57706493796803,60.7417243668785,44.737435531228,84.24147021449048,58.43974750734364,177.0,100.0,6404,5735,387318,2543
HAI,without_geco_ignored,1.0,2.0,grid,47,45,2,51.54573631089565,72.49357326478149,60.25081281932187,42.72720170542485,84.66920840821973,56.79403905760753,207.0,100.0,6486,6097,386956,2461
HAI,without_geco_ignored,1.0,2.5,grid,47,45,2,50.621477649965264,73.28713535263218,59.88127853881279,42.76866729457464,85.02723995867957,56.91108291226013,160.0,100.0,6557,6396,386657,2390
HAI,without_geco_ignored,1.0,3.0,grid,47,45,2,49.943417578272346,73.99128199396445,59.63426718313666,43.56257931144812,85.36088134305554,57.68601222344042,139.0,100.0,6620,6635,386418,2327
HAI,without_geco_ignored,1.0,3.5,grid,47,45,2,49.33806671104208,74.56130546551917,59.38223250845647,43.74611804540562,85.64145232033206,57.91098901069258,145.0,100.0,6671,6850,386203,2276
HAI,without_geco_ignored,1.0,4.0,grid,47,45,2,48.75354313540228,74.97485190566671,59.08570421914913,43.43693058341756,86.93974738171444,57.9305414265786,147.0,100.0,6708,7051,386002,2239
HAI,without_geco_ignored,1.0,4.5,grid,47,45,2,48.18441744102931,75.34369062255504,58.77839298949296,41.78585077027715,87.08853776176484,56.47466008050112,145.0,100.0,6741,7249,385804,2206
HAI,without_geco_ignored,1.0,5.0,grid,47,45,2,47.68202602884277,75.75723706270259,58.52689750453328,42.87180637602296,87.28520812218753,57.50092772997248,132.0,100.0,6778,7437,385616,2169
HAI,without_geco_ignored,1.0,6.0,grid,47,45,2,46.844310143534095,76.2378450877389,58.031308490726566,43.096274478083366,88.59039717843136,57.98485184411937,117.0,100.0,6821,7740,385313,2126
HAI,without_geco_ignored,1.0,7.0,grid,47,45,2,46.15539723081059,76.75198390521962,57.64533053515215,42.02285757678004,88.82427706236562,57.05359853154231,116.0,100.0,6867,8011,385042,2080
HAI,without_geco_ignored,1.0,8.0,grid,47,45,2,45.5,77.29965351514474,57.28247815463619,42.09609257625036,89.07785878816037,57.17339076907514,120.0,100.0,6916,8284,384769,2031
HAI,without_geco_ignored,1.0,9.0,grid,47,45,2,44.93809646633996,77.89203084832906,56.99447965651196,41.01347023277752,89.34441924608184,56.21945390283769,117.0,100.0,6969,8539,384514,1978
HAI,without_geco_ignored,1.0,10.0,grid,47,45,2,44.48251792626436,78.35028501173578,56.74734882214847,40.40942171302638,89.54874059791686,55.6888887676572,107.0,100.0,7010,8749,384304,1937
HAI,without_geco_ignored,1.0,12.0,grid,47,45,2,43.75077189082376,79.18855482284565,56.3621176564178,39.07147800222841,89.94817506503186,54.4786481724898,103.0,100.0,7085,9109,383944,1862
HAI,without_geco_ignored,1.0,15.0,grid,47,45,2,42.42496144263851,79.93740918743713,55.43111800038753,36.24417023227922,90.30438313921448,51.72729909618915,113.0,100.0,7152,9706,383347,1795
HAI,without_geco_ignored,1.0,20.0,grid,47,45,2,39.94484280198566,80.94333296076897,53.49189348893895,31.64783124242896,90.7455217551648,46.92900207693603,110.0,100.0,7242,10888,382165,1705
HAI,without_geco_ignored,1.0,25.0,grid,47,45,2,38.34676997173071,81.87101821839723,52.23002602588328,26.542342969717943,91.1757588866296,41.11548223647713,110.0,100.0,7325,11777,381276,1622
HAI,without_geco_ignored,1.2,0.1,grid,47,45,2,66.1326971142922,65.06091427294065,65.59242774240802,45.74350100746377,80.0993419116292,58.23174751046388,427.0,100.0,5821,2981,390072,3126
HAI,without_geco_ignored,1.2,0.5,grid,47,45,2,63.48530038346826,66.6145076561976,65.01227161167166,45.18074887796963,81.91526511243202,58.23932483982698,349.0,100.0,5960,3428,389625,2987
HAI,without_geco_ignored,1.2,1.0,grid,47,45,2,60.49236829148202,68.65988599530569,64.31787247408649,50.5301798760452,82.83367215008899,62.76963794832704,134.0,100.0,6143,4012,389041,2804
HAI,without_geco_ignored,1.2,1.5,grid,47,45,2,59.31831201069314,69.44227115234158,63.9822872148705,51.40372280854032,83.20559771986933,63.54801383026651,106.0,100.0,6213,4261,388792,2734
HAI,without_geco_ignored,1.2,2.0,grid,47,45,2,58.28317436799704,70.34760254834023,63.74962017623823,50.15136282882862,83.60599769623686,62.69493818763633,128.0,100.0,6294,4505,388548,2653
HAI,without_geco_ignored,1.2,2.5,grid,47,45,2,57.48038596807648,71.2417570135241,63.62547414653624,50.46062044384454,83.99624904448754,63.046281798318006,106.0,100.0,6374,4715,388338,2573
HAI,without_geco_ignored,1.2,3.0,grid,47,45,2,56.84786445464173,72.00178830893037,63.5337048177918,51.20775057800096,84.33858723632238,63.72417593774635,95.0,100.0,6442,4890,388163,2505
HAI,without_geco_ignored,1.2,3.5,grid,47,45,2,56.27653123104912,72.60534257292947,63.40653977550025,51.16524417773508,84.62824076799649,63.77367227827083,96.0,100.0,6496,5047,388006,2451
HAI,without_geco_ignored,1.2,4.0,grid,47,45,2,55.61606535057862,73.05241980552141,63.15280931445963,48.895777450410975,84.83231033906694,62.03546069503562,95.0,100.0,6536,5216,387837,2411
HAI,without_geco_ignored,1.2,4.5,grid,47,45,2,55.01298266186447,73.41008159159495,62.89380446231926,48.786565225602814,84.9772697514736,61.98609832223162,94.0,100.0,6568,5371,387682,2379
HAI,without_geco_ignored,1.2,5.0,grid,47,45,2,54.4667875391462,73.86833575500168,62.7010103885015,49.249793063323175,85.18920795986377,62.41568043975691,93.0,100.0,6609,5525,387528,2338
HAI,without_geco_ignored,1.2,6.0,grid,47,45,2,53.53267422232939,74.43835922655639,62.27791284832617,49.7519378167576,85.42149498660535,62.880476120930894,80.0,100.0,6660,5781,387272,2287
HAI,without_geco_ignored,1.2,7.0,grid,47,45,2,52.78214397988054,75.06426735218508,61.98144986387339,49.26916103424094,85.69328485053855,62.566089747050256,84.0,100.0,6716,6008,387045,2231
HAI,without_geco_ignored,1.2,8.0,grid,47,45,2,51.94595839410455,75.6342908237398,61.59097114772003,49.11342957976,87.05733204822185,62.79885778465842,88.0,100.0,6767,6260,386793,2180
HAI,without_geco_ignored,1.2,9.0,grid,47,45,2,51.23178608983026,76.2378450877389,61.282062800413286,46.43690581332663,87.32626780305544,60.63195965474887,88.0,100.0,6821,6493,386560,2126
HAI,without_geco_ignored,1.2,10.0,grid,47,45,2,50.64580411838512,76.69609925114564,61.006401137980085,47.06668149919518,87.53058915489046,61.21631354290887,77.0,100.0,6862,6687,386366,2085
HAI,without_geco_ignored,1.2,12.0,grid,47,45,2,49.68130058010456,77.53436906225551,60.55870798777826,44.42705947202485,87.93002362200545,59.029291028665455,71.0,100.0,6937,7026,386027,2010
HAI,without_geco_ignored,1.2,15.0,grid,47,45,2,48.1143092670193,78.28322342684699,59.59836623553437,42.65951616963349,88.28623169618808,57.52379118806926,78.0,100.0,7004,7553,385500,1943
HAI,without_geco_ignored,1.2,20.0,grid,47,45,2,45.42485752705385,79.28914720017883,57.75932258589806,35.26686523431813,88.72737031213839,50.47228522524728,83.0,100.0,7094,8523,384530,1853
HAI,without_geco_ignored,1.2,25.0,grid,47,45,2,43.35508034311949,80.21683245780709,56.28798870632525,30.45203470195879,89.15760744360321,45.39818875993457,85.0,100.0,7177,9377,383676,1770
HAI,without_geco_ignored,1.4,0.1,grid,47,45,2,67.09925498678201,62.41198166983346,64.67079738259308,49.18789753314514,77.74175132122132,60.25311395012086,319.0,98.0,5584,2738,390315,3363
HAI,without_geco_ignored,1.4,0.5,grid,47,45,2,64.87532733690084,63.68615178272047,64.27523970671179,49.783393196627294,78.35803133944995,60.88474040940921,248.0,98.0,5698,3085,389968,3249
HAI,without_geco_ignored,1.4,1.0,grid,47,45,2,62.493363066794096,65.77623784508773,64.09279024177738,54.71994228417353,79.27060155336785,64.74610248752012,97.0,98.0,5885,3532,389521,3062
HAI,without_geco_ignored,1.4,1.5,grid,47,45,2,61.47735479211802,66.60333072538282,63.93776824034335,56.3921256739481,80.75073202328403,66.40820389747856,75.0,98.0,5959,3734,389319,2988
HAI,without_geco_ignored,1.4,2.0,grid,47,45,2,60.500751126690034,67.51983905219626,63.8178744982041,53.96521943577616,81.16089496018024,64.82633687365427,104.0,98.0,6041,3944,389109,2906
HAI,without_geco_ignored,1.4,2.5,grid,47,45,2,59.7230349132046,68.44752430982453,63.78834435706474,53.8051088101559,81.57153648712477,64.84080598781853,85.0,98.0,6124,4130,388923,2823
HAI,without_geco_ignored,1.4,3.0,grid,47,45,2,59.06360255554496,69.22990946686039,63.74395389523515,53.12469843735703,81.92277124447622,64.45322563641986,74.0,98.0,6194,4293,388760,2753
HAI,without_geco_ignored,1.4,3.5,grid,47,45,2,58.47767063009081,69.81110986922991,63.64377420012227,52.33697879697616,82.21691558975961,63.95927799170729,73.0,98.0,6246,4435,388618,2701
HAI,without_geco_ignored,1.4,4.0,grid,47,45,2,57.81293111376805,70.25818710182185,63.43087790111,50.7322434937698,82.4313884919199,62.80887972402287,72.0,98.0,6286,4587,388466,2661
HAI,without_geco_ignored,1.4,4.5,grid,47,45,2,57.21910620589832,70.69408740359897,63.24683765811709,50.48573382308143,82.60918748729998,62.67084288060734,69.0,98.0,6325,4729,388324,2622
HAI,without_geco_ignored,1.4,5.0,grid,47,45,2,56.69543553696949,71.21940315189448,63.13286436143862,51.1836320690627,82.8455858715797,63.27482993558606,70.0,98.0,6372,4867,388186,2575
HAI,without_geco_ignored,1.4,6.0,grid,47,45,2,55.76088842616693,71.8341343467084,62.78513163678991,51.23962432675162,83.09642324806484,63.39072180542244,59.0,98.0,6427,5099,387954,2520
HAI,without_geco_ignored,1.4,7.0,grid,47,45,2,54.96907565873082,72.51592712641109,62.53493975903615,50.34471931502028,83.3885233592268,62.78426692816183,63.0,98.0,6488,5315,387738,2459
HAI,without_geco_ignored,1.4,8.0,grid,47,45,2,54.09673418768086,73.130658321225,62.18990590248076,50.290604126043824,83.66039874913211,62.81896968610582,67.0,98.0,6543,5552,387501,2404
HAI,without_geco_ignored,1.4,9.0,grid,47,45,2,53.37373737373737,73.82362803174249,61.95478848138073,46.78710007579542,85.06357099447541,60.36947368742543,68.0,98.0,6605,5770,387283,2342
HAI,without_geco_ignored,1.4,10.0,grid,47,45,2,52.794537948555096,74.3265899184084,61.73699113401104,47.357439475359925,85.28785358662051,60.89947514872544,56.0,98.0,6650,5946,387107,2297
HAI,without_geco_ignored,1.4,12.0,grid,47,45,2,51.8929755570977,75.22074438359226,61.41631684613981,48.297509589239006,85.71558262737891,61.78275727272101,45.0,98.0,6730,6239,386814,2217
HAI,without_geco_ignored,1.4,15.0,grid,47,45,2,50.38490007401924,76.08136805633173,60.62252304403973,45.22196368271542,86.13283721318945,59.30648913899768,55.0,98.0,6807,6703,386350,2140
HAI,without_geco_ignored,1.4,20.0,grid,47,45,2,47.61970375473648,77.25494579188555,58.92080811525019,36.36516467747595,86.66186089423026,51.23220411174394,55.0,98.0,6912,7603,385450,2035
HAI,without_geco_ignored,1.4,25.0,grid,47,45,2,45.75805184603299,78.12674639543982,57.713743136688265,33.4541260151743,87.08472355737491,48.3386613729306,57.0,98.0,6990,8286,384767,1957
HAI,without_geco_ignored,1.6,0.1,grid,47,45,2,68.06883365200764,59.68481055102269,63.60171510242972,53.15252928719458,76.49292870048556,62.72171345026537,240.0,96.0,5340,2505,390548,3607
HAI,without_geco_ignored,1.6,0.5,grid,47,45,2,66.19018776499091,61.07074997205767,63.52749680269736,54.2313049108879,77.18388913902415,63.703182213721945,188.0,96.0,5464,2791,390262,3483
HAI,without_geco_ignored,1.6,1.0,grid,47,45,2,64.16591115140527,63.28378227338772,63.721793933937306,58.43950872011983,78.15874510096685,66.87579874723816,81.0,96.0,5662,3162,389891,3285
HAI,without_geco_ignored,1.6,1.5,grid,47,45,2,63.18687369232463,64.1332290153124,63.65653428000887,59.50568573432452,78.53718179772841,67.7095302650098,66.0,96.0,5738,3343,389710,3209
HAI,without_geco_ignored,1.6,2.0,grid,47,45,2,62.29946524064172,65.10562199619984,63.671640159589,56.788522981612566,78.97457807472627,66.0687566365861,91.0,96.0,5825,3525,389528,3122
HAI,without_geco_ignored,1.6,2.5,grid,47,45,2,61.64769760885454,65.9885995305689,63.74433167782336,55.10436752856719,80.44885492014933,65.40727234204184,81.0,96.0,5904,3673,389380,3043
HAI,without_geco_ignored,1.6,3.0,grid,47,45,2,61.04360257326662,66.81569241086397,63.79935965848452,54.56569276381822,80.81782262336644,65.1464909371796,72.0,96.0,5978,3815,389238,2969
HAI,without_geco_ignored,1.6,3.5,grid,47,45,2,60.51760457417996,67.43042360567787,63.78727003594841,53.62335805786316,81.12512351299533,64.56772640273704,74.0,96.0,6033,3936,389117,2914
HAI,without_geco_ignored,1.6,4.0,grid,47,45,2,59.90147783251232,67.9557393539734,63.67492276273761,52.68044842127539,81.36815855770148,63.95457851651399,70.0,96.0,6080,4070,388983,2867
HAI,without_geco_ignored,1.6,4.5,grid,47,45,2,59.33714507219692,68.43634737900972,63.56275303643725,51.8683374930263,81.56119581481254,63.41090350810615,74.0,96.0,6123,4196,388857,2824
HAI,without_geco_ignored,1.6,5.0,grid,47,45,2,58.80838894184938,68.95048619649044,63.476874003189785,51.28781839283958,81.79376278146773,63.044391480566645,76.0,96.0,6169,4321,388732,2778
HAI,without_geco_ignored,1.6,6.0,grid,47,45,2,57.866840245490046,69.55404046048955,63.17445814933252,50.408926217855225,82.04175175649058,62.44794929441665,65.0,96.0,6223,4531,388522,2724
HAI,without_geco_ignored,1.6,7.0,grid,47,45,2,57.03649900127111,70.21347937856265,62.94273833976254,49.65436073498416,82.32731285940905,61.94663213054844,69.0,96.0,6282,4732,388321,2665
HAI,without_geco_ignored,1.6,8.0,grid,47,45,2,56.21343733380606,70.88409522745054,62.70206139700431,48.3297426684206,82.62160027343086,60.98571561562584,69.0,96.0,6342,4940,388113,2605
HAI,without_geco_ignored,1.6,9.0,grid,47,45,2,55.51515151515152,71.66648038448642,62.56525345172464,47.69941321918366,82.95815467367443,60.57139075059802,73.0,96.0,6412,5138,387915,2535
HAI,without_geco_ignored,1.6,10.0,grid,47,45,2,54.96936691626957,72.20297306359673,62.41847432243104,48.21379745079108,84.29623017673278,61.34239710568239,64.0,96.0,6460,5292,387761,2487
HAI,without_geco_ignored,1.6,12.0,grid,47,45,2,54.0449067194981,73.17536604448418,62.17178671478087,48.97264717630962,84.75729301330558,62.0771833214659,54.0,96.0,6547,5567,387486,2400
HAI,without_geco_ignored,1.6,15.0,grid,47,45,2,52.44915723668592,74.08069744048285,61.41586360266864,47.13530612980686,85.20476243636888,60.69443071426951,62.0,96.0,6628,6009,387044,2319
HAI,without_geco_ignored,1.6,20.0,grid,47,45,2,50.2123221336512,75.33251369174025,60.259275815824765,38.88454020416881,85.77519843535725,53.51092804269154,63.0,96.0,6740,6683,386370,2207
HAI,without_geco_ignored,1.6,25.0,grid,47,45,2,48.42664776754076,76.37196825751649,59.27050353471831,35.327981898017235,86.29156367261872,50.13185643926485,63.0,96.0,6833,7277,385776,2114
HAI,without_geco_ignored,1.8,0.1,grid,47,45,2,68.57941685527894,57.57237062702581,62.59569814072184,56.17069118086215,75.37621895939708,64.3714749823465,192.0,96.0,5151,2360,390693,3796
HAI,without_geco_ignored,1.8,0.5,grid,47,45,2,66.8648033388137,59.09243321783838,62.73881571140382,57.22724709116499,76.12003829574648,65.33526689351258,145.0,96.0,5287,2620,390433,3660
HAI,without_geco_ignored,1.8,1.0,grid,47,45,2,65.02013740819712,61.35017324242763,63.13186497210881,62.13954259757606,77.12560021549251,68.82626080220395,57.0,96.0,5489,2953,390100,3458
HAI,without_geco_ignored,1.8,1.5,grid,47,45,2,64.10905326124467,62.28903543087069,63.1859410430839,63.27065271683843,77.54434351140775,69.68407285986702,38.0,96.0,5573,3120,389933,3374
HAI,without_geco_ignored,1.8,2.0,grid,47,45,2,63.264393515930685,63.25025148094333,63.25732170802594,60.61937132564715,77.98333324260406,68.21368529237127,57.0,96.0,5659,3286,389767,3288
HAI,without_geco_ignored,1.8,2.5,grid,47,45,2,62.59008517143481,64.0661674304236,63.31952499309583,56.44635629666956,79.43487210504182,65.996004686768,48.0,96.0,5732,3426,389627,3215
HAI,without_geco_ignored,1.8,3.0,grid,47,45,2,61.97649572649573,64.83737565664468,63.374665428524615,56.856099725550415,79.79536881372134,66.40036137783893,39.0,96.0,5801,3559,389494,3146
HAI,without_geco_ignored,1.8,3.5,grid,47,45,2,61.43591896714601,65.4185760590142,63.36472880805456,56.055341395481406,80.09123459584023,65.95158879855475,41.0,96.0,5853,3674,389379,3094
HAI,without_geco_ignored,1.8,4.0,grid,47,45,2,60.848034664190656,65.92153794568011,63.28326180257511,55.21072258838399,80.33340320874645,65.44385768184716,38.0,96.0,5898,3795,389258,3049
HAI,without_geco_ignored,1.8,4.5,grid,47,45,2,60.310691440755406,66.39096903990165,63.20493722068525,53.02559870364235,80.52672625499274,63.94464300996388,38.0,96.0,5940,3909,389144,3007
HAI,without_geco_ignored,1.8,5.0,grid,47,45,2,59.80411752948231,66.88275399575276,63.14567614625653,53.43257292023061,80.75853075847917,64.31329596952628,43.0,96.0,5984,4022,389031,2963
HAI,without_geco_ignored,1.8,6.0,grid,47,45,2,58.89008095191651,67.48630825975187,62.89583333333333,52.67210844386456,81.0159278343457,63.839365965262274,31.0,96.0,6038,4215,388838,2909
HAI,without_geco_ignored,1.8,7.0,grid,47,45,2,58.033504664001526,68.14574717782497,62.68441885570349,51.91096333825461,81.31469931947669,63.368037223864285,34.0,96.0,6097,4409,388644,2850
HAI,without_geco_ignored,1.8,8.0,grid,47,45,2,57.3677347242921,68.83871688834246,62.581923487273286,52.54857928772261,81.62746103525083,63.93700541380397,33.0,96.0,6159,4577,388476,2788
HAI,without_geco_ignored,1.8,9.0,grid,47,45,2,56.82502051609374,69.65463283782273,62.58913327307422,51.81344854457198,81.98697576730363,63.49797427162894,38.0,96.0,6232,4735,388318,2715
HAI,without_geco_ignored,1.8,10.0,grid,47,45,2,56.31946934385085,70.22465630937744,62.5080833706412,52.834604696221135,82.23455760126318,64.33489731226814,27.0,96.0,6283,4873,388180,2664
HAI,without_geco_ignored,1.8,12.0,grid,47,45,2,55.53910468559484,71.27528780596847,62.430858093886144,53.66916741318494,82.72234601853238,65.10140294766472,20.0,96.0,6377,5105,387948,2570
HAI,without_geco_ignored,1.8,15.0,grid,47,45,2,54.00635664101706,72.16944227115233,61.78060565469071,50.86305011651165,83.15761470067538,63.119369387691634,24.0,96.0,6457,5499,387554,2490
HAI,without_geco_ignored,1.8,20.0,grid,47,45,2,51.78515256369928,73.60008941544652,60.79490375294281,42.34261823165243,83.78680013165572,56.25574963974507,25.0,96.0,6585,6131,386922,2362
HAI,without_geco_ignored,1.8,25.0,grid,47,45,2,49.92162424423378,74.75131328937074,59.863945578231295,38.59707859514228,85.43304706247953,53.17201792079902,27.0,96.0,6688,6709,386344,2259
HAI,without_geco_ignored,2.0,0.1,grid,47,45,2,68.37477675504877,55.627584665250914,61.345987920621226,55.999061964815056,74.5587074342912,63.95969687358908,177.0,96.0,4977,2302,390751,3970
HAI,without_geco_ignored,2.0,0.5,grid,47,45,2,66.69703279541905,57.28177042584106,61.63189224941375,57.75119700787399,75.35448187222669,65.38881833808563,136.0,96.0,5125,2559,390494,3822
HAI,without_geco_ignored,2.0,1.0,grid,47,45,2,64.87407227156588,59.5953951045043,62.122800885471285,62.01745736814066,76.38809962072716,68.45672695125623,55.0,96.0,5332,2887,390166,3615
HAI,without_geco_ignored,2.0,1.5,grid,47,45,2,64.01085930122757,60.61249580865095,62.26534244216085,62.74507270999372,76.84058977130776,69.0811406640759,36.0,96.0,5423,3049,390004,3524
HAI,without_geco_ignored,2.0,2.0,grid,47,45,2,63.15366972477064,61.551357997094,62.342219958114,59.05386862422044,77.26446557392698,66.94280158516338,51.0,96.0,5507,3213,389840,3440
HAI,without_geco_ignored,2.0,2.5,grid,47,45,2,62.53363228699551,62.34492008494468,62.43913359825376,57.75641108072887,78.70611536807132,66.62316567136321,42.0,96.0,5578,3342,389711,3369
HAI,without_geco_ignored,2.0,3.0,grid,47,45,2,61.98111135515045,63.08259751872136,62.52700382207943,56.956116403843126,79.05026788139928,66.208601645717,33.0,96.0,5644,3462,389591,3303
HAI,without_geco_ignored,2.0,3.5,grid,47,45,2,61.494500754798366,63.74203643679446,62.59810109214643,55.61200186860582,79.37091587640893,65.40050542350686,38.0,96.0,5703,3571,389482,3244
HAI,without_geco_ignored,2.0,4.0,grid,47,45,2,60.95904943772544,64.22264446183078,62.54830457736896,54.54010962524093,79.60145089728994,64.72970556410395,34.0,96.0,5746,3680,389373,3201
HAI,without_geco_ignored,2.0,4.5,grid,47,45,2,60.4490861618799,64.6920755560523,62.498650253752295,52.42551754713232,79.7936098217691,63.27709727184448,36.0,96.0,5788,3787,389266,3159
HAI,without_geco_ignored,2.0,5.0,grid,47,45,2,59.96913580246913,65.15032971945904,62.452456206139175,53.07518336108843,80.01137928180873,63.81739135828875,39.0,96.0,5829,3891,389162,3118
HAI,without_geco_ignored,2.0,6.0,grid,47,45,2,59.126067302862886,65.78741477590255,62.27912390223257,53.79972573638143,80.27806171290452,64.42435820230365,27.0,96.0,5886,4069,388984,3061
HAI,without_geco_ignored,2.0,7.0,grid,47,45,2,58.36033382425136,66.43567676316083,62.13673426719632,53.05471267048383,80.56994897423034,63.97943972451474,30.0,96.0,5944,4241,388812,3003
HAI,without_geco_ignored,2.0,8.0,grid,47,45,2,57.752981916121584,67.10629261204873,62.07930517499871,53.94889461469983,80.87162478552705,64.7221177055724,26.0,96.0,6004,4392,388661,2943
HAI,without_geco_ignored,2.0,9.0,grid,47,45,2,57.23981900452488,67.86632390745501,62.10176425466633,53.44157915110742,81.20739489968804,64.46170797483737,31.0,96.0,6072,4536,388517,2875
HAI,without_geco_ignored,2.0,10.0,grid,47,45,2,56.7657682689636,68.50340896389852,62.08468395461912,54.51551718243663,81.47909749306244,65.3242799355161,21.0,96.0,6129,4668,388385,2818
HAI,without_geco_ignored,2.0,12.0,grid,47,45,2,55.94424460431655,69.53168659885995,62.00229232072557,54.32923980894536,81.9581176520705,65.34314423819934,14.0,96.0,6221,4899,388154,2726
HAI,without_geco_ignored,2.0,15.0,grid,47,45,2,54.39655172413793,70.526433441377,61.42015866063172,52.668124958281936,82.43584345714889,64.27259473077915,18.0,96.0,6310,5290,387763,2637
HAI,without_geco_ignored,2.0,20.0,grid,47,45,2,52.28699551569507,71.67765731530122,60.46577409013766,43.28623821257614,82.96227334625732,56.88977529132199,15.0,96.0,6413,5852,387201,2534
HAI,without_geco_ignored,2.0,25.0,grid,47,45,2,50.42973286875726,72.79535039678105,59.58283780075016,41.86143100637821,83.50226006346787,55.7661324214838,18.0,96.0,6513,6402,386651,2434
HAI,without_geco_ignored,2.5,0.1,grid,47,45,2,67.38783214752432,51.87213591147872,58.620689655172406,55.517791740188194,71.78363056240106,62.611533788604525,163.0,96.0,4641,2246,390807,4306
HAI,without_geco_ignored,2.5,0.5,grid,47,45,2,65.80317982456141,53.660444841846434,59.11469556116481,56.89250966757872,72.65244348983059,63.81383053334325,122.0,96.0,4801,2495,390558,4146
HAI,without_geco_ignored,2.5,1.0,grid,47,45,2,64.0410519563823,55.7952386274729,59.63445227571378,62.1790652509912,74.72168044889452,67.87580623528194,48.0,96.0,4992,2803,390250,3955
HAI,without_geco_ignored,2.5,1.5,grid,47,45,2,63.21810494901767,56.82351626243434,59.85049149449644,62.13161860729672,75.18368965292721,68.03734252487803,29.0,96.0,5084,2958,390095,3863
HAI,without_geco_ignored,2.5,2.0,grid,47,45,2,62.435013904001934,57.7176707276182,59.98373794865838,60.05449714839523,75.6024613286685,66.9374848035065,44.0,96.0,5164,3107,389946,3783
HAI,without_geco_ignored,2.5,2.5,grid,47,45,2,61.86200378071833,58.522409746283664,60.14588478548044,58.58769899616774,77.05064757134659,66.56259474709671,37.0,96.0,5236,3228,389825,3711
HAI,without_geco_ignored,2.5,3.0,grid,47,45,2,61.33024869866976,59.26008718006035,60.27739881764438,58.08551091888452,77.40322654383688,66.36722793001105,28.0,96.0,5302,3343,389710,3645
HAI,without_geco_ignored,2.5,3.5,grid,47,45,2,60.866606170598914,59.975410752207445,60.41772223160502,57.04229514655614,77.74951928377394,65.80534649276078,33.0,96.0,5366,3450,389603,3581
HAI,without_geco_ignored,2.5,4.0,grid,47,45,2,60.37231077917736,60.53425729294736,60.45317557763144,56.04416620068265,78.02499864542962,65.23268787288639,28.0,96.0,5416,3555,389498,3531
HAI,without_geco_ignored,2.5,4.5,grid,47,45,2,59.89469065379552,61.02604224879848,60.45507390798871,54.17890496808575,78.2286431745306,64.0196466710502,29.0,96.0,5460,3656,389397,3487
HAI,without_geco_ignored,2.5,5.0,grid,47,45,2,59.42326385138784,61.49547334302,60.44161265516863,54.616656843083554,78.46360013457023,64.40353543865392,32.0,96.0,5502,3757,389296,3445
HAI,without_geco_ignored,2.5,6.0,grid,47,45,2,58.5781990521327,62.1660891919079,60.318837436286735,54.25583354102551,78.74833439900802,64.24695690306373,20.0,96.0,5562,3933,389120,3385
HAI,without_geco_ignored,2.5,7.0,grid,47,45,2,57.8113750899928,62.825528109981,60.21424745581147,53.49829995673148,79.04666132431545,63.81022646556226,23.0,96.0,5621,4102,388951,3326
HAI,without_geco_ignored,2.5,8.0,grid,47,45,2,57.204712516362896,63.49614395886889,60.1864604301303,54.16080699784308,79.34814990980709,64.37859949536805,19.0,96.0,5681,4250,388803,3266
HAI,without_geco_ignored,2.5,9.0,grid,47,45,2,56.657783042147855,64.15558287694199,60.17402243421742,53.48003593282802,79.6493423651419,63.99263252292774,24.0,96.0,5740,4391,388662,3207
HAI,without_geco_ignored,2.5,10.0,grid,47,45,2,56.13898864408424,64.64736783279311,60.093506493506496,54.50370881141029,79.87655723592475,64.79476108361415,14.0,96.0,5784,4519,388534,3163
HAI,without_geco_ignored,2.5,12.0,grid,47,45,2,55.233874009807614,65.46328378227338,59.915093857091705,53.70241665813069,80.28086298828639,64.35543845842183,7.0,96.0,5857,4747,388306,3090
HAI,without_geco_ignored,2.5,15.0,grid,47,45,2,53.69351492739244,66.53626914049401,59.428970749725465,50.62312073232341,80.79159503239549,62.244515702555205,12.0,96.0,5953,5134,387919,2994
HAI,without_geco_ignored,2.5,20.0,grid,47,45,2,51.77798523296274,68.19045490108417,58.861553304389766,44.94628985524054,81.52648120990338,57.946272932546336,10.0,96.0,6101,5682,387371,2846
HAI,without_geco_ignored,2.5,25.0,grid,47,45,2,49.846774193548384,69.08460936626803,57.90977654939804,42.06871004932293,81.94170939031875,55.595038366352966,13.0,96.0,6181,6219,386834,2766
HAI,without_geco_ignored,3.0,0.1,grid,47,45,2,66.15975422427034,48.13904101933609,55.7287960147506,55.800307141323046,68.15716025982802,61.36282962398544,165.0,94.0,4307,2203,390850,4640
HAI,without_geco_ignored,3.0,0.5,grid,47,45,2,64.43544889402921,49.81558064155583,56.190115985879984,57.20765902860805,68.97275890482483,62.54171825252979,122.0,94.0,4457,2460,390593,4490
HAI,without_geco_ignored,3.0,1.0,grid,47,45,2,62.62135922330098,51.9056667039231,56.762207419177415,60.2109249974157,69.88888807937555,64.6899407275282,48.0,94.0,4644,2772,390281,4303
HAI,without_geco_ignored,3.0,1.5,grid,47,45,2,61.78044641691686,52.90041354644015,56.9966281310212,61.24572877634462,70.33051002438435,65.47448659296326,29.0,94.0,4733,2928,390125,4214
HAI,without_geco_ignored,3.0,2.0,grid,47,45,2,60.978081844672495,53.79456801162401,57.16152019002375,59.02090783629534,70.72927940005874,64.34682476710623,44.0,94.0,4813,3080,389973,4134
HAI,without_geco_ignored,3.0,2.5,grid,47,45,2,60.38599529877521,54.55459930703029,57.32237228420435,57.18224554310073,71.06632356443302,63.37274547678579,37.0,94.0,4881,3202,389851,4066
HAI,without_geco_ignored,3.0,3.0,grid,47,45,2,59.80641258318209,55.24756901754778,57.43667208924007,56.28032036922234,71.38267252470318,62.938202958153255,29.0,94.0,4943,3322,389731,4004
HAI,without_geco_ignored,3.0,3.5,grid,47,45,2,59.30936276254894,55.86230021236168,57.53424657534247,54.00733931730031,71.68265236769506,61.60218928629855,33.0,94.0,4998,3429,389624,3949
HAI,without_geco_ignored,3.0,4.0,grid,47,45,2,58.7871720116618,56.342908237398014,57.53909371076361,52.798235671225314,71.90780321374599,60.88887394108375,28.0,94.0,5041,3534,389519,3906
HAI,without_geco_ignored,3.0,4.5,grid,47,45,2,58.276930136514856,56.77880853917514,57.51811594202898,51.800073517742426,72.08785980359077,60.2828110446766,29.0,94.0,5080,3637,389416,3867
HAI,without_geco_ignored,3.0,5.0,grid,47,45,2,57.76572913136789,57.158824186878284,57.46067415730337,52.52325232880336,72.27646117943246,60.8365949126922,29.0,94.0,5114,3739,389314,3833
HAI,without_geco_ignored,3.0,6.0,grid,47,45,2,56.93342151675485,57.72884765843299,57.3283756035296,52.635654492051046,72.51558260487538,60.99668273073341,17.0,94.0,5165,3907,389146,3782
HAI,without_geco_ignored,3.0,7.0,grid,47,45,2,56.2061900140192,58.25416340672851,57.21185510428101,52.2693676427109,72.73245662973369,60.82598453685317,22.0,94.0,5212,4061,388992,3735
HAI,without_geco_ignored,3.0,8.0,grid,47,45,2,55.60249234343648,58.846540739912825,57.17854039965248,52.74227317316898,72.99317436903625,61.23692272310412,18.0,94.0,5265,4204,388849,3682
HAI,without_geco_ignored,3.0,9.0,grid,47,45,2,55.11811023622048,59.46127193472672,57.20737674068498,51.92123330365184,73.24776940375448,60.76767317663377,21.0,94.0,5320,4332,388721,3627
HAI,without_geco_ignored,3.0,10.0,grid,47,45,2,54.66965742251223,59.93070302894825,57.179418821647566,52.3775815683464,73.44940566033817,61.14907971417929,15.0,94.0,5362,4446,388607,3585
HAI,without_geco_ignored,3.0,12.0,grid,47,45,2,53.85149201943095,60.71308818598413,57.07680991909216,49.014395360133776,74.92896841299755,59.26252071783436,13.0,94.0,5432,4655,388398,3515
HAI,without_geco_ignored,3.0,15.0,grid,47,45,2,52.22169587873046,61.607242651168,56.527535637370526,48.44548335405597,75.3279062428028,58.96738935352236,16.0,94.0,5512,5043,388010,3435
HAI,without_geco_ignored,3.0,20.0,grid,47,45,2,50.17803097739007,63.004359003017775,55.86442693622714,42.59713664470664,75.90183368006875,54.56926371583328,14.0,94.0,5637,5597,387456,3310
HAI,without_geco_ignored,3.0,25.0,grid,47,45,2,48.24006077487972,63.87615960657204,54.96777916706742,39.775773969943394,76.29458660241238,52.29028697530536,18.0,94.0,5715,6132,386921,3232
HAI,without_geco_ignored,3.5,0.1,grid,47,45,2,65.64144736842105,44.60713088185984,53.117721434750784,56.74800215780554,66.77304221571616,61.35370313551158,162.0,88.0,3991,2089,390964,4956
HAI,without_geco_ignored,3.5,0.5,grid,47,45,2,63.80244619910202,46.06013188778361,53.49863689471634,56.68294783307806,67.51270994619783,61.62565558855842,125.0,88.0,4121,2338,390715,4826
HAI,without_geco_ignored,3.5,1.0,grid,47,45,2,61.98442457456014,48.038448642002905,54.12757383036333,56.16126044518393,68.4446148928091,61.69750555724123,50.0,88.0,4298,2636,390417,4649
HAI,without_geco_ignored,3.5,1.5,grid,47,45,2,61.12428511647371,48.97731083044596,54.38073963762721,57.97184873455606,68.87306774925472,62.95402568938132,30.0,88.0,4382,2787,390266,4565
HAI,without_geco_ignored,3.5,2.0,grid,47,45,2,60.314235405661655,49.77087291829664,54.537660747091245,56.142048853813975,69.23523175306477,62.00497800990647,41.0,88.0,4453,2930,390123,4494
HAI,without_geco_ignored,3.5,2.5,grid,47,45,2,59.70642687119809,50.46384262881413,54.69743776122116,55.99366900165095,69.5508113861718,62.040244215010496,37.0,88.0,4515,3047,390006,4432
HAI,without_geco_ignored,3.5,3.0,grid,47,45,2,59.177869700103415,51.16798927014642,54.8822154288797,54.91653901237862,69.87631669691024,61.49976214770704,26.0,88.0,4578,3158,389895,4369
HAI,without_geco_ignored,3.5,3.5,grid,47,45,2,58.66615950297959,51.71565888007154,54.97208031365094,53.47147427290734,70.15753825155615,60.688456941711344,34.0,88.0,4627,3260,389793,4320
HAI,without_geco_ignored,3.5,4.0,grid,47,45,2,58.11635729413231,52.14038225103387,54.96641922940969,51.26009666320932,70.37034210281178,59.31394435487232,30.0,88.0,4665,3362,389691,4282
HAI,without_geco_ignored,3.5,4.5,grid,47,45,2,57.58726270667484,52.553928691181405,54.95558672276765,50.44642738421319,70.54423490480782,58.82610370375979,31.0,88.0,4702,3463,389590,4245
HAI,without_geco_ignored,3.5,5.0,grid,47,45,2,57.0757557509334,52.96747513132893,54.94492753623188,51.29109552843043,70.74526883263471,59.467558885043935,31.0,88.0,4739,3564,389489,4208
HAI,without_geco_ignored,3.5,6.0,grid,47,45,2,56.26319493314568,53.615737118587234,54.90757168202369,51.28690396503297,71.01080689381436,59.55834182122947,19.0,88.0,4797,3729,389324,4150
HAI,without_geco_ignored,3.5,7.0,grid,47,45,2,55.605226960110045,54.21929138258634,54.9035142323581,51.0304355487769,71.25598781457072,59.470609960218255,23.0,88.0,4851,3873,389180,4096
HAI,without_geco_ignored,3.5,8.0,grid,47,45,2,55.09150106657685,54.845199508215046,54.96807438109107,50.992535093158445,71.52905467648854,59.539675213631526,18.0,88.0,4907,4000,389053,4040
HAI,without_geco_ignored,3.5,9.0,grid,47,45,2,54.661529994496426,55.50463842628815,55.079858030168594,49.66948674365439,71.80543279729314,58.72058209094407,24.0,88.0,4966,4119,388934,3981
HAI,without_geco_ignored,3.5,10.0,grid,47,45,2,54.22299124040229,56.041131105398456,55.11707156205342,47.505158052409264,72.03687257722557,57.253888015083,16.0,88.0,5014,4233,388820,3933
HAI,without_geco_ignored,3.5,12.0,grid,47,45,2,53.38653785571773,56.82351626243434,55.05143475906876,48.82337921861664,72.42401936781637,58.326783145135366,12.0,88.0,5084,4439,388614,3863
HAI,without_geco_ignored,3.5,15.0,grid,47,45,2,51.86972255729795,57.672963004359005,54.61762370997618,48.7797807697149,72.79964526430307,58.41696826422103,15.0,88.0,5160,4788,388265,3787
HAI,without_geco_ignored,3.5,20.0,grid,47,45,2,49.848942598187314,59.0141947021348,54.04575464455704,43.3738851134843,73.32329597748206,54.50545053680828,15.0,88.0,5280,5312,387741,3667
HAI,without_geco_ignored,3.5,25.0,grid,47,45,2,47.85790789003927,59.93070302894825,53.218202570592034,38.959248490053206,73.7162613499347,50.9770072976511,17.0,88.0,5362,5842,387211,3585
HAI,without_geco_ignored,4.0,0.1,grid,47,45,2,66.29853936587104,41.60053649267911,51.122862440766426,59.79305930277212,64.45963274707789,62.038714492151605,128.0,88.0,3722,1892,391161,5225
HAI,without_geco_ignored,4.0,0.5,grid,47,45,2,64.63884699178817,43.10942215267687,51.72321308837334,59.15170579964671,65.23396612007532,62.0441295613084,104.0,88.0,3857,2110,390943,5090
HAI,without_geco_ignored,4.0,1.0,grid,47,45,2,63.12918809412498,45.27774673074774,52.73366310856547,59.54000722978439,66.23894804114988,62.71108607585562,37.0,88.0,4051,2366,390687,4896
HAI,without_geco_ignored,4.0,1.5,grid,47,45,2,62.53781004234725,46.21660891919079,53.1525162285494,60.48871298085481,66.66895215565727,63.42864360317573,19.0,88.0,4135,2477,390576,4812
HAI,without_geco_ignored,4.0,2.0,grid,47,45,2,62.014134275618375,47.077232591930255,53.52309549526654,59.735076201260725,67.04412824021307,63.17891213972769,23.0,88.0,4212,2580,390473,4735
HAI,without_geco_ignored,4.0,2.5,grid,47,45,2,61.46868250539956,47.71431764837376,53.72514472690661,58.61086325719196,67.33823402563098,62.67217648403598,30.0,88.0,4269,2676,390377,4678
HAI,without_geco_ignored,4.0,3.0,grid,47,45,2,60.95090730060486,48.42964122052085,53.97359242650722,56.35317521512823,67.66903092716308,61.49487055731389,25.0,88.0,4333,2776,390277,4614
HAI,without_geco_ignored,4.0,3.5,grid,47,45,2,60.47185430463576,48.98848776126076,54.12781722753937,55.55554090357284,67.94361696960368,61.12826122373649,30.0,88.0,4383,2865,390188,4564
HAI,without_geco_ignored,4.0,4.0,grid,47,45,2,59.91601192088864,49.43556499385269,54.17355624961725,54.24090350525809,68.16256915167746,60.41003994043351,27.0,88.0,4423,2959,390094,4524
HAI,without_geco_ignored,4.0,4.5,grid,47,45,2,59.44577671196376,49.87146529562982,54.239348447091714,53.69404770316307,69.43991089517532,60.560221250927135,27.0,88.0,4462,3044,390009,4485
HAI,without_geco_ignored,4.0,5.0,grid,47,45,2,59.07958568244395,50.36325025148094,54.374321226016654,52.64084251364125,69.66622110568726,59.968549080029455,24.0,88.0,4506,3121,389932,4441
HAI,without_geco_ignored,4.0,6.0,grid,47,45,2,58.32164264762147,51.11210461607243,54.47939004050512,51.72502806781048,69.96241319567602,59.47709555996647,21.0,88.0,4573,3268,389785,4374
HAI,without_geco_ignored,4.0,7.0,grid,47,45,2,57.51488095238096,51.83860511903431,54.52942213861619,50.62164078241357,70.24397912929876,58.83998247323168,26.0,88.0,4638,3426,389627,4309
HAI,without_geco_ignored,4.0,8.0,grid,47,45,2,56.95067264573991,52.520397898737,54.64588905686709,52.117575947888014,70.53035271542684,59.941836023474174,18.0,88.0,4699,3552,389501,4248
HAI,without_geco_ignored,4.0,9.0,grid,47,45,2,56.47994303346784,53.19101374762491,54.786162435963845,48.530590982452566,70.80125221002882,57.587757301428574,23.0,88.0,4759,3667,389386,4188
HAI,without_geco_ignored,4.0,10.0,grid,47,45,2,56.08021452722397,53.761037219179606,54.89614243323442,48.383003883636825,71.03677741514332,57.561195309156574,17.0,88.0,4810,3767,389286,4137
HAI,without_geco_ignored,4.0,12.0,grid,47,45,2,55.21410010168343,54.62166089191908,54.916282728396446,48.83234826515407,71.4412616730079,58.01180445672153,14.0,88.0,4887,3964,389089,4060
HAI,without_geco_ignored,4.0,15.0,grid,47,45,2,53.553736808098215,55.582876941991735,54.54944331706248,48.20279617554124,71.85015574820308,57.69751359235893,17.0,88.0,4973,4313,388740,3974
HAI,without_geco_ignored,4.0,20.0,grid,47,45,2,51.277923123364864,56.95763943221191,53.96875827376224,42.87557896954139,72.39069515070004,53.85431237859005,15.0,88.0,5096,4842,388211,3851
HAI,without_geco_ignored,4.0,25.0,grid,47,45,2,49.17022285443338,57.952386274728966,53.20131335932691,39.18657431627224,72.81318497661222,50.95188243805035,19.0,88.0,5185,5360,387693,3762
HAI,without_geco_ignored,4.5,0.1,grid,47,45,2,67.20903522205207,39.24220409075668,49.55190177122292,61.46459200628605,63.54726079706428,62.488578009523486,93.0,86.0,3511,1713,391340,5436
HAI,without_geco_ignored,4.5,0.5,grid,47,45,2,65.64250858485451,40.59461271934727,50.1657458563536,61.54436651638062,64.27289571455525,62.879045065615614,75.0,86.0,3632,1901,391152,5315
HAI,without_geco_ignored,4.5,1.0,grid,47,45,2,64.50413921270484,42.67352185089975,51.365532086640656,62.47209496634748,65.25457429535773,63.83302697756014,27.0,86.0,3818,2101,390952,5129
HAI,without_geco_ignored,4.5,1.5,grid,47,45,2,63.965744400527015,43.41119928467643,51.72115320593914,63.36823607555209,65.61719839487597,64.47311102334017,14.0,86.0,3884,2188,390865,5063
HAI,without_geco_ignored,4.5,2.0,grid,47,45,2,63.53262616522019,44.18240751089751,52.11945414991101,61.06728066944538,65.95925357649828,63.41906869795222,14.0,86.0,3953,2269,390784,4994
HAI,without_geco_ignored,4.5,2.5,grid,47,45,2,62.95304128584935,44.65183860511903,52.24612567841496,58.88315208121915,66.19567586781028,62.3256567583404,26.0,86.0,3995,2351,390702,4952
HAI,without_geco_ignored,4.5,3.0,grid,47,45,2,62.38631108370587,45.23303900748854,52.44265906440327,57.81646357547131,66.47666360126782,61.84486120871924,20.0,86.0,4047,2440,390613,4900
HAI,without_geco_ignored,4.5,3.5,grid,47,45,2,61.84708554125662,45.65776237845088,52.53343621399177,57.29318685043776,66.70440718950348,61.64164868593959,23.0,86.0,4085,2520,390533,4862
HAI,without_geco_ignored,4.5,4.0,grid,47,45,2,61.270644249367656,46.02660109533922,52.56573908603524,55.88834393182628,66.89452300690695,60.89813997959499,22.0,86.0,4118,2603,390450,4829
HAI,without_geco_ignored,4.5,4.5,grid,47,45,2,60.726314248059744,46.35073208896837,52.57352941176471,55.50369924641836,67.02287396232329,60.72180657003784,21.0,86.0,4147,2682,390371,4800
HAI,without_geco_ignored,4.5,5.0,grid,47,45,2,60.26824343813095,46.70839387504192,52.62892764939235,53.84848358793235,67.19865644212265,59.78738114186408,22.0,86.0,4179,2755,390298,4768
HAI,without_geco_ignored,4.5,6.0,grid,47,45,2,59.34435416082936,47.34547893148541,52.670189617656206,52.20996928024657,67.44506919062054,58.85761327808605,16.0,86.0,4236,2902,390151,4711
HAI,without_geco_ignored,4.5,7.0,grid,47,45,2,58.467193030220535,48.00491784955851,52.72202786472718,51.94142074618636,68.80011245994518,59.19380835699835,19.0,86.0,4295,3051,390002,4652
HAI,without_geco_ignored,4.5,8.0,grid,47,45,2,57.88003723899454,48.64200290600201,52.86043969391473,53.59541889714456,69.06975538015081,60.35653549644322,12.0,86.0,4352,3167,389886,4595
HAI,without_geco_ignored,4.5,9.0,grid,47,45,2,57.35485550637854,49.24555717000112,52.991761380720426,50.580242181662285,69.31984714332566,58.48560541104626,13.0,86.0,4406,3276,389777,4541
HAI,without_geco_ignored,4.5,10.0,grid,47,45,2,56.98773633111905,49.86028836481502,53.186289120715344,47.67859047185867,69.57244919270238,56.58143966437928,9.0,86.0,4461,3367,389686,4486
HAI,without_geco_ignored,4.5,12.0,grid,47,45,2,56.20437956204379,50.77679669162848,53.352906635349385,48.45729028092466,69.99601018041045,57.26842511958281,6.0,86.0,4543,3540,389513,4404
HAI,without_geco_ignored,4.5,15.0,grid,47,45,2,54.59642565120897,52.240974628367056,53.392734749828655,46.482948477485145,70.58836179440478,56.05395851091347,10.0,86.0,4674,3887,389166,4273
HAI,without_geco_ignored,4.5,20.0,grid,47,45,2,52.47740389850812,53.86162959651279,53.16050744622173,42.00802342007713,71.21045002119392,52.84314761223586,6.0,86.0,4819,4364,388689,4128
HAI,without_geco_ignored,4.5,25.0,grid,47,45,2,50.663102703814126,55.07991505532581,52.77926528863661,38.86013375902254,71.70990191771678,50.40527233826499,8.0,86.0,4928,4799,388254,4019
HAI,without_geco_ignored,5.0,0.1,grid,47,45,2,69.6105554373271,36.55974069520509,47.94078850945332,63.93575254974845,60.32404982155558,62.07741278494679,62.0,82.0,3271,1428,391625,5676
HAI,without_geco_ignored,5.0,0.5,grid,47,45,2,68.44768265533293,37.8003800156477,48.703917050691246,64.30425330591979,62.06651458348455,63.16557131448112,43.0,82.0,3382,1559,391494,5565
HAI,without_geco_ignored,5.0,1.0,grid,47,45,2,67.4928503336511,39.56633508438583,49.88726042841037,63.370792803641976,62.934285099216815,63.151784670686354,23.0,82.0,3540,1705,391348,5407
HAI,without_geco_ignored,5.0,1.5,grid,47,45,2,66.90206281360342,40.236950933273725,50.25125628140703,61.84715317440465,63.2932479893835,62.561845205874576,15.0,82.0,3600,1781,391272,5347
HAI,without_geco_ignored,5.0,2.0,grid,47,45,2,66.37023593466425,40.87403598971722,50.59140900601785,61.46781864203788,63.602334760398485,62.51686228740483,11.0,82.0,3657,1853,391200,5290
HAI,without_geco_ignored,5.0,2.5,grid,47,45,2,65.76464304789033,41.28758242986476,50.72782202691568,60.27424506990708,63.82444865341278,61.99856491905369,20.0,82.0,3694,1923,391130,5253
HAI,without_geco_ignored,5.0,3.0,grid,47,45,2,65.20982065122757,41.85760590141947,50.98706603131382,60.24398656500514,64.1027771244235,62.11350789166698,14.0,82.0,3745,1998,391055,5202
HAI,without_geco_ignored,5.0,3.5,grid,47,45,2,64.79548177306178,42.3158600648262,51.19675456389452,59.90065145676119,64.35538259068527,62.04816323783796,15.0,82.0,3786,2057,390996,5161
HAI,without_geco_ignored,5.0,4.0,grid,47,45,2,64.3013284008744,42.74058343578853,51.34953672619847,57.90567092730499,64.56610055094336,61.054777381516566,14.0,82.0,3824,2123,390930,5123
HAI,without_geco_ignored,5.0,4.5,grid,47,45,2,63.870004974299455,43.053537498602886,51.435438643343566,57.16359148071805,64.70353923986865,60.70031619838001,13.0,82.0,3852,2179,390874,5095
HAI,without_geco_ignored,5.0,5.0,grid,47,45,2,63.41821743388834,43.42237621549123,51.54912757911497,57.171804988562414,64.88851701841615,60.78623388789358,14.0,82.0,3885,2241,390812,5062
HAI,without_geco_ignored,5.0,6.0,grid,47,45,2,62.49404289118348,43.97004582541634,51.620522241175706,54.89678301476079,65.11730367073638,59.571848419535264,11.0,82.0,3934,2361,390692,5013
HAI,without_geco_ignored,5.0,7.0,grid,47,45,2,61.50990099009901,44.43947691963787,51.59950684575952,54.42408946599213,65.31258257702842,59.3732526013427,15.0,82.0,3976,2488,390565,4971
HAI,without_geco_ignored,5.0,8.0,grid,47,45,2,60.89326267978804,44.95361573711858,51.72325102880658,56.53196594758079,65.54292981645521,60.7048755323225,6.0,82.0,4022,2583,390470,4925
HAI,without_geco_ignored,5.0,9.0,grid,47,45,2,60.25489033787789,45.44540069296971,51.81267919719655,55.32245831418924,65.75620516439454,60.08977658974474,12.0,82.0,4066,2682,390371,4881
HAI,without_geco_ignored,5.0,10.0,grid,47,45,2,59.83713828704376,45.99307030289482,52.00960566228514,53.18512654049093,65.9888050415886,58.89917198838853,8.0,82.0,4115,2762,390291,4832
HAI,without_geco_ignored,5.0,12.0,grid,47,45,2,59.02377268251512,46.89840169889348,52.267065271549576,53.08820123378671,66.41288906164617,59.00767616940432,4.0,82.0,4196,2913,390140,4751
HAI,without_geco_ignored,5.0,15.0,grid,47,45,2,57.62508338892594,48.27316418911367,52.53618781170174,52.28000032380666,66.98317111328191,58.72525718199974,8.0,82.0,4319,3176,389877,4628
HAI,without_geco_ignored,5.0,20.0,grid,47,45,2,55.72033898305085,49.97205767296301,52.68988274114667,49.28509649747084,67.63911619301298,57.0215576717345,4.0,82.0,4471,3553,389500,4476
HAI,without_geco_ignored,5.0,25.0,grid,47,45,2,53.56850835182806,51.2574047166648,52.38748000913868,43.20390553814866,68.16150576297736,52.88613801926261,8.0,82.0,4586,3975,389078,4361
HAI,without_geco_ignored,5.5,0.1,grid,47,45,2,71.99165314166474,34.70437017994858,46.83257918552036,67.14099884979402,58.083952946780535,62.284945005632,34.0,82.0,3105,1208,391845,5842
HAI,without_geco_ignored,5.5,0.5,grid,47,45,2,71.21044478867006,35.96736336202079,47.7944452695678,68.43536125478866,59.817802980937074,63.83706758211724,23.0,82.0,3218,1301,391752,5729
HAI,without_geco_ignored,5.5,1.0,grid,47,45,2,70.63010257483776,37.71096456912932,49.1693383853104,67.25798218834817,60.66347611479357,63.79075176493454,15.0,82.0,3374,1403,391650,5573
HAI,without_geco_ignored,5.5,1.5,grid,47,45,2,70.09174311926606,38.4262881412764,49.63904129367601,65.54989756667375,61.03914806259086,63.214157009726215,13.0,82.0,3438,1467,391586,5509
HAI,without_geco_ignored,5.5,2.0,grid,47,45,2,69.59203980099502,39.0857270593495,50.05725737188664,64.53354176294386,61.35741507818451,62.90541287109676,11.0,82.0,3497,1528,391525,5450
HAI,without_geco_ignored,5.5,2.5,grid,47,45,2,69.10902696365768,39.53280429194143,50.295058656238886,64.38697790943509,61.59231646020197,62.95864950121144,10.0,82.0,3537,1581,391472,5410
HAI,without_geco_ignored,5.5,3.0,grid,47,45,2,68.68300153139357,40.102827763496144,50.63862818432009,63.67236113258316,61.86670792333867,62.75654899470591,11.0,82.0,3588,1636,391417,5359
HAI,without_geco_ignored,5.5,3.5,grid,47,45,2,68.3427495291902,40.56108192690287,50.9083257347268,64.19107693644958,62.11931338960044,63.13820446185239,8.0,82.0,3629,1681,391372,5318
HAI,without_geco_ignored,5.5,4.0,grid,47,45,2,68.00816023738872,40.985805297865205,51.14722086616919,62.20474410978405,62.32215733411049,62.26339536898704,8.0,82.0,3667,1725,391328,5280
HAI,without_geco_ignored,5.5,4.5,grid,47,45,2,67.56262570853903,41.29875936067956,51.262486126526085,61.665080164036176,62.45959602303577,62.05979526535067,8.0,82.0,3695,1774,391279,5252
HAI,without_geco_ignored,5.5,5.0,grid,47,45,2,67.14697406340058,41.6675980775679,51.42423615421753,63.828134284577374,62.64063679370928,63.22881044626152,9.0,82.0,3728,1824,391229,5219
HAI,without_geco_ignored,5.5,6.0,grid,47,45,2,66.18780658724597,42.22644461830781,51.55919481405664,61.33476636026528,62.86936240714773,62.09258408280797,8.0,82.0,3778,1930,391123,5169
HAI,without_geco_ignored,5.5,7.0,grid,47,45,2,65.12776831345826,42.72940650497373,51.60288857393535,59.781551611619534,64.1746944172669,61.9002741591854,15.0,82.0,3823,2047,391006,5124
HAI,without_geco_ignored,5.5,8.0,grid,47,45,2,64.51666666666667,43.26589918408405,51.79634709306215,61.330699870351104,64.4127935946782,62.83397419469273,7.0,82.0,3871,2129,390924,5076
HAI,without_geco_ignored,5.5,9.0,grid,47,45,2,63.784399934864034,43.78003800156477,51.922057264050906,59.97262073976833,64.63382088060204,62.21603917466789,12.0,82.0,3917,2224,390829,5030
HAI,without_geco_ignored,5.5,10.0,grid,47,45,2,63.20905035054175,44.33888454230468,52.11850489391053,57.3981569229736,64.87029672678835,60.90590598012864,9.0,82.0,3967,2309,390744,4980
HAI,without_geco_ignored,5.5,12.0,grid,47,45,2,62.1526178412406,45.24421593830334,52.36739974126778,57.18623037803374,65.29438074684592,60.97192797271569,4.0,82.0,4048,2465,390588,4899
HAI,without_geco_ignored,5.5,15.0,grid,47,45,2,60.396756443672174,46.618978428523526,52.62095502428562,53.86147147254559,65.86466279848165,59.261374769497365,8.0,82.0,4171,2735,390318,4776
HAI,without_geco_ignored,5.5,20.0,grid,47,45,2,57.90181573638198,48.116687157706494,52.55768526431449,52.290519744127415,66.4496802207324,58.52589631146766,4.0,82.0,4305,3130,389923,4642
HAI,without_geco_ignored,5.5,25.0,grid,47,45,2,55.944852011130784,49.43556499385269,52.48917106746573,45.9314243140814,66.98378854069679,54.49506290324907,7.0,82.0,4423,3483,389570,4524
HAI,without_geco_ignored,6.0,0.1,grid,47,45,2,72.5620240727094,33.01665362691405,45.383315409433095,67.0672121151275,55.34070829512905,60.64226905238438,33.0,78.0,2954,1117,391936,5993
HAI,without_geco_ignored,6.0,0.5,grid,47,45,2,71.63236669784845,34.23493908572706,46.32836723890191,68.32261799271203,57.05782590906351,62.18417995287394,23.0,78.0,3063,1213,391840,5884
HAI,without_geco_ignored,6.0,1.0,grid,47,45,2,70.84342655802686,35.956186431205985,47.701660735468565,67.15066720848058,59.002238467396936,62.81329246682883,15.0,78.0,3217,1324,391729,5730
HAI,without_geco_ignored,6.0,1.5,grid,47,45,2,70.39261960952585,36.67151000335308,48.221634332745445,65.76389028078046,59.381727209087366,62.41007030354589,13.0,78.0,3281,1380,391673,5666
HAI,without_geco_ignored,6.0,2.0,grid,47,45,2,69.91206030150754,37.31977199061138,48.662828827515845,65.52267061332445,59.69999422468102,62.47595932032796,11.0,78.0,3339,1437,391616,5608
HAI,without_geco_ignored,6.0,2.5,grid,47,45,2,69.39194741166803,37.75567229238851,48.90336590662324,65.39588363343326,59.93489560669848,62.54641489410888,10.0,78.0,3378,1490,391563,5569
HAI,without_geco_ignored,6.0,3.0,grid,47,45,2,68.94609814963798,38.314518833128425,49.2564120985703,64.70994843472845,60.20928706983516,62.37854155677186,11.0,78.0,3428,1544,391509,5519
HAI,without_geco_ignored,6.0,3.5,grid,47,45,2,68.62512363996044,38.77277299653515,49.55006427653193,65.46669711574646,60.461892536096926,62.86484136205882,8.0,78.0,3469,1586,391467,5478
HAI,without_geco_ignored,6.0,4.0,grid,47,45,2,68.25705939629991,39.17514250586789,49.77986081522511,63.3724008181164,60.664736480607,61.989015217525534,8.0,78.0,3505,1630,391423,5442
HAI,without_geco_ignored,6.0,4.5,grid,47,45,2,67.85096984828117,39.48809656868224,49.92228345344073,62.46648785668639,60.80217516953228,61.62309614861109,9.0,78.0,3533,1674,391379,5414
HAI,without_geco_ignored,6.0,5.0,grid,47,45,2,67.44230041619372,39.84575835475578,50.09484999648704,64.57698736943956,60.98321594020578,62.72867137378957,9.0,78.0,3565,1721,391332,5382
HAI,without_geco_ignored,6.0,6.0,grid,47,45,2,66.4460378746093,40.3934279646809,50.24329208953149,61.5674295818099,61.211941553644245,61.38917093836792,10.0,78.0,3614,1825,391228,5333
HAI,without_geco_ignored,6.0,7.0,grid,47,45,2,65.4031825496156,40.88521292053202,50.31636863823934,60.036093112304144,61.414911359039,60.717675459080446,16.0,78.0,3658,1935,391118,5289
HAI,without_geco_ignored,6.0,8.0,grid,47,45,2,64.76756378888501,41.42170559964234,50.52832503919831,62.038675152296754,61.652949497568535,61.84521089261603,9.0,78.0,3706,2016,391037,5241
HAI,without_geco_ignored,6.0,9.0,grid,47,45,2,64.03823178016727,41.93584441712306,50.68215588275024,60.77843191455551,61.87385470572884,61.32125163170517,13.0,78.0,3752,2107,390946,5195
HAI,without_geco_ignored,6.0,10.0,grid,47,45,2,63.51193456851944,42.52822175030737,50.94390145936538,57.851031310694026,62.12189742001012,59.91044597721784,11.0,78.0,3805,2186,390867,5142
HAI,without_geco_ignored,6.0,12.0,grid,47,45,2,62.465841504581256,43.433553146306025,51.23945147679325,57.58188654199562,62.54585936230414,59.96131119185352,6.0,78.0,3886,2335,390718,5061
HAI,without_geco_ignored,6.0,15.0,grid,47,45,2,60.71970847251747,44.69654632837823,51.49037532994271,54.09534747780918,63.07677133519973,58.241839402107175,9.0,78.0,3999,2587,390466,4948
HAI,without_geco_ignored,6.0,20.0,grid,47,45,2,58.3769263396013,46.149547334302,51.54806491885143,50.204229811108966,63.64604072595442,56.131626918406,5.0,78.0,4129,2944,390109,4818
HAI,without_geco_ignored,6.0,25.0,grid,47,45,2,56.48307896483079,47.56901754778138,51.64421793471666,43.82763182858364,64.2153052959188,52.09789428487064,7.0,78.0,4256,3279,389774,4691
HAI,without_geco_ignored,6.5,0.1,grid,47,45,2,72.1707818930041,31.362467866323907,43.724191663420335,66.20974733602031,53.63533275021756,59.26287215328201,28.0,78.0,2806,1082,391971,6141
HAI,without_geco_ignored,6.5,0.5,grid,47,45,2,71.36898920510303,32.51369174024813,44.67480611226292,67.4144189114804,55.308247617758255,60.76421706947039,19.0,78.0,2909,1167,391886,6038
HAI,without_geco_ignored,6.5,1.0,grid,47,45,2,70.61819865709656,34.08963898513468,45.98221016131464,67.73755020578966,57.19076939712532,62.01896616650118,10.0,78.0,3050,1269,391784,5897
HAI,without_geco_ignored,6.5,1.5,grid,47,45,2,70.32097649186257,34.771431764837374,46.53354274175455,66.99289157475778,57.55481308720061,61.91624909060211,11.0,78.0,3111,1313,391740,5836
HAI,without_geco_ignored,6.5,2.0,grid,47,45,2,69.85002205558007,35.39733989046608,46.98464505600475,66.80931561828626,57.85763401500799,62.012088098827455,8.0,78.0,3167,1367,391686,5780
HAI,without_geco_ignored,6.5,2.5,grid,47,45,2,69.42578548212352,35.81088633061361,47.24966819053237,65.94095682359675,58.08476814316445,61.7640443426316,9.0,78.0,3204,1411,391642,5743
HAI,without_geco_ignored,6.5,3.0,grid,47,45,2,68.94870707927087,36.35855594053873,47.61068422978412,65.98882132526055,58.34761976851489,61.933422282126486,8.0,78.0,3253,1465,391588,5694
HAI,without_geco_ignored,6.5,3.5,grid,47,45,2,68.63929985413628,36.81681010394546,47.926669576604105,66.69716481998348,59.699461875998026,63.00460625401093,6.0,78.0,3294,1505,391548,5653
HAI,without_geco_ignored,6.5,4.0,grid,47,45,2,68.25169092027055,37.21917961327819,48.170114277448285,64.77252865359772,59.90230582050808,62.24229350761705,6.0,78.0,3330,1549,391504,5617
HAI,without_geco_ignored,6.5,4.5,grid,47,45,2,67.85209133158214,37.53213367609254,48.33045480713874,63.83987405105024,60.03974450943336,61.88152291844607,7.0,78.0,3358,1591,391462,5589
HAI,without_geco_ignored,6.5,5.0,grid,47,45,2,67.43584642928188,37.88979546216608,48.5186775440103,61.857878932948026,60.22078528010687,61.02835526775938,7.0,78.0,3390,1637,391416,5557
HAI,without_geco_ignored,6.5,6.0,grid,47,45,2,66.49265274555299,38.4374650720912,48.714498193923085,60.6035276340107,60.44951089354532,60.52642128541814,8.0,78.0,3439,1733,391320,5508
HAI,without_geco_ignored,6.5,7.0,grid,47,45,2,65.40845070422534,38.92925002794232,48.80885650224215,59.05080972885334,60.652480698940096,59.84092976118338,14.0,78.0,3483,1842,391211,5464
HAI,without_geco_ignored,6.5,8.0,grid,47,45,2,64.75334678158812,39.46574270705264,49.04166666666666,61.152384136958105,60.89051883746961,61.02117054734188,7.0,78.0,3531,1922,391131,5416
HAI,without_geco_ignored,6.5,9.0,grid,47,45,2,64.06949668636933,39.97988152453336,49.236063317274606,60.00501465476387,61.11142404562992,60.55316577632478,10.0,78.0,3577,2006,391047,5370
HAI,without_geco_ignored,6.5,10.0,grid,47,45,2,63.60133123138903,40.58343578853247,49.549672489082965,60.49337183214231,61.36334272890345,60.92525179157244,5.0,78.0,3631,2078,390975,5316
HAI,without_geco_ignored,6.5,12.0,grid,47,45,2,62.63680754335746,41.57818263104952,49.979846835953246,59.88168909847202,61.81831242313546,60.83459192820416,3.0,78.0,3720,2219,390834,5227
HAI,without_geco_ignored,6.5,15.0,grid,47,45,2,60.83982821695562,42.75176036660333,50.21662071681764,55.4230592698746,62.31821664409306,58.668741065489385,8.0,78.0,3825,2462,390591,5122
HAI,without_geco_ignored,6.5,20.0,grid,47,45,2,58.36541308854012,44.05946127193472,50.21336220622891,51.57397434879183,62.83709843794853,56.651140908921725,3.0,78.0,3942,2812,390241,5005
HAI,without_geco_ignored,6.5,25.0,grid,47,45,2,56.28377442150479,45.40069296971051,50.25983667409057,45.34889094173684,63.37923122496717,52.86907908490159,6.0,78.0,4062,3155,389898,4885
HAI,without_geco_ignored,7.0,0.1,grid,47,45,2,71.28632938643703,29.607689728400583,41.83842691305378,64.93853542987176,52.0136109331319,57.76187648464125,28.0,78.0,2649,1067,391986,6298
HAI,without_geco_ignored,7.0,0.5,grid,47,45,2,70.3817576223418,30.70302894825081,42.75486381322957,65.67276506365008,52.56696917152932,58.39353815940592,19.0,78.0,2747,1156,391897,6200
HAI,without_geco_ignored,7.0,1.0,grid,47,45,2,69.5169082125604,32.16720688498938,43.982578130969664,66.78343854309603,54.39375574203337,59.95520964413098,10.0,78.0,2878,1262,391791,6069
HAI,without_geco_ignored,7.0,1.5,grid,47,45,2,69.19275123558485,32.86017659550687,44.55895725977569,65.67655462149663,54.75795014787802,59.72231148764284,11.0,78.0,2940,1309,391744,6007
HAI,without_geco_ignored,7.0,2.0,grid,47,45,2,68.65946194527478,33.37431541298759,44.915764139590856,65.64458653630251,55.021731876767056,59.86556790764672,8.0,78.0,2986,1363,391690,5961
HAI,without_geco_ignored,7.0,2.5,grid,47,45,2,68.20952811018289,33.76550799150554,45.17045454545455,64.88644654097381,55.23697965447689,59.674144185721055,9.0,78.0,3021,1408,391645,5926
HAI,without_geco_ignored,7.0,3.0,grid,47,45,2,67.71914329874144,34.27964680898625,45.51795785099437,65.10679469590087,55.48438692035732,59.91168739928167,8.0,78.0,3067,1462,391591,5880
HAI,without_geco_ignored,7.0,3.5,grid,47,45,2,67.36819266652202,34.70437017994858,45.80997344349365,66.00740391630019,55.721547685749215,60.42990852264447,6.0,78.0,3105,1504,391549,5842
HAI,without_geco_ignored,7.0,4.0,grid,47,45,2,66.96542893725992,35.073208896836924,46.03535538766229,63.9859087489499,57.0016110220535,60.29216713101654,6.0,78.0,3138,1548,391505,5809
HAI,without_geco_ignored,7.0,4.5,grid,47,45,2,66.5825446898002,35.38616295965128,46.212231790979416,63.04376538453879,57.13904971097878,59.946354916241226,7.0,78.0,3166,1589,391464,5781
HAI,without_geco_ignored,7.0,5.0,grid,47,45,2,66.16276661834748,35.710293953280434,46.38501742160279,61.17026759312998,57.30082898688927,59.17235753901765,7.0,78.0,3195,1634,391419,5752
HAI,without_geco_ignored,7.0,6.0,grid,47,45,2,65.19903498190591,36.24678663239074,46.59148049709073,59.89362518712963,57.52186183744236,58.68378900028136,8.0,78.0,3243,1731,391322,5704
HAI,without_geco_ignored,7.0,7.0,grid,47,45,2,64.1015625,36.68268693416788,46.66240136489657,58.19305912013135,57.69781821008962,57.94438049916755,14.0,78.0,3282,1838,391215,5665
HAI,without_geco_ignored,7.0,8.0,grid,47,45,2,63.41974837971788,37.1856488208338,46.882265905728175,60.435209346255725,57.92041164774926,59.15109352567786,7.0,78.0,3327,1919,391134,5620
HAI,without_geco_ignored,7.0,9.0,grid,47,45,2,62.716279069767445,37.67743377668492,47.07443094539869,56.68674278352909,58.12593133013881,57.39731686943441,10.0,78.0,3371,2004,391049,5576
HAI,without_geco_ignored,7.0,10.0,grid,47,45,2,62.28405164575377,38.28098804068403,47.41797037242143,57.196725171436725,59.47708665463372,58.31462135571829,5.0,78.0,3425,2074,390979,5522
HAI,without_geco_ignored,7.0,12.0,grid,47,45,2,61.36006974716652,39.33161953727507,47.93624846751124,57.2663460849586,59.95143619382696,58.57813766175235,3.0,78.0,3519,2216,390837,5428
HAI,without_geco_ignored,7.0,15.0,grid,47,45,2,59.635587655942224,40.60578965016207,48.31438260522641,52.60004140738618,60.48622413571481,56.268157390031305,8.0,78.0,3633,2459,390594,5314
HAI,without_geco_ignored,7.0,20.0,grid,47,45,2,57.24725943970768,42.025259863641445,48.46922333225911,51.41035957315514,61.04386561949276,55.81448052942811,3.0,78.0,3760,2808,390245,5187
HAI,without_geco_ignored,7.0,25.0,grid,47,45,2,55.25418915080943,43.48943780038002,48.67096128588405,45.09398861916272,61.62863406542613,52.08044654926157,6.0,78.0,3891,3151,389902,5056
HAI,without_geco_ignored,7.5,0.1,grid,47,45,2,70.06532235160465,27.573488320107295,39.57330766762913,61.9745777398248,49.08243920067236,54.78021160125491,31.0,74.0,2467,1054,391999,6480
HAI,without_geco_ignored,7.5,0.5,grid,47,45,2,69.03156190990019,28.601765955068736,40.4457088667615,62.75080557194054,49.62859747985678,55.423580953374426,21.0,74.0,2559,1148,391905,6388
HAI,without_geco_ignored,7.5,1.0,grid,47,45,2,67.9979648944289,29.875936067955735,41.51265724491381,64.83992641381387,50.26763791092164,56.63137713426529,11.0,74.0,2673,1258,391795,6274
HAI,without_geco_ignored,7.5,1.5,grid,47,45,2,67.63320941759603,30.501844193584443,42.04282853181328,64.5325418080302,50.59884966573877,56.72253830505415,11.0,74.0,2729,1306,391747,6218
HAI,without_geco_ignored,7.5,2.0,grid,47,45,2,67.06224267377088,30.948921426176373,42.35240134597736,64.93138068387087,50.83407152979472,57.02437794861544,8.0,74.0,2769,1360,391693,6178
HAI,without_geco_ignored,7.5,2.5,grid,47,45,2,66.6270783847981,31.35129093550911,42.638899445162274,64.43108097705729,51.04492668169873,56.96213215502696,9.0,74.0,2805,1405,391648,6142
HAI,without_geco_ignored,7.5,3.0,grid,47,45,2,66.14063587839406,31.854252822175035,42.99939649969825,64.38267359123721,52.38754182326054,57.7690123030382,8.0,74.0,2850,1459,391594,6097
HAI,without_geco_ignored,7.5,3.5,grid,47,45,2,65.79307201458523,32.26779926232257,43.29958755155606,65.27500986694758,52.62470258865244,58.27118504658084,6.0,74.0,2887,1501,391552,6060
HAI,without_geco_ignored,7.5,4.0,grid,47,45,2,65.38978494623656,32.62546104839611,43.53142942360749,63.17959856429643,52.800518820709605,57.52564591748344,6.0,74.0,2919,1545,391508,6028
HAI,without_geco_ignored,7.5,4.5,grid,47,45,2,65.01213324509155,32.93841511121046,43.72403560830861,62.22181804960125,52.93409650577389,57.20341389531447,7.0,74.0,2947,1586,391467,6000
HAI,without_geco_ignored,7.5,5.0,grid,47,45,2,64.58197611292074,33.24019224321002,43.89020070838253,60.30198110471928,54.19240087820948,57.084183122005214,7.0,74.0,2974,1631,391422,5973
HAI,without_geco_ignored,7.5,6.0,grid,47,45,2,63.61339229311434,33.76550799150554,44.115070093457945,59.016298555608,54.41343372876255,56.62147632195236,8.0,74.0,3021,1728,391325,5926
HAI,without_geco_ignored,7.5,7.0,grid,47,45,2,62.49744533006335,34.179054431653064,44.190751445086704,54.70074714263694,54.58939010140983,54.64501189050605,14.0,74.0,3058,1835,391218,5889
HAI,without_geco_ignored,7.5,8.0,grid,47,45,2,61.81745715424472,34.670839387504195,44.42534908700323,56.97476177817919,54.81198353906949,55.87245063563186,7.0,74.0,3102,1916,391137,5845
HAI,without_geco_ignored,7.5,9.0,grid,47,45,2,61.10787172011661,35.140270481725715,44.62106159523134,55.82181691567767,55.017503221459016,55.416741787772736,10.0,74.0,3144,2001,391052,5803
HAI,without_geco_ignored,7.5,10.0,grid,47,45,2,60.67970381621416,35.72147088409523,44.96974813564092,56.33730386190949,55.26178831694629,55.79436354867029,5.0,74.0,3196,2071,390982,5751
HAI,without_geco_ignored,7.5,12.0,grid,47,45,2,59.712361186965225,36.66033307253828,45.42936288088642,56.162809620491785,55.697969917208255,55.92942394351499,3.0,74.0,3280,2213,390840,5667
HAI,without_geco_ignored,7.5,15.0,grid,47,45,2,57.84953624184129,37.643902984240526,45.60904597467669,51.67984041742724,56.13381709337031,53.81482784991118,8.0,74.0,3368,2454,390599,5579
HAI,without_geco_ignored,7.5,20.0,grid,47,45,2,55.601461941840135,39.1080809209791,45.91863517060367,48.27611677135946,56.70761337920754,52.15328815985958,3.0,74.0,3499,2794,390259,5448
HAI,without_geco_ignored,7.5,25.0,grid,47,45,2,53.663601305250666,40.43813568794009,46.12148639173944,41.29944775204367,57.24663947352248,47.98271879643854,6.0,74.0,3618,3124,389929,5329
HAI,without_geco_ignored,8.0,0.1,grid,47,45,2,71.29798903107861,26.15401810662792,38.269686810041705,62.05764201919606,48.70428598870119,54.57602985155449,29.0,68.0,2340,942,392111,6607
HAI,without_geco_ignored,8.0,0.5,grid,47,45,2,70.1647875108413,27.12641108751537,39.12622924391423,62.5481160389609,49.23872504101934,55.10110953529258,21.0,68.0,2427,1032,392021,6520
HAI,without_geco_ignored,8.0,1.0,grid,47,45,2,69.10480349344978,28.29998882306918,40.15541987154072,64.71606061968957,49.862095211097895,56.32624042355329,13.0,68.0,2532,1132,391921,6415
HAI,without_geco_ignored,8.0,1.5,grid,47,45,2,68.70188478895672,28.925896948697886,40.7110272140947,64.57448007793222,50.20507167179738,56.49031297056405,12.0,68.0,2588,1179,391874,6359
HAI,without_geco_ignored,8.0,2.0,grid,47,45,2,68.08400311122634,29.35062031966022,41.018431740081226,64.93220125463789,50.44424574173569,56.778588731264094,9.0,68.0,2626,1231,391822,6321
HAI,without_geco_ignored,8.0,2.5,grid,47,45,2,67.7361853832442,29.73063596736336,41.32359794935529,64.64025487527337,50.655116212267146,56.79949839809981,10.0,68.0,2660,1267,391786,6287
HAI,without_geco_ignored,8.0,3.0,grid,47,45,2,67.23065439163972,30.20006706158489,41.67823538485269,63.09095138091154,50.89378442365648,56.33977665516199,9.0,68.0,2702,1317,391736,6245
HAI,without_geco_ignored,8.0,3.5,grid,47,45,2,66.90295771205085,30.59125964010283,41.98496701948152,62.88875577638804,51.12241862489575,56.39842439098914,7.0,68.0,2737,1354,391699,6210
HAI,without_geco_ignored,8.0,4.0,grid,47,45,2,66.43457382953181,30.926567564546776,42.20561317876754,60.75016559741558,51.289951420393656,55.620667403927015,7.0,68.0,2767,1398,391655,6180
HAI,without_geco_ignored,8.0,4.5,grid,47,45,2,65.98960793575814,31.22834469654633,42.394355511721415,59.791150430110896,51.41939504649201,55.290166432947096,8.0,68.0,2794,1440,391613,6153
HAI,without_geco_ignored,8.0,5.0,grid,47,45,2,65.5196465938154,31.496591036101485,42.542270531400966,60.03022995027323,51.56535144094816,55.47674676499826,8.0,68.0,2818,1483,391570,6129
HAI,without_geco_ignored,8.0,6.0,grid,47,45,2,64.39342786405582,31.977199061137814,42.73338312173264,58.74533343495703,52.8429333641484,55.63803129493539,9.0,68.0,2861,1582,391471,6086
HAI,without_geco_ignored,8.0,7.0,grid,47,45,2,63.1578947368421,32.323683916396554,42.76208783084429,56.827283637771856,52.99449504504968,54.84400703185116,15.0,68.0,2892,1687,391366,6055
HAI,without_geco_ignored,8.0,8.0,grid,47,45,2,62.38024270811155,32.748407287358894,42.94928173556142,58.45503249560586,53.1922075357766,55.69958055645328,8.0,68.0,2930,1767,391286,6017
HAI,without_geco_ignored,8.0,9.0,grid,47,45,2,61.5815691158157,33.16195372750643,43.10933527061388,57.32101575443749,53.3772234577927,55.27886782167046,11.0,68.0,2967,1851,391202,5980
HAI,without_geco_ignored,8.0,10.0,grid,47,45,2,61.10660721524118,33.698446406616746,43.44067430300411,57.804709996320014,53.605640425686616,55.6260434912294,6.0,68.0,3015,1919,391134,5932
HAI,without_geco_ignored,8.0,12.0,grid,47,45,2,60.09316770186336,34.603777802615404,43.9180083693879,54.82529952925644,54.03010327594857,54.42479692076246,4.0,68.0,3096,2056,390997,5851
HAI,without_geco_ignored,8.0,15.0,grid,47,45,2,58.01860974274767,35.54263999105846,44.08095370113668,50.12508114959056,54.45032545211063,52.19825713523474,9.0,68.0,3180,2301,390752,5767
HAI,without_geco_ignored,8.0,20.0,grid,47,45,2,55.33703143385444,36.79445624231586,44.19978517722878,49.32377493555854,54.950460906747054,51.98530863306438,5.0,68.0,3292,2657,390396,5655
HAI,without_geco_ignored,8.0,25.0,grid,47,45,2,53.109375,37.99038783949927,44.29530201342282,41.854962783616514,55.4430477435944,47.70018805820154,7.0,68.0,3399,3001,390052,5548
HAI,without_geco_ignored,8.5,0.1,grid,47,45,2,73.48434377081945,24.65630937744496,36.92359193237928,63.6401161361886,47.165571956014,54.17812981609407,30.0,66.0,2206,796,392257,6741
HAI,without_geco_ignored,8.5,0.5,grid,47,45,2,72.33774417139256,25.6622331507768,37.884662981602176,63.71921206131951,47.719080354066406,54.57050955371771,22.0,66.0,2296,878,392175,6651
HAI,without_geco_ignored,8.5,1.0,grid,47,45,2,71.10716400236826,26.84698781714541,38.97768762677485,68.16614863668077,48.34613248032582,56.57033955678885,8.0,66.0,2402,976,392077,6545
HAI,without_geco_ignored,8.5,1.5,grid,47,45,2,70.7492795389049,27.43936515032972,39.54256261576871,68.84261147421277,48.68147535323904,57.03273233945561,7.0,66.0,2455,1015,392038,6492
HAI,without_geco_ignored,8.5,2.0,grid,47,45,2,70.2223473121306,27.88644238292165,39.92,69.21854081620734,48.92062017571457,57.325850563953416,5.0,66.0,2495,1058,391995,6452
HAI,without_geco_ignored,8.5,2.5,grid,47,45,2,69.91150442477876,28.25528109980999,40.2451643715673,69.27710417481478,49.13149064624604,57.49054620414304,6.0,66.0,2528,1088,391965,6419
HAI,without_geco_ignored,8.5,3.0,grid,47,45,2,69.47823736144903,28.72471219403152,40.64526332437134,70.05550672275294,49.36631281627945,57.91876346764313,5.0,66.0,2570,1129,391924,6377
HAI,without_geco_ignored,8.5,3.5,grid,47,45,2,69.20010629816635,29.10472784173466,40.97560975609756,66.98739865694576,49.58729880600106,56.988767300802834,3.0,66.0,2604,1159,391894,6343
HAI,without_geco_ignored,8.5,4.0,grid,47,45,2,68.73202614379085,29.384151112104615,41.168180394613216,64.59091435025393,49.74336659608819,56.20308283233239,4.0,66.0,2629,1196,391857,6318
HAI,without_geco_ignored,8.5,4.5,grid,47,45,2,68.21924858466289,29.630043590030176,41.31535884048937,63.559804466255066,49.84604879374047,55.87374943482133,5.0,66.0,2651,1235,391818,6296
HAI,without_geco_ignored,8.5,5.0,grid,47,45,2,67.72232074993666,29.875936067955735,41.461144718473705,62.557923784177774,49.98052555905444,55.56639400780063,6.0,66.0,2673,1274,391779,6274
HAI,without_geco_ignored,8.5,6.0,grid,47,45,2,66.62567634038366,30.27830557728848,41.63528778913395,61.60312833480741,51.25716140023463,55.9559345316156,5.0,66.0,2709,1357,391696,6238
HAI,without_geco_ignored,8.5,7.0,grid,47,45,2,65.39379474940334,30.624790432547226,41.71424221664002,56.03778717602046,51.408590451232286,53.62346715343634,13.0,66.0,2740,1450,391603,6207
HAI,without_geco_ignored,8.5,8.0,grid,47,45,2,64.63074779377612,31.10539845758355,41.99803818003471,59.8165948653102,51.62550804095776,55.42002562171858,5.0,66.0,2783,1523,391530,6164
HAI,without_geco_ignored,8.5,9.0,grid,47,45,2,63.85242191036669,31.53012182854588,42.21473999251777,58.2516537114261,51.814506096367765,54.8448437126352,10.0,66.0,2821,1597,391456,6126
HAI,without_geco_ignored,8.5,10.0,grid,47,45,2,63.45941163459412,32.0666145076562,42.60469260469261,58.567196273130975,52.042983629028114,55.11267840874626,5.0,66.0,2869,1652,391401,6078
HAI,without_geco_ignored,8.5,12.0,grid,47,45,2,62.37833262801523,32.94959204202526,43.121480289621886,58.10999314988212,52.459845601100966,55.14055737006757,4.0,66.0,2948,1778,391275,5999
HAI,without_geco_ignored,8.5,15.0,grid,47,45,2,60.0,33.89963116128311,43.322382516783314,51.97580465563583,52.884352734489134,52.42614269290431,10.0,66.0,3033,2022,391031,5914
HAI,without_geco_ignored,8.5,20.0,grid,47,45,2,56.961105052708106,35.02850117357774,43.380164717281474,50.64971529630361,53.34201714665453,51.96101494492504,6.0,66.0,3134,2368,390685,5813
HAI,without_geco_ignored,8.5,25.0,grid,47,45,2,54.49832775919733,36.42561752542752,43.665840423393846,42.05621857109959,53.90437142536234,47.248855528844885,10.0,66.0,3259,2721,390332,5688
HAI,without_geco_ignored,9.0,0.1,grid,47,45,2,72.90934645115952,23.192131440706383,35.190367166963455,62.789320207552414,45.46326123964016,52.73975418402188,32.0,62.0,2075,771,392282,6872
HAI,without_geco_ignored,9.0,0.5,grid,47,45,2,71.65119363395226,24.15334749077903,36.12806152302935,62.92228543537164,46.00520090581495,53.15008140076342,25.0,62.0,2161,855,392198,6786
HAI,without_geco_ignored,9.0,1.0,grid,47,45,2,70.30133581857719,25.29339443388845,37.20203846786126,67.14883109962805,46.63648892490477,55.04375638655171,9.0,62.0,2263,956,392097,6684
HAI,without_geco_ignored,9.0,1.5,grid,47,45,2,69.92753623188406,25.88577176707276,37.78448486826005,68.6442107735107,46.97183179781799,55.77676333901618,5.0,62.0,2316,996,392057,6631
HAI,without_geco_ignored,9.0,2.0,grid,47,45,2,69.38956060159245,26.299318207220296,38.14232452585508,68.74295231602332,47.20715982640039,55.97509958308695,4.0,62.0,2353,1038,392015,6594
HAI,without_geco_ignored,9.0,2.5,grid,47,45,2,69.0614136732329,26.645803062479047,38.45471408984595,68.79222860041465,47.4103967091456,56.134133626730765,5.0,62.0,2384,1068,391985,6563
HAI,without_geco_ignored,9.0,3.0,grid,47,45,2,68.64022662889518,27.081703364256175,38.8394646148914,66.6144580372588,47.64140208528588,55.55261982435932,5.0,62.0,2423,1107,391946,6524
HAI,without_geco_ignored,9.0,3.5,grid,47,45,2,68.33611574846967,27.45054208114452,39.16753049996013,66.23578860020694,47.862388075007495,55.56974021524263,3.0,62.0,2456,1138,391915,6491
HAI,without_geco_ignored,9.0,4.0,grid,47,45,2,67.85225718194255,27.718788420699678,39.358831931439454,63.73838338359237,48.018455865094616,54.77282231661664,4.0,62.0,2480,1175,391878,6467
HAI,without_geco_ignored,9.0,4.5,grid,47,45,2,67.30406679235121,27.93115010618084,39.47867298578199,62.63188560204891,48.121138062746894,54.42592020436866,5.0,62.0,2499,1214,391839,6448
HAI,without_geco_ignored,9.0,5.0,grid,47,45,2,66.7815482502651,28.15468872247681,39.61003223523862,61.55399195758046,48.255614828060864,54.099560393343616,6.0,62.0,2519,1253,391800,6428
HAI,without_geco_ignored,9.0,6.0,grid,47,45,2,65.68047337278107,28.53470437017995,39.784946236559136,57.82036335723736,48.42497097575447,52.70724469850611,5.0,62.0,2553,1334,391719,6394
HAI,without_geco_ignored,9.0,7.0,grid,47,45,2,64.4139650872818,28.870012294623898,39.87034035656402,55.35560222160507,48.5725686091276,51.74273279932282,13.0,62.0,2583,1427,391626,6364
HAI,without_geco_ignored,9.0,8.0,grid,47,45,2,63.65179437439379,29.33944338884542,40.1652513197154,59.29324544323181,48.78565478122856,53.52866835329797,5.0,62.0,2625,1499,391554,6322
HAI,without_geco_ignored,9.0,9.0,grid,47,45,2,62.901701323251416,29.75298982899296,40.39760224599742,57.91933080305909,48.97082141901404,53.07050549563517,9.0,62.0,2662,1570,391483,6285
HAI,without_geco_ignored,9.0,10.0,grid,47,45,2,62.53462603878116,30.27830557728848,40.801265155508695,58.08884674344199,49.19546753404988,53.27354689830819,5.0,62.0,2709,1623,391430,6238
HAI,without_geco_ignored,9.0,12.0,grid,47,45,2,61.51468315301391,31.138929250027942,41.34758088453548,57.70373390737191,49.60466667087367,53.34856303356848,4.0,62.0,2786,1743,391310,6161
HAI,without_geco_ignored,9.0,15.0,grid,47,45,2,59.150865622423744,32.077791438471,41.597217189651424,50.74682376865385,50.02570299064906,50.38368323606871,10.0,62.0,2870,1982,391071,6077
HAI,without_geco_ignored,9.0,20.0,grid,47,45,2,56.17913832199547,33.22901531239522,41.758550460004216,50.84790718142889,50.491751446086944,50.66920346347612,6.0,62.0,2973,2319,390734,5974
HAI,without_geco_ignored,9.0,25.0,grid,47,45,2,53.91545391545392,34.78260869565217,42.28548135063524,40.396342173155006,51.10881899743338,45.12552765055992,8.0,62.0,3112,2660,390393,5835
HAI,without_geco_ignored,9.5,0.1,grid,47,45,2,72.05175600739372,21.783838158041803,33.45348438036388,61.547077225645694,42.86467445470646,50.534453956726935,32.0,62.0,1949,756,392297,6998
HAI,without_geco_ignored,9.5,0.5,grid,47,45,2,70.72402938090241,22.599754107522077,34.25376926986278,61.775103560544096,43.35194947791528,50.949229359068106,25.0,62.0,2022,837,392216,6925
HAI,without_geco_ignored,9.5,1.0,grid,47,45,2,69.42800788954635,23.60567788085392,35.232296271582285,66.8247357611554,43.92181092694116,53.0050551844384,9.0,62.0,2112,930,392123,6835
HAI,without_geco_ignored,9.5,1.5,grid,47,45,2,69.0757914934442,24.142170559964235,35.77936060957429,69.20229967012628,44.22650200889725,53.96470032438233,5.0,62.0,2160,967,392086,6787
HAI,without_geco_ignored,9.5,2.0,grid,47,45,2,68.59555833593994,24.511009276852576,36.11660079051384,66.31890234086173,44.442625854033125,53.22039541742127,4.0,62.0,2193,1004,392049,6754
HAI,without_geco_ignored,9.5,2.5,grid,47,45,2,68.35793357933579,24.846317201296525,36.445610295925896,66.61747764898648,44.6420459428852,53.45952241741308,5.0,62.0,2223,1029,392024,6724
HAI,without_geco_ignored,9.5,3.0,grid,47,45,2,67.9795550210463,25.27104057225886,36.84510714576713,64.16387210850637,44.865297517258334,52.806624537057445,5.0,62.0,2261,1065,391988,6686
HAI,without_geco_ignored,9.5,3.5,grid,47,45,2,67.68004722550177,25.6287023583324,37.17875962707743,63.76455391820272,45.082466713086816,52.82024924191343,3.0,62.0,2293,1095,391958,6654
HAI,without_geco_ignored,9.5,4.0,grid,47,45,2,67.18885987815491,25.88577176707276,37.37292238179764,61.28920995310339,45.2307807014068,52.049550468748976,4.0,62.0,2316,1131,391922,6631
HAI,without_geco_ignored,9.5,4.5,grid,47,45,2,66.71428571428571,26.098133452553927,37.51908090302884,60.40996623062168,45.33346289905908,51.79693878644255,4.0,62.0,2335,1165,391888,6612
HAI,without_geco_ignored,9.5,5.0,grid,47,45,2,66.21659634317862,26.31049513803509,37.65797472404415,59.348917949178926,45.4601858626059,51.484322307712624,5.0,62.0,2354,1201,391852,6593
HAI,without_geco_ignored,9.5,6.0,grid,47,45,2,65.13661202185791,26.645803062479047,37.82025858649956,58.63184158934699,46.71270003157738,51.99797894261503,5.0,62.0,2384,1276,391777,6563
HAI,without_geco_ignored,9.5,7.0,grid,47,45,2,63.901404717731246,26.9475801944786,37.90880503144654,56.20993941424424,46.84884728327111,51.1042474262573,12.0,62.0,2411,1362,391691,6536
HAI,without_geco_ignored,9.5,8.0,grid,47,45,2,63.1578947368421,27.36112663462613,38.1813928097949,58.8826582461144,47.04284948590643,52.301057384776925,4.0,62.0,2448,1428,391625,6499
HAI,without_geco_ignored,9.5,9.0,grid,47,45,2,62.468577174459526,27.774673074773663,38.45261121856866,57.32160991296479,47.22801612369191,51.7875772459731,9.0,62.0,2485,1493,391560,6462
HAI,without_geco_ignored,9.5,10.0,grid,47,45,2,62.104488594554816,28.29998882306918,38.88206388206388,57.50676729898429,47.45266223872775,51.99817142869164,5.0,62.0,2532,1545,391508,6415
HAI,without_geco_ignored,9.5,12.0,grid,47,45,2,61.086396628424254,29.160612495808653,39.47647147828718,57.13922259145448,47.861861375551534,52.090691780635645,4.0,62.0,2609,1662,391391,6338
HAI,without_geco_ignored,9.5,15.0,grid,47,45,2,58.68380910873828,30.099474684251703,39.79018912529551,49.9640143285509,48.28289769532693,49.109073101187406,10.0,62.0,2693,1896,391157,6254
HAI,without_geco_ignored,9.5,20.0,grid,47,45,2,55.66394584909416,31.250698558175927,40.028632784538296,50.093006159071294,48.7489461507648,49.41183784237103,6.0,62.0,2796,2227,390826,6151
HAI,without_geco_ignored,9.5,25.0,grid,47,45,2,53.40228633641807,32.893707387951274,40.71102503804122,42.17937043866024,49.39738625113086,45.503918869847965,8.0,62.0,2943,2568,390485,6004
HAI,without_geco_ignored,10.0,0.1,grid,47,45,2,71.0801393728223,20.5208449759696,31.84735472679965,60.41208236894351,42.51274310299567,49.90600326581289,32.0,62.0,1836,747,392306,7111
HAI,without_geco_ignored,10.0,0.5,grid,47,45,2,69.67032967032966,21.258522409746284,32.57686049499015,60.98913109118519,42.97193498036561,50.41927857791752,25.0,62.0,1902,828,392225,7045
HAI,without_geco_ignored,10.0,1.0,grid,47,45,2,68.3613878392305,22.24209232144853,33.56383875864395,64.13824211169398,43.532890514350925,51.8639119610396,9.0,62.0,1990,921,392132,6957
HAI,without_geco_ignored,10.0,1.5,grid,47,45,2,68.0347013680347,22.789761931373643,34.14266577361018,66.32974485452758,43.84142741524875,52.79041031515828,5.0,62.0,2039,958,392095,6908
HAI,without_geco_ignored,10.0,2.0,grid,47,45,2,67.57021554539516,23.125069855817596,34.457490215671584,63.41710183746589,44.04608524117904,51.98571062734904,4.0,62.0,2069,993,392060,6878
HAI,without_geco_ignored,10.0,2.5,grid,47,45,2,67.31942215088283,23.438023918631945,34.77035317526115,63.684078477290086,44.23776790457094,52.20891927527934,5.0,62.0,2097,1018,392035,6850
HAI,without_geco_ignored,10.0,3.0,grid,47,45,2,66.94915254237289,23.84039342796468,35.160306601829724,63.37778147483263,44.45335574110731,52.25494488370147,5.0,62.0,2133,1053,392000,6814
HAI,without_geco_ignored,10.0,3.5,grid,47,45,2,66.6049953746531,24.142170559964235,35.4388843314192,63.0832684277595,44.61459996076146,52.26537585625607,3.0,62.0,2160,1083,391970,6787
HAI,without_geco_ignored,10.0,4.0,grid,47,45,2,66.1109427099121,24.376886107074995,35.61979421852033,60.49737659766803,44.75523569872037,51.44906695823243,4.0,62.0,2181,1118,391935,6766
HAI,without_geco_ignored,10.0,4.5,grid,47,45,2,65.62126642771804,24.55571700011177,35.73810492069947,59.56167539921093,44.84636367701933,51.167028512341886,4.0,62.0,2197,1151,391902,6750
HAI,without_geco_ignored,10.0,5.0,grid,47,45,2,65.11764705882352,24.74572482396334,35.86296266299506,58.660426165128754,44.9654820778285,50.90800912879132,5.0,62.0,2214,1186,391867,6733
HAI,without_geco_ignored,10.0,6.0,grid,47,45,2,64.02055968018276,25.05867888677769,36.018957345971565,58.40753488940833,45.10795579171451,50.903386234441314,5.0,62.0,2242,1260,391793,6705
HAI,without_geco_ignored,10.0,7.0,grid,47,45,2,62.78039324286902,25.338102157147645,36.10447523491002,55.93951574713139,45.232414097549736,50.01939460036257,12.0,62.0,2267,1344,391709,6680
HAI,without_geco_ignored,10.0,8.0,grid,47,45,2,62.04202586206896,25.740471666480385,36.38518050398925,58.7185926743105,45.418603323318784,51.21928707277185,4.0,62.0,2303,1409,391644,6644
HAI,without_geco_ignored,10.0,9.0,grid,47,45,2,61.354686269362034,26.120487314183528,36.641580432737534,57.121251080211934,45.5882050462535,50.70721635477995,9.0,62.0,2337,1472,391581,6610
HAI,without_geco_ignored,10.0,10.0,grid,47,45,2,61.00870455709165,26.634626131664245,37.08083715864001,56.02796440260656,45.801101176549054,50.40098230745546,5.0,62.0,2383,1523,391530,6564
HAI,without_geco_ignored,10.0,12.0,grid,47,45,2,60.00488639139995,27.45054208114452,37.66871165644172,55.66969130034185,46.19079839064808,50.48920332357603,4.0,62.0,2456,1637,391416,6491
HAI,without_geco_ignored,10.0,15.0,grid,47,45,2,57.60400090929757,28.322342684698786,37.973924771467104,49.789210058338405,46.58839577982467,48.13565150513824,10.0,62.0,2534,1865,391188,6413
HAI,without_geco_ignored,10.0,20.0,grid,47,45,2,54.53978807396634,29.33944338884542,38.15406976744186,48.10629740573932,47.00762741294674,47.55061698854705,6.0,62.0,2625,2188,390865,6322
HAI,without_geco_ignored,10.0,25.0,grid,47,45,2,52.55238095238095,30.83715211802839,38.86736634500247,42.16951184062806,47.605313683122965,44.72284579391714,8.0,62.0,2759,2491,390562,6188
HAI,without_geco_ignored,8.02147642080159,0.1,grid,47,45,2,71.58637618901503,26.07577959092433,38.22710142552843,62.18290527767684,48.67839711512916,54.608129104491546,29.0,68.0,2333,926,392127,6614
HAI,without_geco_ignored,8.02147642080159,0.5,grid,47,45,2,70.43073341094296,27.04817257181178,39.08584349511427,62.649177473170944,49.212836167447314,55.12405161805475,21.0,68.0,2420,1016,392037,6527
HAI,without_geco_ignored,8.02147642080159,1.0,grid,47,45,2,69.34907992309805,28.2217503073656,40.117572291070864,64.86540639656093,49.83620633752587,56.36617830022558,13.0,68.0,2525,1116,391937,6422
HAI,without_geco_ignored,8.02147642080159,1.5,grid,47,45,2,68.9369658119658,28.8476584329943,40.67449373571822,64.7358151874395,50.17918279822536,56.53553253837036,12.0,68.0,2581,1163,391890,6366
HAI,without_geco_ignored,8.02147642080159,2.0,grid,47,45,2,68.30985915492957,29.27238180395663,40.98270870823879,65.08954127790022,50.41835686816367,56.822222085357424,9.0,68.0,2619,1215,391838,6328
HAI,without_geco_ignored,8.02147642080159,2.5,grid,47,45,2,67.95594262295081,29.652397451659773,41.28861567193214,64.795111727934,50.62922733869512,56.8428889199188,10.0,68.0,2653,1251,391802,6294
HAI,without_geco_ignored,8.02147642080159,3.0,grid,47,45,2,67.44244244244244,30.1218285458813,41.644131963223366,63.24225674853778,50.86789555008446,56.38412438916859,9.0,68.0,2695,1301,391752,6252
HAI,without_geco_ignored,8.02147642080159,3.5,grid,47,45,2,67.10914454277285,30.51302112439924,41.95159431425278,63.03276267386377,51.09652975132373,56.4404696609231,7.0,68.0,2730,1338,391715,6217
HAI,without_geco_ignored,8.02147642080159,4.0,grid,47,45,2,66.63447609850314,30.848329048843187,42.17281686912675,60.88529730704239,51.264062546821634,55.66197958503126,7.0,68.0,2760,1382,391671,6187
HAI,without_geco_ignored,8.02147642080159,4.5,grid,47,45,2,66.18380432201377,31.15010618084274,42.36206110351117,59.92079802827757,51.39350617291999,55.33053322215249,8.0,68.0,2787,1424,391629,6160
HAI,without_geco_ignored,8.02147642080159,5.0,grid,47,45,2,65.70827489481066,31.418352520397896,42.51039697542533,60.162471761434375,51.53946256737613,55.51813368212224,8.0,68.0,2811,1467,391586,6136
HAI,without_geco_ignored,8.02147642080159,6.0,grid,47,45,2,64.57013574660634,31.898960545434225,42.702177003067256,58.87269371783044,52.81318348671537,55.67855942936395,9.0,68.0,2854,1566,391487,6093
HAI,without_geco_ignored,8.02147642080159,7.0,grid,47,45,2,63.32309043020194,32.245445400692965,42.73124490853885,56.94085825642081,52.96474516761664,54.88087873992982,15.0,68.0,2885,1671,391382,6062
HAI,without_geco_ignored,8.02147642080159,8.0,grid,47,45,2,62.53744116388532,32.670168771655305,42.91902209823068,58.576120609429886,53.16245765834358,55.738144872870045,8.0,68.0,2923,1751,391302,6024
HAI,without_geco_ignored,8.02147642080159,9.0,grid,47,45,2,61.73096976016684,33.08371521180284,43.07960995488284,57.43161971337023,53.34747358035968,55.31426055659357,11.0,68.0,2960,1835,391218,5987
HAI,without_geco_ignored,8.02147642080159,10.0,grid,47,45,2,61.250254530645485,33.62020789091316,43.411747726944725,57.89860104646093,53.57589054825359,55.6534336813117,6.0,68.0,3008,1903,391150,5939
HAI,without_geco_ignored,8.02147642080159,12.0,grid,47,45,2,60.22616494443361,34.525539286911815,43.89030974708725,54.90425088121068,54.000353398515536,54.44855100985062,4.0,68.0,3089,2040,391013,5858
HAI,without_geco_ignored,8.02147642080159,15.0,grid,47,45,2,58.124198571166886,35.46440147535487,44.05108982368458,49.978681929957546,54.42057557467759,52.10513373567376,10.0,68.0,3173,2286,390767,5774
HAI,without_geco_ignored,8.02147642080159,20.0,grid,47,45,2,55.311602769802406,36.60444841846429,44.05434490180253,49.064278690506114,54.882100990704,51.81037966664572,5.0,68.0,3275,2646,390407,5672
HAI,without_geco_ignored,8.02147642080159,25.0,grid,47,45,2,53.08332025733563,37.8115569464625,44.1644908616188,41.55048653248948,55.37856379654358,47.47815564902271,7.0,68.0,3383,2990,390063,5564
HAI,without_geco_ignored,8.02147642080159,1.4376682451456455,geco_operating_point,47,45,2,69.0329493704795,28.802950709735107,40.646687697160885,63.85422180655056,50.159992709136766,56.1847014228824,14.0,68.0,2577,1156,391897,6370
