variant,target,variable_type,source,S,G,complexity,equation,holdout_r2,residual_tail_ratio,delta,threshold,growth_cap,max_train_cusum,max_test_cusum,total_alarm_rate,benign_alarm_rate,attack_alarm_rate,num_alarm_intervals,longest_alarm_interval
geco_matched_plus_actuator_persistence,1_AIT_002_PV,sensor,selected_sensor_delta,1.0,2.0,5.0,0.015316334 - (1_AIT_002_PV * 0.024466293),0.0119052665651211,41.73000224731814,0.016198173266754025,4.586298998857225,4.618695345390733,4.586298998857225,4.618695345390733,0.004276620370370371,0.0002578300531621014,0.07038982023833569,1,739
geco_matched_plus_actuator_persistence,1_AIT_004_PV,sensor,selected_sensor_delta,1.0,2.0,3.0,3_AIT_004_PV * -5.4525193e-5,-0.0001992524296718,4.910153218946012,2.8444196394286245,1020.1316847339061,1025.8205240127634,1020.1316847339061,933.8179709712217,0.0,0.0,0.0,0,0
geco_matched_plus_actuator_persistence,1_AIT_005_PV,sensor,selected_sensor_delta,1.0,2.0,5.0,(1_FIT_001_PV - 1_AIT_002_PV) * -3.9571616e-5,0.0023463384738832,12.40172474664917,0.0005404796966590669,0.06749613716547519,0.06857709655879332,0.06749613716547519,0.040270004949606274,0.0,0.0,0.0,0,0
geco_matched_plus_actuator_persistence,1_FIT_001_PV,sensor,selected_sensor_delta,1.0,2.0,7.0,((1_LT_001_PV * 1_P_001_STATUS) * -0.0001994969) + 0.014458983,-0.0179323441933463,11.85813818130814,0.03840313085817598,6.9392831132583845,7.016089374974737,6.9392831132583845,7.016089374974737,0.00140625,1.8416432368721532e-05,0.024237527772167238,83,3
geco_matched_plus_actuator_persistence,1_LS_001_AL,sensor,selected_sensor_delta,1.0,2.0,3.0,0.030378316 - 0.030378316,,0.0,1e-06,1e-06,3e-06,0.0,0.0,0.0,0.0,0.0,0,0
geco_matched_plus_actuator_persistence,1_LS_002_AL,sensor,selected_sensor_delta,1.0,2.0,3.0,-0.021763658 - -0.021763658,,0.0,1e-06,1e-06,3e-06,0.0,0.0,0.0,0.0,0.0,0,0
geco_matched_plus_actuator_persistence,2_DPIT_001_PV,sensor,selected_sensor_delta,1.0,2.0,3.0,88.35751 - 2_PIT_002_PV,0.008482119469839,9.66778276190117,43.256756319788046,6493.528032513559,6580.041545153135,6493.528032513559,6580.041545153135,0.00011574074074074075,0.00012277621579147687,0.0,1,20
geco_matched_plus_actuator_persistence,2_FIC_101_CO,sensor,selected_sensor_delta,1.0,2.0,3.0,2_FQ_101_PV * -0.3397043,0.0150389194041339,34.150938108826395,0.5275863868982411,98.39641488030075,99.45158765409724,98.39641488030075,80.61268401614372,0.0,0.0,0.0,0,0
geco_matched_plus_actuator_persistence,2_FIC_101_PV,sensor,selected_sensor_delta,1.0,2.0,3.0,2_FIC_101_PV * -0.016046675,0.002252916125048,18.49348773225588,0.02979673568732669,5.605347951880746,5.664941423255399,5.605347951880746,3.974709597218389,0.0,0.0,0.0,0,0
geco_matched_plus_actuator_persistence,2_FIC_101_SP,sensor,selected_sensor_delta,1.0,2.0,15.0,((2_MV_003_STATUS - 1_MV_001_STATUS) * (2_FIC_201_PV * (3_AIT_001_PV * 2_P_004_SPEED))) * (2.3499095 * (2_MV_009_STATUS - 2_MV_003_STATUS)),-9.112138177336249e-08,0.0,0.0017891865730764527,0.836514554045808,0.8400929271919609,0.836514554045808,0.28821081253285386,0.0,0.0,0.0,0,0
geco_matched_plus_actuator_persistence,2_FIC_201_CO,sensor,selected_sensor_delta,1.0,2.0,3.0,2_FQ_201_PV * -0.25967506,0.0115003398980684,41.3791240636834,0.37493504907663644,94.24273049171381,94.99260058986708,94.24273049171381,94.99260058986708,0.00017361111111111112,0.0001841643236872153,0.0,10,3
geco_matched_plus_actuator_persistence,2_FIC_201_PV,sensor,selected_sensor_delta,1.0,2.0,7.0,(2_FQ_201_PV * 2_FIC_401_PV) * (-0.04007296 - 2_LS_201_AH),0.0034190508627743,39.845894609586814,0.020632148889052914,8.230942459698692,8.272206757476798,8.230942459698692,4.876911715521573,0.0,0.0,0.0,0,0
geco_matched_plus_actuator_persistence,2_FIC_201_SP,sensor,selected_sensor_delta,1.0,2.0,11.0,((2_MV_003_STATUS - 1_P_005_STATUS) * ((2_P_004_SPEED * 3_AIT_001_PV) * 1_FIT_001_PV)) * 2_MV_101_STATUS,-2.3749495703384582e-09,0.0,0.0016237224631009655,0.3183762629337611,0.321623707859963,0.3183762629337611,0.2383762870736422,0.0,0.0,0.0,0,0
geco_matched_plus_actuator_persistence,2_FIC_301_PV,sensor,selected_sensor_delta,1.0,2.0,3.0,2_FIC_601_PV * -0.009515096,-0.0036792547368171,17.746108309561812,0.020480065128239675,4.970382824452958,5.011342954709438,4.970382824452958,5.011342954709438,2.8935185185185186e-05,3.069405394786922e-05,0.0,2,3
geco_matched_plus_actuator_persistence,2_FIC_301_SP,sensor,selected_sensor_delta,1.0,2.0,13.0,1_FIT_001_PV * ((((4.6891226e-5 * 2_FIC_301_CO) * 2_LS_201_AH) * 4.6891226e-5) * (2_FIC_501_CO * 3_AIT_004_PV)),-0.0308985748156576,0.0,0.002078101798552482,0.9619526404002053,0.9661088439973103,0.9619526404002053,0.25792190356586553,0.0,0.0,0.0,0,0
geco_matched_plus_actuator_persistence,2_FIC_401_CO,sensor,selected_sensor_delta,1.0,2.0,3.0,2_FQ_401_PV * -0.28900453,0.0068262290096441,31.49156173004372,0.5152049430767641,82.70959778401438,83.74000767016791,82.70959778401438,83.74000767016791,0.00019675925925925926,0.0002087195668455107,0.0,14,3
geco_matched_plus_actuator_persistence,2_FIC_401_PV,sensor,selected_sensor_delta,1.0,2.0,9.0,2_FQ_401_PV * (((2B_AIT_001_PV * 2_FIC_501_SP) + -0.073952936) * 2_FIC_401_PV),-0.0136811757617747,42.44627371380358,0.030358977164082257,7.27578752573929,7.336505480067454,7.27578752573929,5.517591368486072,0.0,0.0,0.0,0,0
geco_matched_plus_actuator_persistence,2_FIC_401_SP,sensor,selected_sensor_delta,1.0,2.0,11.0,(3_AIT_001_PV * ((3_FIT_001_PV + -0.5745507) * (1_P_005_STATUS - 2_MV_003_STATUS))) * 1_FIT_001_PV,-2.5924091762163926e-09,0.0,0.001662038620217033,0.527161375735095,0.5304854529755291,0.527161375735095,0.24833797628094417,0.0,0.0,0.0,0,0
geco_matched_plus_actuator_persistence,2_FIC_501_PV,sensor,selected_sensor_delta,1.0,2.0,3.0,2_FIC_501_PV * -0.019195596,-0.0080578702045512,13.110728544786658,0.023499944593588378,5.65539790751458,5.7023977967017565,5.65539790751458,5.7023977967017565,3.472222222222222e-05,3.6832864737443065e-05,0.0,2,3
geco_matched_plus_actuator_persistence,2_FIC_601_CO,sensor,selected_sensor_delta,1.0,2.0,3.0,2_FQ_601_PV * -0.33139205,-0.0036177276086308,38.05090530847815,0.3690366250044411,105.04829529546862,105.7863685454775,105.04829529546862,100.55624201774286,0.0,0.0,0.0,0,0
geco_matched_plus_actuator_persistence,2_FIC_601_PV,sensor,selected_sensor_delta,1.0,2.0,3.0,2_FIC_601_PV * -0.01591041,-0.0054832129042694,19.98884073391906,0.020960186568226402,5.631733185996549,5.673653559133002,5.631733185996549,4.815475964362502,0.0,0.0,0.0,0,0
geco_matched_plus_actuator_persistence,2_FIC_601_SP,sensor,selected_sensor_delta,1.0,2.0,13.0,(2_MCV_201_CO * ((1_MV_001_STATUS - 2_MV_003_STATUS) * 3_AIT_001_PV)) * (-0.00017899254 * (1_MV_001_STATUS - 2_MV_003_STATUS)),-6.513451999978771e-09,0.0,0.0020184410255506147,0.32798155718631006,0.3320184392374113,0.32798155718631006,0.31798154437131143,0.0,0.0,0.0,0,0
geco_matched_plus_actuator_persistence,2_FIT_001_PV,sensor,selected_sensor_delta,1.0,2.0,5.0,(2_MV_003_STATUS - 2_FIT_001_PV) * 0.021082245,-0.0272732956464449,1.6244499683380147,0.08943224896033541,4.44663372776004,4.625498225680711,4.44663372776004,4.625498225680711,0.00023726851851851852,0.0,0.00414057766107857,15,4
geco_matched_plus_actuator_persistence,2_FIT_002_PV,sensor,selected_sensor_delta,1.0,2.0,3.0,2_FQ_101_PV * -0.010027352,-0.001361467372912,19.48504475212655,0.013844316925125643,1.3784760777520122,1.4061647116022635,1.3784760777520122,1.4061647116022635,3.472222222222222e-05,3.6832864737443065e-05,0.0,2,3
geco_matched_plus_actuator_persistence,2_FIT_003_PV,sensor,selected_sensor_delta,1.0,2.0,3.0,2_FIT_002_PV * 2_PIC_003_PV,0.0553370128865967,4.825827196131465,0.08662036534491208,7.374010856662298,7.547251587352122,7.374010856662298,7.547251587352122,0.002008101851851852,8.594335105403381e-05,0.03362956978388204,1,347
geco_matched_plus_actuator_persistence,2_FQ_101_PV,sensor,selected_sensor_delta,1.0,2.0,3.0,2_FIC_101_PV * -0.014559889,0.0034545247127396,19.51039912430314,0.029518715120822655,5.474850803892035,5.53388823413368,5.474850803892035,3.7794473133155058,0.0,0.0,0.0,0,0
geco_matched_plus_actuator_persistence,2_FQ_201_PV,sensor,selected_sensor_delta,1.0,2.0,1.0,0.00017188098,-7.82947853235072e-05,42.419670621221854,0.019914913082316514,4.443823770307641,4.483653596472274,4.443823770307641,4.483653596472274,1.736111111111111e-05,1.8416432368721532e-05,0.0,1,3
geco_matched_plus_actuator_persistence,2_FQ_301_PV,sensor,selected_sensor_delta,1.0,2.0,3.0,2_FIC_301_PV * -0.009666798,0.0030450564846143,17.380916905003005,0.020423243574404518,5.236204090567147,5.277050577715957,5.236204090567147,5.170309152234473,0.0,0.0,0.0,0,0
geco_matched_plus_actuator_persistence,2_FQ_401_PV,sensor,selected_sensor_delta,1.0,2.0,3.0,2_FQ_401_PV * -0.016482946,0.0072349124829306,9.838222623484665,0.03102988210774329,5.328684773718165,5.390744537933652,5.328684773718165,5.046962987887681,0.0,0.0,0.0,0,0
geco_matched_plus_actuator_persistence,2_FQ_501_PV,sensor,selected_sensor_delta,1.0,2.0,3.0,2_FIC_501_PV * -0.014651568,-0.0011197778128997,14.59205286561609,0.02297279909369978,5.601135358794665,5.647080956982065,5.601135358794665,5.420083135880075,0.0,0.0,0.0,0,0
geco_matched_plus_actuator_persistence,2_FQ_601_PV,sensor,selected_sensor_delta,1.0,2.0,3.0,2_FIC_601_PV * -0.021256251,-0.0140299318532872,15.7930218718151,0.021655684862108213,5.7857476112170385,5.829058980941255,5.7857476112170385,4.870014111900411,0.0,0.0,0.0,0,0
geco_matched_plus_actuator_persistence,2_LS_101_AH,sensor,selected_sensor_delta,1.0,2.0,9.0,((2_FQ_301_PV * 2_MV_101_STATUS) * (2_LS_101_AH - 1_MV_004_STATUS)) * 2_LS_101_AH,-0.1183975229998723,0.0,0.011789963000637876,11.869526914271773,11.893106840273049,11.869526914271773,2.5279678696062966,0.0,0.0,0.0,0,0
geco_matched_plus_actuator_persistence,2_LS_101_AL,sensor,selected_sensor_delta,1.0,2.0,7.0,(2_LS_101_AL * (3_AIT_001_PV * 2_FIC_101_PV)) * -20.992853,0.0,0.0,0.013714954292528232,46.51932105017216,46.546750958757215,46.51932105017216,1.1496728338632498,0.0,0.0,0.0,0,0
geco_matched_plus_actuator_persistence,2_LS_201_AH,sensor,selected_sensor_delta,1.0,2.0,7.0,(2_LS_501_AH * 2_LS_201_AH) * (1_MV_001_STATUS - 1.9999987),0.0,0.0,0.010755052489398766,10.827906160169617,10.849416265148415,10.827906160169617,1.8171641076802207,0.0,0.0,0.0,0,0
geco_matched_plus_actuator_persistence,2_LS_201_AL,sensor,selected_sensor_delta,1.0,2.0,5.0,(3_FIT_001_PV + -0.5867106) * 2_LS_201_AL,-0.0394394750394426,0.0,0.010531012041083483,6.879090836601506,6.900152860683673,6.879090836601506,3.5182206593404732,0.0,0.0,0.0,0,0
geco_matched_plus_actuator_persistence,2_LS_301_AH,sensor,selected_sensor_delta,1.0,2.0,11.0,(3_AIT_003_PV * ((2_FIC_201_PV * (2_FIC_301_SP * 2_LS_301_AH)) * -0.28339157)) * 2_FIT_001_PV,0.0,0.0,0.010381215458828894,15.04138865941043,15.062151090328088,15.04138865941043,1.8131381217410805,0.0,0.0,0.0,0,0
geco_matched_plus_actuator_persistence,2_LS_301_AL,sensor,selected_sensor_delta,1.0,2.0,9.0,(0.72565746 - 3_AIT_005_PV) * (2_LS_301_AL * (3_FIT_001_PV + -0.57262355)),0.0065613225673001,0.0,0.009818646678584217,10.316035048367477,10.335672341724646,10.316035048367477,3.8212904639444676,0.0,0.0,0.0,0,0
geco_matched_plus_actuator_persistence,2_LS_401_AH,sensor,selected_sensor_delta,1.0,2.0,9.0,2_LS_401_AH * (2_FIT_001_PV * ((1_FIT_001_PV * 2_MV_401_STATUS) * -0.024918532)),0.002531028671956,0.0,0.011690146501096944,8.763525863375914,8.786906156378109,8.763525863375914,7.791393179099645,0.0,0.0,0.0,0,0
geco_matched_plus_actuator_persistence,2_LS_401_AL,sensor,selected_sensor_delta,1.0,2.0,9.0,((2_FIC_401_CO * 1_MV_004_STATUS) * 2_FIC_601_CO) * (2_MV_003_STATUS * 4.5439656e-8),-0.0014167605552886,5.777708620498893,0.011701026360304794,1.6629169433676225,1.686318996088232,1.6629169433676225,1.414262256890184,0.0,0.0,0.0,0,0
geco_matched_plus_actuator_persistence,2_LS_501_AH,sensor,selected_sensor_delta,1.0,2.0,1.0,9.999286e-5,-9.303286732964544e-05,1.0,0.01057280686784378,3.580687468246251,3.601833081981938,3.580687468246251,1.811289362138813,0.0,0.0,0.0,0,0
geco_matched_plus_actuator_persistence,2_LS_501_AL,sensor,selected_sensor_delta,1.0,2.0,5.0,(2_FQ_401_PV - 2_FQ_101_PV) * 2A_AIT_002_PV,-0.0151335992731873,2.571116455665051e-32,0.011420730252754334,20.839628139260423,20.86246959976593,20.839628139260423,4.153981333017071,0.0,0.0,0.0,0,0
geco_matched_plus_actuator_persistence,2_LS_601_AH,sensor,selected_sensor_delta,1.0,2.0,9.0,2_LS_301_AH * ((2_FIC_501_SP - 0.22000383) * (2_FIT_001_PV * 2_FIC_401_SP)),0.0,0.0,0.01137293638321413,56.50667170990304,56.52941758266947,56.50667170990304,1.6701848448867902,0.0,0.0,0.0,0,0
geco_matched_plus_actuator_persistence,2_LS_601_AL,sensor,selected_sensor_delta,1.0,2.0,5.0,(2B_AIT_003_PV * -0.0038763508) + 0.033448044,-0.0022001244809992,4.797744669484077,0.010188883403531176,1.773667981650679,1.7940457484577415,1.773667981650679,1.6563197500556504,0.0,0.0,0.0,0,0
geco_matched_plus_actuator_persistence,2_LT_002_PV,sensor,selected_sensor_delta,1.0,2.0,5.0,(TOTAL_CONS_REQUIRED_FLOW - 2_FIT_001_PV) * -0.03581529,0.0202287766691278,24.794094900339346,0.15304194999487877,4.722372057638113,5.0284559576278705,4.722372057638113,5.0284559576278705,0.003269675925925926,0.00015960908052891994,0.05443344778832559,85,45
geco_matched_plus_actuator_persistence,2_MCV_007_CO,sensor,selected_sensor_delta,1.0,2.0,3.0,3_P_003_STATUS - 2_MV_002_STATUS,,0.0,1e-06,1e-06,3e-06,0.0,3e-06,0.0005208333333333333,5.5249297106164594e-05,0.008180165623106443,30,3
geco_matched_plus_actuator_persistence,2_P_003_SPEED,sensor,selected_sensor_delta,1.0,2.0,1.0,2_P_004_SPEED,0.000302468603613,1.2555573934924376,1.1749209730634267,76.31310160629911,78.66294355242597,76.31310160629911,74.90048855516326,0.0,0.0,0.0,0,0
geco_matched_plus_actuator_persistence,2_PIC_003_CO,sensor,selected_sensor_delta,1.0,2.0,7.0,((2_PIC_003_PV - 2_MV_006_STATUS) + 0.92499703) * 0.515833,0.0239900981892037,32.36284519360931,0.624249617240662,839.3535704720965,840.6020697065778,839.3535704720965,68.28561631553673,0.0,0.0,0.0,0,0
geco_matched_plus_actuator_persistence,2_PIC_003_PV,sensor,selected_sensor_delta,1.0,2.0,7.0,(2_PIC_003_PV + (0.9200428 - 2_MV_006_STATUS)) * -0.06421421,0.0198915417593883,26.39547806641177,0.06264419974295483,160.00347455772206,160.12876295720795,160.00347455772206,7.018815523038089,0.0,0.0,0.0,0,0
geco_matched_plus_actuator_persistence,2_PIT_001_PV,sensor,selected_sensor_delta,1.0,2.0,5.0,1.1427776 - (2_DPIT_001_PV * 0.0004586949),0.006621193393292,10.36563242243466,0.3894949934835992,67.6588056805345,68.4377956675017,67.6588056805345,68.4377956675017,0.00013310185185185186,0.00014119264816019842,0.0,1,23
geco_matched_plus_actuator_persistence,2_PIT_002_PV,sensor,selected_sensor_delta,1.0,2.0,5.0,(2_DPIT_001_PV * -0.003075006) + 7.663425,0.0050784784743534,9.060265717850797,2.2764557660727176,416.1244874636394,420.67739899578487,416.1244874636394,420.67739899578487,0.00016782407407407406,0.00017802551289764146,0.0,1,29
geco_matched_plus_actuator_persistence,2_PIT_003_PV,sensor,selected_sensor_delta,1.0,2.0,7.0,((2_MV_006_STATUS - 2_PIC_003_PV) + -0.9245177) * 0.057637595,0.0175529740100325,29.471299638718875,0.062284469291722,119.39489571080095,119.5194646493844,119.39489571080095,7.435230275214128,0.0,0.0,0.0,0,0
geco_matched_plus_actuator_persistence,2A_AIT_001_PV,sensor,selected_sensor_delta,1.0,2.0,1.0,1.9560876e-7,-8.863622583454855e-06,1.0,0.00016305843894173642,0.25308886723666113,0.2534149841145446,0.25308886723666113,0.0021141292319017545,0.0,0.0,0.0,0,0
geco_matched_plus_actuator_persistence,2A_AIT_002_PV,sensor,selected_sensor_delta,1.0,2.0,7.0,((2_MCV_101_CO * -0.023470242) * 2A_AIT_002_PV) * 2A_AIT_002_PV,-0.0475475253455481,1.101981112345036e-32,0.16387552169973232,578.7446722709782,579.0724233143776,578.7446722709782,4.068106360617694,0.0,0.0,0.0,0,0
geco_matched_plus_actuator_persistence,2A_AIT_003_PV,sensor,selected_sensor_delta,1.0,2.0,7.0,2_FIC_201_PV * (2A_AIT_002_PV * (-0.33989054 * 2_FIT_002_PV)),-0.0012282912975181,0.0,0.003720484015034855,1.0893661719368242,1.096807139966894,1.0893661719368242,0.686988340776312,0.0,0.0,0.0,0,0
geco_matched_plus_actuator_persistence,2B_AIT_001_PV,sensor,selected_sensor_delta,1.0,2.0,5.0,2_LS_201_AH * (2_MCV_501_CO * 4.5408036e-5),-0.0044911897181842,0.0,7.71827333816407e-05,0.01543736836691549,0.01559173383367877,0.01543736836691549,0.012964592355746929,0.0,0.0,0.0,0,0
geco_matched_plus_actuator_persistence,3_AIT_001_PV,sensor,selected_sensor_delta,1.0,2.0,1.0,0.0,0.0,0.0,0.00020841843969419892,0.16671046547529805,0.16712730235468645,0.16671046547529805,0.0,0.0,0.0,0.0,0,0
geco_matched_plus_actuator_persistence,3_AIT_003_PV,sensor,selected_sensor_delta,1.0,2.0,3.0,3_AIT_003_PV * -0.09685825,0.036160234996091,32.561618656036444,6.3235121918570645,54.7141064788809,67.36113086259503,54.7141064788809,48.5708259273197,0.0,0.0,0.0,0,0
geco_matched_plus_actuator_persistence,3_AIT_004_PV,sensor,selected_sensor_delta,1.0,2.0,5.0,(3_AIT_004_PV * -0.22340244) + 2_PIT_001_PV,0.0705906221904001,19.22637520277597,455.9909960478907,6764.188523020091,7676.170515115873,6764.188523020091,4527.302069542882,0.0,0.0,0.0,0,0
geco_matched_plus_actuator_persistence,3_AIT_005_PV,sensor,selected_sensor_delta,1.0,2.0,1.0,1.665455e-5,-0.0001843146077267,17.391272839636848,0.0015296999915492212,1.2290070329149956,1.232066432898094,1.2290070329149956,0.31388459112275385,0.0,0.0,0.0,0,0
geco_matched_plus_actuator_persistence,3_LS_001_AL,sensor,selected_sensor_delta,1.0,2.0,3.0,1_LS_001_AL - 1_LS_001_AL,,0.0,1e-06,1e-06,3e-06,0.0,0.0,0.0,0.0,0.0,0,0
geco_matched_plus_actuator_persistence,LEAK_DIFF_PRESSURE,sensor,selected_sensor_delta,1.0,2.0,7.0,2_FIT_003_PV + ((LEAK_DIFF_PRESSURE * -0.11256748) + 6.922297),0.0315872021934814,16.788538020673613,1.911347078561208,255.21555383533064,259.0382479924531,255.21555383533064,235.61947492026877,0.0,0.0,0.0,0,0
geco_matched_plus_actuator_persistence,PLANT_START_STOP_LOG,sensor,selected_sensor_delta,1.0,2.0,3.0,2_MCV_007_CO * 2_MCV_007_CO,,0.0,1e-06,1e-06,3e-06,0.0,3e-06,0.008969907407407407,5.5249297106164594e-05,0.15562512623712382,3,627
geco_matched_plus_actuator_persistence,1_MV_001_STATUS,actuator,actuator_persistence,1.0,2.0,1.0,1_MV_001_STATUS,,,0.04056415846780728,11.065276628622676,11.146404945558292,11.065276628622676,11.146404945558292,0.0004861111111111111,1.2277621579147688e-05,0.00828115532215714,42,2
geco_matched_plus_actuator_persistence,1_MV_004_STATUS,actuator,actuator_persistence,1.0,2.0,1.0,1_MV_004_STATUS,,,0.04067319042827918,11.054700528456905,11.136046909313464,11.054700528456905,2.755960857430325,0.0,0.0,0.0,0,0
geco_matched_plus_actuator_persistence,1_P_001_STATUS,actuator,actuator_persistence,1.0,2.0,1.0,1_P_001_STATUS,,,0.01803574328798211,3.340711617505649,3.376783104081613,3.340711617505649,3.376783104081613,0.00030092592592592595,0.0,0.005251464350636235,26,2
geco_matched_plus_actuator_persistence,1_P_002_STATUS,actuator,actuator_persistence,1.0,2.0,1.0,1_P_002_STATUS,,,1e-06,1e-06,3e-06,0.0,0.0,0.0,0.0,0.0,0,0
geco_matched_plus_actuator_persistence,1_P_003_STATUS,actuator,actuator_persistence,1.0,2.0,1.0,1_P_003_STATUS,,,0.01803574328798211,3.340711617505649,3.376783104081613,3.340711617505649,3.376783104081613,0.00030092592592592595,0.0,0.005251464350636235,26,2
geco_matched_plus_actuator_persistence,1_P_004_STATUS,actuator,actuator_persistence,1.0,2.0,1.0,1_P_004_STATUS,,,1e-06,1e-06,3e-06,0.0,0.0,0.0,0.0,0.0,0,0
geco_matched_plus_actuator_persistence,1_P_005_STATUS,actuator,actuator_persistence,1.0,2.0,1.0,1_P_005_STATUS,,,0.040709690311655826,2.127354245663834,2.2087736262871456,2.127354245663834,2.2087736262871456,6.944444444444444e-05,0.0,0.001211876388608362,6,2
geco_matched_plus_actuator_persistence,1_P_006_STATUS,actuator,actuator_persistence,1.0,2.0,1.0,1_P_006_STATUS,,,1e-06,1e-06,3e-06,0.0,3e-06,3.472222222222222e-05,1.8416432368721532e-05,0.0003029690971520905,2,3
geco_matched_plus_actuator_persistence,2_MV_001_STATUS,actuator,actuator_persistence,1.0,2.0,1.0,2_MV_001_STATUS,,,1e-06,1e-06,3e-06,0.0,0.0,0.0,0.0,0.0,0,0
geco_matched_plus_actuator_persistence,2_MV_002_STATUS,actuator,actuator_persistence,1.0,2.0,1.0,2_MV_002_STATUS,,,1e-06,1e-06,3e-06,0.0,0.0,0.0,0.0,0.0,0,0
geco_matched_plus_actuator_persistence,2_MV_003_STATUS,actuator,actuator_persistence,1.0,2.0,1.0,2_MV_003_STATUS,,,0.09216863911203314,7.760242600846465,7.944579879070531,7.760242600846465,7.944579879070531,0.0001388888888888889,1.2277621579147688e-05,0.00222177337911533,12,2
geco_matched_plus_actuator_persistence,2_MV_004_STATUS,actuator,actuator_persistence,1.0,2.0,1.0,2_MV_004_STATUS,,,1e-06,1e-06,3e-06,0.0,0.0,0.0,0.0,0.0,0,0
geco_matched_plus_actuator_persistence,2_MV_005_STATUS,actuator,actuator_persistence,1.0,2.0,1.0,2_MV_005_STATUS,,,1e-06,1e-06,3e-06,0.0,0.0,0.0,0.0,0.0,0,0
geco_matched_plus_actuator_persistence,2_MV_006_STATUS,actuator,actuator_persistence,1.0,2.0,1.0,2_MV_006_STATUS,,,0.08828073019980047,4.499227586603395,4.675789047002995,4.499227586603395,4.410946856403594,0.0,0.0,0.0,0,0
geco_matched_plus_actuator_persistence,2_MV_009_STATUS,actuator,actuator_persistence,1.0,2.0,1.0,2_MV_009_STATUS,,,1e-06,1e-06,3e-06,0.0,0.0,0.0,0.0,0.0,0,0
geco_matched_plus_actuator_persistence,2_MV_101_STATUS,actuator,actuator_persistence,1.0,2.0,1.0,2_MV_101_STATUS,,,0.02492577904561714,2.8504453257262976,2.900296883817532,2.8504453257262976,2.8504453257262976,0.0,0.0,0.0,0,0
geco_matched_plus_actuator_persistence,2_MV_201_STATUS,actuator,actuator_persistence,1.0,2.0,1.0,2_MV_201_STATUS,,,0.023317454840228517,2.8600952709586287,2.906730180639086,2.8600952709586287,2.8600952709586287,0.0,0.0,0.0,0,0
geco_matched_plus_actuator_persistence,2_MV_301_STATUS,actuator,actuator_persistence,1.0,2.0,1.0,2_MV_301_STATUS,,,0.02189085756575435,2.8686548546054738,2.9124365697369825,2.8686548546054738,2.8686548546054738,0.0,0.0,0.0,0,0
geco_matched_plus_actuator_persistence,2_MV_401_STATUS,actuator,actuator_persistence,1.0,2.0,1.0,2_MV_401_STATUS,,,0.04256249555772995,4.78675023099804,4.8718752221135,4.78675023099804,3.2338750799608595,0.0,0.0,0.0,0,0
geco_matched_plus_actuator_persistence,2_MV_501_STATUS,actuator,actuator_persistence,1.0,2.0,1.0,2_MV_501_STATUS,,,0.03629246408107271,5.330546652270657,5.403131580432802,5.330546652270657,2.782245215513564,0.0,0.0,0.0,0,0
geco_matched_plus_actuator_persistence,2_MV_601_STATUS,actuator,actuator_persistence,1.0,2.0,1.0,2_MV_601_STATUS,,,0.022086190873586854,2.867482854758479,2.9116552365056525,2.867482854758479,2.867482854758479,0.0,0.0,0.0,0,0
geco_matched_plus_actuator_persistence,2_P_003_STATUS,actuator,actuator_persistence,1.0,2.0,1.0,2_P_003_STATUS,,,0.03892715311945345,1.766437081283279,1.844291387522186,1.766437081283279,1.766437081283279,0.0,0.0,0.0,0,0
geco_matched_plus_actuator_persistence,2_P_004_STATUS,actuator,actuator_persistence,1.0,2.0,1.0,2_P_004_STATUS,,,1e-06,1e-06,3e-06,0.0,0.0,0.0,0.0,0.0,0,0
geco_matched_plus_actuator_persistence,2_SV_101_STATUS,actuator,actuator_persistence,1.0,2.0,1.0,2_SV_101_STATUS,,,1e-06,1e-06,3e-06,0.0,0.0,0.0,0.0,0.0,0,0
geco_matched_plus_actuator_persistence,2_SV_201_STATUS,actuator,actuator_persistence,1.0,2.0,1.0,2_SV_201_STATUS,,,1e-06,1e-06,3e-06,0.0,0.0,0.0,0.0,0.0,0,0
geco_matched_plus_actuator_persistence,2_SV_301_STATUS,actuator,actuator_persistence,1.0,2.0,1.0,2_SV_301_STATUS,,,1e-06,1e-06,3e-06,0.0,0.0,0.0,0.0,0.0,0,0
geco_matched_plus_actuator_persistence,2_SV_401_STATUS,actuator,actuator_persistence,1.0,2.0,1.0,2_SV_401_STATUS,,,1e-06,1e-06,3e-06,0.0,0.0,0.0,0.0,0.0,0,0
geco_matched_plus_actuator_persistence,2_SV_501_STATUS,actuator,actuator_persistence,1.0,2.0,1.0,2_SV_501_STATUS,,,1e-06,1e-06,3e-06,0.0,0.0,0.0,0.0,0.0,0,0
geco_matched_plus_actuator_persistence,2_SV_601_STATUS,actuator,actuator_persistence,1.0,2.0,1.0,2_SV_601_STATUS,,,1e-06,1e-06,3e-06,0.0,0.0,0.0,0.0,0.0,0,0
geco_matched_plus_actuator_persistence,3_MV_001_STATUS,actuator,actuator_persistence,1.0,2.0,1.0,3_MV_001_STATUS,,,1e-06,1e-06,3e-06,0.0,0.0,0.0,0.0,0.0,0,0
geco_matched_plus_actuator_persistence,3_MV_002_STATUS,actuator,actuator_persistence,1.0,2.0,1.0,3_MV_002_STATUS,,,1e-06,1e-06,3e-06,0.0,0.0,0.0,0.0,0.0,0,0
geco_matched_plus_actuator_persistence,3_MV_003_STATUS,actuator,actuator_persistence,1.0,2.0,1.0,3_MV_003_STATUS,,,1e-06,1e-06,3e-06,0.0,0.0,0.0,0.0,0.0,0,0
geco_matched_plus_actuator_persistence,3_P_001_STATUS,actuator,actuator_persistence,1.0,2.0,1.0,3_P_001_STATUS,,,1e-06,1e-06,3e-06,0.0,0.0,0.0,0.0,0.0,0,0
geco_matched_plus_actuator_persistence,3_P_002_STATUS,actuator,actuator_persistence,1.0,2.0,1.0,3_P_002_STATUS,,,1e-06,1e-06,3e-06,0.0,0.0,0.0,0.0,0.0,0,0
geco_matched_plus_actuator_persistence,3_P_003_STATUS,actuator,actuator_persistence,1.0,2.0,1.0,3_P_003_STATUS,,,1e-06,1e-06,3e-06,0.0,0.0,0.0,0.0,0.0,0,0
geco_matched_plus_actuator_persistence,3_P_004_STATUS,actuator,actuator_persistence,1.0,2.0,1.0,3_P_004_STATUS,,,1e-06,1e-06,3e-06,0.0,0.0,0.0,0.0,0.0,0,0
geco_matched_plus_actuator_persistence,1_AIT_002_PV,sensor,selected_sensor_delta,1.0,5.98,5.0,0.015316334 - (1_AIT_002_PV * 0.024466293),0.0119052665651211,41.73000224731814,0.016198173266754025,4.586298998857225,4.683164074992414,4.586298998857225,4.683164074992414,0.0043055555555555555,0.00028852410710997065,0.07038982023833569,1,744
geco_matched_plus_actuator_persistence,1_AIT_004_PV,sensor,selected_sensor_delta,1.0,5.98,3.0,3_AIT_004_PV * -5.4525193e-5,-0.0001992524296718,4.910153218946012,2.8444196394286245,1020.1316847339061,1037.1413141776893,1020.1316847339061,933.8179709712217,0.0,0.0,0.0,0,0
geco_matched_plus_actuator_persistence,1_AIT_005_PV,sensor,selected_sensor_delta,1.0,5.98,5.0,(1_FIT_001_PV - 1_AIT_002_PV) * -3.9571616e-5,0.0023463384738832,12.40172474664917,0.0005404796966590669,0.06749613716547519,0.07072820575149641,0.06749613716547519,0.040270004949606274,0.0,0.0,0.0,0,0
geco_matched_plus_actuator_persistence,1_FIT_001_PV,sensor,selected_sensor_delta,1.0,5.98,7.0,((1_LT_001_PV * 1_P_001_STATUS) * -0.0001994969) + 0.014458983,-0.0179323441933463,11.85813818130814,0.03840313085817598,6.9392831132583845,7.168933835790277,6.9392831132583845,7.168933835790277,0.0032002314814814814,4.911048631659075e-05,0.05503938598262977,38,150
geco_matched_plus_actuator_persistence,1_LS_001_AL,sensor,selected_sensor_delta,1.0,5.98,3.0,0.030378316 - 0.030378316,,0.0,1e-06,1e-06,6.98e-06,0.0,0.0,0.0,0.0,0.0,0,0
geco_matched_plus_actuator_persistence,1_LS_002_AL,sensor,selected_sensor_delta,1.0,5.98,3.0,-0.021763658 - -0.021763658,,0.0,1e-06,1e-06,6.98e-06,0.0,0.0,0.0,0.0,0.0,0,0
geco_matched_plus_actuator_persistence,2_DPIT_001_PV,sensor,selected_sensor_delta,1.0,5.98,3.0,88.35751 - 2_PIT_002_PV,0.008482119469839,9.66778276190117,43.256756319788046,6493.528032513559,6752.203435305892,6493.528032513559,6752.203435305892,0.00017361111111111112,0.0001841643236872153,0.0,1,30
geco_matched_plus_actuator_persistence,2_FIC_101_CO,sensor,selected_sensor_delta,1.0,5.98,3.0,2_FQ_101_PV * -0.3397043,0.0150389194041339,34.150938108826395,0.5275863868982411,98.39641488030075,101.55138147395223,98.39641488030075,80.61268401614372,0.0,0.0,0.0,0,0
geco_matched_plus_actuator_persistence,2_FIC_101_PV,sensor,selected_sensor_delta,1.0,5.98,3.0,2_FIC_101_PV * -0.016046675,0.002252916125048,18.49348773225588,0.02979673568732669,5.605347951880746,5.7835324312909595,5.605347951880746,3.974709597218389,0.0,0.0,0.0,0,0
geco_matched_plus_actuator_persistence,2_FIC_101_SP,sensor,selected_sensor_delta,1.0,5.98,15.0,((2_MV_003_STATUS - 1_MV_001_STATUS) * (2_FIC_201_PV * (3_AIT_001_PV * 2_P_004_SPEED))) * (2.3499095 * (2_MV_009_STATUS - 2_MV_003_STATUS)),-9.112138177336249e-08,0.0,0.0017891865730764527,0.836514554045808,0.8472138897528052,0.836514554045808,0.28821081253285386,0.0,0.0,0.0,0,0
geco_matched_plus_actuator_persistence,2_FIC_201_CO,sensor,selected_sensor_delta,1.0,5.98,3.0,2_FQ_201_PV * -0.25967506,0.0115003398980684,41.3791240636834,0.37493504907663644,94.24273049171381,96.4848420851921,94.24273049171381,96.4848420851921,0.0003414351851851852,0.0003621898365848568,0.0,2,58
geco_matched_plus_actuator_persistence,2_FIC_201_PV,sensor,selected_sensor_delta,1.0,5.98,7.0,(2_FQ_201_PV * 2_FIC_401_PV) * (-0.04007296 - 2_LS_201_AH),0.0034190508627743,39.845894609586814,0.020632148889052914,8.230942459698692,8.354322710055229,8.230942459698692,4.876911715521573,0.0,0.0,0.0,0,0
geco_matched_plus_actuator_persistence,2_FIC_201_SP,sensor,selected_sensor_delta,1.0,5.98,11.0,((2_MV_003_STATUS - 1_P_005_STATUS) * ((2_P_004_SPEED * 3_AIT_001_PV) * 1_FIT_001_PV)) * 2_MV_101_STATUS,-2.3749495703384582e-09,0.0,0.0016237224631009655,0.3183762629337611,0.3280861232631049,0.3183762629337611,0.2383762870736422,0.0,0.0,0.0,0,0
geco_matched_plus_actuator_persistence,2_FIC_301_PV,sensor,selected_sensor_delta,1.0,5.98,3.0,2_FIC_601_PV * -0.009515096,-0.0036792547368171,17.746108309561812,0.020480065128239675,4.970382824452958,5.092853613919831,4.970382824452958,5.092853613919831,5.208333333333334e-05,5.5249297106164594e-05,0.0,2,7
geco_matched_plus_actuator_persistence,2_FIC_301_SP,sensor,selected_sensor_delta,1.0,5.98,13.0,1_FIT_001_PV * ((((4.6891226e-5 * 2_FIC_301_CO) * 2_LS_201_AH) * 4.6891226e-5) * (2_FIC_501_CO * 3_AIT_004_PV)),-0.0308985748156576,0.0,0.002078101798552482,0.9619526404002053,0.9743796891555492,0.9619526404002053,0.25792190356586553,0.0,0.0,0.0,0,0
geco_matched_plus_actuator_persistence,2_FIC_401_CO,sensor,selected_sensor_delta,1.0,5.98,3.0,2_FQ_401_PV * -0.28900453,0.0068262290096441,31.49156173004372,0.5152049430767641,82.70959778401438,85.79052334361343,82.70959778401438,85.79052334361343,0.0004398148148148148,0.0004665496200076121,0.0,9,32
geco_matched_plus_actuator_persistence,2_FIC_401_PV,sensor,selected_sensor_delta,1.0,5.98,9.0,2_FQ_401_PV * (((2B_AIT_001_PV * 2_FIC_501_SP) + -0.073952936) * 2_FIC_401_PV),-0.0136811757617747,42.44627371380358,0.030358977164082257,7.27578752573929,7.457334209180502,7.27578752573929,5.517591368486072,0.0,0.0,0.0,0,0
geco_matched_plus_actuator_persistence,2_FIC_401_SP,sensor,selected_sensor_delta,1.0,5.98,11.0,(3_AIT_001_PV * ((3_FIT_001_PV + -0.5745507) * (1_P_005_STATUS - 2_MV_003_STATUS))) * 1_FIT_001_PV,-2.5924091762163926e-09,0.0,0.001662038620217033,0.527161375735095,0.5371003666839929,0.527161375735095,0.24833797628094417,0.0,0.0,0.0,0,0
geco_matched_plus_actuator_persistence,2_FIC_501_PV,sensor,selected_sensor_delta,1.0,5.98,3.0,2_FIC_501_PV * -0.019195596,-0.0080578702045512,13.110728544786658,0.023499944593588378,5.65539790751458,5.795927576184238,5.65539790751458,5.795927576184238,7.523148148148149e-05,7.980454026445997e-05,0.0,1,13
geco_matched_plus_actuator_persistence,2_FIC_601_CO,sensor,selected_sensor_delta,1.0,5.98,3.0,2_FQ_601_PV * -0.33139205,-0.0036177276086308,38.05090530847815,0.3690366250044411,105.04829529546862,107.25513431299518,105.04829529546862,100.55624201774286,0.0,0.0,0.0,0,0
geco_matched_plus_actuator_persistence,2_FIC_601_PV,sensor,selected_sensor_delta,1.0,5.98,3.0,2_FIC_601_PV * -0.01591041,-0.0054832129042694,19.98884073391906,0.020960186568226402,5.631733185996549,5.757075101674543,5.631733185996549,4.815475964362502,0.0,0.0,0.0,0,0
geco_matched_plus_actuator_persistence,2_FIC_601_SP,sensor,selected_sensor_delta,1.0,5.98,13.0,(2_MCV_201_CO * ((1_MV_001_STATUS - 2_MV_003_STATUS) * 3_AIT_001_PV)) * (-0.00017899254 * (1_MV_001_STATUS - 2_MV_003_STATUS)),-6.513451999978771e-09,0.0,0.0020184410255506147,0.32798155718631006,0.34005183451910276,0.32798155718631006,0.31798154437131143,0.0,0.0,0.0,0,0
geco_matched_plus_actuator_persistence,2_FIT_001_PV,sensor,selected_sensor_delta,1.0,5.98,5.0,(2_MV_003_STATUS - 2_FIT_001_PV) * 0.021082245,-0.0272732956464449,1.6244499683380147,0.08943224896033541,4.44663372776004,4.981438576542846,4.44663372776004,4.981438576542846,0.0005324074074074074,0.0,0.009291052312664107,11,25
geco_matched_plus_actuator_persistence,2_FIT_002_PV,sensor,selected_sensor_delta,1.0,5.98,3.0,2_FQ_101_PV * -0.010027352,-0.001361467372912,19.48504475212655,0.013844316925125643,1.3784760777520122,1.4612650929642634,1.3784760777520122,1.4612650929642634,7.523148148148149e-05,7.980454026445997e-05,0.0,1,13
geco_matched_plus_actuator_persistence,2_FIT_003_PV,sensor,selected_sensor_delta,1.0,5.98,3.0,2_FIT_002_PV * 2_PIC_003_PV,0.0553370128865967,4.825827196131465,0.08662036534491208,7.374010856662298,7.892000641424872,7.374010856662298,7.892000641424872,0.00203125,0.00011049859421232919,0.03362956978388204,1,351
geco_matched_plus_actuator_persistence,2_FQ_101_PV,sensor,selected_sensor_delta,1.0,5.98,3.0,2_FIC_101_PV * -0.014559889,0.0034545247127396,19.51039912430314,0.029518715120822655,5.474850803892035,5.651372720314554,5.474850803892035,3.7794473133155058,0.0,0.0,0.0,0,0
geco_matched_plus_actuator_persistence,2_FQ_201_PV,sensor,selected_sensor_delta,1.0,5.98,1.0,0.00017188098,-7.82947853235072e-05,42.419670621221854,0.019914913082316514,4.443823770307641,4.562914950539894,4.443823770307641,4.562914950539894,4.050925925925926e-05,4.2971675527016906e-05,0.0,1,7
geco_matched_plus_actuator_persistence,2_FQ_301_PV,sensor,selected_sensor_delta,1.0,5.98,3.0,2_FIC_301_PV * -0.009666798,0.0030450564846143,17.380916905003005,0.020423243574404518,5.236204090567147,5.358335087142087,5.236204090567147,5.170309152234473,0.0,0.0,0.0,0,0
geco_matched_plus_actuator_persistence,2_FQ_401_PV,sensor,selected_sensor_delta,1.0,5.98,3.0,2_FQ_401_PV * -0.016482946,0.0072349124829306,9.838222623484665,0.03102988210774329,5.328684773718165,5.51424346872247,5.328684773718165,5.046962987887681,0.0,0.0,0.0,0,0
geco_matched_plus_actuator_persistence,2_FQ_501_PV,sensor,selected_sensor_delta,1.0,5.98,3.0,2_FIC_501_PV * -0.014651568,-0.0011197778128997,14.59205286561609,0.02297279909369978,5.601135358794665,5.73851269737499,5.601135358794665,5.420083135880075,0.0,0.0,0.0,0,0
geco_matched_plus_actuator_persistence,2_FQ_601_PV,sensor,selected_sensor_delta,1.0,5.98,3.0,2_FIC_601_PV * -0.021256251,-0.0140299318532872,15.7930218718151,0.021655684862108213,5.7857476112170385,5.915248606692446,5.7857476112170385,4.870014111900411,0.0,0.0,0.0,0,0
geco_matched_plus_actuator_persistence,2_LS_101_AH,sensor,selected_sensor_delta,1.0,5.98,9.0,((2_FQ_301_PV * 2_MV_101_STATUS) * (2_LS_101_AH - 1_MV_004_STATUS)) * 2_LS_101_AH,-0.1183975229998723,0.0,0.011789963000637876,11.869526914271773,11.940030893015589,11.869526914271773,2.5279678696062966,0.0,0.0,0.0,0,0
geco_matched_plus_actuator_persistence,2_LS_101_AL,sensor,selected_sensor_delta,1.0,5.98,7.0,(2_LS_101_AL * (3_AIT_001_PV * 2_FIC_101_PV)) * -20.992853,0.0,0.0,0.013714954292528232,46.51932105017216,46.60133647684148,46.51932105017216,1.1496728338632498,0.0,0.0,0.0,0,0
geco_matched_plus_actuator_persistence,2_LS_201_AH,sensor,selected_sensor_delta,1.0,5.98,7.0,(2_LS_501_AH * 2_LS_201_AH) * (1_MV_001_STATUS - 1.9999987),0.0,0.0,0.010755052489398766,10.827906160169617,10.892221374056222,10.827906160169617,1.8171641076802207,0.0,0.0,0.0,0,0
geco_matched_plus_actuator_persistence,2_LS_201_AL,sensor,selected_sensor_delta,1.0,5.98,5.0,(3_FIT_001_PV + -0.5867106) * 2_LS_201_AL,-0.0394394750394426,0.0,0.010531012041083483,6.879090836601506,6.942066288607185,6.879090836601506,3.5182206593404732,0.0,0.0,0.0,0,0
geco_matched_plus_actuator_persistence,2_LS_301_AH,sensor,selected_sensor_delta,1.0,5.98,11.0,(3_AIT_003_PV * ((2_FIC_201_PV * (2_FIC_301_SP * 2_LS_301_AH)) * -0.28339157)) * 2_FIT_001_PV,0.0,0.0,0.010381215458828894,15.04138865941043,15.103468327854227,15.04138865941043,1.8131381217410805,0.0,0.0,0.0,0,0
geco_matched_plus_actuator_persistence,2_LS_301_AL,sensor,selected_sensor_delta,1.0,5.98,9.0,(0.72565746 - 3_AIT_005_PV) * (2_LS_301_AL * (3_FIT_001_PV + -0.57262355)),0.0065613225673001,0.0,0.009818646678584217,10.316035048367477,10.37475055550541,10.316035048367477,3.8212904639444676,0.0,0.0,0.0,0,0
geco_matched_plus_actuator_persistence,2_LS_401_AH,sensor,selected_sensor_delta,1.0,5.98,9.0,2_LS_401_AH * (2_FIT_001_PV * ((1_FIT_001_PV * 2_MV_401_STATUS) * -0.024918532)),0.002531028671956,0.0,0.011690146501096944,8.763525863375914,8.833432939452473,8.763525863375914,7.791393179099645,0.0,0.0,0.0,0,0
geco_matched_plus_actuator_persistence,2_LS_401_AL,sensor,selected_sensor_delta,1.0,5.98,9.0,((2_FIC_401_CO * 1_MV_004_STATUS) * 2_FIC_601_CO) * (2_MV_003_STATUS * 4.5439656e-8),-0.0014167605552886,5.777708620498893,0.011701026360304794,1.6629169433676225,1.7328890810022453,1.6629169433676225,1.414262256890184,0.0,0.0,0.0,0,0
geco_matched_plus_actuator_persistence,2_LS_501_AH,sensor,selected_sensor_delta,1.0,5.98,1.0,9.999286e-5,-9.303286732964544e-05,1.0,0.01057280686784378,3.580687468246251,3.643912853315957,3.580687468246251,1.811289362138813,0.0,0.0,0.0,0,0
geco_matched_plus_actuator_persistence,2_LS_501_AL,sensor,selected_sensor_delta,1.0,5.98,5.0,(2_FQ_401_PV - 2_FQ_101_PV) * 2A_AIT_002_PV,-0.0151335992731873,2.571116455665051e-32,0.011420730252754334,20.839628139260423,20.907924106171894,20.839628139260423,4.153981333017071,0.0,0.0,0.0,0,0
geco_matched_plus_actuator_persistence,2_LS_601_AH,sensor,selected_sensor_delta,1.0,5.98,9.0,2_LS_301_AH * ((2_FIC_501_SP - 0.22000383) * (2_FIT_001_PV * 2_FIC_401_SP)),0.0,0.0,0.01137293638321413,56.50667170990304,56.57468186947466,56.50667170990304,1.6701848448867902,0.0,0.0,0.0,0,0
geco_matched_plus_actuator_persistence,2_LS_601_AL,sensor,selected_sensor_delta,1.0,5.98,5.0,(2B_AIT_003_PV * -0.0038763508) + 0.033448044,-0.0022001244809992,4.797744669484077,0.010188883403531176,1.773667981650679,1.8345975044037954,1.773667981650679,1.6563197500556504,0.0,0.0,0.0,0,0
geco_matched_plus_actuator_persistence,2_LT_002_PV,sensor,selected_sensor_delta,1.0,5.98,5.0,(TOTAL_CONS_REQUIRED_FLOW - 2_FIT_001_PV) * -0.03581529,0.0202287766691278,24.794094900339346,0.15304194999487877,4.722372057638113,5.637562918607488,4.722372057638113,5.637562918607488,0.005613425925925926,0.00028852410710997065,0.09321349222379317,39,193
geco_matched_plus_actuator_persistence,2_MCV_007_CO,sensor,selected_sensor_delta,1.0,5.98,3.0,3_P_003_STATUS - 2_MV_002_STATUS,,0.0,1e-06,1e-06,6.98e-06,0.0,6.98e-06,0.0010416666666666667,0.00011049859421232919,0.016360331246212886,29,12
geco_matched_plus_actuator_persistence,2_P_003_SPEED,sensor,selected_sensor_delta,1.0,5.98,1.0,2_P_004_SPEED,0.000302468603613,1.2555573934924376,1.1749209730634267,76.31310160629911,83.33912902521841,76.31310160629911,74.90048855516326,0.0,0.0,0.0,0,0
geco_matched_plus_actuator_persistence,2_PIC_003_CO,sensor,selected_sensor_delta,1.0,5.98,7.0,((2_PIC_003_PV - 2_MV_006_STATUS) + 0.92499703) * 0.515833,0.0239900981892037,32.36284519360931,0.624249617240662,839.3535704720965,843.0865831831957,839.3535704720965,68.28561631553673,0.0,0.0,0.0,0,0
geco_matched_plus_actuator_persistence,2_PIC_003_PV,sensor,selected_sensor_delta,1.0,5.98,7.0,(2_PIC_003_PV + (0.9200428 - 2_MV_006_STATUS)) * -0.06421421,0.0198915417593883,26.39547806641177,0.06264419974295483,160.00347455772206,160.37808687218492,160.00347455772206,7.018815523038089,0.0,0.0,0.0,0,0
geco_matched_plus_actuator_persistence,2_PIT_001_PV,sensor,selected_sensor_delta,1.0,5.98,5.0,1.1427776 - (2_DPIT_001_PV * 0.0004586949),0.006621193393292,10.36563242243466,0.3894949934835992,67.6588056805345,69.98798574156642,67.6588056805345,69.98798574156642,0.00018518518518518518,0.000196441945266363,0.0,1,32
geco_matched_plus_actuator_persistence,2_PIT_002_PV,sensor,selected_sensor_delta,1.0,5.98,5.0,(2_DPIT_001_PV * -0.003075006) + 7.663425,0.0050784784743534,9.060265717850797,2.2764557660727176,416.1244874636394,429.73769294475426,416.1244874636394,429.73769294475426,0.0002314814814814815,0.00024555243158295374,0.0,1,40
geco_matched_plus_actuator_persistence,2_PIT_003_PV,sensor,selected_sensor_delta,1.0,5.98,7.0,((2_MV_006_STATUS - 2_PIC_003_PV) + -0.9245177) * 0.057637595,0.0175529740100325,29.471299638718875,0.062284469291722,119.39489571080095,119.76735683716545,119.39489571080095,7.435230275214128,0.0,0.0,0.0,0,0
geco_matched_plus_actuator_persistence,2A_AIT_001_PV,sensor,selected_sensor_delta,1.0,5.98,1.0,1.9560876e-7,-8.863622583454855e-06,1.0,0.00016305843894173642,0.25308886723666113,0.2540639567015327,0.25308886723666113,0.0021141292319017545,0.0,0.0,0.0,0,0
geco_matched_plus_actuator_persistence,2A_AIT_002_PV,sensor,selected_sensor_delta,1.0,5.98,7.0,((2_MCV_101_CO * -0.023470242) * 2A_AIT_002_PV) * 2A_AIT_002_PV,-0.0475475253455481,1.101981112345036e-32,0.16387552169973232,578.7446722709782,579.7246478907426,578.7446722709782,4.068106360617694,0.0,0.0,0.0,0,0
geco_matched_plus_actuator_persistence,2A_AIT_003_PV,sensor,selected_sensor_delta,1.0,5.98,7.0,2_FIC_201_PV * (2A_AIT_002_PV * (-0.33989054 * 2_FIT_002_PV)),-0.0012282912975181,0.0,0.003720484015034855,1.0893661719368242,1.1116146663467326,1.0893661719368242,0.686988340776312,0.0,0.0,0.0,0,0
geco_matched_plus_actuator_persistence,2B_AIT_001_PV,sensor,selected_sensor_delta,1.0,5.98,5.0,2_LS_201_AH * (2_MCV_501_CO * 4.5408036e-5),-0.0044911897181842,0.0,7.71827333816407e-05,0.01543736836691549,0.0158989211125377,0.01543736836691549,0.012964592355746929,0.0,0.0,0.0,0,0
geco_matched_plus_actuator_persistence,3_AIT_001_PV,sensor,selected_sensor_delta,1.0,5.98,1.0,0.0,0.0,0.0,0.00020841843969419892,0.16671046547529805,0.16795680774466937,0.16671046547529805,0.0,0.0,0.0,0.0,0,0
geco_matched_plus_actuator_persistence,3_AIT_003_PV,sensor,selected_sensor_delta,1.0,5.98,3.0,3_AIT_003_PV * -0.09685825,0.036160234996091,32.561618656036444,6.3235121918570645,54.7141064788809,92.52870938618615,54.7141064788809,48.5708259273197,0.0,0.0,0.0,0,0
geco_matched_plus_actuator_persistence,3_AIT_004_PV,sensor,selected_sensor_delta,1.0,5.98,5.0,(3_AIT_004_PV * -0.22340244) + 2_PIT_001_PV,0.0705906221904001,19.22637520277597,455.9909960478907,6764.188523020091,9491.014679386477,6764.188523020091,4527.302069542882,0.0,0.0,0.0,0,0
geco_matched_plus_actuator_persistence,3_AIT_005_PV,sensor,selected_sensor_delta,1.0,5.98,1.0,1.665455e-5,-0.0001843146077267,17.391272839636848,0.0015296999915492212,1.2290070329149956,1.23815463886446,1.2290070329149956,0.31388459112275385,0.0,0.0,0.0,0,0
geco_matched_plus_actuator_persistence,3_LS_001_AL,sensor,selected_sensor_delta,1.0,5.98,3.0,1_LS_001_AL - 1_LS_001_AL,,0.0,1e-06,1e-06,6.98e-06,0.0,0.0,0.0,0.0,0.0,0,0
geco_matched_plus_actuator_persistence,LEAK_DIFF_PRESSURE,sensor,selected_sensor_delta,1.0,5.98,7.0,2_FIT_003_PV + ((LEAK_DIFF_PRESSURE * -0.11256748) + 6.922297),0.0315872021934814,16.788538020673613,1.911347078561208,255.21555383533064,266.6454093651267,255.21555383533064,235.61947492026877,0.0,0.0,0.0,0,0
geco_matched_plus_actuator_persistence,PLANT_START_STOP_LOG,sensor,selected_sensor_delta,1.0,5.98,3.0,2_MCV_007_CO * 2_MCV_007_CO,,0.0,1e-06,1e-06,6.98e-06,0.0,6.98e-06,0.00902199074074074,0.00011049859421232919,0.15562512623712382,3,630
geco_matched_plus_actuator_persistence,1_MV_001_STATUS,actuator,actuator_persistence,1.0,5.98,1.0,1_MV_001_STATUS,,,0.04056415846780728,11.065276628622676,11.307850296260163,11.065276628622676,11.307850296260163,0.0014641203703703704,3.6832864737443065e-05,0.024944455665522117,27,34
geco_matched_plus_actuator_persistence,1_MV_004_STATUS,actuator,actuator_persistence,1.0,5.98,1.0,1_MV_004_STATUS,,,0.04067319042827918,11.054700528456905,11.297926207218016,11.054700528456905,2.755960857430325,0.0,0.0,0.0,0,0
geco_matched_plus_actuator_persistence,1_P_001_STATUS,actuator,actuator_persistence,1.0,5.98,1.0,1_P_001_STATUS,,,0.01803574328798211,3.340711617505649,3.448565362367782,3.340711617505649,3.448565362367782,0.0008969907407407407,0.0,0.01565340335285801,25,11
geco_matched_plus_actuator_persistence,1_P_002_STATUS,actuator,actuator_persistence,1.0,5.98,1.0,1_P_002_STATUS,,,1e-06,1e-06,6.98e-06,0.0,0.0,0.0,0.0,0.0,0,0
geco_matched_plus_actuator_persistence,1_P_003_STATUS,actuator,actuator_persistence,1.0,5.98,1.0,1_P_003_STATUS,,,0.01803574328798211,3.340711617505649,3.448565362367782,3.340711617505649,3.448565362367782,0.0008969907407407407,0.0,0.01565340335285801,25,11
geco_matched_plus_actuator_persistence,1_P_004_STATUS,actuator,actuator_persistence,1.0,5.98,1.0,1_P_004_STATUS,,,1e-06,1e-06,6.98e-06,0.0,0.0,0.0,0.0,0.0,0,0
geco_matched_plus_actuator_persistence,1_P_005_STATUS,actuator,actuator_persistence,1.0,5.98,1.0,1_P_005_STATUS,,,0.040709690311655826,2.127354245663834,2.370798193727536,2.127354245663834,2.370798193727536,0.0002025462962962963,0.0,0.003534639466774389,4,12
geco_matched_plus_actuator_persistence,1_P_006_STATUS,actuator,actuator_persistence,1.0,5.98,1.0,1_P_006_STATUS,,,1e-06,1e-06,6.98e-06,0.0,6.98e-06,6.944444444444444e-05,3.6832864737443065e-05,0.000605938194304181,2,6
geco_matched_plus_actuator_persistence,2_MV_001_STATUS,actuator,actuator_persistence,1.0,5.98,1.0,2_MV_001_STATUS,,,1e-06,1e-06,6.98e-06,0.0,0.0,0.0,0.0,0.0,0,0
geco_matched_plus_actuator_persistence,2_MV_002_STATUS,actuator,actuator_persistence,1.0,5.98,1.0,2_MV_002_STATUS,,,1e-06,1e-06,6.98e-06,0.0,0.0,0.0,0.0,0.0,0,0
geco_matched_plus_actuator_persistence,2_MV_003_STATUS,actuator,actuator_persistence,1.0,5.98,1.0,2_MV_003_STATUS,,,0.09216863911203314,7.760242600846465,8.311411062736424,7.760242600846465,8.311411062736424,0.00041087962962962964,3.6832864737443065e-05,0.0065643304382952935,4,51
geco_matched_plus_actuator_persistence,2_MV_004_STATUS,actuator,actuator_persistence,1.0,5.98,1.0,2_MV_004_STATUS,,,1e-06,1e-06,6.98e-06,0.0,0.0,0.0,0.0,0.0,0,0
geco_matched_plus_actuator_persistence,2_MV_005_STATUS,actuator,actuator_persistence,1.0,5.98,1.0,2_MV_005_STATUS,,,1e-06,1e-06,6.98e-06,0.0,0.0,0.0,0.0,0.0,0,0
geco_matched_plus_actuator_persistence,2_MV_006_STATUS,actuator,actuator_persistence,1.0,5.98,1.0,2_MV_006_STATUS,,,0.08828073019980047,4.499227586603395,5.0271463531982015,4.499227586603395,4.410946856403594,0.0,0.0,0.0,0,0
geco_matched_plus_actuator_persistence,2_MV_009_STATUS,actuator,actuator_persistence,1.0,5.98,1.0,2_MV_009_STATUS,,,1e-06,1e-06,6.98e-06,0.0,0.0,0.0,0.0,0.0,0,0
geco_matched_plus_actuator_persistence,2_MV_101_STATUS,actuator,actuator_persistence,1.0,5.98,1.0,2_MV_101_STATUS,,,0.02492577904561714,2.8504453257262976,2.999501484419088,2.8504453257262976,2.8504453257262976,0.0,0.0,0.0,0,0
geco_matched_plus_actuator_persistence,2_MV_201_STATUS,actuator,actuator_persistence,1.0,5.98,1.0,2_MV_201_STATUS,,,0.023317454840228517,2.8600952709586287,2.9995336509031953,2.8600952709586287,2.8600952709586287,0.0,0.0,0.0,0,0
geco_matched_plus_actuator_persistence,2_MV_301_STATUS,actuator,actuator_persistence,1.0,5.98,1.0,2_MV_301_STATUS,,,0.02189085756575435,2.8686548546054738,2.9995621828486847,2.8686548546054738,2.8686548546054738,0.0,0.0,0.0,0,0
geco_matched_plus_actuator_persistence,2_MV_401_STATUS,actuator,actuator_persistence,1.0,5.98,1.0,2_MV_401_STATUS,,,0.04256249555772995,4.78675023099804,5.041273954433265,4.78675023099804,3.2338750799608595,0.0,0.0,0.0,0,0
geco_matched_plus_actuator_persistence,2_MV_501_STATUS,actuator,actuator_persistence,1.0,5.98,1.0,2_MV_501_STATUS,,,0.03629246408107271,5.330546652270657,5.547575587475472,5.330546652270657,2.782245215513564,0.0,0.0,0.0,0,0
geco_matched_plus_actuator_persistence,2_MV_601_STATUS,actuator,actuator_persistence,1.0,5.98,1.0,2_MV_601_STATUS,,,0.022086190873586854,2.867482854758479,2.9995582761825283,2.867482854758479,2.867482854758479,0.0,0.0,0.0,0,0
geco_matched_plus_actuator_persistence,2_P_003_STATUS,actuator,actuator_persistence,1.0,5.98,1.0,2_P_003_STATUS,,,0.03892715311945345,1.766437081283279,1.9992214569376108,1.766437081283279,1.766437081283279,0.0,0.0,0.0,0,0
geco_matched_plus_actuator_persistence,2_P_004_STATUS,actuator,actuator_persistence,1.0,5.98,1.0,2_P_004_STATUS,,,1e-06,1e-06,6.98e-06,0.0,0.0,0.0,0.0,0.0,0,0
geco_matched_plus_actuator_persistence,2_SV_101_STATUS,actuator,actuator_persistence,1.0,5.98,1.0,2_SV_101_STATUS,,,1e-06,1e-06,6.98e-06,0.0,0.0,0.0,0.0,0.0,0,0
geco_matched_plus_actuator_persistence,2_SV_201_STATUS,actuator,actuator_persistence,1.0,5.98,1.0,2_SV_201_STATUS,,,1e-06,1e-06,6.98e-06,0.0,0.0,0.0,0.0,0.0,0,0
geco_matched_plus_actuator_persistence,2_SV_301_STATUS,actuator,actuator_persistence,1.0,5.98,1.0,2_SV_301_STATUS,,,1e-06,1e-06,6.98e-06,0.0,0.0,0.0,0.0,0.0,0,0
geco_matched_plus_actuator_persistence,2_SV_401_STATUS,actuator,actuator_persistence,1.0,5.98,1.0,2_SV_401_STATUS,,,1e-06,1e-06,6.98e-06,0.0,0.0,0.0,0.0,0.0,0,0
geco_matched_plus_actuator_persistence,2_SV_501_STATUS,actuator,actuator_persistence,1.0,5.98,1.0,2_SV_501_STATUS,,,1e-06,1e-06,6.98e-06,0.0,0.0,0.0,0.0,0.0,0,0
geco_matched_plus_actuator_persistence,2_SV_601_STATUS,actuator,actuator_persistence,1.0,5.98,1.0,2_SV_601_STATUS,,,1e-06,1e-06,6.98e-06,0.0,0.0,0.0,0.0,0.0,0,0
geco_matched_plus_actuator_persistence,3_MV_001_STATUS,actuator,actuator_persistence,1.0,5.98,1.0,3_MV_001_STATUS,,,1e-06,1e-06,6.98e-06,0.0,0.0,0.0,0.0,0.0,0,0
geco_matched_plus_actuator_persistence,3_MV_002_STATUS,actuator,actuator_persistence,1.0,5.98,1.0,3_MV_002_STATUS,,,1e-06,1e-06,6.98e-06,0.0,0.0,0.0,0.0,0.0,0,0
geco_matched_plus_actuator_persistence,3_MV_003_STATUS,actuator,actuator_persistence,1.0,5.98,1.0,3_MV_003_STATUS,,,1e-06,1e-06,6.98e-06,0.0,0.0,0.0,0.0,0.0,0,0
geco_matched_plus_actuator_persistence,3_P_001_STATUS,actuator,actuator_persistence,1.0,5.98,1.0,3_P_001_STATUS,,,1e-06,1e-06,6.98e-06,0.0,0.0,0.0,0.0,0.0,0,0
geco_matched_plus_actuator_persistence,3_P_002_STATUS,actuator,actuator_persistence,1.0,5.98,1.0,3_P_002_STATUS,,,1e-06,1e-06,6.98e-06,0.0,0.0,0.0,0.0,0.0,0,0
geco_matched_plus_actuator_persistence,3_P_003_STATUS,actuator,actuator_persistence,1.0,5.98,1.0,3_P_003_STATUS,,,1e-06,1e-06,6.98e-06,0.0,0.0,0.0,0.0,0.0,0,0
geco_matched_plus_actuator_persistence,3_P_004_STATUS,actuator,actuator_persistence,1.0,5.98,1.0,3_P_004_STATUS,,,1e-06,1e-06,6.98e-06,0.0,0.0,0.0,0.0,0.0,0,0
geco_matched_plus_actuator_persistence,1_AIT_002_PV,sensor,selected_sensor_delta,1.0,9.74,5.0,0.015316334 - (1_AIT_002_PV * 0.024466293),0.0119052665651211,41.73000224731814,0.016198173266754025,4.586298998857225,4.744069206475409,4.586298998857225,4.744069206475409,0.0043287037037037035,0.000313079350268266,0.07038982023833569,1,748
geco_matched_plus_actuator_persistence,1_AIT_004_PV,sensor,selected_sensor_delta,1.0,9.74,3.0,3_AIT_004_PV * -5.4525193e-5,-0.0001992524296718,4.910153218946012,2.8444196394286245,1020.1316847339061,1047.836332021941,1020.1316847339061,933.8179709712217,0.0,0.0,0.0,0,0
geco_matched_plus_actuator_persistence,1_AIT_005_PV,sensor,selected_sensor_delta,1.0,9.74,5.0,(1_FIT_001_PV - 1_AIT_002_PV) * -3.9571616e-5,0.0023463384738832,12.40172474664917,0.0005404796966590669,0.06749613716547519,0.07276040941093449,0.06749613716547519,0.040270004949606274,0.0,0.0,0.0,0,0
geco_matched_plus_actuator_persistence,1_FIT_001_PV,sensor,selected_sensor_delta,1.0,9.74,7.0,((1_LT_001_PV * 1_P_001_STATUS) * -0.0001994969) + 0.014458983,-0.0179323441933463,11.85813818130814,0.03840313085817598,6.9392831132583845,7.3133296078170185,6.9392831132583845,7.3133296078170185,0.003952546296296296,7.980454026445997e-05,0.06766309836396688,25,212
geco_matched_plus_actuator_persistence,1_LS_001_AL,sensor,selected_sensor_delta,1.0,9.74,3.0,0.030378316 - 0.030378316,,0.0,1e-06,1e-06,1.074e-05,0.0,0.0,0.0,0.0,0.0,0,0
geco_matched_plus_actuator_persistence,1_LS_002_AL,sensor,selected_sensor_delta,1.0,9.74,3.0,-0.021763658 - -0.021763658,,0.0,1e-06,1e-06,1.074e-05,0.0,0.0,0.0,0.0,0.0,0,0
geco_matched_plus_actuator_persistence,2_DPIT_001_PV,sensor,selected_sensor_delta,1.0,9.74,3.0,88.35751 - 2_PIT_002_PV,0.008482119469839,9.66778276190117,43.256756319788046,6493.528032513559,6914.848839068294,6493.528032513559,6914.848839068294,0.00021412037037037038,0.00022713599921423222,0.0,1,37
geco_matched_plus_actuator_persistence,2_FIC_101_CO,sensor,selected_sensor_delta,1.0,9.74,3.0,2_FQ_101_PV * -0.3397043,0.0150389194041339,34.150938108826395,0.5275863868982411,98.39641488030075,103.53510628868962,98.39641488030075,80.61268401614372,0.0,0.0,0.0,0,0
geco_matched_plus_actuator_persistence,2_FIC_101_PV,sensor,selected_sensor_delta,1.0,9.74,3.0,2_FIC_101_PV * -0.016046675,0.002252916125048,18.49348773225588,0.02979673568732669,5.605347951880746,5.895568157475308,5.605347951880746,3.974709597218389,0.0,0.0,0.0,0,0
geco_matched_plus_actuator_persistence,2_FIC_101_SP,sensor,selected_sensor_delta,1.0,9.74,15.0,((2_MV_003_STATUS - 1_MV_001_STATUS) * (2_FIC_201_PV * (3_AIT_001_PV * 2_P_004_SPEED))) * (2.3499095 * (2_MV_009_STATUS - 2_MV_003_STATUS)),-9.112138177336249e-08,0.0,0.0017891865730764527,0.836514554045808,0.8539412312675726,0.836514554045808,0.28821081253285386,0.0,0.0,0.0,0,0
geco_matched_plus_actuator_persistence,2_FIC_201_CO,sensor,selected_sensor_delta,1.0,9.74,3.0,2_FQ_201_PV * -0.25967506,0.0115003398980684,41.3791240636834,0.37493504907663644,94.24273049171381,97.89459786972026,94.24273049171381,97.89459786972026,0.0003935185185185185,0.0004174391336910214,0.0,2,66
geco_matched_plus_actuator_persistence,2_FIC_201_PV,sensor,selected_sensor_delta,1.0,9.74,7.0,(2_FQ_201_PV * 2_FIC_401_PV) * (-0.04007296 - 2_LS_201_AH),0.0034190508627743,39.845894609586814,0.020632148889052914,8.230942459698692,8.431899589878068,8.230942459698692,4.876911715521573,0.0,0.0,0.0,0,0
geco_matched_plus_actuator_persistence,2_FIC_201_SP,sensor,selected_sensor_delta,1.0,9.74,11.0,((2_MV_003_STATUS - 1_P_005_STATUS) * ((2_P_004_SPEED * 3_AIT_001_PV) * 1_FIT_001_PV)) * 2_MV_101_STATUS,-2.3749495703384582e-09,0.0,0.0016237224631009655,0.3183762629337611,0.3341913197243645,0.3183762629337611,0.2383762870736422,0.0,0.0,0.0,0,0
geco_matched_plus_actuator_persistence,2_FIC_301_PV,sensor,selected_sensor_delta,1.0,9.74,3.0,2_FIC_601_PV * -0.009515096,-0.0036792547368171,17.746108309561812,0.020480065128239675,4.970382824452958,5.169858658802013,4.970382824452958,5.163894476575684,6.944444444444444e-05,7.366572947488613e-05,0.0,2,10
geco_matched_plus_actuator_persistence,2_FIC_301_SP,sensor,selected_sensor_delta,1.0,9.74,13.0,1_FIT_001_PV * ((((4.6891226e-5 * 2_FIC_301_CO) * 2_LS_201_AH) * 4.6891226e-5) * (2_FIC_501_CO * 3_AIT_004_PV)),-0.0308985748156576,0.0,0.002078101798552482,0.9619526404002053,0.9821933519181065,0.9619526404002053,0.25792190356586553,0.0,0.0,0.0,0,0
geco_matched_plus_actuator_persistence,2_FIC_401_CO,sensor,selected_sensor_delta,1.0,9.74,3.0,2_FQ_401_PV * -0.28900453,0.0068262290096441,31.49156173004372,0.5152049430767641,82.70959778401438,87.72769392958206,82.70959778401438,87.72769392958206,0.00046875,0.0004972436739554813,0.0,9,33
geco_matched_plus_actuator_persistence,2_FIC_401_PV,sensor,selected_sensor_delta,1.0,9.74,9.0,2_FQ_401_PV * (((2B_AIT_001_PV * 2_FIC_501_SP) + -0.073952936) * 2_FIC_401_PV),-0.0136811757617747,42.44627371380358,0.030358977164082257,7.27578752573929,7.57148396331745,7.27578752573929,5.517591368486072,0.0,0.0,0.0,0,0
geco_matched_plus_actuator_persistence,2_FIC_401_SP,sensor,selected_sensor_delta,1.0,9.74,11.0,(3_AIT_001_PV * ((3_FIT_001_PV + -0.5745507) * (1_P_005_STATUS - 2_MV_003_STATUS))) * 1_FIT_001_PV,-2.5924091762163926e-09,0.0,0.001662038620217033,0.527161375735095,0.5433496318960089,0.527161375735095,0.24833797628094417,0.0,0.0,0.0,0,0
geco_matched_plus_actuator_persistence,2_FIC_501_PV,sensor,selected_sensor_delta,1.0,9.74,3.0,2_FIC_501_PV * -0.019195596,-0.0080578702045512,13.110728544786658,0.023499944593588378,5.65539790751458,5.884287367856131,5.65539790751458,5.884287367856131,9.837962962962963e-05,0.00010435978342275535,0.0,1,17
geco_matched_plus_actuator_persistence,2_FIC_601_CO,sensor,selected_sensor_delta,1.0,9.74,3.0,2_FQ_601_PV * -0.33139205,-0.0036177276086308,38.05090530847815,0.3690366250044411,105.04829529546862,108.64271202301188,105.04829529546862,100.55624201774286,0.0,0.0,0.0,0,0
geco_matched_plus_actuator_persistence,2_FIC_601_PV,sensor,selected_sensor_delta,1.0,9.74,3.0,2_FIC_601_PV * -0.01591041,-0.0054832129042694,19.98884073391906,0.020960186568226402,5.631733185996549,5.8358854031710745,5.631733185996549,4.815475964362502,0.0,0.0,0.0,0,0
geco_matched_plus_actuator_persistence,2_FIC_601_SP,sensor,selected_sensor_delta,1.0,9.74,13.0,(2_MCV_201_CO * ((1_MV_001_STATUS - 2_MV_003_STATUS) * 3_AIT_001_PV)) * (-0.00017899254 * (1_MV_001_STATUS - 2_MV_003_STATUS)),-6.513451999978771e-09,0.0,0.0020184410255506147,0.32798155718631006,0.34764117277517304,0.32798155718631006,0.31798154437131143,0.0,0.0,0.0,0,0
geco_matched_plus_actuator_persistence,2_FIT_001_PV,sensor,selected_sensor_delta,1.0,9.74,5.0,(2_MV_003_STATUS - 2_FIT_001_PV) * 0.021082245,-0.0272732956464449,1.6244499683380147,0.08943224896033541,4.44663372776004,5.317703832633707,4.44663372776004,5.317703832633707,0.0007986111111111112,0.0,0.013936578468996163,13,54
geco_matched_plus_actuator_persistence,2_FIT_002_PV,sensor,selected_sensor_delta,1.0,9.74,3.0,2_FQ_101_PV * -0.010027352,-0.001361467372912,19.48504475212655,0.013844316925125643,1.3784760777520122,1.513319724602736,1.3784760777520122,1.513319724602736,9.259259259259259e-05,9.82209726331815e-05,0.0,1,16
geco_matched_plus_actuator_persistence,2_FIT_003_PV,sensor,selected_sensor_delta,1.0,9.74,3.0,2_FIT_002_PV * 2_PIC_003_PV,0.0553370128865967,4.825827196131465,0.08662036534491208,7.374010856662298,8.217693215121741,7.374010856662298,8.217693215121741,0.0020486111111111113,0.0001289150265810507,0.03362956978388204,1,354
geco_matched_plus_actuator_persistence,2_FQ_101_PV,sensor,selected_sensor_delta,1.0,9.74,3.0,2_FIC_101_PV * -0.014559889,0.0034545247127396,19.51039912430314,0.029518715120822655,5.474850803892035,5.762363089168847,5.474850803892035,3.7794473133155058,0.0,0.0,0.0,0,0
geco_matched_plus_actuator_persistence,2_FQ_201_PV,sensor,selected_sensor_delta,1.0,9.74,1.0,0.00017188098,-7.82947853235072e-05,42.419670621221854,0.019914913082316514,4.443823770307641,4.637795023729404,4.443823770307641,4.637795023729404,6.36574074074074e-05,6.752691868531228e-05,0.0,1,11
geco_matched_plus_actuator_persistence,2_FQ_301_PV,sensor,selected_sensor_delta,1.0,9.74,3.0,2_FIC_301_PV * -0.009666798,0.0030450564846143,17.380916905003005,0.020423243574404518,5.236204090567147,5.435126482981848,5.236204090567147,5.170309152234473,0.0,0.0,0.0,0,0
geco_matched_plus_actuator_persistence,2_FQ_401_PV,sensor,selected_sensor_delta,1.0,9.74,3.0,2_FQ_401_PV * -0.016482946,0.0072349124829306,9.838222623484665,0.03102988210774329,5.328684773718165,5.630915825447585,5.328684773718165,5.046962987887681,0.0,0.0,0.0,0,0
geco_matched_plus_actuator_persistence,2_FQ_501_PV,sensor,selected_sensor_delta,1.0,9.74,3.0,2_FIC_501_PV * -0.014651568,-0.0011197778128997,14.59205286561609,0.02297279909369978,5.601135358794665,5.824890421967301,5.601135358794665,5.420083135880075,0.0,0.0,0.0,0,0
geco_matched_plus_actuator_persistence,2_FQ_601_PV,sensor,selected_sensor_delta,1.0,9.74,3.0,2_FIC_601_PV * -0.021256251,-0.0140299318532872,15.7930218718151,0.021655684862108213,5.7857476112170385,5.996673981773973,5.7857476112170385,4.870014111900411,0.0,0.0,0.0,0,0
geco_matched_plus_actuator_persistence,2_LS_101_AH,sensor,selected_sensor_delta,1.0,9.74,9.0,((2_FQ_301_PV * 2_MV_101_STATUS) * (2_LS_101_AH - 1_MV_004_STATUS)) * 2_LS_101_AH,-0.1183975229998723,0.0,0.011789963000637876,11.869526914271773,11.984361153897986,11.869526914271773,2.5279678696062966,0.0,0.0,0.0,0,0
geco_matched_plus_actuator_persistence,2_LS_101_AL,sensor,selected_sensor_delta,1.0,9.74,7.0,(2_LS_101_AL * (3_AIT_001_PV * 2_FIC_101_PV)) * -20.992853,0.0,0.0,0.013714954292528232,46.51932105017216,46.65290470498138,46.51932105017216,1.1496728338632498,0.0,0.0,0.0,0,0
geco_matched_plus_actuator_persistence,2_LS_201_AH,sensor,selected_sensor_delta,1.0,9.74,7.0,(2_LS_501_AH * 2_LS_201_AH) * (1_MV_001_STATUS - 1.9999987),0.0,0.0,0.010755052489398766,10.827906160169617,10.932660371416361,10.827906160169617,1.8171641076802207,0.0,0.0,0.0,0,0
geco_matched_plus_actuator_persistence,2_LS_201_AL,sensor,selected_sensor_delta,1.0,9.74,5.0,(3_FIT_001_PV + -0.5867106) * 2_LS_201_AL,-0.0394394750394426,0.0,0.010531012041083483,6.879090836601506,6.981662893881659,6.879090836601506,3.5182206593404732,0.0,0.0,0.0,0,0
geco_matched_plus_actuator_persistence,2_LS_301_AH,sensor,selected_sensor_delta,1.0,9.74,11.0,(3_AIT_003_PV * ((2_FIC_201_PV * (2_FIC_301_SP * 2_LS_301_AH)) * -0.28339157)) * 2_FIT_001_PV,0.0,0.0,0.010381215458828894,15.04138865941043,15.142501697979423,15.04138865941043,1.8131381217410805,0.0,0.0,0.0,0,0
geco_matched_plus_actuator_persistence,2_LS_301_AL,sensor,selected_sensor_delta,1.0,9.74,9.0,(0.72565746 - 3_AIT_005_PV) * (2_LS_301_AL * (3_FIT_001_PV + -0.57262355)),0.0065613225673001,0.0,0.009818646678584217,10.316035048367477,10.411668667016887,10.316035048367477,3.8212904639444676,0.0,0.0,0.0,0,0
geco_matched_plus_actuator_persistence,2_LS_401_AH,sensor,selected_sensor_delta,1.0,9.74,9.0,2_LS_401_AH * (2_FIT_001_PV * ((1_FIT_001_PV * 2_MV_401_STATUS) * -0.024918532)),0.002531028671956,0.0,0.011690146501096944,8.763525863375914,8.877387890296598,8.763525863375914,7.791393179099645,0.0,0.0,0.0,0,0
geco_matched_plus_actuator_persistence,2_LS_401_AL,sensor,selected_sensor_delta,1.0,9.74,9.0,((2_FIC_401_CO * 1_MV_004_STATUS) * 2_FIC_601_CO) * (2_MV_003_STATUS * 4.5439656e-8),-0.0014167605552886,5.777708620498893,0.011701026360304794,1.6629169433676225,1.7768849401169913,1.6629169433676225,1.414262256890184,0.0,0.0,0.0,0,0
geco_matched_plus_actuator_persistence,2_LS_501_AH,sensor,selected_sensor_delta,1.0,9.74,1.0,9.999286e-5,-9.303286732964544e-05,1.0,0.01057280686784378,3.580687468246251,3.6836666071390494,3.580687468246251,1.811289362138813,0.0,0.0,0.0,0,0
geco_matched_plus_actuator_persistence,2_LS_501_AL,sensor,selected_sensor_delta,1.0,9.74,5.0,(2_FQ_401_PV - 2_FQ_101_PV) * 2A_AIT_002_PV,-0.0151335992731873,2.571116455665051e-32,0.011420730252754334,20.839628139260423,20.95086605192225,20.839628139260423,4.153981333017071,0.0,0.0,0.0,0,0
geco_matched_plus_actuator_persistence,2_LS_601_AH,sensor,selected_sensor_delta,1.0,9.74,9.0,2_LS_301_AH * ((2_FIC_501_SP - 0.22000383) * (2_FIT_001_PV * 2_FIC_401_SP)),0.0,0.0,0.01137293638321413,56.50667170990304,56.61744411027554,56.50667170990304,1.6701848448867902,0.0,0.0,0.0,0,0
geco_matched_plus_actuator_persistence,2_LS_601_AL,sensor,selected_sensor_delta,1.0,9.74,5.0,(2B_AIT_003_PV * -0.0038763508) + 0.033448044,-0.0022001244809992,4.797744669484077,0.010188883403531176,1.773667981650679,1.8729077060010728,1.773667981650679,1.6563197500556504,0.0,0.0,0.0,0,0
geco_matched_plus_actuator_persistence,2_LT_002_PV,sensor,selected_sensor_delta,1.0,9.74,5.0,(TOTAL_CONS_REQUIRED_FLOW - 2_FIT_001_PV) * -0.03581529,0.0202287766691278,24.794094900339346,0.15304194999487877,4.722372057638113,6.213000650588232,4.722372057638113,6.213000650588232,0.006857638888888889,0.0003560510257952829,0.11381539083013532,28,283
geco_matched_plus_actuator_persistence,2_MCV_007_CO,sensor,selected_sensor_delta,1.0,9.74,3.0,3_P_003_STATUS - 2_MV_002_STATUS,,0.0,1e-06,1e-06,1.074e-05,0.0,1.074e-05,0.001712962962962963,0.0001841643236872153,0.026863259947485358,29,16
geco_matched_plus_actuator_persistence,2_P_003_SPEED,sensor,selected_sensor_delta,1.0,9.74,1.0,2_P_004_SPEED,0.000302468603613,1.2555573934924376,1.1749209730634267,76.31310160629911,87.75683188393688,76.31310160629911,74.90048855516326,0.0,0.0,0.0,0,0
geco_matched_plus_actuator_persistence,2_PIC_003_CO,sensor,selected_sensor_delta,1.0,9.74,7.0,((2_PIC_003_PV - 2_MV_006_STATUS) + 0.92499703) * 0.515833,0.0239900981892037,32.36284519360931,0.624249617240662,839.3535704720965,845.4337617440206,839.3535704720965,68.28561631553673,0.0,0.0,0.0,0,0
geco_matched_plus_actuator_persistence,2_PIC_003_PV,sensor,selected_sensor_delta,1.0,9.74,7.0,(2_PIC_003_PV + (0.9200428 - 2_MV_006_STATUS)) * -0.06421421,0.0198915417593883,26.39547806641177,0.06264419974295483,160.00347455772206,160.61362906321844,160.00347455772206,7.018815523038089,0.0,0.0,0.0,0,0
geco_matched_plus_actuator_persistence,2_PIT_001_PV,sensor,selected_sensor_delta,1.0,9.74,5.0,1.1427776 - (2_DPIT_001_PV * 0.0004586949),0.006621193393292,10.36563242243466,0.3894949934835992,67.6588056805345,71.45248691706476,67.6588056805345,71.45248691706476,0.0002314814814814815,0.00024555243158295374,0.0,1,40
geco_matched_plus_actuator_persistence,2_PIT_002_PV,sensor,selected_sensor_delta,1.0,9.74,5.0,(2_DPIT_001_PV * -0.003075006) + 7.663425,0.0050784784743534,9.060265717850797,2.2764557660727176,416.1244874636394,438.2971666251877,416.1244874636394,438.2971666251877,0.0002719907407407407,0.00028852410710997065,0.0,1,47
geco_matched_plus_actuator_persistence,2_PIT_003_PV,sensor,selected_sensor_delta,1.0,9.74,7.0,((2_MV_006_STATUS - 2_PIC_003_PV) + -0.9245177) * 0.057637595,0.0175529740100325,29.471299638718875,0.062284469291722,119.39489571080095,120.00154644170233,119.39489571080095,7.435230275214128,0.0,0.0,0.0,0,0
geco_matched_plus_actuator_persistence,2A_AIT_001_PV,sensor,selected_sensor_delta,1.0,9.74,1.0,1.9560876e-7,-8.863622583454855e-06,1.0,0.00016305843894173642,0.25308886723666113,0.25467705643195365,0.25308886723666113,0.0021141292319017545,0.0,0.0,0.0,0,0
geco_matched_plus_actuator_persistence,2A_AIT_002_PV,sensor,selected_sensor_delta,1.0,9.74,7.0,((2_MCV_101_CO * -0.023470242) * 2A_AIT_002_PV) * 2A_AIT_002_PV,-0.0475475253455481,1.101981112345036e-32,0.16387552169973232,578.7446722709782,580.3408198523335,578.7446722709782,4.068106360617694,0.0,0.0,0.0,0,0
geco_matched_plus_actuator_persistence,2A_AIT_003_PV,sensor,selected_sensor_delta,1.0,9.74,7.0,2_FIC_201_PV * (2A_AIT_002_PV * (-0.33989054 * 2_FIT_002_PV)),-0.0012282912975181,0.0,0.003720484015034855,1.0893661719368242,1.1256036862432637,1.0893661719368242,0.686988340776312,0.0,0.0,0.0,0,0
geco_matched_plus_actuator_persistence,2B_AIT_001_PV,sensor,selected_sensor_delta,1.0,9.74,5.0,2_LS_201_AH * (2_MCV_501_CO * 4.5408036e-5),-0.0044911897181842,0.0,7.71827333816407e-05,0.01543736836691549,0.01618912819005267,0.01543736836691549,0.012964592355746929,0.0,0.0,0.0,0,0
geco_matched_plus_actuator_persistence,3_AIT_001_PV,sensor,selected_sensor_delta,1.0,9.74,1.0,0.0,0.0,0.0,0.00020841843969419892,0.16671046547529805,0.16874046107791954,0.16671046547529805,0.0,0.0,0.0,0.0,0,0
geco_matched_plus_actuator_persistence,3_AIT_003_PV,sensor,selected_sensor_delta,1.0,9.74,3.0,3_AIT_003_PV * -0.09685825,0.036160234996091,32.561618656036444,6.3235121918570645,54.7141064788809,116.3051152275687,54.7141064788809,48.5708259273197,0.0,0.0,0.0,0,0
geco_matched_plus_actuator_persistence,3_AIT_004_PV,sensor,selected_sensor_delta,1.0,9.74,5.0,(3_AIT_004_PV * -0.22340244) + 2_PIT_001_PV,0.0705906221904001,19.22637520277597,455.9909960478907,6764.188523020091,11205.540824526546,6764.188523020091,4527.302069542882,0.0,0.0,0.0,0,0
geco_matched_plus_actuator_persistence,3_AIT_005_PV,sensor,selected_sensor_delta,1.0,9.74,1.0,1.665455e-5,-0.0001843146077267,17.391272839636848,0.0015296999915492212,1.2290070329149956,1.243906310832685,1.2290070329149956,0.31388459112275385,0.0,0.0,0.0,0,0
geco_matched_plus_actuator_persistence,3_LS_001_AL,sensor,selected_sensor_delta,1.0,9.74,3.0,1_LS_001_AL - 1_LS_001_AL,,0.0,1e-06,1e-06,1.074e-05,0.0,0.0,0.0,0.0,0.0,0,0
geco_matched_plus_actuator_persistence,LEAK_DIFF_PRESSURE,sensor,selected_sensor_delta,1.0,9.74,7.0,2_FIT_003_PV + ((LEAK_DIFF_PRESSURE * -0.11256748) + 6.922297),0.0315872021934814,16.788538020673613,1.911347078561208,255.21555383533064,273.8320743805168,255.21555383533064,235.61947492026877,0.0,0.0,0.0,0,0
geco_matched_plus_actuator_persistence,PLANT_START_STOP_LOG,sensor,selected_sensor_delta,1.0,9.74,3.0,2_MCV_007_CO * 2_MCV_007_CO,,0.0,1e-06,1e-06,1.074e-05,0.0,1.074e-05,0.009091435185185185,0.0001841643236872153,0.15562512623712382,3,634
geco_matched_plus_actuator_persistence,1_MV_001_STATUS,actuator,actuator_persistence,1.0,9.74,1.0,1_MV_001_STATUS,,,0.04056415846780728,11.065276628622676,11.460371532099119,11.065276628622676,11.460371532099119,0.0020833333333333333,6.138810789573843e-05,0.03534639466774389,27,38
geco_matched_plus_actuator_persistence,1_MV_004_STATUS,actuator,actuator_persistence,1.0,9.74,1.0,1_MV_004_STATUS,,,0.04067319042827918,11.054700528456905,11.450857403228344,11.054700528456905,2.755960857430325,0.0,0.0,0.0,0,0
geco_matched_plus_actuator_persistence,1_P_001_STATUS,actuator,actuator_persistence,1.0,9.74,1.0,1_P_001_STATUS,,,0.01803574328798211,3.340711617505649,3.516379757130595,3.340711617505649,3.516379757130595,0.0014756944444444444,0.0,0.02575237325792769,25,15
geco_matched_plus_actuator_persistence,1_P_002_STATUS,actuator,actuator_persistence,1.0,9.74,1.0,1_P_002_STATUS,,,1e-06,1e-06,1.074e-05,0.0,0.0,0.0,0.0,0.0,0,0
geco_matched_plus_actuator_persistence,1_P_003_STATUS,actuator,actuator_persistence,1.0,9.74,1.0,1_P_003_STATUS,,,0.01803574328798211,3.340711617505649,3.516379757130595,3.340711617505649,3.516379757130595,0.0014756944444444444,0.0,0.02575237325792769,25,15
geco_matched_plus_actuator_persistence,1_P_004_STATUS,actuator,actuator_persistence,1.0,9.74,1.0,1_P_004_STATUS,,,1e-06,1e-06,1.074e-05,0.0,0.0,0.0,0.0,0.0,0,0
geco_matched_plus_actuator_persistence,1_P_005_STATUS,actuator,actuator_persistence,1.0,9.74,1.0,1_P_005_STATUS,,,0.040709690311655826,2.127354245663834,2.523866629299362,2.127354245663834,2.523866629299362,0.0002951388888888889,0.0,0.0051504746515855385,4,16
geco_matched_plus_actuator_persistence,1_P_006_STATUS,actuator,actuator_persistence,1.0,9.74,1.0,1_P_006_STATUS,,,1e-06,1e-06,1.074e-05,0.0,1.074e-05,0.00011574074074074075,6.138810789573843e-05,0.0010098969905069683,2,10
geco_matched_plus_actuator_persistence,2_MV_001_STATUS,actuator,actuator_persistence,1.0,9.74,1.0,2_MV_001_STATUS,,,1e-06,1e-06,1.074e-05,0.0,0.0,0.0,0.0,0.0,0,0
geco_matched_plus_actuator_persistence,2_MV_002_STATUS,actuator,actuator_persistence,1.0,9.74,1.0,2_MV_002_STATUS,,,1e-06,1e-06,1.074e-05,0.0,0.0,0.0,0.0,0.0,0,0
geco_matched_plus_actuator_persistence,2_MV_003_STATUS,actuator,actuator_persistence,1.0,9.74,1.0,2_MV_003_STATUS,,,0.09216863911203314,7.760242600846465,8.657965145797668,7.760242600846465,8.657965145797668,0.0005034722222222222,6.138810789573843e-05,0.007776206826903656,4,55
geco_matched_plus_actuator_persistence,2_MV_004_STATUS,actuator,actuator_persistence,1.0,9.74,1.0,2_MV_004_STATUS,,,1e-06,1e-06,1.074e-05,0.0,0.0,0.0,0.0,0.0,0,0
geco_matched_plus_actuator_persistence,2_MV_005_STATUS,actuator,actuator_persistence,1.0,9.74,1.0,2_MV_005_STATUS,,,1e-06,1e-06,1.074e-05,0.0,0.0,0.0,0.0,0.0,0,0
geco_matched_plus_actuator_persistence,2_MV_006_STATUS,actuator,actuator_persistence,1.0,9.74,1.0,2_MV_006_STATUS,,,0.08828073019980047,4.499227586603395,5.3590818987494515,4.499227586603395,4.410946856403594,0.0,0.0,0.0,0,0
geco_matched_plus_actuator_persistence,2_MV_009_STATUS,actuator,actuator_persistence,1.0,9.74,1.0,2_MV_009_STATUS,,,1e-06,1e-06,1.074e-05,0.0,0.0,0.0,0.0,0.0,0,0
geco_matched_plus_actuator_persistence,2_MV_101_STATUS,actuator,actuator_persistence,1.0,9.74,1.0,2_MV_101_STATUS,,,0.02492577904561714,2.8504453257262976,3.093222413630609,2.8504453257262976,2.8504453257262976,0.0,0.0,0.0,0,0
geco_matched_plus_actuator_persistence,2_MV_201_STATUS,actuator,actuator_persistence,1.0,9.74,1.0,2_MV_201_STATUS,,,0.023317454840228517,2.8600952709586287,3.0872072811024545,2.8600952709586287,2.8600952709586287,0.0,0.0,0.0,0,0
geco_matched_plus_actuator_persistence,2_MV_301_STATUS,actuator,actuator_persistence,1.0,9.74,1.0,2_MV_301_STATUS,,,0.02189085756575435,2.8686548546054738,3.0818718072959213,2.8686548546054738,2.8686548546054738,0.0,0.0,0.0,0,0
geco_matched_plus_actuator_persistence,2_MV_401_STATUS,actuator,actuator_persistence,1.0,9.74,1.0,2_MV_401_STATUS,,,0.04256249555772995,4.78675023099804,5.20130893773033,4.78675023099804,3.2338750799608595,0.0,0.0,0.0,0,0
geco_matched_plus_actuator_persistence,2_MV_501_STATUS,actuator,actuator_persistence,1.0,9.74,1.0,2_MV_501_STATUS,,,0.03629246408107271,5.330546652270657,5.684035252420305,5.330546652270657,2.782245215513564,0.0,0.0,0.0,0,0
geco_matched_plus_actuator_persistence,2_MV_601_STATUS,actuator,actuator_persistence,1.0,9.74,1.0,2_MV_601_STATUS,,,0.022086190873586854,2.867482854758479,3.082602353867215,2.867482854758479,2.867482854758479,0.0,0.0,0.0,0,0
geco_matched_plus_actuator_persistence,2_P_003_STATUS,actuator,actuator_persistence,1.0,9.74,1.0,2_P_003_STATUS,,,0.03892715311945345,1.766437081283279,2.145587552666756,1.766437081283279,1.766437081283279,0.0,0.0,0.0,0,0
geco_matched_plus_actuator_persistence,2_P_004_STATUS,actuator,actuator_persistence,1.0,9.74,1.0,2_P_004_STATUS,,,1e-06,1e-06,1.074e-05,0.0,0.0,0.0,0.0,0.0,0,0
geco_matched_plus_actuator_persistence,2_SV_101_STATUS,actuator,actuator_persistence,1.0,9.74,1.0,2_SV_101_STATUS,,,1e-06,1e-06,1.074e-05,0.0,0.0,0.0,0.0,0.0,0,0
geco_matched_plus_actuator_persistence,2_SV_201_STATUS,actuator,actuator_persistence,1.0,9.74,1.0,2_SV_201_STATUS,,,1e-06,1e-06,1.074e-05,0.0,0.0,0.0,0.0,0.0,0,0
geco_matched_plus_actuator_persistence,2_SV_301_STATUS,actuator,actuator_persistence,1.0,9.74,1.0,2_SV_301_STATUS,,,1e-06,1e-06,1.074e-05,0.0,0.0,0.0,0.0,0.0,0,0
geco_matched_plus_actuator_persistence,2_SV_401_STATUS,actuator,actuator_persistence,1.0,9.74,1.0,2_SV_401_STATUS,,,1e-06,1e-06,1.074e-05,0.0,0.0,0.0,0.0,0.0,0,0
geco_matched_plus_actuator_persistence,2_SV_501_STATUS,actuator,actuator_persistence,1.0,9.74,1.0,2_SV_501_STATUS,,,1e-06,1e-06,1.074e-05,0.0,0.0,0.0,0.0,0.0,0,0
geco_matched_plus_actuator_persistence,2_SV_601_STATUS,actuator,actuator_persistence,1.0,9.74,1.0,2_SV_601_STATUS,,,1e-06,1e-06,1.074e-05,0.0,0.0,0.0,0.0,0.0,0,0
geco_matched_plus_actuator_persistence,3_MV_001_STATUS,actuator,actuator_persistence,1.0,9.74,1.0,3_MV_001_STATUS,,,1e-06,1e-06,1.074e-05,0.0,0.0,0.0,0.0,0.0,0,0
geco_matched_plus_actuator_persistence,3_MV_002_STATUS,actuator,actuator_persistence,1.0,9.74,1.0,3_MV_002_STATUS,,,1e-06,1e-06,1.074e-05,0.0,0.0,0.0,0.0,0.0,0,0
geco_matched_plus_actuator_persistence,3_MV_003_STATUS,actuator,actuator_persistence,1.0,9.74,1.0,3_MV_003_STATUS,,,1e-06,1e-06,1.074e-05,0.0,0.0,0.0,0.0,0.0,0,0
geco_matched_plus_actuator_persistence,3_P_001_STATUS,actuator,actuator_persistence,1.0,9.74,1.0,3_P_001_STATUS,,,1e-06,1e-06,1.074e-05,0.0,0.0,0.0,0.0,0.0,0,0
geco_matched_plus_actuator_persistence,3_P_002_STATUS,actuator,actuator_persistence,1.0,9.74,1.0,3_P_002_STATUS,,,1e-06,1e-06,1.074e-05,0.0,0.0,0.0,0.0,0.0,0,0
geco_matched_plus_actuator_persistence,3_P_003_STATUS,actuator,actuator_persistence,1.0,9.74,1.0,3_P_003_STATUS,,,1e-06,1e-06,1.074e-05,0.0,0.0,0.0,0.0,0.0,0,0
geco_matched_plus_actuator_persistence,3_P_004_STATUS,actuator,actuator_persistence,1.0,9.74,1.0,3_P_004_STATUS,,,1e-06,1e-06,1.074e-05,0.0,0.0,0.0,0.0,0.0,0,0
geco_matched_plus_actuator_persistence,1_AIT_002_PV,sensor,selected_sensor_delta,1.0,15.0,5.0,0.015316334 - (1_AIT_002_PV * 0.024466293),0.0119052665651211,41.73000224731814,0.016198173266754025,4.586298998857225,4.829271597858535,4.586298998857225,4.829271597858535,0.004363425925925926,0.0003499122150057091,0.07038982023833569,1,754
geco_matched_plus_actuator_persistence,1_AIT_004_PV,sensor,selected_sensor_delta,1.0,15.0,3.0,3_AIT_004_PV * -5.4525193e-5,-0.0001992524296718,4.910153218946012,2.8444196394286245,1020.1316847339061,1062.7979793253355,1020.1316847339061,933.8179709712217,0.0,0.0,0.0,0,0
geco_matched_plus_actuator_persistence,1_AIT_005_PV,sensor,selected_sensor_delta,1.0,15.0,5.0,(1_FIT_001_PV - 1_AIT_002_PV) * -3.9571616e-5,0.0023463384738832,12.40172474664917,0.0005404796966590669,0.06749613716547519,0.07560333261536119,0.06749613716547519,0.040270004949606274,0.0,0.0,0.0,0,0
geco_matched_plus_actuator_persistence,1_FIT_001_PV,sensor,selected_sensor_delta,1.0,15.0,7.0,((1_LT_001_PV * 1_P_001_STATUS) * -0.0001994969) + 0.014458983,-0.0179323441933463,11.85813818130814,0.03840313085817598,6.9392831132583845,7.515330076131024,6.9392831132583845,7.515330076131024,0.004635416666666667,0.00011663740500190303,0.07897394465764492,19,306
geco_matched_plus_actuator_persistence,1_LS_001_AL,sensor,selected_sensor_delta,1.0,15.0,3.0,0.030378316 - 0.030378316,,0.0,1e-06,1e-06,1.6e-05,0.0,0.0,0.0,0.0,0.0,0,0
geco_matched_plus_actuator_persistence,1_LS_002_AL,sensor,selected_sensor_delta,1.0,15.0,3.0,-0.021763658 - -0.021763658,,0.0,1e-06,1e-06,1.6e-05,0.0,0.0,0.0,0.0,0.0,0,0
geco_matched_plus_actuator_persistence,2_DPIT_001_PV,sensor,selected_sensor_delta,1.0,15.0,3.0,88.35751 - 2_PIT_002_PV,0.008482119469839,9.66778276190117,43.256756319788046,6493.528032513559,7142.37937731038,6493.528032513559,7067.644661908868,0.0002546296296296296,0.0002701076747412491,0.0,1,44
geco_matched_plus_actuator_persistence,2_FIC_101_CO,sensor,selected_sensor_delta,1.0,15.0,3.0,2_FQ_101_PV * -0.3397043,0.0150389194041339,34.150938108826395,0.5275863868982411,98.39641488030075,106.31021068377437,98.39641488030075,80.61268401614372,0.0,0.0,0.0,0,0
geco_matched_plus_actuator_persistence,2_FIC_101_PV,sensor,selected_sensor_delta,1.0,15.0,3.0,2_FIC_101_PV * -0.016046675,0.002252916125048,18.49348773225588,0.02979673568732669,5.605347951880746,6.052298987190646,5.605347951880746,3.974709597218389,0.0,0.0,0.0,0,0
geco_matched_plus_actuator_persistence,2_FIC_101_SP,sensor,selected_sensor_delta,1.0,15.0,15.0,((2_MV_003_STATUS - 1_MV_001_STATUS) * (2_FIC_201_PV * (3_AIT_001_PV * 2_P_004_SPEED))) * (2.3499095 * (2_MV_009_STATUS - 2_MV_003_STATUS)),-9.112138177336249e-08,0.0,0.0017891865730764527,0.836514554045808,0.8633523526419548,0.836514554045808,0.28821081253285386,0.0,0.0,0.0,0,0
geco_matched_plus_actuator_persistence,2_FIC_201_CO,sensor,selected_sensor_delta,1.0,15.0,3.0,2_FQ_201_PV * -0.25967506,0.0115003398980684,41.3791240636834,0.37493504907663644,94.24273049171381,99.86675622786336,94.24273049171381,99.86675622786336,0.0005092592592592592,0.0005402153494824982,0.0,3,84
geco_matched_plus_actuator_persistence,2_FIC_201_PV,sensor,selected_sensor_delta,1.0,15.0,7.0,(2_FQ_201_PV * 2_FIC_401_PV) * (-0.04007296 - 2_LS_201_AH),0.0034190508627743,39.845894609586814,0.020632148889052914,8.230942459698692,8.540424693034486,8.230942459698692,4.876911715521573,0.0,0.0,0.0,0,0
geco_matched_plus_actuator_persistence,2_FIC_201_SP,sensor,selected_sensor_delta,1.0,15.0,11.0,((2_MV_003_STATUS - 1_P_005_STATUS) * ((2_P_004_SPEED * 3_AIT_001_PV) * 1_FIT_001_PV)) * 2_MV_101_STATUS,-2.3749495703384582e-09,0.0,0.0016237224631009655,0.3183762629337611,0.3427320998802756,0.3183762629337611,0.2383762870736422,0.0,0.0,0.0,0,0
geco_matched_plus_actuator_persistence,2_FIC_301_PV,sensor,selected_sensor_delta,1.0,15.0,3.0,2_FIC_601_PV * -0.009515096,-0.0036792547368171,17.746108309561812,0.020480065128239675,4.970382824452958,5.2775838013765535,4.970382824452958,5.163894476575684,6.944444444444444e-05,7.366572947488613e-05,0.0,2,10
geco_matched_plus_actuator_persistence,2_FIC_301_SP,sensor,selected_sensor_delta,1.0,15.0,13.0,1_FIT_001_PV * ((((4.6891226e-5 * 2_FIC_301_CO) * 2_LS_201_AH) * 4.6891226e-5) * (2_FIC_501_CO * 3_AIT_004_PV)),-0.0308985748156576,0.0,0.002078101798552482,0.9619526404002053,0.9931241673784925,0.9619526404002053,0.25792190356586553,0.0,0.0,0.0,0,0
geco_matched_plus_actuator_persistence,2_FIC_401_CO,sensor,selected_sensor_delta,1.0,15.0,3.0,2_FQ_401_PV * -0.28900453,0.0068262290096441,31.49156173004372,0.5152049430767641,82.70959778401438,90.43767193016583,82.70959778401438,89.62904282109717,0.0004918981481481481,0.0005217989171137767,0.0,9,33
geco_matched_plus_actuator_persistence,2_FIC_401_PV,sensor,selected_sensor_delta,1.0,15.0,9.0,2_FQ_401_PV * (((2B_AIT_001_PV * 2_FIC_501_SP) + -0.073952936) * 2_FIC_401_PV),-0.0136811757617747,42.44627371380358,0.030358977164082257,7.27578752573929,7.731172183200523,7.27578752573929,5.517591368486072,0.0,0.0,0.0,0,0
geco_matched_plus_actuator_persistence,2_FIC_401_SP,sensor,selected_sensor_delta,1.0,15.0,11.0,(3_AIT_001_PV * ((3_FIT_001_PV + -0.5745507) * (1_P_005_STATUS - 2_MV_003_STATUS))) * 1_FIT_001_PV,-2.5924091762163926e-09,0.0,0.001662038620217033,0.527161375735095,0.5520919550383505,0.527161375735095,0.24833797628094417,0.0,0.0,0.0,0,0
geco_matched_plus_actuator_persistence,2_FIC_501_PV,sensor,selected_sensor_delta,1.0,15.0,3.0,2_FIC_501_PV * -0.019195596,-0.0080578702045512,13.110728544786658,0.023499944593588378,5.65539790751458,6.007897076418406,5.65539790751458,6.007897076418406,0.00014467592592592592,0.0001534702697393461,0.0,1,25
geco_matched_plus_actuator_persistence,2_FIC_601_CO,sensor,selected_sensor_delta,1.0,15.0,3.0,2_FQ_601_PV * -0.33139205,-0.0036177276086308,38.05090530847815,0.3690366250044411,105.04829529546862,110.58384467053524,105.04829529546862,100.55624201774286,0.0,0.0,0.0,0,0
geco_matched_plus_actuator_persistence,2_FIC_601_PV,sensor,selected_sensor_delta,1.0,15.0,3.0,2_FIC_601_PV * -0.01591041,-0.0054832129042694,19.98884073391906,0.020960186568226402,5.631733185996549,5.9461359845199455,5.631733185996549,4.815475964362502,0.0,0.0,0.0,0,0
geco_matched_plus_actuator_persistence,2_FIC_601_SP,sensor,selected_sensor_delta,1.0,15.0,13.0,(2_MCV_201_CO * ((1_MV_001_STATUS - 2_MV_003_STATUS) * 3_AIT_001_PV)) * (-0.00017899254 * (1_MV_001_STATUS - 2_MV_003_STATUS)),-6.513451999978771e-09,0.0,0.0020184410255506147,0.32798155718631006,0.35825817256956927,0.32798155718631006,0.31798154437131143,0.0,0.0,0.0,0,0
geco_matched_plus_actuator_persistence,2_FIT_001_PV,sensor,selected_sensor_delta,1.0,15.0,5.0,(2_MV_003_STATUS - 2_FIT_001_PV) * 0.021082245,-0.0272732956464449,1.6244499683380147,0.08943224896033541,4.44663372776004,5.788117462165071,4.44663372776004,5.788117462165071,0.00109375,1.2277621579147688e-05,0.018885073722480307,15,83
geco_matched_plus_actuator_persistence,2_FIT_002_PV,sensor,selected_sensor_delta,1.0,15.0,3.0,2_FQ_101_PV * -0.010027352,-0.001361467372912,19.48504475212655,0.013844316925125643,1.3784760777520122,1.5861408316288967,1.3784760777520122,1.5861408316288967,0.0001273148148148148,0.00013505383737062455,0.0,1,22
geco_matched_plus_actuator_persistence,2_FIT_003_PV,sensor,selected_sensor_delta,1.0,15.0,3.0,2_FIT_002_PV * 2_PIC_003_PV,0.0553370128865967,4.825827196131465,0.08662036534491208,7.374010856662298,8.67331633683598,7.374010856662298,8.67331633683598,0.0020833333333333333,0.00016574789131849378,0.03362956978388204,1,360
geco_matched_plus_actuator_persistence,2_FQ_101_PV,sensor,selected_sensor_delta,1.0,15.0,3.0,2_FIC_101_PV * -0.014559889,0.0034545247127396,19.51039912430314,0.029518715120822655,5.474850803892035,5.917631530704375,5.474850803892035,3.7794473133155058,0.0,0.0,0.0,0,0
geco_matched_plus_actuator_persistence,2_FQ_201_PV,sensor,selected_sensor_delta,1.0,15.0,1.0,0.00017188098,-7.82947853235072e-05,42.419670621221854,0.019914913082316514,4.443823770307641,4.742547466542389,4.443823770307641,4.742547466542389,9.259259259259259e-05,9.82209726331815e-05,0.0,1,16
geco_matched_plus_actuator_persistence,2_FQ_301_PV,sensor,selected_sensor_delta,1.0,15.0,3.0,2_FIC_301_PV * -0.009666798,0.0030450564846143,17.380916905003005,0.020423243574404518,5.236204090567147,5.542552744183215,5.236204090567147,5.170309152234473,0.0,0.0,0.0,0,0
geco_matched_plus_actuator_persistence,2_FQ_401_PV,sensor,selected_sensor_delta,1.0,15.0,3.0,2_FQ_401_PV * -0.016482946,0.0072349124829306,9.838222623484665,0.03102988210774329,5.328684773718165,5.794133005334315,5.328684773718165,5.046962987887681,0.0,0.0,0.0,0,0
geco_matched_plus_actuator_persistence,2_FQ_501_PV,sensor,selected_sensor_delta,1.0,15.0,3.0,2_FIC_501_PV * -0.014651568,-0.0011197778128997,14.59205286561609,0.02297279909369978,5.601135358794665,5.9457273452001616,5.601135358794665,5.420083135880075,0.0,0.0,0.0,0,0
geco_matched_plus_actuator_persistence,2_FQ_601_PV,sensor,selected_sensor_delta,1.0,15.0,3.0,2_FIC_601_PV * -0.021256251,-0.0140299318532872,15.7930218718151,0.021655684862108213,5.7857476112170385,6.110582884148662,5.7857476112170385,4.870014111900411,0.0,0.0,0.0,0,0
geco_matched_plus_actuator_persistence,2_LS_101_AH,sensor,selected_sensor_delta,1.0,15.0,9.0,((2_FQ_301_PV * 2_MV_101_STATUS) * (2_LS_101_AH - 1_MV_004_STATUS)) * 2_LS_101_AH,-0.1183975229998723,0.0,0.011789963000637876,11.869526914271773,12.046376359281341,11.869526914271773,2.5279678696062966,0.0,0.0,0.0,0,0
geco_matched_plus_actuator_persistence,2_LS_101_AL,sensor,selected_sensor_delta,1.0,15.0,7.0,(2_LS_101_AL * (3_AIT_001_PV * 2_FIC_101_PV)) * -20.992853,0.0,0.0,0.013714954292528232,46.51932105017216,46.72504536456008,46.51932105017216,1.1496728338632498,0.0,0.0,0.0,0,0
geco_matched_plus_actuator_persistence,2_LS_201_AH,sensor,selected_sensor_delta,1.0,15.0,7.0,(2_LS_501_AH * 2_LS_201_AH) * (1_MV_001_STATUS - 1.9999987),0.0,0.0,0.010755052489398766,10.827906160169617,10.989231947510598,10.827906160169617,1.8171641076802207,0.0,0.0,0.0,0,0
geco_matched_plus_actuator_persistence,2_LS_201_AL,sensor,selected_sensor_delta,1.0,15.0,5.0,(3_FIT_001_PV + -0.5867106) * 2_LS_201_AL,-0.0394394750394426,0.0,0.010531012041083483,6.879090836601506,7.0370560172177585,6.879090836601506,3.5182206593404732,0.0,0.0,0.0,0,0
geco_matched_plus_actuator_persistence,2_LS_301_AH,sensor,selected_sensor_delta,1.0,15.0,11.0,(3_AIT_003_PV * ((2_FIC_201_PV * (2_FIC_301_SP * 2_LS_301_AH)) * -0.28339157)) * 2_FIT_001_PV,0.0,0.0,0.010381215458828894,15.04138865941043,15.197106891292863,15.04138865941043,1.8131381217410805,0.0,0.0,0.0,0,0
geco_matched_plus_actuator_persistence,2_LS_301_AL,sensor,selected_sensor_delta,1.0,15.0,9.0,(0.72565746 - 3_AIT_005_PV) * (2_LS_301_AL * (3_FIT_001_PV + -0.57262355)),0.0065613225673001,0.0,0.009818646678584217,10.316035048367477,10.46331474854624,10.316035048367477,3.8212904639444676,0.0,0.0,0.0,0,0
geco_matched_plus_actuator_persistence,2_LS_401_AH,sensor,selected_sensor_delta,1.0,15.0,9.0,2_LS_401_AH * (2_FIT_001_PV * ((1_FIT_001_PV * 2_MV_401_STATUS) * -0.024918532)),0.002531028671956,0.0,0.011690146501096944,8.763525863375914,8.93887806089237,8.763525863375914,7.791393179099645,0.0,0.0,0.0,0,0
geco_matched_plus_actuator_persistence,2_LS_401_AL,sensor,selected_sensor_delta,1.0,15.0,9.0,((2_FIC_401_CO * 1_MV_004_STATUS) * 2_FIC_601_CO) * (2_MV_003_STATUS * 4.5439656e-8),-0.0014167605552886,5.777708620498893,0.011701026360304794,1.6629169433676225,1.8384323387721944,1.6629169433676225,1.414262256890184,0.0,0.0,0.0,0,0
geco_matched_plus_actuator_persistence,2_LS_501_AH,sensor,selected_sensor_delta,1.0,15.0,1.0,9.999286e-5,-9.303286732964544e-05,1.0,0.01057280686784378,3.580687468246251,3.7392795712639075,3.580687468246251,1.811289362138813,0.0,0.0,0.0,0,0
geco_matched_plus_actuator_persistence,2_LS_501_AL,sensor,selected_sensor_delta,1.0,15.0,5.0,(2_FQ_401_PV - 2_FQ_101_PV) * 2A_AIT_002_PV,-0.0151335992731873,2.571116455665051e-32,0.011420730252754334,20.839628139260423,21.01093909305174,20.839628139260423,4.153981333017071,0.0,0.0,0.0,0,0
geco_matched_plus_actuator_persistence,2_LS_601_AH,sensor,selected_sensor_delta,1.0,15.0,9.0,2_LS_301_AH * ((2_FIC_501_SP - 0.22000383) * (2_FIT_001_PV * 2_FIC_401_SP)),0.0,0.0,0.01137293638321413,56.50667170990304,56.67726575565125,56.50667170990304,1.6701848448867902,0.0,0.0,0.0,0,0
geco_matched_plus_actuator_persistence,2_LS_601_AL,sensor,selected_sensor_delta,1.0,15.0,5.0,(2B_AIT_003_PV * -0.0038763508) + 0.033448044,-0.0022001244809992,4.797744669484077,0.010188883403531176,1.773667981650679,1.9265012327036466,1.773667981650679,1.6563197500556504,0.0,0.0,0.0,0,0
geco_matched_plus_actuator_persistence,2_LT_002_PV,sensor,selected_sensor_delta,1.0,15.0,5.0,(TOTAL_CONS_REQUIRED_FLOW - 2_FIT_001_PV) * -0.03581529,0.0202287766691278,24.794094900339346,0.15304194999487877,4.722372057638113,7.018001307561295,4.722372057638113,7.018001307561295,0.008055555555555555,0.0004481331876388906,0.13320541304786912,28,424
geco_matched_plus_actuator_persistence,2_MCV_007_CO,sensor,selected_sensor_delta,1.0,15.0,3.0,3_P_003_STATUS - 2_MV_002_STATUS,,0.0,1e-06,1e-06,1.6e-05,0.0,1.6e-05,0.002297453703703704,0.00027624648553082297,0.03554837406584528,17,111
geco_matched_plus_actuator_persistence,2_P_003_SPEED,sensor,selected_sensor_delta,1.0,15.0,1.0,2_P_004_SPEED,0.000302468603613,1.2555573934924376,1.1749209730634267,76.31310160629911,93.93691620225052,76.31310160629911,74.90048855516326,0.0,0.0,0.0,0,0
geco_matched_plus_actuator_persistence,2_PIC_003_CO,sensor,selected_sensor_delta,1.0,15.0,7.0,((2_PIC_003_PV - 2_MV_006_STATUS) + 0.92499703) * 0.515833,0.0239900981892037,32.36284519360931,0.624249617240662,839.3535704720965,848.7173147307064,839.3535704720965,68.28561631553673,0.0,0.0,0.0,0,0
geco_matched_plus_actuator_persistence,2_PIC_003_PV,sensor,selected_sensor_delta,1.0,15.0,7.0,(2_PIC_003_PV + (0.9200428 - 2_MV_006_STATUS)) * -0.06421421,0.0198915417593883,26.39547806641177,0.06264419974295483,160.00347455772206,160.9431375538664,160.00347455772206,7.018815523038089,0.0,0.0,0.0,0,0
geco_matched_plus_actuator_persistence,2_PIT_001_PV,sensor,selected_sensor_delta,1.0,15.0,5.0,1.1427776 - (2_DPIT_001_PV * 0.0004586949),0.006621193393292,10.36563242243466,0.3894949934835992,67.6588056805345,73.50123058278848,67.6588056805345,73.50123058278848,0.00028356481481481483,0.00030080172868911833,0.0,1,49
geco_matched_plus_actuator_persistence,2_PIT_002_PV,sensor,selected_sensor_delta,1.0,15.0,5.0,(2_DPIT_001_PV * -0.003075006) + 7.663425,0.0050784784743534,9.060265717850797,2.2764557660727176,416.1244874636394,450.2713239547302,416.1244874636394,450.2713239547302,0.00032407407407407406,0.00034377340421613524,0.0,1,56
geco_matched_plus_actuator_persistence,2_PIT_003_PV,sensor,selected_sensor_delta,1.0,15.0,7.0,((2_MV_006_STATUS - 2_PIC_003_PV) + -0.9245177) * 0.057637595,0.0175529740100325,29.471299638718875,0.062284469291722,119.39489571080095,120.32916275017678,119.39489571080095,7.435230275214128,0.0,0.0,0.0,0,0
geco_matched_plus_actuator_persistence,2A_AIT_001_PV,sensor,selected_sensor_delta,1.0,15.0,1.0,1.9560876e-7,-8.863622583454855e-06,1.0,0.00016305843894173642,0.25308886723666113,0.25553474382078717,0.25308886723666113,0.0021141292319017545,0.0,0.0,0.0,0,0
geco_matched_plus_actuator_persistence,2A_AIT_002_PV,sensor,selected_sensor_delta,1.0,15.0,7.0,((2_MCV_101_CO * -0.023470242) * 2A_AIT_002_PV) * 2A_AIT_002_PV,-0.0475475253455481,1.101981112345036e-32,0.16387552169973232,578.7446722709782,581.2028050964742,578.7446722709782,4.068106360617694,0.0,0.0,0.0,0,0
geco_matched_plus_actuator_persistence,2A_AIT_003_PV,sensor,selected_sensor_delta,1.0,15.0,7.0,2_FIC_201_PV * (2A_AIT_002_PV * (-0.33989054 * 2_FIT_002_PV)),-0.0012282912975181,0.0,0.003720484015034855,1.0893661719368242,1.145173432162347,1.0893661719368242,0.686988340776312,0.0,0.0,0.0,0,0
geco_matched_plus_actuator_persistence,2B_AIT_001_PV,sensor,selected_sensor_delta,1.0,15.0,5.0,2_LS_201_AH * (2_MCV_501_CO * 4.5408036e-5),-0.0044911897181842,0.0,7.71827333816407e-05,0.01543736836691549,0.0165951093676401,0.01543736836691549,0.012964592355746929,0.0,0.0,0.0,0,0
geco_matched_plus_actuator_persistence,3_AIT_001_PV,sensor,selected_sensor_delta,1.0,15.0,1.0,0.0,0.0,0.0,0.00020841843969419892,0.16671046547529805,0.16983674207071103,0.16671046547529805,0.0,0.0,0.0,0.0,0,0
geco_matched_plus_actuator_persistence,3_AIT_003_PV,sensor,selected_sensor_delta,1.0,15.0,3.0,3_AIT_003_PV * -0.09685825,0.036160234996091,32.561618656036444,6.3235121918570645,54.7141064788809,149.56678935673688,54.7141064788809,48.5708259273197,0.0,0.0,0.0,0,0
geco_matched_plus_actuator_persistence,3_AIT_004_PV,sensor,selected_sensor_delta,1.0,15.0,5.0,(3_AIT_004_PV * -0.22340244) + 2_PIT_001_PV,0.0705906221904001,19.22637520277597,455.9909960478907,6764.188523020091,13604.053463738452,6764.188523020091,4527.302069542882,0.0,0.0,0.0,0,0
geco_matched_plus_actuator_persistence,3_AIT_005_PV,sensor,selected_sensor_delta,1.0,15.0,1.0,1.665455e-5,-0.0001843146077267,17.391272839636848,0.0015296999915492212,1.2290070329149956,1.251952532788234,1.2290070329149956,0.31388459112275385,0.0,0.0,0.0,0,0
geco_matched_plus_actuator_persistence,3_LS_001_AL,sensor,selected_sensor_delta,1.0,15.0,3.0,1_LS_001_AL - 1_LS_001_AL,,0.0,1e-06,1e-06,1.6e-05,0.0,0.0,0.0,0.0,0.0,0,0
geco_matched_plus_actuator_persistence,LEAK_DIFF_PRESSURE,sensor,selected_sensor_delta,1.0,15.0,7.0,2_FIT_003_PV + ((LEAK_DIFF_PRESSURE * -0.11256748) + 6.922297),0.0315872021934814,16.788538020673613,1.911347078561208,255.21555383533064,283.8857600137488,255.21555383533064,235.61947492026877,0.0,0.0,0.0,0,0
geco_matched_plus_actuator_persistence,PLANT_START_STOP_LOG,sensor,selected_sensor_delta,1.0,15.0,3.0,2_MCV_007_CO * 2_MCV_007_CO,,0.0,1e-06,1e-06,1.6e-05,0.0,1.6e-05,0.00917824074074074,0.00027624648553082297,0.15562512623712382,3,639
geco_matched_plus_actuator_persistence,1_MV_001_STATUS,actuator,actuator_persistence,1.0,15.0,1.0,1_MV_001_STATUS,,,0.04056415846780728,11.065276628622676,11.673739005639785,11.065276628622676,11.673739005639785,0.002679398148148148,9.208216184360765e-05,0.04524338517471218,17,60
geco_matched_plus_actuator_persistence,1_MV_004_STATUS,actuator,actuator_persistence,1.0,15.0,1.0,1_MV_004_STATUS,,,0.04067319042827918,11.054700528456905,11.664798384881093,11.054700528456905,2.755960857430325,0.0,0.0,0.0,0,0
geco_matched_plus_actuator_persistence,1_P_001_STATUS,actuator,actuator_persistence,1.0,15.0,1.0,1_P_001_STATUS,,,0.01803574328798211,3.340711617505649,3.6112477668253806,3.340711617505649,3.6112477668253806,0.0022280092592592594,0.0,0.03888103413451828,20,32
geco_matched_plus_actuator_persistence,1_P_002_STATUS,actuator,actuator_persistence,1.0,15.0,1.0,1_P_002_STATUS,,,1e-06,1e-06,1.6e-05,0.0,0.0,0.0,0.0,0.0,0,0
geco_matched_plus_actuator_persistence,1_P_003_STATUS,actuator,actuator_persistence,1.0,15.0,1.0,1_P_003_STATUS,,,0.01803574328798211,3.340711617505649,3.6112477668253806,3.340711617505649,3.6112477668253806,0.0022280092592592594,0.0,0.03888103413451828,20,32
geco_matched_plus_actuator_persistence,1_P_004_STATUS,actuator,actuator_persistence,1.0,15.0,1.0,1_P_004_STATUS,,,1e-06,1e-06,1.6e-05,0.0,0.0,0.0,0.0,0.0,0,0
geco_matched_plus_actuator_persistence,1_P_005_STATUS,actuator,actuator_persistence,1.0,15.0,1.0,1_P_005_STATUS,,,0.040709690311655826,2.127354245663834,2.7379996003386715,2.127354245663834,2.7379996003386715,0.0003935185185185185,0.0,0.006867299535447385,4,32
geco_matched_plus_actuator_persistence,1_P_006_STATUS,actuator,actuator_persistence,1.0,15.0,1.0,1_P_006_STATUS,,,1e-06,1e-06,1.6e-05,0.0,1.6e-05,0.00017361111111111112,9.208216184360765e-05,0.0015148454857604524,2,15
geco_matched_plus_actuator_persistence,2_MV_001_STATUS,actuator,actuator_persistence,1.0,15.0,1.0,2_MV_001_STATUS,,,1e-06,1e-06,1.6e-05,0.0,0.0,0.0,0.0,0.0,0,0
geco_matched_plus_actuator_persistence,2_MV_002_STATUS,actuator,actuator_persistence,1.0,15.0,1.0,2_MV_002_STATUS,,,1e-06,1e-06,1.6e-05,0.0,0.0,0.0,0.0,0.0,0,0
geco_matched_plus_actuator_persistence,2_MV_003_STATUS,actuator,actuator_persistence,1.0,15.0,1.0,2_MV_003_STATUS,,,0.09216863911203314,7.760242600846465,9.142772187526962,7.760242600846465,9.142772187526962,0.000619212962962963,9.208216184360765e-05,0.009291052312664107,4,71
geco_matched_plus_actuator_persistence,2_MV_004_STATUS,actuator,actuator_persistence,1.0,15.0,1.0,2_MV_004_STATUS,,,1e-06,1e-06,1.6e-05,0.0,0.0,0.0,0.0,0.0,0,0
geco_matched_plus_actuator_persistence,2_MV_005_STATUS,actuator,actuator_persistence,1.0,15.0,1.0,2_MV_005_STATUS,,,1e-06,1e-06,1.6e-05,0.0,0.0,0.0,0.0,0.0,0,0
geco_matched_plus_actuator_persistence,2_MV_006_STATUS,actuator,actuator_persistence,1.0,15.0,1.0,2_MV_006_STATUS,,,0.08828073019980047,4.499227586603395,5.823438539600401,4.499227586603395,4.410946856403594,0.0,0.0,0.0,0,0
geco_matched_plus_actuator_persistence,2_MV_009_STATUS,actuator,actuator_persistence,1.0,15.0,1.0,2_MV_009_STATUS,,,1e-06,1e-06,1.6e-05,0.0,0.0,0.0,0.0,0.0,0,0
geco_matched_plus_actuator_persistence,2_MV_101_STATUS,actuator,actuator_persistence,1.0,15.0,1.0,2_MV_101_STATUS,,,0.02492577904561714,2.8504453257262976,3.2243320114105547,2.8504453257262976,2.8504453257262976,0.0,0.0,0.0,0,0
geco_matched_plus_actuator_persistence,2_MV_201_STATUS,actuator,actuator_persistence,1.0,15.0,1.0,2_MV_201_STATUS,,,0.023317454840228517,2.8600952709586287,3.2098570935620563,2.8600952709586287,2.8600952709586287,0.0,0.0,0.0,0,0
geco_matched_plus_actuator_persistence,2_MV_301_STATUS,actuator,actuator_persistence,1.0,15.0,1.0,2_MV_301_STATUS,,,0.02189085756575435,2.8686548546054738,3.197017718091789,2.8686548546054738,2.8686548546054738,0.0,0.0,0.0,0,0
geco_matched_plus_actuator_persistence,2_MV_401_STATUS,actuator,actuator_persistence,1.0,15.0,1.0,2_MV_401_STATUS,,,0.04256249555772995,4.78675023099804,5.425187664363989,4.78675023099804,3.2338750799608595,0.0,0.0,0.0,0,0
geco_matched_plus_actuator_persistence,2_MV_501_STATUS,actuator,actuator_persistence,1.0,15.0,1.0,2_MV_501_STATUS,,,0.03629246408107271,5.330546652270657,5.874933613486748,5.330546652270657,2.782245215513564,0.0,0.0,0.0,0,0
geco_matched_plus_actuator_persistence,2_MV_601_STATUS,actuator,actuator_persistence,1.0,15.0,1.0,2_MV_601_STATUS,,,0.022086190873586854,2.867482854758479,3.198775717862282,2.867482854758479,2.867482854758479,0.0,0.0,0.0,0,0
geco_matched_plus_actuator_persistence,2_P_003_STATUS,actuator,actuator_persistence,1.0,15.0,1.0,2_P_003_STATUS,,,0.03892715311945345,1.766437081283279,2.350344378075081,1.766437081283279,1.766437081283279,0.0,0.0,0.0,0,0
geco_matched_plus_actuator_persistence,2_P_004_STATUS,actuator,actuator_persistence,1.0,15.0,1.0,2_P_004_STATUS,,,1e-06,1e-06,1.6e-05,0.0,0.0,0.0,0.0,0.0,0,0
geco_matched_plus_actuator_persistence,2_SV_101_STATUS,actuator,actuator_persistence,1.0,15.0,1.0,2_SV_101_STATUS,,,1e-06,1e-06,1.6e-05,0.0,0.0,0.0,0.0,0.0,0,0
geco_matched_plus_actuator_persistence,2_SV_201_STATUS,actuator,actuator_persistence,1.0,15.0,1.0,2_SV_201_STATUS,,,1e-06,1e-06,1.6e-05,0.0,0.0,0.0,0.0,0.0,0,0
geco_matched_plus_actuator_persistence,2_SV_301_STATUS,actuator,actuator_persistence,1.0,15.0,1.0,2_SV_301_STATUS,,,1e-06,1e-06,1.6e-05,0.0,0.0,0.0,0.0,0.0,0,0
geco_matched_plus_actuator_persistence,2_SV_401_STATUS,actuator,actuator_persistence,1.0,15.0,1.0,2_SV_401_STATUS,,,1e-06,1e-06,1.6e-05,0.0,0.0,0.0,0.0,0.0,0,0
geco_matched_plus_actuator_persistence,2_SV_501_STATUS,actuator,actuator_persistence,1.0,15.0,1.0,2_SV_501_STATUS,,,1e-06,1e-06,1.6e-05,0.0,0.0,0.0,0.0,0.0,0,0
geco_matched_plus_actuator_persistence,2_SV_601_STATUS,actuator,actuator_persistence,1.0,15.0,1.0,2_SV_601_STATUS,,,1e-06,1e-06,1.6e-05,0.0,0.0,0.0,0.0,0.0,0,0
geco_matched_plus_actuator_persistence,3_MV_001_STATUS,actuator,actuator_persistence,1.0,15.0,1.0,3_MV_001_STATUS,,,1e-06,1e-06,1.6e-05,0.0,0.0,0.0,0.0,0.0,0,0
geco_matched_plus_actuator_persistence,3_MV_002_STATUS,actuator,actuator_persistence,1.0,15.0,1.0,3_MV_002_STATUS,,,1e-06,1e-06,1.6e-05,0.0,0.0,0.0,0.0,0.0,0,0
geco_matched_plus_actuator_persistence,3_MV_003_STATUS,actuator,actuator_persistence,1.0,15.0,1.0,3_MV_003_STATUS,,,1e-06,1e-06,1.6e-05,0.0,0.0,0.0,0.0,0.0,0,0
geco_matched_plus_actuator_persistence,3_P_001_STATUS,actuator,actuator_persistence,1.0,15.0,1.0,3_P_001_STATUS,,,1e-06,1e-06,1.6e-05,0.0,0.0,0.0,0.0,0.0,0,0
geco_matched_plus_actuator_persistence,3_P_002_STATUS,actuator,actuator_persistence,1.0,15.0,1.0,3_P_002_STATUS,,,1e-06,1e-06,1.6e-05,0.0,0.0,0.0,0.0,0.0,0,0
geco_matched_plus_actuator_persistence,3_P_003_STATUS,actuator,actuator_persistence,1.0,15.0,1.0,3_P_003_STATUS,,,1e-06,1e-06,1.6e-05,0.0,0.0,0.0,0.0,0.0,0,0
geco_matched_plus_actuator_persistence,3_P_004_STATUS,actuator,actuator_persistence,1.0,15.0,1.0,3_P_004_STATUS,,,1e-06,1e-06,1.6e-05,0.0,0.0,0.0,0.0,0.0,0,0
geco_matched_plus_actuator_persistence,1_AIT_002_PV,sensor,selected_sensor_delta,1.0,25.0,5.0,0.015316334 - (1_AIT_002_PV * 0.024466293),0.0119052665651211,41.73000224731814,0.016198173266754025,4.586298998857225,4.991253330526075,4.586298998857225,4.991253330526075,0.004421296296296296,0.0004113003229014475,0.07038982023833569,1,764
geco_matched_plus_actuator_persistence,1_AIT_004_PV,sensor,selected_sensor_delta,1.0,25.0,3.0,3_AIT_004_PV * -5.4525193e-5,-0.0001992524296718,4.910153218946012,2.8444196394286245,1020.1316847339061,1091.2421757196216,1020.1316847339061,933.8179709712217,0.0,0.0,0.0,0,0
geco_matched_plus_actuator_persistence,1_AIT_005_PV,sensor,selected_sensor_delta,1.0,25.0,5.0,(1_FIT_001_PV - 1_AIT_002_PV) * -3.9571616e-5,0.0023463384738832,12.40172474664917,0.0005404796966590669,0.06749613716547519,0.08100812958195186,0.06749613716547519,0.040270004949606274,0.0,0.0,0.0,0,0
geco_matched_plus_actuator_persistence,1_FIT_001_PV,sensor,selected_sensor_delta,1.0,25.0,7.0,((1_LT_001_PV * 1_P_001_STATUS) * -0.0001994969) + 0.014458983,-0.0179323441933463,11.85813818130814,0.03840313085817598,6.9392831132583845,7.899361384712784,6.9392831132583845,7.899361384712784,0.0055381944444444445,0.00021485837763508453,0.09311250252474247,16,318
geco_matched_plus_actuator_persistence,1_LS_001_AL,sensor,selected_sensor_delta,1.0,25.0,3.0,0.030378316 - 0.030378316,,0.0,1e-06,1e-06,2.6e-05,0.0,0.0,0.0,0.0,0.0,0,0
geco_matched_plus_actuator_persistence,1_LS_002_AL,sensor,selected_sensor_delta,1.0,25.0,3.0,-0.021763658 - -0.021763658,,0.0,1e-06,1e-06,2.6e-05,0.0,0.0,0.0,0.0,0.0,0,0
geco_matched_plus_actuator_persistence,2_DPIT_001_PV,sensor,selected_sensor_delta,1.0,25.0,3.0,88.35751 - 2_PIT_002_PV,0.008482119469839,9.66778276190117,43.256756319788046,6493.528032513559,7574.94694050826,6493.528032513559,7067.644661908868,0.0002546296296296296,0.0002701076747412491,0.0,1,44
geco_matched_plus_actuator_persistence,2_FIC_101_CO,sensor,selected_sensor_delta,1.0,25.0,3.0,2_FQ_101_PV * -0.3397043,0.0150389194041339,34.150938108826395,0.5275863868982411,98.39641488030075,111.58607455275678,98.39641488030075,80.61268401614372,0.0,0.0,0.0,0,0
geco_matched_plus_actuator_persistence,2_FIC_101_PV,sensor,selected_sensor_delta,1.0,25.0,3.0,2_FIC_101_PV * -0.016046675,0.002252916125048,18.49348773225588,0.02979673568732669,5.605347951880746,6.350266344063913,5.605347951880746,3.974709597218389,0.0,0.0,0.0,0,0
geco_matched_plus_actuator_persistence,2_FIC_101_SP,sensor,selected_sensor_delta,1.0,25.0,15.0,((2_MV_003_STATUS - 1_MV_001_STATUS) * (2_FIC_201_PV * (3_AIT_001_PV * 2_P_004_SPEED))) * (2.3499095 * (2_MV_009_STATUS - 2_MV_003_STATUS)),-9.112138177336249e-08,0.0,0.0017891865730764527,0.836514554045808,0.8812442183727193,0.836514554045808,0.28821081253285386,0.0,0.0,0.0,0,0
geco_matched_plus_actuator_persistence,2_FIC_201_CO,sensor,selected_sensor_delta,1.0,25.0,3.0,2_FQ_201_PV * -0.25967506,0.0115003398980684,41.3791240636834,0.37493504907663644,94.24273049171381,103.61610671862972,94.24273049171381,103.61610671862972,0.0006828703703703704,0.0007243796731697136,0.0,1,118
geco_matched_plus_actuator_persistence,2_FIC_201_PV,sensor,selected_sensor_delta,1.0,25.0,7.0,(2_FQ_201_PV * 2_FIC_401_PV) * (-0.04007296 - 2_LS_201_AH),0.0034190508627743,39.845894609586814,0.020632148889052914,8.230942459698692,8.746746181925015,8.230942459698692,4.876911715521573,0.0,0.0,0.0,0,0
geco_matched_plus_actuator_persistence,2_FIC_201_SP,sensor,selected_sensor_delta,1.0,25.0,11.0,((2_MV_003_STATUS - 1_P_005_STATUS) * ((2_P_004_SPEED * 3_AIT_001_PV) * 1_FIT_001_PV)) * 2_MV_101_STATUS,-2.3749495703384582e-09,0.0,0.0016237224631009655,0.3183762629337611,0.3589693245112852,0.3183762629337611,0.2383762870736422,0.0,0.0,0.0,0,0
geco_matched_plus_actuator_persistence,2_FIC_301_PV,sensor,selected_sensor_delta,1.0,25.0,3.0,2_FIC_601_PV * -0.009515096,-0.0036792547368171,17.746108309561812,0.020480065128239675,4.970382824452958,5.48238445265895,4.970382824452958,5.163894476575684,6.944444444444444e-05,7.366572947488613e-05,0.0,2,10
geco_matched_plus_actuator_persistence,2_FIC_301_SP,sensor,selected_sensor_delta,1.0,25.0,13.0,1_FIT_001_PV * ((((4.6891226e-5 * 2_FIC_301_CO) * 2_LS_201_AH) * 4.6891226e-5) * (2_FIC_501_CO * 3_AIT_004_PV)),-0.0308985748156576,0.0,0.002078101798552482,0.9619526404002053,1.0139051853640173,0.9619526404002053,0.25792190356586553,0.0,0.0,0.0,0,0
geco_matched_plus_actuator_persistence,2_FIC_401_CO,sensor,selected_sensor_delta,1.0,25.0,3.0,2_FQ_401_PV * -0.28900453,0.0068262290096441,31.49156173004372,0.5152049430767641,82.70959778401438,95.58972136093348,82.70959778401438,89.62904282109717,0.0004918981481481481,0.0005217989171137767,0.0,9,33
geco_matched_plus_actuator_persistence,2_FIC_401_PV,sensor,selected_sensor_delta,1.0,25.0,9.0,2_FQ_401_PV * (((2B_AIT_001_PV * 2_FIC_501_SP) + -0.073952936) * 2_FIC_401_PV),-0.0136811757617747,42.44627371380358,0.030358977164082257,7.27578752573929,8.034761954841347,7.27578752573929,5.517591368486072,0.0,0.0,0.0,0,0
geco_matched_plus_actuator_persistence,2_FIC_401_SP,sensor,selected_sensor_delta,1.0,25.0,11.0,(3_AIT_001_PV * ((3_FIT_001_PV + -0.5745507) * (1_P_005_STATUS - 2_MV_003_STATUS))) * 1_FIT_001_PV,-2.5924091762163926e-09,0.0,0.001662038620217033,0.527161375735095,0.5687123412405208,0.527161375735095,0.24833797628094417,0.0,0.0,0.0,0,0
geco_matched_plus_actuator_persistence,2_FIC_501_PV,sensor,selected_sensor_delta,1.0,25.0,3.0,2_FIC_501_PV * -0.019195596,-0.0080578702045512,13.110728544786658,0.023499944593588378,5.65539790751458,6.24289652235429,5.65539790751458,6.0730825129994725,0.00017361111111111112,0.0001841643236872153,0.0,1,30
geco_matched_plus_actuator_persistence,2_FIC_601_CO,sensor,selected_sensor_delta,1.0,25.0,3.0,2_FQ_601_PV * -0.33139205,-0.0036177276086308,38.05090530847815,0.3690366250044411,105.04829529546862,114.27421092057965,105.04829529546862,100.55624201774286,0.0,0.0,0.0,0,0
geco_matched_plus_actuator_persistence,2_FIC_601_PV,sensor,selected_sensor_delta,1.0,25.0,3.0,2_FIC_601_PV * -0.01591041,-0.0054832129042694,19.98884073391906,0.020960186568226402,5.631733185996549,6.155737850202209,5.631733185996549,4.815475964362502,0.0,0.0,0.0,0,0
geco_matched_plus_actuator_persistence,2_FIC_601_SP,sensor,selected_sensor_delta,1.0,25.0,13.0,(2_MCV_201_CO * ((1_MV_001_STATUS - 2_MV_003_STATUS) * 3_AIT_001_PV)) * (-0.00017899254 * (1_MV_001_STATUS - 2_MV_003_STATUS)),-6.513451999978771e-09,0.0,0.0020184410255506147,0.32798155718631006,0.3784425828250754,0.32798155718631006,0.31798154437131143,0.0,0.0,0.0,0,0
geco_matched_plus_actuator_persistence,2_FIT_001_PV,sensor,selected_sensor_delta,1.0,25.0,5.0,(2_MV_003_STATUS - 2_FIT_001_PV) * 0.021082245,-0.0272732956464449,1.6244499683380147,0.08943224896033541,4.44663372776004,6.682439951768425,4.44663372776004,6.682439951768425,0.0014525462962962964,0.00011049859421232919,0.023530599878812362,13,94
geco_matched_plus_actuator_persistence,2_FIT_002_PV,sensor,selected_sensor_delta,1.0,25.0,3.0,2_FQ_101_PV * -0.010027352,-0.001361467372912,19.48504475212655,0.013844316925125643,1.3784760777520122,1.7245840008801534,1.3784760777520122,1.66992812094682,0.00016203703703703703,0.00017188670210806762,0.0,1,28
geco_matched_plus_actuator_persistence,2_FIT_003_PV,sensor,selected_sensor_delta,1.0,25.0,3.0,2_FIT_002_PV * 2_PIC_003_PV,0.0553370128865967,4.825827196131465,0.08662036534491208,7.374010856662298,9.5395199902851,7.374010856662298,9.5395199902851,0.0021412037037037038,0.00022713599921423222,0.03362956978388204,1,370
geco_matched_plus_actuator_persistence,2_FQ_101_PV,sensor,selected_sensor_delta,1.0,25.0,3.0,2_FIC_101_PV * -0.014559889,0.0034545247127396,19.51039912430314,0.029518715120822655,5.474850803892035,6.2128186819126014,5.474850803892035,3.7794473133155058,0.0,0.0,0.0,0,0
geco_matched_plus_actuator_persistence,2_FQ_201_PV,sensor,selected_sensor_delta,1.0,25.0,1.0,0.00017188098,-7.82947853235072e-05,42.419670621221854,0.019914913082316514,4.443823770307641,4.941696597365554,4.443823770307641,4.932179232407571,0.00015046296296296297,0.00015960908052891994,0.0,1,26
geco_matched_plus_actuator_persistence,2_FQ_301_PV,sensor,selected_sensor_delta,1.0,25.0,3.0,2_FIC_301_PV * -0.009666798,0.0030450564846143,17.380916905003005,0.020423243574404518,5.236204090567147,5.746785179927261,5.236204090567147,5.170309152234473,0.0,0.0,0.0,0,0
geco_matched_plus_actuator_persistence,2_FQ_401_PV,sensor,selected_sensor_delta,1.0,25.0,3.0,2_FQ_401_PV * -0.016482946,0.0072349124829306,9.838222623484665,0.03102988210774329,5.328684773718165,6.104431826411747,5.328684773718165,5.046962987887681,0.0,0.0,0.0,0,0
geco_matched_plus_actuator_persistence,2_FQ_501_PV,sensor,selected_sensor_delta,1.0,25.0,3.0,2_FIC_501_PV * -0.014651568,-0.0011197778128997,14.59205286561609,0.02297279909369978,5.601135358794665,6.17545533613716,5.601135358794665,5.420083135880075,0.0,0.0,0.0,0,0
geco_matched_plus_actuator_persistence,2_FQ_601_PV,sensor,selected_sensor_delta,1.0,25.0,3.0,2_FIC_601_PV * -0.021256251,-0.0140299318532872,15.7930218718151,0.021655684862108213,5.7857476112170385,6.327139732769744,5.7857476112170385,4.870014111900411,0.0,0.0,0.0,0,0
geco_matched_plus_actuator_persistence,2_LS_101_AH,sensor,selected_sensor_delta,1.0,25.0,9.0,((2_FQ_301_PV * 2_MV_101_STATUS) * (2_LS_101_AH - 1_MV_004_STATUS)) * 2_LS_101_AH,-0.1183975229998723,0.0,0.011789963000637876,11.869526914271773,12.16427598928772,11.869526914271773,2.5279678696062966,0.0,0.0,0.0,0,0
geco_matched_plus_actuator_persistence,2_LS_101_AL,sensor,selected_sensor_delta,1.0,25.0,7.0,(2_LS_101_AL * (3_AIT_001_PV * 2_FIC_101_PV)) * -20.992853,0.0,0.0,0.013714954292528232,46.51932105017216,46.86219490748537,46.51932105017216,1.1496728338632498,0.0,0.0,0.0,0,0
geco_matched_plus_actuator_persistence,2_LS_201_AH,sensor,selected_sensor_delta,1.0,25.0,7.0,(2_LS_501_AH * 2_LS_201_AH) * (1_MV_001_STATUS - 1.9999987),0.0,0.0,0.010755052489398766,10.827906160169617,11.096782472404586,10.827906160169617,1.8171641076802207,0.0,0.0,0.0,0,0
geco_matched_plus_actuator_persistence,2_LS_201_AL,sensor,selected_sensor_delta,1.0,25.0,5.0,(3_FIT_001_PV + -0.5867106) * 2_LS_201_AL,-0.0394394750394426,0.0,0.010531012041083483,6.879090836601506,7.142366137628593,6.879090836601506,3.5182206593404732,0.0,0.0,0.0,0,0
geco_matched_plus_actuator_persistence,2_LS_301_AH,sensor,selected_sensor_delta,1.0,25.0,11.0,(3_AIT_003_PV * ((2_FIC_201_PV * (2_FIC_301_SP * 2_LS_301_AH)) * -0.28339157)) * 2_FIT_001_PV,0.0,0.0,0.010381215458828894,15.04138865941043,15.300919045881152,15.04138865941043,1.8131381217410805,0.0,0.0,0.0,0,0
geco_matched_plus_actuator_persistence,2_LS_301_AL,sensor,selected_sensor_delta,1.0,25.0,9.0,(0.72565746 - 3_AIT_005_PV) * (2_LS_301_AL * (3_FIT_001_PV + -0.57262355)),0.0065613225673001,0.0,0.009818646678584217,10.316035048367477,10.561501215332083,10.316035048367477,3.8212904639444676,0.0,0.0,0.0,0,0
geco_matched_plus_actuator_persistence,2_LS_401_AH,sensor,selected_sensor_delta,1.0,25.0,9.0,2_LS_401_AH * (2_FIT_001_PV * ((1_FIT_001_PV * 2_MV_401_STATUS) * -0.024918532)),0.002531028671956,0.0,0.011690146501096944,8.763525863375914,9.055779525903338,8.763525863375914,7.791393179099645,0.0,0.0,0.0,0,0
geco_matched_plus_actuator_persistence,2_LS_401_AL,sensor,selected_sensor_delta,1.0,25.0,9.0,((2_FIC_401_CO * 1_MV_004_STATUS) * 2_FIC_601_CO) * (2_MV_003_STATUS * 4.5439656e-8),-0.0014167605552886,5.777708620498893,0.011701026360304794,1.6629169433676225,1.9554426023752423,1.6629169433676225,1.414262256890184,0.0,0.0,0.0,0,0
geco_matched_plus_actuator_persistence,2_LS_501_AH,sensor,selected_sensor_delta,1.0,25.0,1.0,9.999286e-5,-9.303286732964544e-05,1.0,0.01057280686784378,3.580687468246251,3.845007639942345,3.580687468246251,1.811289362138813,0.0,0.0,0.0,0,0
geco_matched_plus_actuator_persistence,2_LS_501_AL,sensor,selected_sensor_delta,1.0,25.0,5.0,(2_FQ_401_PV - 2_FQ_101_PV) * 2A_AIT_002_PV,-0.0151335992731873,2.571116455665051e-32,0.011420730252754334,20.839628139260423,21.125146395579282,20.839628139260423,4.153981333017071,0.0,0.0,0.0,0,0
geco_matched_plus_actuator_persistence,2_LS_601_AH,sensor,selected_sensor_delta,1.0,25.0,9.0,2_LS_301_AH * ((2_FIC_501_SP - 0.22000383) * (2_FIT_001_PV * 2_FIC_401_SP)),0.0,0.0,0.01137293638321413,56.50667170990304,56.79099511948339,56.50667170990304,1.6701848448867902,0.0,0.0,0.0,0,0
geco_matched_plus_actuator_persistence,2_LS_601_AL,sensor,selected_sensor_delta,1.0,25.0,5.0,(2B_AIT_003_PV * -0.0038763508) + 0.033448044,-0.0022001244809992,4.797744669484077,0.010188883403531176,1.773667981650679,2.0283900667389583,1.773667981650679,1.6563197500556504,0.0,0.0,0.0,0,0
geco_matched_plus_actuator_persistence,2_LT_002_PV,sensor,selected_sensor_delta,1.0,25.0,5.0,(TOTAL_CONS_REQUIRED_FLOW - 2_FIT_001_PV) * -0.03581529,0.0202287766691278,24.794094900339346,0.15304194999487877,4.722372057638113,8.548420807510082,4.722372057638113,8.548420807510082,0.00978587962962963,0.000589325835799089,0.16107856998586145,14,549
geco_matched_plus_actuator_persistence,2_MCV_007_CO,sensor,selected_sensor_delta,1.0,25.0,3.0,3_P_003_STATUS - 2_MV_002_STATUS,,0.0,1e-06,1e-06,2.6e-05,0.0,2.6e-05,0.003269675925925926,0.0004604108092180383,0.04948495253484145,16,121
geco_matched_plus_actuator_persistence,2_P_003_SPEED,sensor,selected_sensor_delta,1.0,25.0,1.0,2_P_004_SPEED,0.000302468603613,1.2555573934924376,1.1749209730634267,76.31310160629911,105.68612593288478,76.31310160629911,74.90048855516326,0.0,0.0,0.0,0,0
geco_matched_plus_actuator_persistence,2_PIC_003_CO,sensor,selected_sensor_delta,1.0,25.0,7.0,((2_PIC_003_PV - 2_MV_006_STATUS) + 0.92499703) * 0.515833,0.0239900981892037,32.36284519360931,0.624249617240662,839.3535704720965,854.9598109031131,839.3535704720965,68.28561631553673,0.0,0.0,0.0,0,0
geco_matched_plus_actuator_persistence,2_PIC_003_PV,sensor,selected_sensor_delta,1.0,25.0,7.0,(2_PIC_003_PV + (0.9200428 - 2_MV_006_STATUS)) * -0.06421421,0.0198915417593883,26.39547806641177,0.06264419974295483,160.00347455772206,161.56957955129593,160.00347455772206,7.018815523038089,0.0,0.0,0.0,0,0
geco_matched_plus_actuator_persistence,2_PIT_001_PV,sensor,selected_sensor_delta,1.0,25.0,5.0,1.1427776 - (2_DPIT_001_PV * 0.0004586949),0.006621193393292,10.36563242243466,0.3894949934835992,67.6588056805345,77.39618051762447,67.6588056805345,76.04932049113552,0.0003414351851851852,0.0003621898365848568,0.0,1,59
geco_matched_plus_actuator_persistence,2_PIT_002_PV,sensor,selected_sensor_delta,1.0,25.0,5.0,(2_DPIT_001_PV * -0.003075006) + 7.663425,0.0050784784743534,9.060265717850797,2.2764557660727176,416.1244874636394,473.03588161545736,416.1244874636394,473.03588161545736,0.0004224537037037037,0.0004481331876388906,0.0,1,73
geco_matched_plus_actuator_persistence,2_PIT_003_PV,sensor,selected_sensor_delta,1.0,25.0,7.0,((2_MV_006_STATUS - 2_PIC_003_PV) + -0.9245177) * 0.057637595,0.0175529740100325,29.471299638718875,0.062284469291722,119.39489571080095,120.952007443094,119.39489571080095,7.435230275214128,0.0,0.0,0.0,0,0
geco_matched_plus_actuator_persistence,2A_AIT_001_PV,sensor,selected_sensor_delta,1.0,25.0,1.0,1.9560876e-7,-8.863622583454855e-06,1.0,0.00016305843894173642,0.25308886723666113,0.25716532821020455,0.25308886723666113,0.0021141292319017545,0.0,0.0,0.0,0,0
geco_matched_plus_actuator_persistence,2A_AIT_002_PV,sensor,selected_sensor_delta,1.0,25.0,7.0,((2_MCV_101_CO * -0.023470242) * 2A_AIT_002_PV) * 2A_AIT_002_PV,-0.0475475253455481,1.101981112345036e-32,0.16387552169973232,578.7446722709782,582.8415603134715,578.7446722709782,4.068106360617694,0.0,0.0,0.0,0,0
geco_matched_plus_actuator_persistence,2A_AIT_003_PV,sensor,selected_sensor_delta,1.0,25.0,7.0,2_FIC_201_PV * (2A_AIT_002_PV * (-0.33989054 * 2_FIT_002_PV)),-0.0012282912975181,0.0,0.003720484015034855,1.0893661719368242,1.1823782723126954,1.0893661719368242,0.686988340776312,0.0,0.0,0.0,0,0
geco_matched_plus_actuator_persistence,2B_AIT_001_PV,sensor,selected_sensor_delta,1.0,25.0,5.0,2_LS_201_AH * (2_MCV_501_CO * 4.5408036e-5),-0.0044911897181842,0.0,7.71827333816407e-05,0.01543736836691549,0.017366936701456507,0.01543736836691549,0.012964592355746929,0.0,0.0,0.0,0,0
geco_matched_plus_actuator_persistence,3_AIT_001_PV,sensor,selected_sensor_delta,1.0,25.0,1.0,0.0,0.0,0.0,0.00020841843969419892,0.16671046547529805,0.17192092646765303,0.16671046547529805,0.0,0.0,0.0,0.0,0,0
geco_matched_plus_actuator_persistence,3_AIT_003_PV,sensor,selected_sensor_delta,1.0,25.0,3.0,3_AIT_003_PV * -0.09685825,0.036160234996091,32.561618656036444,6.3235121918570645,54.7141064788809,212.8019112753075,54.7141064788809,48.5708259273197,0.0,0.0,0.0,0,0
geco_matched_plus_actuator_persistence,3_AIT_004_PV,sensor,selected_sensor_delta,1.0,25.0,5.0,(3_AIT_004_PV * -0.22340244) + 2_PIT_001_PV,0.0705906221904001,19.22637520277597,455.9909960478907,6764.188523020091,18163.963424217356,6764.188523020091,4527.302069542882,0.0,0.0,0.0,0,0
geco_matched_plus_actuator_persistence,3_AIT_005_PV,sensor,selected_sensor_delta,1.0,25.0,1.0,1.665455e-5,-0.0001843146077267,17.391272839636848,0.0015296999915492212,1.2290070329149956,1.267249532703726,1.2290070329149956,0.31388459112275385,0.0,0.0,0.0,0,0
geco_matched_plus_actuator_persistence,3_LS_001_AL,sensor,selected_sensor_delta,1.0,25.0,3.0,1_LS_001_AL - 1_LS_001_AL,,0.0,1e-06,1e-06,2.6e-05,0.0,0.0,0.0,0.0,0.0,0,0
geco_matched_plus_actuator_persistence,LEAK_DIFF_PRESSURE,sensor,selected_sensor_delta,1.0,25.0,7.0,2_FIT_003_PV + ((LEAK_DIFF_PRESSURE * -0.11256748) + 6.922297),0.0315872021934814,16.788538020673613,1.911347078561208,255.21555383533064,302.9992307993608,255.21555383533064,235.61947492026877,0.0,0.0,0.0,0,0
geco_matched_plus_actuator_persistence,PLANT_START_STOP_LOG,sensor,selected_sensor_delta,1.0,25.0,3.0,2_MCV_007_CO * 2_MCV_007_CO,,0.0,1e-06,1e-06,2.6e-05,0.0,2.6e-05,0.009351851851851853,0.0004604108092180383,0.15562512623712382,3,649
geco_matched_plus_actuator_persistence,1_MV_001_STATUS,actuator,actuator_persistence,1.0,25.0,1.0,1_MV_001_STATUS,,,0.04056415846780728,11.065276628622676,12.079380590317859,11.065276628622676,12.079380590317859,0.0035821759259259257,0.0001534702697393461,0.05998788123611391,13,102
geco_matched_plus_actuator_persistence,1_MV_004_STATUS,actuator,actuator_persistence,1.0,25.0,1.0,1_MV_004_STATUS,,,0.04067319042827918,11.054700528456905,12.071530289163885,11.054700528456905,2.755960857430325,0.0,0.0,0.0,0,0
geco_matched_plus_actuator_persistence,1_P_001_STATUS,actuator,actuator_persistence,1.0,25.0,1.0,1_P_001_STATUS,,,0.01803574328798211,3.340711617505649,3.791605199705202,3.340711617505649,3.791605199705202,0.0031018518518518517,1.8416432368721532e-05,0.05382750959402141,13,109
geco_matched_plus_actuator_persistence,1_P_002_STATUS,actuator,actuator_persistence,1.0,25.0,1.0,1_P_002_STATUS,,,1e-06,1e-06,2.6e-05,0.0,0.0,0.0,0.0,0.0,0,0
geco_matched_plus_actuator_persistence,1_P_003_STATUS,actuator,actuator_persistence,1.0,25.0,1.0,1_P_003_STATUS,,,0.01803574328798211,3.340711617505649,3.791605199705202,3.340711617505649,3.791605199705202,0.0031018518518518517,1.8416432368721532e-05,0.05382750959402141,13,109
geco_matched_plus_actuator_persistence,1_P_004_STATUS,actuator,actuator_persistence,1.0,25.0,1.0,1_P_004_STATUS,,,1e-06,1e-06,2.6e-05,0.0,0.0,0.0,0.0,0.0,0,0
geco_matched_plus_actuator_persistence,1_P_005_STATUS,actuator,actuator_persistence,1.0,25.0,1.0,1_P_005_STATUS,,,0.040709690311655826,2.127354245663834,3.14509650345523,2.127354245663834,3.14509650345523,0.0005324074074074074,0.0,0.009291052312664107,2,81
geco_matched_plus_actuator_persistence,1_P_006_STATUS,actuator,actuator_persistence,1.0,25.0,1.0,1_P_006_STATUS,,,1e-06,1e-06,2.6e-05,0.0,2.6e-05,0.00028935185185185184,0.0001534702697393461,0.002524742476267421,2,25
geco_matched_plus_actuator_persistence,2_MV_001_STATUS,actuator,actuator_persistence,1.0,25.0,1.0,2_MV_001_STATUS,,,1e-06,1e-06,2.6e-05,0.0,0.0,0.0,0.0,0.0,0,0
geco_matched_plus_actuator_persistence,2_MV_002_STATUS,actuator,actuator_persistence,1.0,25.0,1.0,2_MV_002_STATUS,,,1e-06,1e-06,2.6e-05,0.0,0.0,0.0,0.0,0.0,0,0
geco_matched_plus_actuator_persistence,2_MV_003_STATUS,actuator,actuator_persistence,1.0,25.0,1.0,2_MV_003_STATUS,,,0.09216863911203314,7.760242600846465,10.064458578647294,7.760242600846465,10.064458578647294,0.0008912037037037037,0.0001534702697393461,0.01302767117753989,4,81
geco_matched_plus_actuator_persistence,2_MV_004_STATUS,actuator,actuator_persistence,1.0,25.0,1.0,2_MV_004_STATUS,,,1e-06,1e-06,2.6e-05,0.0,0.0,0.0,0.0,0.0,0,0
geco_matched_plus_actuator_persistence,2_MV_005_STATUS,actuator,actuator_persistence,1.0,25.0,1.0,2_MV_005_STATUS,,,1e-06,1e-06,2.6e-05,0.0,0.0,0.0,0.0,0.0,0,0
geco_matched_plus_actuator_persistence,2_MV_006_STATUS,actuator,actuator_persistence,1.0,25.0,1.0,2_MV_006_STATUS,,,0.08828073019980047,4.499227586603395,6.706245841598406,4.499227586603395,4.410946856403594,0.0,0.0,0.0,0,0
geco_matched_plus_actuator_persistence,2_MV_009_STATUS,actuator,actuator_persistence,1.0,25.0,1.0,2_MV_009_STATUS,,,1e-06,1e-06,2.6e-05,0.0,0.0,0.0,0.0,0.0,0,0
geco_matched_plus_actuator_persistence,2_MV_101_STATUS,actuator,actuator_persistence,1.0,25.0,1.0,2_MV_101_STATUS,,,0.02492577904561714,2.8504453257262976,3.4735898018667264,2.8504453257262976,2.8504453257262976,0.0,0.0,0.0,0,0
geco_matched_plus_actuator_persistence,2_MV_201_STATUS,actuator,actuator_persistence,1.0,25.0,1.0,2_MV_201_STATUS,,,0.023317454840228517,2.8600952709586287,3.4430316419643416,2.8600952709586287,2.8600952709586287,0.0,0.0,0.0,0,0
geco_matched_plus_actuator_persistence,2_MV_301_STATUS,actuator,actuator_persistence,1.0,25.0,1.0,2_MV_301_STATUS,,,0.02189085756575435,2.8686548546054738,3.4159262937493327,2.8686548546054738,2.8686548546054738,0.0,0.0,0.0,0,0
geco_matched_plus_actuator_persistence,2_MV_401_STATUS,actuator,actuator_persistence,1.0,25.0,1.0,2_MV_401_STATUS,,,0.04256249555772995,4.78675023099804,5.850812619941289,4.78675023099804,3.2338750799608595,0.0,0.0,0.0,0,0
geco_matched_plus_actuator_persistence,2_MV_501_STATUS,actuator,actuator_persistence,1.0,25.0,1.0,2_MV_501_STATUS,,,0.03629246408107271,5.330546652270657,6.237858254297475,5.330546652270657,2.782245215513564,0.0,0.0,0.0,0,0
geco_matched_plus_actuator_persistence,2_MV_601_STATUS,actuator,actuator_persistence,1.0,25.0,1.0,2_MV_601_STATUS,,,0.022086190873586854,2.867482854758479,3.41963762659815,2.867482854758479,2.867482854758479,0.0,0.0,0.0,0,0
geco_matched_plus_actuator_persistence,2_P_003_STATUS,actuator,actuator_persistence,1.0,25.0,1.0,2_P_003_STATUS,,,0.03892715311945345,1.766437081283279,2.7396159092696153,1.766437081283279,1.766437081283279,0.0,0.0,0.0,0,0
geco_matched_plus_actuator_persistence,2_P_004_STATUS,actuator,actuator_persistence,1.0,25.0,1.0,2_P_004_STATUS,,,1e-06,1e-06,2.6e-05,0.0,0.0,0.0,0.0,0.0,0,0
geco_matched_plus_actuator_persistence,2_SV_101_STATUS,actuator,actuator_persistence,1.0,25.0,1.0,2_SV_101_STATUS,,,1e-06,1e-06,2.6e-05,0.0,0.0,0.0,0.0,0.0,0,0
geco_matched_plus_actuator_persistence,2_SV_201_STATUS,actuator,actuator_persistence,1.0,25.0,1.0,2_SV_201_STATUS,,,1e-06,1e-06,2.6e-05,0.0,0.0,0.0,0.0,0.0,0,0
geco_matched_plus_actuator_persistence,2_SV_301_STATUS,actuator,actuator_persistence,1.0,25.0,1.0,2_SV_301_STATUS,,,1e-06,1e-06,2.6e-05,0.0,0.0,0.0,0.0,0.0,0,0
geco_matched_plus_actuator_persistence,2_SV_401_STATUS,actuator,actuator_persistence,1.0,25.0,1.0,2_SV_401_STATUS,,,1e-06,1e-06,2.6e-05,0.0,0.0,0.0,0.0,0.0,0,0
geco_matched_plus_actuator_persistence,2_SV_501_STATUS,actuator,actuator_persistence,1.0,25.0,1.0,2_SV_501_STATUS,,,1e-06,1e-06,2.6e-05,0.0,0.0,0.0,0.0,0.0,0,0
geco_matched_plus_actuator_persistence,2_SV_601_STATUS,actuator,actuator_persistence,1.0,25.0,1.0,2_SV_601_STATUS,,,1e-06,1e-06,2.6e-05,0.0,0.0,0.0,0.0,0.0,0,0
geco_matched_plus_actuator_persistence,3_MV_001_STATUS,actuator,actuator_persistence,1.0,25.0,1.0,3_MV_001_STATUS,,,1e-06,1e-06,2.6e-05,0.0,0.0,0.0,0.0,0.0,0,0
geco_matched_plus_actuator_persistence,3_MV_002_STATUS,actuator,actuator_persistence,1.0,25.0,1.0,3_MV_002_STATUS,,,1e-06,1e-06,2.6e-05,0.0,0.0,0.0,0.0,0.0,0,0
geco_matched_plus_actuator_persistence,3_MV_003_STATUS,actuator,actuator_persistence,1.0,25.0,1.0,3_MV_003_STATUS,,,1e-06,1e-06,2.6e-05,0.0,0.0,0.0,0.0,0.0,0,0
geco_matched_plus_actuator_persistence,3_P_001_STATUS,actuator,actuator_persistence,1.0,25.0,1.0,3_P_001_STATUS,,,1e-06,1e-06,2.6e-05,0.0,0.0,0.0,0.0,0.0,0,0
geco_matched_plus_actuator_persistence,3_P_002_STATUS,actuator,actuator_persistence,1.0,25.0,1.0,3_P_002_STATUS,,,1e-06,1e-06,2.6e-05,0.0,0.0,0.0,0.0,0.0,0,0
geco_matched_plus_actuator_persistence,3_P_003_STATUS,actuator,actuator_persistence,1.0,25.0,1.0,3_P_003_STATUS,,,1e-06,1e-06,2.6e-05,0.0,0.0,0.0,0.0,0.0,0,0
geco_matched_plus_actuator_persistence,3_P_004_STATUS,actuator,actuator_persistence,1.0,25.0,1.0,3_P_004_STATUS,,,1e-06,1e-06,2.6e-05,0.0,0.0,0.0,0.0,0.0,0,0
geco_matched_plus_actuator_persistence,1_AIT_002_PV,sensor,selected_sensor_delta,1.32,2.0,5.0,0.015316334 - (1_AIT_002_PV * 0.024466293),0.0119052665651211,41.73000224731814,0.016198173266754025,6.0539146784915365,6.0863110250250445,4.586298998857225,6.0863110250250445,0.004276620370370371,0.0002578300531621014,0.07038982023833569,1,739
geco_matched_plus_actuator_persistence,1_AIT_004_PV,sensor,selected_sensor_delta,1.32,2.0,3.0,3_AIT_004_PV * -5.4525193e-5,-0.0001992524296718,4.910153218946012,2.8444196394286245,1346.573823848756,1352.2626631276135,1020.1316847339061,933.8179709712217,0.0,0.0,0.0,0,0
geco_matched_plus_actuator_persistence,1_AIT_005_PV,sensor,selected_sensor_delta,1.32,2.0,5.0,(1_FIT_001_PV - 1_AIT_002_PV) * -3.9571616e-5,0.0023463384738832,12.40172474664917,0.0005404796966590669,0.08909490105842725,0.09017586045174539,0.06749613716547519,0.040270004949606274,0.0,0.0,0.0,0,0
geco_matched_plus_actuator_persistence,1_FIT_001_PV,sensor,selected_sensor_delta,1.32,2.0,7.0,((1_LT_001_PV * 1_P_001_STATUS) * -0.0001994969) + 0.014458983,-0.0179323441933463,11.85813818130814,0.03840313085817598,9.159853709501068,9.236659971217419,6.9392831132583845,9.236659971217419,0.0010706018518518519,1.8416432368721532e-05,0.01838012522722682,63,3
geco_matched_plus_actuator_persistence,1_LS_001_AL,sensor,selected_sensor_delta,1.32,2.0,3.0,0.030378316 - 0.030378316,,0.0,1e-06,1e-06,3e-06,0.0,0.0,0.0,0.0,0.0,0,0
geco_matched_plus_actuator_persistence,1_LS_002_AL,sensor,selected_sensor_delta,1.32,2.0,3.0,-0.021763658 - -0.021763658,,0.0,1e-06,1e-06,3e-06,0.0,0.0,0.0,0.0,0.0,0,0
geco_matched_plus_actuator_persistence,2_DPIT_001_PV,sensor,selected_sensor_delta,1.32,2.0,3.0,88.35751 - 2_PIT_002_PV,0.008482119469839,9.66778276190117,43.256756319788046,8571.457002917898,8657.970515557474,6493.528032513559,7067.644661908868,0.0,0.0,0.0,0,0
geco_matched_plus_actuator_persistence,2_FIC_101_CO,sensor,selected_sensor_delta,1.32,2.0,3.0,2_FQ_101_PV * -0.3397043,0.0150389194041339,34.150938108826395,0.5275863868982411,129.883267641997,130.93844041579348,98.39641488030075,80.61268401614372,0.0,0.0,0.0,0,0
geco_matched_plus_actuator_persistence,2_FIC_101_PV,sensor,selected_sensor_delta,1.32,2.0,3.0,2_FIC_101_PV * -0.016046675,0.002252916125048,18.49348773225588,0.02979673568732669,7.3990592964825845,7.458652767857238,5.605347951880746,3.974709597218389,0.0,0.0,0.0,0,0
geco_matched_plus_actuator_persistence,2_FIC_101_SP,sensor,selected_sensor_delta,1.32,2.0,15.0,((2_MV_003_STATUS - 1_MV_001_STATUS) * (2_FIC_201_PV * (3_AIT_001_PV * 2_P_004_SPEED))) * (2.3499095 * (2_MV_009_STATUS - 2_MV_003_STATUS)),-9.112138177336249e-08,0.0,0.0017891865730764527,1.1041992113404666,1.1077775844866196,0.836514554045808,0.28821081253285386,0.0,0.0,0.0,0,0
geco_matched_plus_actuator_persistence,2_FIC_201_CO,sensor,selected_sensor_delta,1.32,2.0,3.0,2_FQ_201_PV * -0.25967506,0.0115003398980684,41.3791240636834,0.37493504907663644,124.40040424906223,125.1502743472155,94.24273049171381,109.98883320035127,0.0,0.0,0.0,0,0
geco_matched_plus_actuator_persistence,2_FIC_201_PV,sensor,selected_sensor_delta,1.32,2.0,7.0,(2_FQ_201_PV * 2_FIC_401_PV) * (-0.04007296 - 2_LS_201_AH),0.0034190508627743,39.845894609586814,0.020632148889052914,10.864844046802274,10.90610834458038,8.230942459698692,4.876911715521573,0.0,0.0,0.0,0,0
geco_matched_plus_actuator_persistence,2_FIC_201_SP,sensor,selected_sensor_delta,1.32,2.0,11.0,((2_MV_003_STATUS - 1_P_005_STATUS) * ((2_P_004_SPEED * 3_AIT_001_PV) * 1_FIT_001_PV)) * 2_MV_101_STATUS,-2.3749495703384582e-09,0.0,0.0016237224631009655,0.42025666707256465,0.4235041119987666,0.3183762629337611,0.2383762870736422,0.0,0.0,0.0,0,0
geco_matched_plus_actuator_persistence,2_FIC_301_PV,sensor,selected_sensor_delta,1.32,2.0,3.0,2_FIC_601_PV * -0.009515096,-0.0036792547368171,17.746108309561812,0.020480065128239675,6.560905328277905,6.601865458534385,4.970382824452958,5.163894476575684,0.0,0.0,0.0,0,0
geco_matched_plus_actuator_persistence,2_FIC_301_SP,sensor,selected_sensor_delta,1.32,2.0,13.0,1_FIT_001_PV * ((((4.6891226e-5 * 2_FIC_301_CO) * 2_LS_201_AH) * 4.6891226e-5) * (2_FIC_501_CO * 3_AIT_004_PV)),-0.0308985748156576,0.0,0.002078101798552482,1.269777485328271,1.273933688925376,0.9619526404002053,0.25792190356586553,0.0,0.0,0.0,0,0
geco_matched_plus_actuator_persistence,2_FIC_401_CO,sensor,selected_sensor_delta,1.32,2.0,3.0,2_FQ_401_PV * -0.28900453,0.0068262290096441,31.49156173004372,0.5152049430767641,109.17666907489898,110.20707896105252,82.70959778401438,89.62904282109717,0.0,0.0,0.0,0,0
geco_matched_plus_actuator_persistence,2_FIC_401_PV,sensor,selected_sensor_delta,1.32,2.0,9.0,2_FQ_401_PV * (((2B_AIT_001_PV * 2_FIC_501_SP) + -0.073952936) * 2_FIC_401_PV),-0.0136811757617747,42.44627371380358,0.030358977164082257,9.604039533975863,9.664757488304028,7.27578752573929,5.517591368486072,0.0,0.0,0.0,0,0
geco_matched_plus_actuator_persistence,2_FIC_401_SP,sensor,selected_sensor_delta,1.32,2.0,11.0,(3_AIT_001_PV * ((3_FIT_001_PV + -0.5745507) * (1_P_005_STATUS - 2_MV_003_STATUS))) * 1_FIT_001_PV,-2.5924091762163926e-09,0.0,0.001662038620217033,0.6958530159703255,0.6991770932107595,0.527161375735095,0.24833797628094417,0.0,0.0,0.0,0,0
geco_matched_plus_actuator_persistence,2_FIC_501_PV,sensor,selected_sensor_delta,1.32,2.0,3.0,2_FIC_501_PV * -0.019195596,-0.0080578702045512,13.110728544786658,0.023499944593588378,7.465125237919246,7.512125127106422,5.65539790751458,6.0730825129994725,0.0,0.0,0.0,0,0
geco_matched_plus_actuator_persistence,2_FIC_601_CO,sensor,selected_sensor_delta,1.32,2.0,3.0,2_FQ_601_PV * -0.33139205,-0.0036177276086308,38.05090530847815,0.3690366250044411,138.66374979001858,139.40182304002747,105.04829529546862,100.55624201774286,0.0,0.0,0.0,0,0
geco_matched_plus_actuator_persistence,2_FIC_601_PV,sensor,selected_sensor_delta,1.32,2.0,3.0,2_FIC_601_PV * -0.01591041,-0.0054832129042694,19.98884073391906,0.020960186568226402,7.433887805515446,7.475808178651898,5.631733185996549,4.815475964362502,0.0,0.0,0.0,0,0
geco_matched_plus_actuator_persistence,2_FIC_601_SP,sensor,selected_sensor_delta,1.32,2.0,13.0,(2_MCV_201_CO * ((1_MV_001_STATUS - 2_MV_003_STATUS) * 3_AIT_001_PV)) * (-0.00017899254 * (1_MV_001_STATUS - 2_MV_003_STATUS)),-6.513451999978771e-09,0.0,0.0020184410255506147,0.43293565548592927,0.4369725375370305,0.32798155718631006,0.31798154437131143,0.0,0.0,0.0,0,0
geco_matched_plus_actuator_persistence,2_FIT_001_PV,sensor,selected_sensor_delta,1.32,2.0,5.0,(2_MV_003_STATUS - 2_FIT_001_PV) * 0.021082245,-0.0272732956464449,1.6244499683380147,0.08943224896033541,5.869556520643253,6.048421018563924,4.44663372776004,6.048421018563924,0.00017939814814814815,0.0,0.0031306806705716016,10,4
geco_matched_plus_actuator_persistence,2_FIT_002_PV,sensor,selected_sensor_delta,1.32,2.0,3.0,2_FQ_101_PV * -0.010027352,-0.001361467372912,19.48504475212655,0.013844316925125643,1.8195884226326562,1.8472770564829075,1.3784760777520122,1.66992812094682,0.0,0.0,0.0,0,0
geco_matched_plus_actuator_persistence,2_FIT_003_PV,sensor,selected_sensor_delta,1.32,2.0,3.0,2_FIT_002_PV * 2_PIC_003_PV,0.0553370128865967,4.825827196131465,0.08662036534491208,9.733694330794233,9.906935061484058,7.374010856662298,9.906935061484058,0.001990740740740741,8.594335105403381e-05,0.033326600686729956,1,344
geco_matched_plus_actuator_persistence,2_FQ_101_PV,sensor,selected_sensor_delta,1.32,2.0,3.0,2_FIC_101_PV * -0.014559889,0.0034545247127396,19.51039912430314,0.029518715120822655,7.2268030611374865,7.2858404913791315,5.474850803892035,3.7794473133155058,0.0,0.0,0.0,0,0
geco_matched_plus_actuator_persistence,2_FQ_201_PV,sensor,selected_sensor_delta,1.32,2.0,1.0,0.00017188098,-7.82947853235072e-05,42.419670621221854,0.019914913082316514,5.865847376806086,5.905677202970719,4.443823770307641,4.932179232407571,0.0,0.0,0.0,0,0
geco_matched_plus_actuator_persistence,2_FQ_301_PV,sensor,selected_sensor_delta,1.32,2.0,3.0,2_FIC_301_PV * -0.009666798,0.0030450564846143,17.380916905003005,0.020423243574404518,6.911789399548635,6.952635886697444,5.236204090567147,5.170309152234473,0.0,0.0,0.0,0,0
geco_matched_plus_actuator_persistence,2_FQ_401_PV,sensor,selected_sensor_delta,1.32,2.0,3.0,2_FQ_401_PV * -0.016482946,0.0072349124829306,9.838222623484665,0.03102988210774329,7.033863901307978,7.095923665523465,5.328684773718165,5.046962987887681,0.0,0.0,0.0,0,0
geco_matched_plus_actuator_persistence,2_FQ_501_PV,sensor,selected_sensor_delta,1.32,2.0,3.0,2_FIC_501_PV * -0.014651568,-0.0011197778128997,14.59205286561609,0.02297279909369978,7.393498673608959,7.439444271796359,5.601135358794665,5.420083135880075,0.0,0.0,0.0,0,0
geco_matched_plus_actuator_persistence,2_FQ_601_PV,sensor,selected_sensor_delta,1.32,2.0,3.0,2_FIC_601_PV * -0.021256251,-0.0140299318532872,15.7930218718151,0.021655684862108213,7.637186846806491,7.680498216530708,5.7857476112170385,4.870014111900411,0.0,0.0,0.0,0,0
geco_matched_plus_actuator_persistence,2_LS_101_AH,sensor,selected_sensor_delta,1.32,2.0,9.0,((2_FQ_301_PV * 2_MV_101_STATUS) * (2_LS_101_AH - 1_MV_004_STATUS)) * 2_LS_101_AH,-0.1183975229998723,0.0,0.011789963000637876,15.667775526838742,15.691355452840018,11.869526914271773,2.5279678696062966,0.0,0.0,0.0,0,0
geco_matched_plus_actuator_persistence,2_LS_101_AL,sensor,selected_sensor_delta,1.32,2.0,7.0,(2_LS_101_AL * (3_AIT_001_PV * 2_FIC_101_PV)) * -20.992853,0.0,0.0,0.013714954292528232,61.40550378622725,61.432933694812306,46.51932105017216,1.1496728338632498,0.0,0.0,0.0,0,0
geco_matched_plus_actuator_persistence,2_LS_201_AH,sensor,selected_sensor_delta,1.32,2.0,7.0,(2_LS_501_AH * 2_LS_201_AH) * (1_MV_001_STATUS - 1.9999987),0.0,0.0,0.010755052489398766,14.292836131423895,14.314346236402693,10.827906160169617,1.8171641076802207,0.0,0.0,0.0,0,0
geco_matched_plus_actuator_persistence,2_LS_201_AL,sensor,selected_sensor_delta,1.32,2.0,5.0,(3_FIT_001_PV + -0.5867106) * 2_LS_201_AL,-0.0394394750394426,0.0,0.010531012041083483,9.080399904313989,9.101461928396155,6.879090836601506,3.5182206593404732,0.0,0.0,0.0,0,0
geco_matched_plus_actuator_persistence,2_LS_301_AH,sensor,selected_sensor_delta,1.32,2.0,11.0,(3_AIT_003_PV * ((2_FIC_201_PV * (2_FIC_301_SP * 2_LS_301_AH)) * -0.28339157)) * 2_FIT_001_PV,0.0,0.0,0.010381215458828894,19.85463303042177,19.875395461339426,15.04138865941043,1.8131381217410805,0.0,0.0,0.0,0,0
geco_matched_plus_actuator_persistence,2_LS_301_AL,sensor,selected_sensor_delta,1.32,2.0,9.0,(0.72565746 - 3_AIT_005_PV) * (2_LS_301_AL * (3_FIT_001_PV + -0.57262355)),0.0065613225673001,0.0,0.009818646678584217,13.61716626384507,13.636803557202239,10.316035048367477,3.8212904639444676,0.0,0.0,0.0,0,0
geco_matched_plus_actuator_persistence,2_LS_401_AH,sensor,selected_sensor_delta,1.32,2.0,9.0,2_LS_401_AH * (2_FIT_001_PV * ((1_FIT_001_PV * 2_MV_401_STATUS) * -0.024918532)),0.002531028671956,0.0,0.011690146501096944,11.567854139656207,11.591234432658402,8.763525863375914,7.791393179099645,0.0,0.0,0.0,0,0
geco_matched_plus_actuator_persistence,2_LS_401_AL,sensor,selected_sensor_delta,1.32,2.0,9.0,((2_FIC_401_CO * 1_MV_004_STATUS) * 2_FIC_601_CO) * (2_MV_003_STATUS * 4.5439656e-8),-0.0014167605552886,5.777708620498893,0.011701026360304794,2.1950503652452618,2.2184524179658713,1.6629169433676225,1.414262256890184,0.0,0.0,0.0,0,0
geco_matched_plus_actuator_persistence,2_LS_501_AH,sensor,selected_sensor_delta,1.32,2.0,1.0,9.999286e-5,-9.303286732964544e-05,1.0,0.01057280686784378,4.7265074580850515,4.747653071820739,3.580687468246251,1.811289362138813,0.0,0.0,0.0,0,0
geco_matched_plus_actuator_persistence,2_LS_501_AL,sensor,selected_sensor_delta,1.32,2.0,5.0,(2_FQ_401_PV - 2_FQ_101_PV) * 2A_AIT_002_PV,-0.0151335992731873,2.571116455665051e-32,0.011420730252754334,27.50830914382376,27.531150604329266,20.839628139260423,4.153981333017071,0.0,0.0,0.0,0,0
geco_matched_plus_actuator_persistence,2_LS_601_AH,sensor,selected_sensor_delta,1.32,2.0,9.0,2_LS_301_AH * ((2_FIC_501_SP - 0.22000383) * (2_FIT_001_PV * 2_FIC_401_SP)),0.0,0.0,0.01137293638321413,74.58880665707201,74.61155252983843,56.50667170990304,1.6701848448867902,0.0,0.0,0.0,0,0
geco_matched_plus_actuator_persistence,2_LS_601_AL,sensor,selected_sensor_delta,1.32,2.0,5.0,(2B_AIT_003_PV * -0.0038763508) + 0.033448044,-0.0022001244809992,4.797744669484077,0.010188883403531176,2.3412417357788966,2.3616195025859588,1.773667981650679,1.6563197500556504,0.0,0.0,0.0,0,0
geco_matched_plus_actuator_persistence,2_LT_002_PV,sensor,selected_sensor_delta,1.32,2.0,5.0,(TOTAL_CONS_REQUIRED_FLOW - 2_FIT_001_PV) * -0.03581529,0.0202287766691278,24.794094900339346,0.15304194999487877,6.233531116082309,6.539615016072067,4.722372057638113,6.539615016072067,0.0030729166666666665,0.00015960908052891994,0.0509997980206019,74,45
geco_matched_plus_actuator_persistence,2_MCV_007_CO,sensor,selected_sensor_delta,1.32,2.0,3.0,3_P_003_STATUS - 2_MV_002_STATUS,,0.0,1e-06,1e-06,3e-06,0.0,3e-06,0.0005208333333333333,5.5249297106164594e-05,0.008180165623106443,30,3
geco_matched_plus_actuator_persistence,2_P_003_SPEED,sensor,selected_sensor_delta,1.32,2.0,1.0,2_P_004_SPEED,0.000302468603613,1.2555573934924376,1.1749209730634267,100.73329412031484,103.0831360664417,76.31310160629911,74.90048855516326,0.0,0.0,0.0,0,0
geco_matched_plus_actuator_persistence,2_PIC_003_CO,sensor,selected_sensor_delta,1.32,2.0,7.0,((2_PIC_003_PV - 2_MV_006_STATUS) + 0.92499703) * 0.515833,0.0239900981892037,32.36284519360931,0.624249617240662,1107.9467130231674,1109.1952122576488,839.3535704720965,68.28561631553673,0.0,0.0,0.0,0,0
geco_matched_plus_actuator_persistence,2_PIC_003_PV,sensor,selected_sensor_delta,1.32,2.0,7.0,(2_PIC_003_PV + (0.9200428 - 2_MV_006_STATUS)) * -0.06421421,0.0198915417593883,26.39547806641177,0.06264419974295483,211.20458641619314,211.32987481567903,160.00347455772206,7.018815523038089,0.0,0.0,0.0,0,0
geco_matched_plus_actuator_persistence,2_PIT_001_PV,sensor,selected_sensor_delta,1.32,2.0,5.0,1.1427776 - (2_DPIT_001_PV * 0.0004586949),0.006621193393292,10.36563242243466,0.3894949934835992,89.30962349830554,90.08861348527275,67.6588056805345,76.04932049113552,0.0,0.0,0.0,0,0
geco_matched_plus_actuator_persistence,2_PIT_002_PV,sensor,selected_sensor_delta,1.32,2.0,5.0,(2_DPIT_001_PV * -0.003075006) + 7.663425,0.0050784784743534,9.060265717850797,2.2764557660727176,549.2843234520041,553.8372349841495,416.1244874636394,494.70586953373856,0.0,0.0,0.0,0,0
geco_matched_plus_actuator_persistence,2_PIT_003_PV,sensor,selected_sensor_delta,1.32,2.0,7.0,((2_MV_006_STATUS - 2_PIC_003_PV) + -0.9245177) * 0.057637595,0.0175529740100325,29.471299638718875,0.062284469291722,157.60126233825727,157.72583127684072,119.39489571080095,7.435230275214128,0.0,0.0,0.0,0,0
geco_matched_plus_actuator_persistence,2A_AIT_001_PV,sensor,selected_sensor_delta,1.32,2.0,1.0,1.9560876e-7,-8.863622583454855e-06,1.0,0.00016305843894173642,0.3340773047523927,0.3344034216302762,0.25308886723666113,0.0021141292319017545,0.0,0.0,0.0,0,0
geco_matched_plus_actuator_persistence,2A_AIT_002_PV,sensor,selected_sensor_delta,1.32,2.0,7.0,((2_MCV_101_CO * -0.023470242) * 2A_AIT_002_PV) * 2A_AIT_002_PV,-0.0475475253455481,1.101981112345036e-32,0.16387552169973232,763.9429673976913,764.2707184410907,578.7446722709782,4.068106360617694,0.0,0.0,0.0,0,0
geco_matched_plus_actuator_persistence,2A_AIT_003_PV,sensor,selected_sensor_delta,1.32,2.0,7.0,2_FIC_201_PV * (2A_AIT_002_PV * (-0.33989054 * 2_FIT_002_PV)),-0.0012282912975181,0.0,0.003720484015034855,1.437963346956608,1.4454043149866778,1.0893661719368242,0.686988340776312,0.0,0.0,0.0,0,0
geco_matched_plus_actuator_persistence,2B_AIT_001_PV,sensor,selected_sensor_delta,1.32,2.0,5.0,2_LS_201_AH * (2_MCV_501_CO * 4.5408036e-5),-0.0044911897181842,0.0,7.71827333816407e-05,0.020377326244328448,0.02053169171109173,0.01543736836691549,0.012964592355746929,0.0,0.0,0.0,0,0
geco_matched_plus_actuator_persistence,3_AIT_001_PV,sensor,selected_sensor_delta,1.32,2.0,1.0,0.0,0.0,0.0,0.00020841843969419892,0.22005781442739344,0.22047465130678184,0.16671046547529805,0.0,0.0,0.0,0.0,0,0
geco_matched_plus_actuator_persistence,3_AIT_003_PV,sensor,selected_sensor_delta,1.32,2.0,3.0,3_AIT_003_PV * -0.09685825,0.036160234996091,32.561618656036444,6.3235121918570645,72.22262055212279,84.86964493583692,54.7141064788809,48.5708259273197,0.0,0.0,0.0,0,0
geco_matched_plus_actuator_persistence,3_AIT_004_PV,sensor,selected_sensor_delta,1.32,2.0,5.0,(3_AIT_004_PV * -0.22340244) + 2_PIT_001_PV,0.0705906221904001,19.22637520277597,455.9909960478907,8928.728850386522,9840.710842482304,6764.188523020091,4527.302069542882,0.0,0.0,0.0,0,0
geco_matched_plus_actuator_persistence,3_AIT_005_PV,sensor,selected_sensor_delta,1.32,2.0,1.0,1.665455e-5,-0.0001843146077267,17.391272839636848,0.0015296999915492212,1.6222892834477942,1.6253486834308926,1.2290070329149956,0.31388459112275385,0.0,0.0,0.0,0,0
geco_matched_plus_actuator_persistence,3_LS_001_AL,sensor,selected_sensor_delta,1.32,2.0,3.0,1_LS_001_AL - 1_LS_001_AL,,0.0,1e-06,1e-06,3e-06,0.0,0.0,0.0,0.0,0.0,0,0
geco_matched_plus_actuator_persistence,LEAK_DIFF_PRESSURE,sensor,selected_sensor_delta,1.32,2.0,7.0,2_FIT_003_PV + ((LEAK_DIFF_PRESSURE * -0.11256748) + 6.922297),0.0315872021934814,16.788538020673613,1.911347078561208,336.8845310626365,340.7072252197589,255.21555383533064,235.61947492026877,0.0,0.0,0.0,0,0
geco_matched_plus_actuator_persistence,PLANT_START_STOP_LOG,sensor,selected_sensor_delta,1.32,2.0,3.0,2_MCV_007_CO * 2_MCV_007_CO,,0.0,1e-06,1e-06,3e-06,0.0,3e-06,0.008969907407407407,5.5249297106164594e-05,0.15562512623712382,3,627
geco_matched_plus_actuator_persistence,1_MV_001_STATUS,actuator,actuator_persistence,1.32,2.0,1.0,1_MV_001_STATUS,,,0.04056415846780728,14.606165149781933,14.687293466717549,11.065276628622676,14.687293466717549,0.0004398148148148148,1.2277621579147688e-05,0.007473237729751565,38,2
geco_matched_plus_actuator_persistence,1_MV_004_STATUS,actuator,actuator_persistence,1.32,2.0,1.0,1_MV_004_STATUS,,,0.04067319042827918,14.592204697563115,14.673551078419674,11.054700528456905,2.755960857430325,0.0,0.0,0.0,0,0
geco_matched_plus_actuator_persistence,1_P_001_STATUS,actuator,actuator_persistence,1.32,2.0,1.0,1_P_001_STATUS,,,0.01803574328798211,4.4097393351074565,4.445810821683421,3.340711617505649,4.445810821683421,0.0002662037037037037,0.0,0.004645526156332054,23,2
geco_matched_plus_actuator_persistence,1_P_002_STATUS,actuator,actuator_persistence,1.32,2.0,1.0,1_P_002_STATUS,,,1e-06,1e-06,3e-06,0.0,0.0,0.0,0.0,0.0,0,0
geco_matched_plus_actuator_persistence,1_P_003_STATUS,actuator,actuator_persistence,1.32,2.0,1.0,1_P_003_STATUS,,,0.01803574328798211,4.4097393351074565,4.445810821683421,3.340711617505649,4.445810821683421,0.0002662037037037037,0.0,0.004645526156332054,23,2
geco_matched_plus_actuator_persistence,1_P_004_STATUS,actuator,actuator_persistence,1.32,2.0,1.0,1_P_004_STATUS,,,1e-06,1e-06,3e-06,0.0,0.0,0.0,0.0,0.0,0,0
geco_matched_plus_actuator_persistence,1_P_005_STATUS,actuator,actuator_persistence,1.32,2.0,1.0,1_P_005_STATUS,,,0.040709690311655826,2.808107604276261,2.8895269848995726,2.127354245663834,2.8895269848995726,5.787037037037037e-05,0.0,0.0010098969905069683,5,2
geco_matched_plus_actuator_persistence,1_P_006_STATUS,actuator,actuator_persistence,1.32,2.0,1.0,1_P_006_STATUS,,,1e-06,1e-06,3e-06,0.0,3e-06,3.472222222222222e-05,1.8416432368721532e-05,0.0003029690971520905,2,3
geco_matched_plus_actuator_persistence,2_MV_001_STATUS,actuator,actuator_persistence,1.32,2.0,1.0,2_MV_001_STATUS,,,1e-06,1e-06,3e-06,0.0,0.0,0.0,0.0,0.0,0,0
geco_matched_plus_actuator_persistence,2_MV_002_STATUS,actuator,actuator_persistence,1.32,2.0,1.0,2_MV_002_STATUS,,,1e-06,1e-06,3e-06,0.0,0.0,0.0,0.0,0.0,0,0
geco_matched_plus_actuator_persistence,2_MV_003_STATUS,actuator,actuator_persistence,1.32,2.0,1.0,2_MV_003_STATUS,,,0.09216863911203314,10.243520233117334,10.4278575113414,7.760242600846465,10.4278575113414,0.00012152777777777777,1.2277621579147688e-05,0.0019188042819632397,11,2
geco_matched_plus_actuator_persistence,2_MV_004_STATUS,actuator,actuator_persistence,1.32,2.0,1.0,2_MV_004_STATUS,,,1e-06,1e-06,3e-06,0.0,0.0,0.0,0.0,0.0,0,0
geco_matched_plus_actuator_persistence,2_MV_005_STATUS,actuator,actuator_persistence,1.32,2.0,1.0,2_MV_005_STATUS,,,1e-06,1e-06,3e-06,0.0,0.0,0.0,0.0,0.0,0,0
geco_matched_plus_actuator_persistence,2_MV_006_STATUS,actuator,actuator_persistence,1.32,2.0,1.0,2_MV_006_STATUS,,,0.08828073019980047,5.9389804143164815,6.115541874716082,4.499227586603395,4.410946856403594,0.0,0.0,0.0,0,0
geco_matched_plus_actuator_persistence,2_MV_009_STATUS,actuator,actuator_persistence,1.32,2.0,1.0,2_MV_009_STATUS,,,1e-06,1e-06,3e-06,0.0,0.0,0.0,0.0,0.0,0,0
geco_matched_plus_actuator_persistence,2_MV_101_STATUS,actuator,actuator_persistence,1.32,2.0,1.0,2_MV_101_STATUS,,,0.02492577904561714,3.762587829958713,3.8124393880499476,2.8504453257262976,2.8504453257262976,0.0,0.0,0.0,0,0
geco_matched_plus_actuator_persistence,2_MV_201_STATUS,actuator,actuator_persistence,1.32,2.0,1.0,2_MV_201_STATUS,,,0.023317454840228517,3.77532575766539,3.8219606673458473,2.8600952709586287,2.8600952709586287,0.0,0.0,0.0,0,0
geco_matched_plus_actuator_persistence,2_MV_301_STATUS,actuator,actuator_persistence,1.32,2.0,1.0,2_MV_301_STATUS,,,0.02189085756575435,3.7866244080792257,3.8304061232107345,2.8686548546054738,2.8686548546054738,0.0,0.0,0.0,0,0
geco_matched_plus_actuator_persistence,2_MV_401_STATUS,actuator,actuator_persistence,1.32,2.0,1.0,2_MV_401_STATUS,,,0.04256249555772995,6.318510304917413,6.403635296032872,4.78675023099804,3.2338750799608595,0.0,0.0,0.0,0,0
geco_matched_plus_actuator_persistence,2_MV_501_STATUS,actuator,actuator_persistence,1.32,2.0,1.0,2_MV_501_STATUS,,,0.03629246408107271,7.036321580997267,7.108906509159413,5.330546652270657,2.782245215513564,0.0,0.0,0.0,0,0
geco_matched_plus_actuator_persistence,2_MV_601_STATUS,actuator,actuator_persistence,1.32,2.0,1.0,2_MV_601_STATUS,,,0.022086190873586854,3.7850773682811925,3.829249750028366,2.867482854758479,2.867482854758479,0.0,0.0,0.0,0,0
geco_matched_plus_actuator_persistence,2_P_003_STATUS,actuator,actuator_persistence,1.32,2.0,1.0,2_P_003_STATUS,,,0.03892715311945345,2.3316969472939286,2.4095512535328356,1.766437081283279,1.766437081283279,0.0,0.0,0.0,0,0
geco_matched_plus_actuator_persistence,2_P_004_STATUS,actuator,actuator_persistence,1.32,2.0,1.0,2_P_004_STATUS,,,1e-06,1e-06,3e-06,0.0,0.0,0.0,0.0,0.0,0,0
geco_matched_plus_actuator_persistence,2_SV_101_STATUS,actuator,actuator_persistence,1.32,2.0,1.0,2_SV_101_STATUS,,,1e-06,1e-06,3e-06,0.0,0.0,0.0,0.0,0.0,0,0
geco_matched_plus_actuator_persistence,2_SV_201_STATUS,actuator,actuator_persistence,1.32,2.0,1.0,2_SV_201_STATUS,,,1e-06,1e-06,3e-06,0.0,0.0,0.0,0.0,0.0,0,0
geco_matched_plus_actuator_persistence,2_SV_301_STATUS,actuator,actuator_persistence,1.32,2.0,1.0,2_SV_301_STATUS,,,1e-06,1e-06,3e-06,0.0,0.0,0.0,0.0,0.0,0,0
geco_matched_plus_actuator_persistence,2_SV_401_STATUS,actuator,actuator_persistence,1.32,2.0,1.0,2_SV_401_STATUS,,,1e-06,1e-06,3e-06,0.0,0.0,0.0,0.0,0.0,0,0
geco_matched_plus_actuator_persistence,2_SV_501_STATUS,actuator,actuator_persistence,1.32,2.0,1.0,2_SV_501_STATUS,,,1e-06,1e-06,3e-06,0.0,0.0,0.0,0.0,0.0,0,0
geco_matched_plus_actuator_persistence,2_SV_601_STATUS,actuator,actuator_persistence,1.32,2.0,1.0,2_SV_601_STATUS,,,1e-06,1e-06,3e-06,0.0,0.0,0.0,0.0,0.0,0,0
geco_matched_plus_actuator_persistence,3_MV_001_STATUS,actuator,actuator_persistence,1.32,2.0,1.0,3_MV_001_STATUS,,,1e-06,1e-06,3e-06,0.0,0.0,0.0,0.0,0.0,0,0
geco_matched_plus_actuator_persistence,3_MV_002_STATUS,actuator,actuator_persistence,1.32,2.0,1.0,3_MV_002_STATUS,,,1e-06,1e-06,3e-06,0.0,0.0,0.0,0.0,0.0,0,0
geco_matched_plus_actuator_persistence,3_MV_003_STATUS,actuator,actuator_persistence,1.32,2.0,1.0,3_MV_003_STATUS,,,1e-06,1e-06,3e-06,0.0,0.0,0.0,0.0,0.0,0,0
geco_matched_plus_actuator_persistence,3_P_001_STATUS,actuator,actuator_persistence,1.32,2.0,1.0,3_P_001_STATUS,,,1e-06,1e-06,3e-06,0.0,0.0,0.0,0.0,0.0,0,0
geco_matched_plus_actuator_persistence,3_P_002_STATUS,actuator,actuator_persistence,1.32,2.0,1.0,3_P_002_STATUS,,,1e-06,1e-06,3e-06,0.0,0.0,0.0,0.0,0.0,0,0
geco_matched_plus_actuator_persistence,3_P_003_STATUS,actuator,actuator_persistence,1.32,2.0,1.0,3_P_003_STATUS,,,1e-06,1e-06,3e-06,0.0,0.0,0.0,0.0,0.0,0,0
geco_matched_plus_actuator_persistence,3_P_004_STATUS,actuator,actuator_persistence,1.32,2.0,1.0,3_P_004_STATUS,,,1e-06,1e-06,3e-06,0.0,0.0,0.0,0.0,0.0,0,0
geco_matched_plus_actuator_persistence,1_AIT_002_PV,sensor,selected_sensor_delta,1.32,5.98,5.0,0.015316334 - (1_AIT_002_PV * 0.024466293),0.0119052665651211,41.73000224731814,0.016198173266754025,6.0539146784915365,6.1507797546267255,4.586298998857225,6.1507797546267255,0.0043055555555555555,0.00028852410710997065,0.07038982023833569,1,744
geco_matched_plus_actuator_persistence,1_AIT_004_PV,sensor,selected_sensor_delta,1.32,5.98,3.0,3_AIT_004_PV * -5.4525193e-5,-0.0001992524296718,4.910153218946012,2.8444196394286245,1346.573823848756,1363.5834532925392,1020.1316847339061,933.8179709712217,0.0,0.0,0.0,0,0
geco_matched_plus_actuator_persistence,1_AIT_005_PV,sensor,selected_sensor_delta,1.32,5.98,5.0,(1_FIT_001_PV - 1_AIT_002_PV) * -3.9571616e-5,0.0023463384738832,12.40172474664917,0.0005404796966590669,0.08909490105842725,0.09232696964444848,0.06749613716547519,0.040270004949606274,0.0,0.0,0.0,0,0
geco_matched_plus_actuator_persistence,1_FIT_001_PV,sensor,selected_sensor_delta,1.32,5.98,7.0,((1_LT_001_PV * 1_P_001_STATUS) * -0.0001994969) + 0.014458983,-0.0179323441933463,11.85813818130814,0.03840313085817598,9.159853709501068,9.38950443203296,6.9392831132583845,9.38950443203296,0.0025462962962962965,4.911048631659075e-05,0.04362754998990103,33,78
geco_matched_plus_actuator_persistence,1_LS_001_AL,sensor,selected_sensor_delta,1.32,5.98,3.0,0.030378316 - 0.030378316,,0.0,1e-06,1e-06,6.98e-06,0.0,0.0,0.0,0.0,0.0,0,0
geco_matched_plus_actuator_persistence,1_LS_002_AL,sensor,selected_sensor_delta,1.32,5.98,3.0,-0.021763658 - -0.021763658,,0.0,1e-06,1e-06,6.98e-06,0.0,0.0,0.0,0.0,0.0,0,0
geco_matched_plus_actuator_persistence,2_DPIT_001_PV,sensor,selected_sensor_delta,1.32,5.98,3.0,88.35751 - 2_PIT_002_PV,0.008482119469839,9.66778276190117,43.256756319788046,8571.457002917898,8830.13240571023,6493.528032513559,7067.644661908868,0.0,0.0,0.0,0,0
geco_matched_plus_actuator_persistence,2_FIC_101_CO,sensor,selected_sensor_delta,1.32,5.98,3.0,2_FQ_101_PV * -0.3397043,0.0150389194041339,34.150938108826395,0.5275863868982411,129.883267641997,133.0382342356485,98.39641488030075,80.61268401614372,0.0,0.0,0.0,0,0
geco_matched_plus_actuator_persistence,2_FIC_101_PV,sensor,selected_sensor_delta,1.32,5.98,3.0,2_FIC_101_PV * -0.016046675,0.002252916125048,18.49348773225588,0.02979673568732669,7.3990592964825845,7.577243775892798,5.605347951880746,3.974709597218389,0.0,0.0,0.0,0,0
geco_matched_plus_actuator_persistence,2_FIC_101_SP,sensor,selected_sensor_delta,1.32,5.98,15.0,((2_MV_003_STATUS - 1_MV_001_STATUS) * (2_FIC_201_PV * (3_AIT_001_PV * 2_P_004_SPEED))) * (2.3499095 * (2_MV_009_STATUS - 2_MV_003_STATUS)),-9.112138177336249e-08,0.0,0.0017891865730764527,1.1041992113404666,1.1148985470474637,0.836514554045808,0.28821081253285386,0.0,0.0,0.0,0,0
geco_matched_plus_actuator_persistence,2_FIC_201_CO,sensor,selected_sensor_delta,1.32,5.98,3.0,2_FQ_201_PV * -0.25967506,0.0115003398980684,41.3791240636834,0.37493504907663644,124.40040424906223,126.64251584254052,94.24273049171381,109.98883320035127,0.0,0.0,0.0,0,0
geco_matched_plus_actuator_persistence,2_FIC_201_PV,sensor,selected_sensor_delta,1.32,5.98,7.0,(2_FQ_201_PV * 2_FIC_401_PV) * (-0.04007296 - 2_LS_201_AH),0.0034190508627743,39.845894609586814,0.020632148889052914,10.864844046802274,10.98822429715881,8.230942459698692,4.876911715521573,0.0,0.0,0.0,0,0
geco_matched_plus_actuator_persistence,2_FIC_201_SP,sensor,selected_sensor_delta,1.32,5.98,11.0,((2_MV_003_STATUS - 1_P_005_STATUS) * ((2_P_004_SPEED * 3_AIT_001_PV) * 1_FIT_001_PV)) * 2_MV_101_STATUS,-2.3749495703384582e-09,0.0,0.0016237224631009655,0.42025666707256465,0.42996652740190844,0.3183762629337611,0.2383762870736422,0.0,0.0,0.0,0,0
geco_matched_plus_actuator_persistence,2_FIC_301_PV,sensor,selected_sensor_delta,1.32,5.98,3.0,2_FIC_601_PV * -0.009515096,-0.0036792547368171,17.746108309561812,0.020480065128239675,6.560905328277905,6.683376117744778,4.970382824452958,5.163894476575684,0.0,0.0,0.0,0,0
geco_matched_plus_actuator_persistence,2_FIC_301_SP,sensor,selected_sensor_delta,1.32,5.98,13.0,1_FIT_001_PV * ((((4.6891226e-5 * 2_FIC_301_CO) * 2_LS_201_AH) * 4.6891226e-5) * (2_FIC_501_CO * 3_AIT_004_PV)),-0.0308985748156576,0.0,0.002078101798552482,1.269777485328271,1.282204534083615,0.9619526404002053,0.25792190356586553,0.0,0.0,0.0,0,0
geco_matched_plus_actuator_persistence,2_FIC_401_CO,sensor,selected_sensor_delta,1.32,5.98,3.0,2_FQ_401_PV * -0.28900453,0.0068262290096441,31.49156173004372,0.5152049430767641,109.17666907489898,112.25759463449803,82.70959778401438,89.62904282109717,0.0,0.0,0.0,0,0
geco_matched_plus_actuator_persistence,2_FIC_401_PV,sensor,selected_sensor_delta,1.32,5.98,9.0,2_FQ_401_PV * (((2B_AIT_001_PV * 2_FIC_501_SP) + -0.073952936) * 2_FIC_401_PV),-0.0136811757617747,42.44627371380358,0.030358977164082257,9.604039533975863,9.785586217417075,7.27578752573929,5.517591368486072,0.0,0.0,0.0,0,0
geco_matched_plus_actuator_persistence,2_FIC_401_SP,sensor,selected_sensor_delta,1.32,5.98,11.0,(3_AIT_001_PV * ((3_FIT_001_PV + -0.5745507) * (1_P_005_STATUS - 2_MV_003_STATUS))) * 1_FIT_001_PV,-2.5924091762163926e-09,0.0,0.001662038620217033,0.6958530159703255,0.7057920069192233,0.527161375735095,0.24833797628094417,0.0,0.0,0.0,0,0
geco_matched_plus_actuator_persistence,2_FIC_501_PV,sensor,selected_sensor_delta,1.32,5.98,3.0,2_FIC_501_PV * -0.019195596,-0.0080578702045512,13.110728544786658,0.023499944593588378,7.465125237919246,7.605654906588904,5.65539790751458,6.0730825129994725,0.0,0.0,0.0,0,0
geco_matched_plus_actuator_persistence,2_FIC_601_CO,sensor,selected_sensor_delta,1.32,5.98,3.0,2_FQ_601_PV * -0.33139205,-0.0036177276086308,38.05090530847815,0.3690366250044411,138.66374979001858,140.87058880754515,105.04829529546862,100.55624201774286,0.0,0.0,0.0,0,0
geco_matched_plus_actuator_persistence,2_FIC_601_PV,sensor,selected_sensor_delta,1.32,5.98,3.0,2_FIC_601_PV * -0.01591041,-0.0054832129042694,19.98884073391906,0.020960186568226402,7.433887805515446,7.559229721193439,5.631733185996549,4.815475964362502,0.0,0.0,0.0,0,0
geco_matched_plus_actuator_persistence,2_FIC_601_SP,sensor,selected_sensor_delta,1.32,5.98,13.0,(2_MCV_201_CO * ((1_MV_001_STATUS - 2_MV_003_STATUS) * 3_AIT_001_PV)) * (-0.00017899254 * (1_MV_001_STATUS - 2_MV_003_STATUS)),-6.513451999978771e-09,0.0,0.0020184410255506147,0.43293565548592927,0.44500593281872197,0.32798155718631006,0.31798154437131143,0.0,0.0,0.0,0,0
geco_matched_plus_actuator_persistence,2_FIT_001_PV,sensor,selected_sensor_delta,1.32,5.98,5.0,(2_MV_003_STATUS - 2_FIT_001_PV) * 0.021082245,-0.0272732956464449,1.6244499683380147,0.08943224896033541,5.869556520643253,6.404361369426059,4.44663372776004,6.404361369426059,0.00034722222222222224,0.0,0.0060593819430418095,5,25
geco_matched_plus_actuator_persistence,2_FIT_002_PV,sensor,selected_sensor_delta,1.32,5.98,3.0,2_FQ_101_PV * -0.010027352,-0.001361467372912,19.48504475212655,0.013844316925125643,1.8195884226326562,1.9023774378449074,1.3784760777520122,1.66992812094682,0.0,0.0,0.0,0,0
geco_matched_plus_actuator_persistence,2_FIT_003_PV,sensor,selected_sensor_delta,1.32,5.98,3.0,2_FIT_002_PV * 2_PIC_003_PV,0.0553370128865967,4.825827196131465,0.08662036534491208,9.733694330794233,10.251684115556808,7.374010856662298,10.251684115556808,0.002013888888888889,0.00011049859421232919,0.033326600686729956,1,348
geco_matched_plus_actuator_persistence,2_FQ_101_PV,sensor,selected_sensor_delta,1.32,5.98,3.0,2_FIC_101_PV * -0.014559889,0.0034545247127396,19.51039912430314,0.029518715120822655,7.2268030611374865,7.403324977560006,5.474850803892035,3.7794473133155058,0.0,0.0,0.0,0,0
geco_matched_plus_actuator_persistence,2_FQ_201_PV,sensor,selected_sensor_delta,1.32,5.98,1.0,0.00017188098,-7.82947853235072e-05,42.419670621221854,0.019914913082316514,5.865847376806086,5.9849385570383395,4.443823770307641,4.932179232407571,0.0,0.0,0.0,0,0
geco_matched_plus_actuator_persistence,2_FQ_301_PV,sensor,selected_sensor_delta,1.32,5.98,3.0,2_FIC_301_PV * -0.009666798,0.0030450564846143,17.380916905003005,0.020423243574404518,6.911789399548635,7.033920396123574,5.236204090567147,5.170309152234473,0.0,0.0,0.0,0,0
geco_matched_plus_actuator_persistence,2_FQ_401_PV,sensor,selected_sensor_delta,1.32,5.98,3.0,2_FQ_401_PV * -0.016482946,0.0072349124829306,9.838222623484665,0.03102988210774329,7.033863901307978,7.219422596312283,5.328684773718165,5.046962987887681,0.0,0.0,0.0,0,0
geco_matched_plus_actuator_persistence,2_FQ_501_PV,sensor,selected_sensor_delta,1.32,5.98,3.0,2_FIC_501_PV * -0.014651568,-0.0011197778128997,14.59205286561609,0.02297279909369978,7.393498673608959,7.5308760121892835,5.601135358794665,5.420083135880075,0.0,0.0,0.0,0,0
geco_matched_plus_actuator_persistence,2_FQ_601_PV,sensor,selected_sensor_delta,1.32,5.98,3.0,2_FIC_601_PV * -0.021256251,-0.0140299318532872,15.7930218718151,0.021655684862108213,7.637186846806491,7.766687842281899,5.7857476112170385,4.870014111900411,0.0,0.0,0.0,0,0
geco_matched_plus_actuator_persistence,2_LS_101_AH,sensor,selected_sensor_delta,1.32,5.98,9.0,((2_FQ_301_PV * 2_MV_101_STATUS) * (2_LS_101_AH - 1_MV_004_STATUS)) * 2_LS_101_AH,-0.1183975229998723,0.0,0.011789963000637876,15.667775526838742,15.738279505582558,11.869526914271773,2.5279678696062966,0.0,0.0,0.0,0,0
geco_matched_plus_actuator_persistence,2_LS_101_AL,sensor,selected_sensor_delta,1.32,5.98,7.0,(2_LS_101_AL * (3_AIT_001_PV * 2_FIC_101_PV)) * -20.992853,0.0,0.0,0.013714954292528232,61.40550378622725,61.48751921289657,46.51932105017216,1.1496728338632498,0.0,0.0,0.0,0,0
geco_matched_plus_actuator_persistence,2_LS_201_AH,sensor,selected_sensor_delta,1.32,5.98,7.0,(2_LS_501_AH * 2_LS_201_AH) * (1_MV_001_STATUS - 1.9999987),0.0,0.0,0.010755052489398766,14.292836131423895,14.3571513453105,10.827906160169617,1.8171641076802207,0.0,0.0,0.0,0,0
geco_matched_plus_actuator_persistence,2_LS_201_AL,sensor,selected_sensor_delta,1.32,5.98,5.0,(3_FIT_001_PV + -0.5867106) * 2_LS_201_AL,-0.0394394750394426,0.0,0.010531012041083483,9.080399904313989,9.143375356319668,6.879090836601506,3.5182206593404732,0.0,0.0,0.0,0,0
geco_matched_plus_actuator_persistence,2_LS_301_AH,sensor,selected_sensor_delta,1.32,5.98,11.0,(3_AIT_003_PV * ((2_FIC_201_PV * (2_FIC_301_SP * 2_LS_301_AH)) * -0.28339157)) * 2_FIT_001_PV,0.0,0.0,0.010381215458828894,19.85463303042177,19.916712698865567,15.04138865941043,1.8131381217410805,0.0,0.0,0.0,0,0
geco_matched_plus_actuator_persistence,2_LS_301_AL,sensor,selected_sensor_delta,1.32,5.98,9.0,(0.72565746 - 3_AIT_005_PV) * (2_LS_301_AL * (3_FIT_001_PV + -0.57262355)),0.0065613225673001,0.0,0.009818646678584217,13.61716626384507,13.675881770983002,10.316035048367477,3.8212904639444676,0.0,0.0,0.0,0,0
geco_matched_plus_actuator_persistence,2_LS_401_AH,sensor,selected_sensor_delta,1.32,5.98,9.0,2_LS_401_AH * (2_FIT_001_PV * ((1_FIT_001_PV * 2_MV_401_STATUS) * -0.024918532)),0.002531028671956,0.0,0.011690146501096944,11.567854139656207,11.637761215732766,8.763525863375914,7.791393179099645,0.0,0.0,0.0,0,0
geco_matched_plus_actuator_persistence,2_LS_401_AL,sensor,selected_sensor_delta,1.32,5.98,9.0,((2_FIC_401_CO * 1_MV_004_STATUS) * 2_FIC_601_CO) * (2_MV_003_STATUS * 4.5439656e-8),-0.0014167605552886,5.777708620498893,0.011701026360304794,2.1950503652452618,2.2650225028798845,1.6629169433676225,1.414262256890184,0.0,0.0,0.0,0,0
geco_matched_plus_actuator_persistence,2_LS_501_AH,sensor,selected_sensor_delta,1.32,5.98,1.0,9.999286e-5,-9.303286732964544e-05,1.0,0.01057280686784378,4.7265074580850515,4.7897328431547574,3.580687468246251,1.811289362138813,0.0,0.0,0.0,0,0
geco_matched_plus_actuator_persistence,2_LS_501_AL,sensor,selected_sensor_delta,1.32,5.98,5.0,(2_FQ_401_PV - 2_FQ_101_PV) * 2A_AIT_002_PV,-0.0151335992731873,2.571116455665051e-32,0.011420730252754334,27.50830914382376,27.57660511073523,20.839628139260423,4.153981333017071,0.0,0.0,0.0,0,0
geco_matched_plus_actuator_persistence,2_LS_601_AH,sensor,selected_sensor_delta,1.32,5.98,9.0,2_LS_301_AH * ((2_FIC_501_SP - 0.22000383) * (2_FIT_001_PV * 2_FIC_401_SP)),0.0,0.0,0.01137293638321413,74.58880665707201,74.65681681664363,56.50667170990304,1.6701848448867902,0.0,0.0,0.0,0,0
geco_matched_plus_actuator_persistence,2_LS_601_AL,sensor,selected_sensor_delta,1.32,5.98,5.0,(2B_AIT_003_PV * -0.0038763508) + 0.033448044,-0.0022001244809992,4.797744669484077,0.010188883403531176,2.3412417357788966,2.402171258532013,1.773667981650679,1.6563197500556504,0.0,0.0,0.0,0,0
geco_matched_plus_actuator_persistence,2_LT_002_PV,sensor,selected_sensor_delta,1.32,5.98,5.0,(TOTAL_CONS_REQUIRED_FLOW - 2_FIT_001_PV) * -0.03581529,0.0202287766691278,24.794094900339346,0.15304194999487877,6.233531116082309,7.148721977051684,4.722372057638113,7.148721977051684,0.005335648148148148,0.00028852410710997065,0.08836598666935973,34,193
geco_matched_plus_actuator_persistence,2_MCV_007_CO,sensor,selected_sensor_delta,1.32,5.98,3.0,3_P_003_STATUS - 2_MV_002_STATUS,,0.0,1e-06,1e-06,6.98e-06,0.0,6.98e-06,0.0010416666666666667,0.00011049859421232919,0.016360331246212886,29,12
geco_matched_plus_actuator_persistence,2_P_003_SPEED,sensor,selected_sensor_delta,1.32,5.98,1.0,2_P_004_SPEED,0.000302468603613,1.2555573934924376,1.1749209730634267,100.73329412031484,107.75932153923414,76.31310160629911,74.90048855516326,0.0,0.0,0.0,0,0
geco_matched_plus_actuator_persistence,2_PIC_003_CO,sensor,selected_sensor_delta,1.32,5.98,7.0,((2_PIC_003_PV - 2_MV_006_STATUS) + 0.92499703) * 0.515833,0.0239900981892037,32.36284519360931,0.624249617240662,1107.9467130231674,1111.6797257342666,839.3535704720965,68.28561631553673,0.0,0.0,0.0,0,0
geco_matched_plus_actuator_persistence,2_PIC_003_PV,sensor,selected_sensor_delta,1.32,5.98,7.0,(2_PIC_003_PV + (0.9200428 - 2_MV_006_STATUS)) * -0.06421421,0.0198915417593883,26.39547806641177,0.06264419974295483,211.20458641619314,211.579198730656,160.00347455772206,7.018815523038089,0.0,0.0,0.0,0,0
geco_matched_plus_actuator_persistence,2_PIT_001_PV,sensor,selected_sensor_delta,1.32,5.98,5.0,1.1427776 - (2_DPIT_001_PV * 0.0004586949),0.006621193393292,10.36563242243466,0.3894949934835992,89.30962349830554,91.63880355933746,67.6588056805345,76.04932049113552,0.0,0.0,0.0,0,0
geco_matched_plus_actuator_persistence,2_PIT_002_PV,sensor,selected_sensor_delta,1.32,5.98,5.0,(2_DPIT_001_PV * -0.003075006) + 7.663425,0.0050784784743534,9.060265717850797,2.2764557660727176,549.2843234520041,562.8975289331189,416.1244874636394,494.70586953373856,0.0,0.0,0.0,0,0
geco_matched_plus_actuator_persistence,2_PIT_003_PV,sensor,selected_sensor_delta,1.32,5.98,7.0,((2_MV_006_STATUS - 2_PIC_003_PV) + -0.9245177) * 0.057637595,0.0175529740100325,29.471299638718875,0.062284469291722,157.60126233825727,157.97372346462177,119.39489571080095,7.435230275214128,0.0,0.0,0.0,0,0
geco_matched_plus_actuator_persistence,2A_AIT_001_PV,sensor,selected_sensor_delta,1.32,5.98,1.0,1.9560876e-7,-8.863622583454855e-06,1.0,0.00016305843894173642,0.3340773047523927,0.3350523942172643,0.25308886723666113,0.0021141292319017545,0.0,0.0,0.0,0,0
geco_matched_plus_actuator_persistence,2A_AIT_002_PV,sensor,selected_sensor_delta,1.32,5.98,7.0,((2_MCV_101_CO * -0.023470242) * 2A_AIT_002_PV) * 2A_AIT_002_PV,-0.0475475253455481,1.101981112345036e-32,0.16387552169973232,763.9429673976913,764.9229430174557,578.7446722709782,4.068106360617694,0.0,0.0,0.0,0,0
geco_matched_plus_actuator_persistence,2A_AIT_003_PV,sensor,selected_sensor_delta,1.32,5.98,7.0,2_FIC_201_PV * (2A_AIT_002_PV * (-0.33989054 * 2_FIT_002_PV)),-0.0012282912975181,0.0,0.003720484015034855,1.437963346956608,1.4602118413665164,1.0893661719368242,0.686988340776312,0.0,0.0,0.0,0,0
geco_matched_plus_actuator_persistence,2B_AIT_001_PV,sensor,selected_sensor_delta,1.32,5.98,5.0,2_LS_201_AH * (2_MCV_501_CO * 4.5408036e-5),-0.0044911897181842,0.0,7.71827333816407e-05,0.020377326244328448,0.020838878989950658,0.01543736836691549,0.012964592355746929,0.0,0.0,0.0,0,0
geco_matched_plus_actuator_persistence,3_AIT_001_PV,sensor,selected_sensor_delta,1.32,5.98,1.0,0.0,0.0,0.0,0.00020841843969419892,0.22005781442739344,0.22130415669676476,0.16671046547529805,0.0,0.0,0.0,0.0,0,0
geco_matched_plus_actuator_persistence,3_AIT_003_PV,sensor,selected_sensor_delta,1.32,5.98,3.0,3_AIT_003_PV * -0.09685825,0.036160234996091,32.561618656036444,6.3235121918570645,72.22262055212279,110.03722345942805,54.7141064788809,48.5708259273197,0.0,0.0,0.0,0,0
geco_matched_plus_actuator_persistence,3_AIT_004_PV,sensor,selected_sensor_delta,1.32,5.98,5.0,(3_AIT_004_PV * -0.22340244) + 2_PIT_001_PV,0.0705906221904001,19.22637520277597,455.9909960478907,8928.728850386522,11655.555006752908,6764.188523020091,4527.302069542882,0.0,0.0,0.0,0,0
geco_matched_plus_actuator_persistence,3_AIT_005_PV,sensor,selected_sensor_delta,1.32,5.98,1.0,1.665455e-5,-0.0001843146077267,17.391272839636848,0.0015296999915492212,1.6222892834477942,1.6314368893972586,1.2290070329149956,0.31388459112275385,0.0,0.0,0.0,0,0
geco_matched_plus_actuator_persistence,3_LS_001_AL,sensor,selected_sensor_delta,1.32,5.98,3.0,1_LS_001_AL - 1_LS_001_AL,,0.0,1e-06,1e-06,6.98e-06,0.0,0.0,0.0,0.0,0.0,0,0
geco_matched_plus_actuator_persistence,LEAK_DIFF_PRESSURE,sensor,selected_sensor_delta,1.32,5.98,7.0,2_FIT_003_PV + ((LEAK_DIFF_PRESSURE * -0.11256748) + 6.922297),0.0315872021934814,16.788538020673613,1.911347078561208,336.8845310626365,348.3143865924325,255.21555383533064,235.61947492026877,0.0,0.0,0.0,0,0
geco_matched_plus_actuator_persistence,PLANT_START_STOP_LOG,sensor,selected_sensor_delta,1.32,5.98,3.0,2_MCV_007_CO * 2_MCV_007_CO,,0.0,1e-06,1e-06,6.98e-06,0.0,6.98e-06,0.00902199074074074,0.00011049859421232919,0.15562512623712382,3,630
geco_matched_plus_actuator_persistence,1_MV_001_STATUS,actuator,actuator_persistence,1.32,5.98,1.0,1_MV_001_STATUS,,,0.04056415846780728,14.606165149781933,14.84873881741942,11.065276628622676,14.84873881741942,0.0013020833333333333,3.6832864737443065e-05,0.022116744092102604,24,34
geco_matched_plus_actuator_persistence,1_MV_004_STATUS,actuator,actuator_persistence,1.32,5.98,1.0,1_MV_004_STATUS,,,0.04067319042827918,14.592204697563115,14.835430376324226,11.054700528456905,2.755960857430325,0.0,0.0,0.0,0,0
geco_matched_plus_actuator_persistence,1_P_001_STATUS,actuator,actuator_persistence,1.32,5.98,1.0,1_P_001_STATUS,,,0.01803574328798211,4.4097393351074565,4.51759307996959,3.340711617505649,4.51759307996959,0.000792824074074074,0.0,0.013835588769945466,22,11
geco_matched_plus_actuator_persistence,1_P_002_STATUS,actuator,actuator_persistence,1.32,5.98,1.0,1_P_002_STATUS,,,1e-06,1e-06,6.98e-06,0.0,0.0,0.0,0.0,0.0,0,0
geco_matched_plus_actuator_persistence,1_P_003_STATUS,actuator,actuator_persistence,1.32,5.98,1.0,1_P_003_STATUS,,,0.01803574328798211,4.4097393351074565,4.51759307996959,3.340711617505649,4.51759307996959,0.000792824074074074,0.0,0.013835588769945466,22,11
geco_matched_plus_actuator_persistence,1_P_004_STATUS,actuator,actuator_persistence,1.32,5.98,1.0,1_P_004_STATUS,,,1e-06,1e-06,6.98e-06,0.0,0.0,0.0,0.0,0.0,0,0
geco_matched_plus_actuator_persistence,1_P_005_STATUS,actuator,actuator_persistence,1.32,5.98,1.0,1_P_005_STATUS,,,0.040709690311655826,2.808107604276261,3.051551552339963,2.127354245663834,3.051551552339963,0.00016782407407407406,0.0,0.002928701272470208,3,12
geco_matched_plus_actuator_persistence,1_P_006_STATUS,actuator,actuator_persistence,1.32,5.98,1.0,1_P_006_STATUS,,,1e-06,1e-06,6.98e-06,0.0,6.98e-06,6.944444444444444e-05,3.6832864737443065e-05,0.000605938194304181,2,6
geco_matched_plus_actuator_persistence,2_MV_001_STATUS,actuator,actuator_persistence,1.32,5.98,1.0,2_MV_001_STATUS,,,1e-06,1e-06,6.98e-06,0.0,0.0,0.0,0.0,0.0,0,0
geco_matched_plus_actuator_persistence,2_MV_002_STATUS,actuator,actuator_persistence,1.32,5.98,1.0,2_MV_002_STATUS,,,1e-06,1e-06,6.98e-06,0.0,0.0,0.0,0.0,0.0,0,0
geco_matched_plus_actuator_persistence,2_MV_003_STATUS,actuator,actuator_persistence,1.32,5.98,1.0,2_MV_003_STATUS,,,0.09216863911203314,10.243520233117334,10.794688695007292,7.760242600846465,10.794688695007292,0.00034722222222222224,3.6832864737443065e-05,0.005453443748737629,4,45
geco_matched_plus_actuator_persistence,2_MV_004_STATUS,actuator,actuator_persistence,1.32,5.98,1.0,2_MV_004_STATUS,,,1e-06,1e-06,6.98e-06,0.0,0.0,0.0,0.0,0.0,0,0
geco_matched_plus_actuator_persistence,2_MV_005_STATUS,actuator,actuator_persistence,1.32,5.98,1.0,2_MV_005_STATUS,,,1e-06,1e-06,6.98e-06,0.0,0.0,0.0,0.0,0.0,0,0
geco_matched_plus_actuator_persistence,2_MV_006_STATUS,actuator,actuator_persistence,1.32,5.98,1.0,2_MV_006_STATUS,,,0.08828073019980047,5.9389804143164815,6.466899180911288,4.499227586603395,4.410946856403594,0.0,0.0,0.0,0,0
geco_matched_plus_actuator_persistence,2_MV_009_STATUS,actuator,actuator_persistence,1.32,5.98,1.0,2_MV_009_STATUS,,,1e-06,1e-06,6.98e-06,0.0,0.0,0.0,0.0,0.0,0,0
geco_matched_plus_actuator_persistence,2_MV_101_STATUS,actuator,actuator_persistence,1.32,5.98,1.0,2_MV_101_STATUS,,,0.02492577904561714,3.762587829958713,3.9116439886515035,2.8504453257262976,2.8504453257262976,0.0,0.0,0.0,0,0
geco_matched_plus_actuator_persistence,2_MV_201_STATUS,actuator,actuator_persistence,1.32,5.98,1.0,2_MV_201_STATUS,,,0.023317454840228517,3.77532575766539,3.9147641376099567,2.8600952709586287,2.8600952709586287,0.0,0.0,0.0,0,0
geco_matched_plus_actuator_persistence,2_MV_301_STATUS,actuator,actuator_persistence,1.32,5.98,1.0,2_MV_301_STATUS,,,0.02189085756575435,3.7866244080792257,3.9175317363224367,2.8686548546054738,2.8686548546054738,0.0,0.0,0.0,0,0
geco_matched_plus_actuator_persistence,2_MV_401_STATUS,actuator,actuator_persistence,1.32,5.98,1.0,2_MV_401_STATUS,,,0.04256249555772995,6.318510304917413,6.573034028352638,4.78675023099804,3.2338750799608595,0.0,0.0,0.0,0,0
geco_matched_plus_actuator_persistence,2_MV_501_STATUS,actuator,actuator_persistence,1.32,5.98,1.0,2_MV_501_STATUS,,,0.03629246408107271,7.036321580997267,7.253350516202082,5.330546652270657,2.782245215513564,0.0,0.0,0.0,0,0
geco_matched_plus_actuator_persistence,2_MV_601_STATUS,actuator,actuator_persistence,1.32,5.98,1.0,2_MV_601_STATUS,,,0.022086190873586854,3.7850773682811925,3.917152789705242,2.867482854758479,2.867482854758479,0.0,0.0,0.0,0,0
geco_matched_plus_actuator_persistence,2_P_003_STATUS,actuator,actuator_persistence,1.32,5.98,1.0,2_P_003_STATUS,,,0.03892715311945345,2.3316969472939286,2.5644813229482604,1.766437081283279,1.766437081283279,0.0,0.0,0.0,0,0
geco_matched_plus_actuator_persistence,2_P_004_STATUS,actuator,actuator_persistence,1.32,5.98,1.0,2_P_004_STATUS,,,1e-06,1e-06,6.98e-06,0.0,0.0,0.0,0.0,0.0,0,0
geco_matched_plus_actuator_persistence,2_SV_101_STATUS,actuator,actuator_persistence,1.32,5.98,1.0,2_SV_101_STATUS,,,1e-06,1e-06,6.98e-06,0.0,0.0,0.0,0.0,0.0,0,0
geco_matched_plus_actuator_persistence,2_SV_201_STATUS,actuator,actuator_persistence,1.32,5.98,1.0,2_SV_201_STATUS,,,1e-06,1e-06,6.98e-06,0.0,0.0,0.0,0.0,0.0,0,0
geco_matched_plus_actuator_persistence,2_SV_301_STATUS,actuator,actuator_persistence,1.32,5.98,1.0,2_SV_301_STATUS,,,1e-06,1e-06,6.98e-06,0.0,0.0,0.0,0.0,0.0,0,0
geco_matched_plus_actuator_persistence,2_SV_401_STATUS,actuator,actuator_persistence,1.32,5.98,1.0,2_SV_401_STATUS,,,1e-06,1e-06,6.98e-06,0.0,0.0,0.0,0.0,0.0,0,0
geco_matched_plus_actuator_persistence,2_SV_501_STATUS,actuator,actuator_persistence,1.32,5.98,1.0,2_SV_501_STATUS,,,1e-06,1e-06,6.98e-06,0.0,0.0,0.0,0.0,0.0,0,0
geco_matched_plus_actuator_persistence,2_SV_601_STATUS,actuator,actuator_persistence,1.32,5.98,1.0,2_SV_601_STATUS,,,1e-06,1e-06,6.98e-06,0.0,0.0,0.0,0.0,0.0,0,0
geco_matched_plus_actuator_persistence,3_MV_001_STATUS,actuator,actuator_persistence,1.32,5.98,1.0,3_MV_001_STATUS,,,1e-06,1e-06,6.98e-06,0.0,0.0,0.0,0.0,0.0,0,0
geco_matched_plus_actuator_persistence,3_MV_002_STATUS,actuator,actuator_persistence,1.32,5.98,1.0,3_MV_002_STATUS,,,1e-06,1e-06,6.98e-06,0.0,0.0,0.0,0.0,0.0,0,0
geco_matched_plus_actuator_persistence,3_MV_003_STATUS,actuator,actuator_persistence,1.32,5.98,1.0,3_MV_003_STATUS,,,1e-06,1e-06,6.98e-06,0.0,0.0,0.0,0.0,0.0,0,0
geco_matched_plus_actuator_persistence,3_P_001_STATUS,actuator,actuator_persistence,1.32,5.98,1.0,3_P_001_STATUS,,,1e-06,1e-06,6.98e-06,0.0,0.0,0.0,0.0,0.0,0,0
geco_matched_plus_actuator_persistence,3_P_002_STATUS,actuator,actuator_persistence,1.32,5.98,1.0,3_P_002_STATUS,,,1e-06,1e-06,6.98e-06,0.0,0.0,0.0,0.0,0.0,0,0
geco_matched_plus_actuator_persistence,3_P_003_STATUS,actuator,actuator_persistence,1.32,5.98,1.0,3_P_003_STATUS,,,1e-06,1e-06,6.98e-06,0.0,0.0,0.0,0.0,0.0,0,0
geco_matched_plus_actuator_persistence,3_P_004_STATUS,actuator,actuator_persistence,1.32,5.98,1.0,3_P_004_STATUS,,,1e-06,1e-06,6.98e-06,0.0,0.0,0.0,0.0,0.0,0,0
geco_matched_plus_actuator_persistence,1_AIT_002_PV,sensor,selected_sensor_delta,1.32,9.74,5.0,0.015316334 - (1_AIT_002_PV * 0.024466293),0.0119052665651211,41.73000224731814,0.016198173266754025,6.0539146784915365,6.211684886109721,4.586298998857225,6.211684886109721,0.0043287037037037035,0.000313079350268266,0.07038982023833569,1,748
geco_matched_plus_actuator_persistence,1_AIT_004_PV,sensor,selected_sensor_delta,1.32,9.74,3.0,3_AIT_004_PV * -5.4525193e-5,-0.0001992524296718,4.910153218946012,2.8444196394286245,1346.573823848756,1374.2784711367908,1020.1316847339061,933.8179709712217,0.0,0.0,0.0,0,0
geco_matched_plus_actuator_persistence,1_AIT_005_PV,sensor,selected_sensor_delta,1.32,9.74,5.0,(1_FIT_001_PV - 1_AIT_002_PV) * -3.9571616e-5,0.0023463384738832,12.40172474664917,0.0005404796966590669,0.08909490105842725,0.09435917330388656,0.06749613716547519,0.040270004949606274,0.0,0.0,0.0,0,0
geco_matched_plus_actuator_persistence,1_FIT_001_PV,sensor,selected_sensor_delta,1.32,9.74,7.0,((1_LT_001_PV * 1_P_001_STATUS) * -0.0001994969) + 0.014458983,-0.0179323441933463,11.85813818130814,0.03840313085817598,9.159853709501068,9.533900204059702,6.9392831132583845,9.533900204059702,0.003234953703703704,7.980454026445997e-05,0.05514037568168047,20,140
geco_matched_plus_actuator_persistence,1_LS_001_AL,sensor,selected_sensor_delta,1.32,9.74,3.0,0.030378316 - 0.030378316,,0.0,1e-06,1e-06,1.074e-05,0.0,0.0,0.0,0.0,0.0,0,0
geco_matched_plus_actuator_persistence,1_LS_002_AL,sensor,selected_sensor_delta,1.32,9.74,3.0,-0.021763658 - -0.021763658,,0.0,1e-06,1e-06,1.074e-05,0.0,0.0,0.0,0.0,0.0,0,0
geco_matched_plus_actuator_persistence,2_DPIT_001_PV,sensor,selected_sensor_delta,1.32,9.74,3.0,88.35751 - 2_PIT_002_PV,0.008482119469839,9.66778276190117,43.256756319788046,8571.457002917898,8992.777809472633,6493.528032513559,7067.644661908868,0.0,0.0,0.0,0,0
geco_matched_plus_actuator_persistence,2_FIC_101_CO,sensor,selected_sensor_delta,1.32,9.74,3.0,2_FQ_101_PV * -0.3397043,0.0150389194041339,34.150938108826395,0.5275863868982411,129.883267641997,135.02195905038587,98.39641488030075,80.61268401614372,0.0,0.0,0.0,0,0
geco_matched_plus_actuator_persistence,2_FIC_101_PV,sensor,selected_sensor_delta,1.32,9.74,3.0,2_FIC_101_PV * -0.016046675,0.002252916125048,18.49348773225588,0.02979673568732669,7.3990592964825845,7.689279502077147,5.605347951880746,3.974709597218389,0.0,0.0,0.0,0,0
geco_matched_plus_actuator_persistence,2_FIC_101_SP,sensor,selected_sensor_delta,1.32,9.74,15.0,((2_MV_003_STATUS - 1_MV_001_STATUS) * (2_FIC_201_PV * (3_AIT_001_PV * 2_P_004_SPEED))) * (2.3499095 * (2_MV_009_STATUS - 2_MV_003_STATUS)),-9.112138177336249e-08,0.0,0.0017891865730764527,1.1041992113404666,1.1216258885622312,0.836514554045808,0.28821081253285386,0.0,0.0,0.0,0,0
geco_matched_plus_actuator_persistence,2_FIC_201_CO,sensor,selected_sensor_delta,1.32,9.74,3.0,2_FQ_201_PV * -0.25967506,0.0115003398980684,41.3791240636834,0.37493504907663644,124.40040424906223,128.05227162706868,94.24273049171381,109.98883320035127,0.0,0.0,0.0,0,0
geco_matched_plus_actuator_persistence,2_FIC_201_PV,sensor,selected_sensor_delta,1.32,9.74,7.0,(2_FQ_201_PV * 2_FIC_401_PV) * (-0.04007296 - 2_LS_201_AH),0.0034190508627743,39.845894609586814,0.020632148889052914,10.864844046802274,11.06580117698165,8.230942459698692,4.876911715521573,0.0,0.0,0.0,0,0
geco_matched_plus_actuator_persistence,2_FIC_201_SP,sensor,selected_sensor_delta,1.32,9.74,11.0,((2_MV_003_STATUS - 1_P_005_STATUS) * ((2_P_004_SPEED * 3_AIT_001_PV) * 1_FIT_001_PV)) * 2_MV_101_STATUS,-2.3749495703384582e-09,0.0,0.0016237224631009655,0.42025666707256465,0.43607172386316806,0.3183762629337611,0.2383762870736422,0.0,0.0,0.0,0,0
geco_matched_plus_actuator_persistence,2_FIC_301_PV,sensor,selected_sensor_delta,1.32,9.74,3.0,2_FIC_601_PV * -0.009515096,-0.0036792547368171,17.746108309561812,0.020480065128239675,6.560905328277905,6.76038116262696,4.970382824452958,5.163894476575684,0.0,0.0,0.0,0,0
geco_matched_plus_actuator_persistence,2_FIC_301_SP,sensor,selected_sensor_delta,1.32,9.74,13.0,1_FIT_001_PV * ((((4.6891226e-5 * 2_FIC_301_CO) * 2_LS_201_AH) * 4.6891226e-5) * (2_FIC_501_CO * 3_AIT_004_PV)),-0.0308985748156576,0.0,0.002078101798552482,1.269777485328271,1.2900181968461721,0.9619526404002053,0.25792190356586553,0.0,0.0,0.0,0,0
geco_matched_plus_actuator_persistence,2_FIC_401_CO,sensor,selected_sensor_delta,1.32,9.74,3.0,2_FQ_401_PV * -0.28900453,0.0068262290096441,31.49156173004372,0.5152049430767641,109.17666907489898,114.19476522046666,82.70959778401438,89.62904282109717,0.0,0.0,0.0,0,0
geco_matched_plus_actuator_persistence,2_FIC_401_PV,sensor,selected_sensor_delta,1.32,9.74,9.0,2_FQ_401_PV * (((2B_AIT_001_PV * 2_FIC_501_SP) + -0.073952936) * 2_FIC_401_PV),-0.0136811757617747,42.44627371380358,0.030358977164082257,9.604039533975863,9.899735971554025,7.27578752573929,5.517591368486072,0.0,0.0,0.0,0,0
geco_matched_plus_actuator_persistence,2_FIC_401_SP,sensor,selected_sensor_delta,1.32,9.74,11.0,(3_AIT_001_PV * ((3_FIT_001_PV + -0.5745507) * (1_P_005_STATUS - 2_MV_003_STATUS))) * 1_FIT_001_PV,-2.5924091762163926e-09,0.0,0.001662038620217033,0.6958530159703255,0.7120412721312394,0.527161375735095,0.24833797628094417,0.0,0.0,0.0,0,0
geco_matched_plus_actuator_persistence,2_FIC_501_PV,sensor,selected_sensor_delta,1.32,9.74,3.0,2_FIC_501_PV * -0.019195596,-0.0080578702045512,13.110728544786658,0.023499944593588378,7.465125237919246,7.694014698260797,5.65539790751458,6.0730825129994725,0.0,0.0,0.0,0,0
geco_matched_plus_actuator_persistence,2_FIC_601_CO,sensor,selected_sensor_delta,1.32,9.74,3.0,2_FQ_601_PV * -0.33139205,-0.0036177276086308,38.05090530847815,0.3690366250044411,138.66374979001858,142.25816651756185,105.04829529546862,100.55624201774286,0.0,0.0,0.0,0,0
geco_matched_plus_actuator_persistence,2_FIC_601_PV,sensor,selected_sensor_delta,1.32,9.74,3.0,2_FIC_601_PV * -0.01591041,-0.0054832129042694,19.98884073391906,0.020960186568226402,7.433887805515446,7.638040022689971,5.631733185996549,4.815475964362502,0.0,0.0,0.0,0,0
geco_matched_plus_actuator_persistence,2_FIC_601_SP,sensor,selected_sensor_delta,1.32,9.74,13.0,(2_MCV_201_CO * ((1_MV_001_STATUS - 2_MV_003_STATUS) * 3_AIT_001_PV)) * (-0.00017899254 * (1_MV_001_STATUS - 2_MV_003_STATUS)),-6.513451999978771e-09,0.0,0.0020184410255506147,0.43293565548592927,0.45259527107479225,0.32798155718631006,0.31798154437131143,0.0,0.0,0.0,0,0
geco_matched_plus_actuator_persistence,2_FIT_001_PV,sensor,selected_sensor_delta,1.32,9.74,5.0,(2_MV_003_STATUS - 2_FIT_001_PV) * 0.021082245,-0.0272732956464449,1.6244499683380147,0.08943224896033541,5.869556520643253,6.74062662551692,4.44663372776004,6.74062662551692,0.00043402777777777775,0.0,0.007574227428802262,4,54
geco_matched_plus_actuator_persistence,2_FIT_002_PV,sensor,selected_sensor_delta,1.32,9.74,3.0,2_FQ_101_PV * -0.010027352,-0.001361467372912,19.48504475212655,0.013844316925125643,1.8195884226326562,1.9544320694833799,1.3784760777520122,1.66992812094682,0.0,0.0,0.0,0,0
geco_matched_plus_actuator_persistence,2_FIT_003_PV,sensor,selected_sensor_delta,1.32,9.74,3.0,2_FIT_002_PV * 2_PIC_003_PV,0.0553370128865967,4.825827196131465,0.08662036534491208,9.733694330794233,10.577376689253676,7.374010856662298,10.577376689253676,0.00203125,0.0001289150265810507,0.033326600686729956,1,351
geco_matched_plus_actuator_persistence,2_FQ_101_PV,sensor,selected_sensor_delta,1.32,9.74,3.0,2_FIC_101_PV * -0.014559889,0.0034545247127396,19.51039912430314,0.029518715120822655,7.2268030611374865,7.514315346414299,5.474850803892035,3.7794473133155058,0.0,0.0,0.0,0,0
geco_matched_plus_actuator_persistence,2_FQ_201_PV,sensor,selected_sensor_delta,1.32,9.74,1.0,0.00017188098,-7.82947853235072e-05,42.419670621221854,0.019914913082316514,5.865847376806086,6.059818630227849,4.443823770307641,4.932179232407571,0.0,0.0,0.0,0,0
geco_matched_plus_actuator_persistence,2_FQ_301_PV,sensor,selected_sensor_delta,1.32,9.74,3.0,2_FIC_301_PV * -0.009666798,0.0030450564846143,17.380916905003005,0.020423243574404518,6.911789399548635,7.110711791963335,5.236204090567147,5.170309152234473,0.0,0.0,0.0,0,0
geco_matched_plus_actuator_persistence,2_FQ_401_PV,sensor,selected_sensor_delta,1.32,9.74,3.0,2_FQ_401_PV * -0.016482946,0.0072349124829306,9.838222623484665,0.03102988210774329,7.033863901307978,7.336094953037398,5.328684773718165,5.046962987887681,0.0,0.0,0.0,0,0
geco_matched_plus_actuator_persistence,2_FQ_501_PV,sensor,selected_sensor_delta,1.32,9.74,3.0,2_FIC_501_PV * -0.014651568,-0.0011197778128997,14.59205286561609,0.02297279909369978,7.393498673608959,7.617253736781595,5.601135358794665,5.420083135880075,0.0,0.0,0.0,0,0
geco_matched_plus_actuator_persistence,2_FQ_601_PV,sensor,selected_sensor_delta,1.32,9.74,3.0,2_FIC_601_PV * -0.021256251,-0.0140299318532872,15.7930218718151,0.021655684862108213,7.637186846806491,7.848113217363426,5.7857476112170385,4.870014111900411,0.0,0.0,0.0,0,0
geco_matched_plus_actuator_persistence,2_LS_101_AH,sensor,selected_sensor_delta,1.32,9.74,9.0,((2_FQ_301_PV * 2_MV_101_STATUS) * (2_LS_101_AH - 1_MV_004_STATUS)) * 2_LS_101_AH,-0.1183975229998723,0.0,0.011789963000637876,15.667775526838742,15.782609766464955,11.869526914271773,2.5279678696062966,0.0,0.0,0.0,0,0
geco_matched_plus_actuator_persistence,2_LS_101_AL,sensor,selected_sensor_delta,1.32,9.74,7.0,(2_LS_101_AL * (3_AIT_001_PV * 2_FIC_101_PV)) * -20.992853,0.0,0.0,0.013714954292528232,61.40550378622725,61.53908744103647,46.51932105017216,1.1496728338632498,0.0,0.0,0.0,0,0
geco_matched_plus_actuator_persistence,2_LS_201_AH,sensor,selected_sensor_delta,1.32,9.74,7.0,(2_LS_501_AH * 2_LS_201_AH) * (1_MV_001_STATUS - 1.9999987),0.0,0.0,0.010755052489398766,14.292836131423895,14.39759034267064,10.827906160169617,1.8171641076802207,0.0,0.0,0.0,0,0
geco_matched_plus_actuator_persistence,2_LS_201_AL,sensor,selected_sensor_delta,1.32,9.74,5.0,(3_FIT_001_PV + -0.5867106) * 2_LS_201_AL,-0.0394394750394426,0.0,0.010531012041083483,9.080399904313989,9.182971961594141,6.879090836601506,3.5182206593404732,0.0,0.0,0.0,0,0
geco_matched_plus_actuator_persistence,2_LS_301_AH,sensor,selected_sensor_delta,1.32,9.74,11.0,(3_AIT_003_PV * ((2_FIC_201_PV * (2_FIC_301_SP * 2_LS_301_AH)) * -0.28339157)) * 2_FIT_001_PV,0.0,0.0,0.010381215458828894,19.85463303042177,19.955746068990763,15.04138865941043,1.8131381217410805,0.0,0.0,0.0,0,0
geco_matched_plus_actuator_persistence,2_LS_301_AL,sensor,selected_sensor_delta,1.32,9.74,9.0,(0.72565746 - 3_AIT_005_PV) * (2_LS_301_AL * (3_FIT_001_PV + -0.57262355)),0.0065613225673001,0.0,0.009818646678584217,13.61716626384507,13.71279988249448,10.316035048367477,3.8212904639444676,0.0,0.0,0.0,0,0
geco_matched_plus_actuator_persistence,2_LS_401_AH,sensor,selected_sensor_delta,1.32,9.74,9.0,2_LS_401_AH * (2_FIT_001_PV * ((1_FIT_001_PV * 2_MV_401_STATUS) * -0.024918532)),0.002531028671956,0.0,0.011690146501096944,11.567854139656207,11.68171616657689,8.763525863375914,7.791393179099645,0.0,0.0,0.0,0,0
geco_matched_plus_actuator_persistence,2_LS_401_AL,sensor,selected_sensor_delta,1.32,9.74,9.0,((2_FIC_401_CO * 1_MV_004_STATUS) * 2_FIC_601_CO) * (2_MV_003_STATUS * 4.5439656e-8),-0.0014167605552886,5.777708620498893,0.011701026360304794,2.1950503652452618,2.3090183619946303,1.6629169433676225,1.414262256890184,0.0,0.0,0.0,0,0
geco_matched_plus_actuator_persistence,2_LS_501_AH,sensor,selected_sensor_delta,1.32,9.74,1.0,9.999286e-5,-9.303286732964544e-05,1.0,0.01057280686784378,4.7265074580850515,4.8294865969778495,3.580687468246251,1.811289362138813,0.0,0.0,0.0,0,0
geco_matched_plus_actuator_persistence,2_LS_501_AL,sensor,selected_sensor_delta,1.32,9.74,5.0,(2_FQ_401_PV - 2_FQ_101_PV) * 2A_AIT_002_PV,-0.0151335992731873,2.571116455665051e-32,0.011420730252754334,27.50830914382376,27.619547056485587,20.839628139260423,4.153981333017071,0.0,0.0,0.0,0,0
geco_matched_plus_actuator_persistence,2_LS_601_AH,sensor,selected_sensor_delta,1.32,9.74,9.0,2_LS_301_AH * ((2_FIC_501_SP - 0.22000383) * (2_FIT_001_PV * 2_FIC_401_SP)),0.0,0.0,0.01137293638321413,74.58880665707201,74.69957905744452,56.50667170990304,1.6701848448867902,0.0,0.0,0.0,0,0
geco_matched_plus_actuator_persistence,2_LS_601_AL,sensor,selected_sensor_delta,1.32,9.74,5.0,(2B_AIT_003_PV * -0.0038763508) + 0.033448044,-0.0022001244809992,4.797744669484077,0.010188883403531176,2.3412417357788966,2.4404814601292903,1.773667981650679,1.6563197500556504,0.0,0.0,0.0,0,0
geco_matched_plus_actuator_persistence,2_LT_002_PV,sensor,selected_sensor_delta,1.32,9.74,5.0,(TOTAL_CONS_REQUIRED_FLOW - 2_FIT_001_PV) * -0.03581529,0.0202287766691278,24.794094900339346,0.15304194999487877,6.233531116082309,7.7241597090324285,4.722372057638113,7.7241597090324285,0.006603009259259259,0.0003560510257952829,0.10937184407190467,24,283
geco_matched_plus_actuator_persistence,2_MCV_007_CO,sensor,selected_sensor_delta,1.32,9.74,3.0,3_P_003_STATUS - 2_MV_002_STATUS,,0.0,1e-06,1e-06,1.074e-05,0.0,1.074e-05,0.001712962962962963,0.0001841643236872153,0.026863259947485358,29,16
geco_matched_plus_actuator_persistence,2_P_003_SPEED,sensor,selected_sensor_delta,1.32,9.74,1.0,2_P_004_SPEED,0.000302468603613,1.2555573934924376,1.1749209730634267,100.73329412031484,112.17702439795261,76.31310160629911,74.90048855516326,0.0,0.0,0.0,0,0
geco_matched_plus_actuator_persistence,2_PIC_003_CO,sensor,selected_sensor_delta,1.32,9.74,7.0,((2_PIC_003_PV - 2_MV_006_STATUS) + 0.92499703) * 0.515833,0.0239900981892037,32.36284519360931,0.624249617240662,1107.9467130231674,1114.0269042950915,839.3535704720965,68.28561631553673,0.0,0.0,0.0,0,0
geco_matched_plus_actuator_persistence,2_PIC_003_PV,sensor,selected_sensor_delta,1.32,9.74,7.0,(2_PIC_003_PV + (0.9200428 - 2_MV_006_STATUS)) * -0.06421421,0.0198915417593883,26.39547806641177,0.06264419974295483,211.20458641619314,211.81474092168952,160.00347455772206,7.018815523038089,0.0,0.0,0.0,0,0
geco_matched_plus_actuator_persistence,2_PIT_001_PV,sensor,selected_sensor_delta,1.32,9.74,5.0,1.1427776 - (2_DPIT_001_PV * 0.0004586949),0.006621193393292,10.36563242243466,0.3894949934835992,89.30962349830554,93.1033047348358,67.6588056805345,76.04932049113552,0.0,0.0,0.0,0,0
geco_matched_plus_actuator_persistence,2_PIT_002_PV,sensor,selected_sensor_delta,1.32,9.74,5.0,(2_DPIT_001_PV * -0.003075006) + 7.663425,0.0050784784743534,9.060265717850797,2.2764557660727176,549.2843234520041,571.4570026135523,416.1244874636394,494.70586953373856,0.0,0.0,0.0,0,0
geco_matched_plus_actuator_persistence,2_PIT_003_PV,sensor,selected_sensor_delta,1.32,9.74,7.0,((2_MV_006_STATUS - 2_PIC_003_PV) + -0.9245177) * 0.057637595,0.0175529740100325,29.471299638718875,0.062284469291722,157.60126233825727,158.20791306915865,119.39489571080095,7.435230275214128,0.0,0.0,0.0,0,0
geco_matched_plus_actuator_persistence,2A_AIT_001_PV,sensor,selected_sensor_delta,1.32,9.74,1.0,1.9560876e-7,-8.863622583454855e-06,1.0,0.00016305843894173642,0.3340773047523927,0.33566549394768525,0.25308886723666113,0.0021141292319017545,0.0,0.0,0.0,0,0
geco_matched_plus_actuator_persistence,2A_AIT_002_PV,sensor,selected_sensor_delta,1.32,9.74,7.0,((2_MCV_101_CO * -0.023470242) * 2A_AIT_002_PV) * 2A_AIT_002_PV,-0.0475475253455481,1.101981112345036e-32,0.16387552169973232,763.9429673976913,765.5391149790466,578.7446722709782,4.068106360617694,0.0,0.0,0.0,0,0
geco_matched_plus_actuator_persistence,2A_AIT_003_PV,sensor,selected_sensor_delta,1.32,9.74,7.0,2_FIC_201_PV * (2A_AIT_002_PV * (-0.33989054 * 2_FIT_002_PV)),-0.0012282912975181,0.0,0.003720484015034855,1.437963346956608,1.4742008612630475,1.0893661719368242,0.686988340776312,0.0,0.0,0.0,0,0
geco_matched_plus_actuator_persistence,2B_AIT_001_PV,sensor,selected_sensor_delta,1.32,9.74,5.0,2_LS_201_AH * (2_MCV_501_CO * 4.5408036e-5),-0.0044911897181842,0.0,7.71827333816407e-05,0.020377326244328448,0.02112908606746563,0.01543736836691549,0.012964592355746929,0.0,0.0,0.0,0,0
geco_matched_plus_actuator_persistence,3_AIT_001_PV,sensor,selected_sensor_delta,1.32,9.74,1.0,0.0,0.0,0.0,0.00020841843969419892,0.22005781442739344,0.22208781003001493,0.16671046547529805,0.0,0.0,0.0,0.0,0,0
geco_matched_plus_actuator_persistence,3_AIT_003_PV,sensor,selected_sensor_delta,1.32,9.74,3.0,3_AIT_003_PV * -0.09685825,0.036160234996091,32.561618656036444,6.3235121918570645,72.22262055212279,133.8136293008106,54.7141064788809,48.5708259273197,0.0,0.0,0.0,0,0
geco_matched_plus_actuator_persistence,3_AIT_004_PV,sensor,selected_sensor_delta,1.32,9.74,5.0,(3_AIT_004_PV * -0.22340244) + 2_PIT_001_PV,0.0705906221904001,19.22637520277597,455.9909960478907,8928.728850386522,13370.081151892977,6764.188523020091,4527.302069542882,0.0,0.0,0.0,0,0
geco_matched_plus_actuator_persistence,3_AIT_005_PV,sensor,selected_sensor_delta,1.32,9.74,1.0,1.665455e-5,-0.0001843146077267,17.391272839636848,0.0015296999915492212,1.6222892834477942,1.6371885613654837,1.2290070329149956,0.31388459112275385,0.0,0.0,0.0,0,0
geco_matched_plus_actuator_persistence,3_LS_001_AL,sensor,selected_sensor_delta,1.32,9.74,3.0,1_LS_001_AL - 1_LS_001_AL,,0.0,1e-06,1e-06,1.074e-05,0.0,0.0,0.0,0.0,0.0,0,0
geco_matched_plus_actuator_persistence,LEAK_DIFF_PRESSURE,sensor,selected_sensor_delta,1.32,9.74,7.0,2_FIT_003_PV + ((LEAK_DIFF_PRESSURE * -0.11256748) + 6.922297),0.0315872021934814,16.788538020673613,1.911347078561208,336.8845310626365,355.50105160782266,255.21555383533064,235.61947492026877,0.0,0.0,0.0,0,0
geco_matched_plus_actuator_persistence,PLANT_START_STOP_LOG,sensor,selected_sensor_delta,1.32,9.74,3.0,2_MCV_007_CO * 2_MCV_007_CO,,0.0,1e-06,1e-06,1.074e-05,0.0,1.074e-05,0.009091435185185185,0.0001841643236872153,0.15562512623712382,3,634
geco_matched_plus_actuator_persistence,1_MV_001_STATUS,actuator,actuator_persistence,1.32,9.74,1.0,1_MV_001_STATUS,,,0.04056415846780728,14.606165149781933,15.001260053258376,11.065276628622676,15.001260053258376,0.001863425925925926,6.138810789573843e-05,0.03150878610381741,25,38
geco_matched_plus_actuator_persistence,1_MV_004_STATUS,actuator,actuator_persistence,1.32,9.74,1.0,1_MV_004_STATUS,,,0.04067319042827918,14.592204697563115,14.988361572334554,11.054700528456905,2.755960857430325,0.0,0.0,0.0,0,0
geco_matched_plus_actuator_persistence,1_P_001_STATUS,actuator,actuator_persistence,1.32,9.74,1.0,1_P_001_STATUS,,,0.01803574328798211,4.4097393351074565,4.585407474732403,3.340711617505649,4.585407474732403,0.0013020833333333333,0.0,0.022722682286406788,22,15
geco_matched_plus_actuator_persistence,1_P_002_STATUS,actuator,actuator_persistence,1.32,9.74,1.0,1_P_002_STATUS,,,1e-06,1e-06,1.074e-05,0.0,0.0,0.0,0.0,0.0,0,0
geco_matched_plus_actuator_persistence,1_P_003_STATUS,actuator,actuator_persistence,1.32,9.74,1.0,1_P_003_STATUS,,,0.01803574328798211,4.4097393351074565,4.585407474732403,3.340711617505649,4.585407474732403,0.0013020833333333333,0.0,0.022722682286406788,22,15
geco_matched_plus_actuator_persistence,1_P_004_STATUS,actuator,actuator_persistence,1.32,9.74,1.0,1_P_004_STATUS,,,1e-06,1e-06,1.074e-05,0.0,0.0,0.0,0.0,0.0,0,0
geco_matched_plus_actuator_persistence,1_P_005_STATUS,actuator,actuator_persistence,1.32,9.74,1.0,1_P_005_STATUS,,,0.040709690311655826,2.808107604276261,3.204619987911789,2.127354245663834,3.204619987911789,0.00023726851851851852,0.0,0.00414057766107857,3,16
geco_matched_plus_actuator_persistence,1_P_006_STATUS,actuator,actuator_persistence,1.32,9.74,1.0,1_P_006_STATUS,,,1e-06,1e-06,1.074e-05,0.0,1.074e-05,0.00011574074074074075,6.138810789573843e-05,0.0010098969905069683,2,10
geco_matched_plus_actuator_persistence,2_MV_001_STATUS,actuator,actuator_persistence,1.32,9.74,1.0,2_MV_001_STATUS,,,1e-06,1e-06,1.074e-05,0.0,0.0,0.0,0.0,0.0,0,0
geco_matched_plus_actuator_persistence,2_MV_002_STATUS,actuator,actuator_persistence,1.32,9.74,1.0,2_MV_002_STATUS,,,1e-06,1e-06,1.074e-05,0.0,0.0,0.0,0.0,0.0,0,0
geco_matched_plus_actuator_persistence,2_MV_003_STATUS,actuator,actuator_persistence,1.32,9.74,1.0,2_MV_003_STATUS,,,0.09216863911203314,10.243520233117334,11.141242778068536,7.760242600846465,11.141242778068536,0.0004166666666666667,6.138810789573843e-05,0.006261361341143203,4,49
geco_matched_plus_actuator_persistence,2_MV_004_STATUS,actuator,actuator_persistence,1.32,9.74,1.0,2_MV_004_STATUS,,,1e-06,1e-06,1.074e-05,0.0,0.0,0.0,0.0,0.0,0,0
geco_matched_plus_actuator_persistence,2_MV_005_STATUS,actuator,actuator_persistence,1.32,9.74,1.0,2_MV_005_STATUS,,,1e-06,1e-06,1.074e-05,0.0,0.0,0.0,0.0,0.0,0,0
geco_matched_plus_actuator_persistence,2_MV_006_STATUS,actuator,actuator_persistence,1.32,9.74,1.0,2_MV_006_STATUS,,,0.08828073019980047,5.9389804143164815,6.798834726462538,4.499227586603395,4.410946856403594,0.0,0.0,0.0,0,0
geco_matched_plus_actuator_persistence,2_MV_009_STATUS,actuator,actuator_persistence,1.32,9.74,1.0,2_MV_009_STATUS,,,1e-06,1e-06,1.074e-05,0.0,0.0,0.0,0.0,0.0,0,0
geco_matched_plus_actuator_persistence,2_MV_101_STATUS,actuator,actuator_persistence,1.32,9.74,1.0,2_MV_101_STATUS,,,0.02492577904561714,3.762587829958713,4.005364917863024,2.8504453257262976,2.8504453257262976,0.0,0.0,0.0,0,0
geco_matched_plus_actuator_persistence,2_MV_201_STATUS,actuator,actuator_persistence,1.32,9.74,1.0,2_MV_201_STATUS,,,0.023317454840228517,3.77532575766539,4.002437767809216,2.8600952709586287,2.8600952709586287,0.0,0.0,0.0,0,0
geco_matched_plus_actuator_persistence,2_MV_301_STATUS,actuator,actuator_persistence,1.32,9.74,1.0,2_MV_301_STATUS,,,0.02189085756575435,3.7866244080792257,3.9998413607696732,2.8686548546054738,2.8686548546054738,0.0,0.0,0.0,0,0
geco_matched_plus_actuator_persistence,2_MV_401_STATUS,actuator,actuator_persistence,1.32,9.74,1.0,2_MV_401_STATUS,,,0.04256249555772995,6.318510304917413,6.733069011649703,4.78675023099804,3.2338750799608595,0.0,0.0,0.0,0,0
geco_matched_plus_actuator_persistence,2_MV_501_STATUS,actuator,actuator_persistence,1.32,9.74,1.0,2_MV_501_STATUS,,,0.03629246408107271,7.036321580997267,7.389810181146915,5.330546652270657,2.782245215513564,0.0,0.0,0.0,0,0
geco_matched_plus_actuator_persistence,2_MV_601_STATUS,actuator,actuator_persistence,1.32,9.74,1.0,2_MV_601_STATUS,,,0.022086190873586854,3.7850773682811925,4.000196867389929,2.867482854758479,2.867482854758479,0.0,0.0,0.0,0,0
geco_matched_plus_actuator_persistence,2_P_003_STATUS,actuator,actuator_persistence,1.32,9.74,1.0,2_P_003_STATUS,,,0.03892715311945345,2.3316969472939286,2.7108474186774054,1.766437081283279,1.766437081283279,0.0,0.0,0.0,0,0
geco_matched_plus_actuator_persistence,2_P_004_STATUS,actuator,actuator_persistence,1.32,9.74,1.0,2_P_004_STATUS,,,1e-06,1e-06,1.074e-05,0.0,0.0,0.0,0.0,0.0,0,0
geco_matched_plus_actuator_persistence,2_SV_101_STATUS,actuator,actuator_persistence,1.32,9.74,1.0,2_SV_101_STATUS,,,1e-06,1e-06,1.074e-05,0.0,0.0,0.0,0.0,0.0,0,0
geco_matched_plus_actuator_persistence,2_SV_201_STATUS,actuator,actuator_persistence,1.32,9.74,1.0,2_SV_201_STATUS,,,1e-06,1e-06,1.074e-05,0.0,0.0,0.0,0.0,0.0,0,0
geco_matched_plus_actuator_persistence,2_SV_301_STATUS,actuator,actuator_persistence,1.32,9.74,1.0,2_SV_301_STATUS,,,1e-06,1e-06,1.074e-05,0.0,0.0,0.0,0.0,0.0,0,0
geco_matched_plus_actuator_persistence,2_SV_401_STATUS,actuator,actuator_persistence,1.32,9.74,1.0,2_SV_401_STATUS,,,1e-06,1e-06,1.074e-05,0.0,0.0,0.0,0.0,0.0,0,0
geco_matched_plus_actuator_persistence,2_SV_501_STATUS,actuator,actuator_persistence,1.32,9.74,1.0,2_SV_501_STATUS,,,1e-06,1e-06,1.074e-05,0.0,0.0,0.0,0.0,0.0,0,0
geco_matched_plus_actuator_persistence,2_SV_601_STATUS,actuator,actuator_persistence,1.32,9.74,1.0,2_SV_601_STATUS,,,1e-06,1e-06,1.074e-05,0.0,0.0,0.0,0.0,0.0,0,0
geco_matched_plus_actuator_persistence,3_MV_001_STATUS,actuator,actuator_persistence,1.32,9.74,1.0,3_MV_001_STATUS,,,1e-06,1e-06,1.074e-05,0.0,0.0,0.0,0.0,0.0,0,0
geco_matched_plus_actuator_persistence,3_MV_002_STATUS,actuator,actuator_persistence,1.32,9.74,1.0,3_MV_002_STATUS,,,1e-06,1e-06,1.074e-05,0.0,0.0,0.0,0.0,0.0,0,0
geco_matched_plus_actuator_persistence,3_MV_003_STATUS,actuator,actuator_persistence,1.32,9.74,1.0,3_MV_003_STATUS,,,1e-06,1e-06,1.074e-05,0.0,0.0,0.0,0.0,0.0,0,0
geco_matched_plus_actuator_persistence,3_P_001_STATUS,actuator,actuator_persistence,1.32,9.74,1.0,3_P_001_STATUS,,,1e-06,1e-06,1.074e-05,0.0,0.0,0.0,0.0,0.0,0,0
geco_matched_plus_actuator_persistence,3_P_002_STATUS,actuator,actuator_persistence,1.32,9.74,1.0,3_P_002_STATUS,,,1e-06,1e-06,1.074e-05,0.0,0.0,0.0,0.0,0.0,0,0
geco_matched_plus_actuator_persistence,3_P_003_STATUS,actuator,actuator_persistence,1.32,9.74,1.0,3_P_003_STATUS,,,1e-06,1e-06,1.074e-05,0.0,0.0,0.0,0.0,0.0,0,0
geco_matched_plus_actuator_persistence,3_P_004_STATUS,actuator,actuator_persistence,1.32,9.74,1.0,3_P_004_STATUS,,,1e-06,1e-06,1.074e-05,0.0,0.0,0.0,0.0,0.0,0,0
geco_matched_plus_actuator_persistence,1_AIT_002_PV,sensor,selected_sensor_delta,1.32,15.0,5.0,0.015316334 - (1_AIT_002_PV * 0.024466293),0.0119052665651211,41.73000224731814,0.016198173266754025,6.0539146784915365,6.296887277492847,4.586298998857225,6.296887277492847,0.004363425925925926,0.0003499122150057091,0.07038982023833569,1,754
geco_matched_plus_actuator_persistence,1_AIT_004_PV,sensor,selected_sensor_delta,1.32,15.0,3.0,3_AIT_004_PV * -5.4525193e-5,-0.0001992524296718,4.910153218946012,2.8444196394286245,1346.573823848756,1389.2401184401854,1020.1316847339061,933.8179709712217,0.0,0.0,0.0,0,0
geco_matched_plus_actuator_persistence,1_AIT_005_PV,sensor,selected_sensor_delta,1.32,15.0,5.0,(1_FIT_001_PV - 1_AIT_002_PV) * -3.9571616e-5,0.0023463384738832,12.40172474664917,0.0005404796966590669,0.08909490105842725,0.09720209650831325,0.06749613716547519,0.040270004949606274,0.0,0.0,0.0,0,0
geco_matched_plus_actuator_persistence,1_FIT_001_PV,sensor,selected_sensor_delta,1.32,15.0,7.0,((1_LT_001_PV * 1_P_001_STATUS) * -0.0001994969) + 0.014458983,-0.0179323441933463,11.85813818130814,0.03840313085817598,9.159853709501068,9.735900672373708,6.9392831132583845,9.735900672373708,0.0038310185185185183,0.00011663740500190303,0.06493637648959806,14,234
geco_matched_plus_actuator_persistence,1_LS_001_AL,sensor,selected_sensor_delta,1.32,15.0,3.0,0.030378316 - 0.030378316,,0.0,1e-06,1e-06,1.6e-05,0.0,0.0,0.0,0.0,0.0,0,0
geco_matched_plus_actuator_persistence,1_LS_002_AL,sensor,selected_sensor_delta,1.32,15.0,3.0,-0.021763658 - -0.021763658,,0.0,1e-06,1e-06,1.6e-05,0.0,0.0,0.0,0.0,0.0,0,0
geco_matched_plus_actuator_persistence,2_DPIT_001_PV,sensor,selected_sensor_delta,1.32,15.0,3.0,88.35751 - 2_PIT_002_PV,0.008482119469839,9.66778276190117,43.256756319788046,8571.457002917898,9220.30834771472,6493.528032513559,7067.644661908868,0.0,0.0,0.0,0,0
geco_matched_plus_actuator_persistence,2_FIC_101_CO,sensor,selected_sensor_delta,1.32,15.0,3.0,2_FQ_101_PV * -0.3397043,0.0150389194041339,34.150938108826395,0.5275863868982411,129.883267641997,137.79706344547063,98.39641488030075,80.61268401614372,0.0,0.0,0.0,0,0
geco_matched_plus_actuator_persistence,2_FIC_101_PV,sensor,selected_sensor_delta,1.32,15.0,3.0,2_FIC_101_PV * -0.016046675,0.002252916125048,18.49348773225588,0.02979673568732669,7.3990592964825845,7.846010331792485,5.605347951880746,3.974709597218389,0.0,0.0,0.0,0,0
geco_matched_plus_actuator_persistence,2_FIC_101_SP,sensor,selected_sensor_delta,1.32,15.0,15.0,((2_MV_003_STATUS - 1_MV_001_STATUS) * (2_FIC_201_PV * (3_AIT_001_PV * 2_P_004_SPEED))) * (2.3499095 * (2_MV_009_STATUS - 2_MV_003_STATUS)),-9.112138177336249e-08,0.0,0.0017891865730764527,1.1041992113404666,1.1310370099366134,0.836514554045808,0.28821081253285386,0.0,0.0,0.0,0,0
geco_matched_plus_actuator_persistence,2_FIC_201_CO,sensor,selected_sensor_delta,1.32,15.0,3.0,2_FQ_201_PV * -0.25967506,0.0115003398980684,41.3791240636834,0.37493504907663644,124.40040424906223,130.02442998521178,94.24273049171381,109.98883320035127,0.0,0.0,0.0,0,0
geco_matched_plus_actuator_persistence,2_FIC_201_PV,sensor,selected_sensor_delta,1.32,15.0,7.0,(2_FQ_201_PV * 2_FIC_401_PV) * (-0.04007296 - 2_LS_201_AH),0.0034190508627743,39.845894609586814,0.020632148889052914,10.864844046802274,11.174326280138068,8.230942459698692,4.876911715521573,0.0,0.0,0.0,0,0
geco_matched_plus_actuator_persistence,2_FIC_201_SP,sensor,selected_sensor_delta,1.32,15.0,11.0,((2_MV_003_STATUS - 1_P_005_STATUS) * ((2_P_004_SPEED * 3_AIT_001_PV) * 1_FIT_001_PV)) * 2_MV_101_STATUS,-2.3749495703384582e-09,0.0,0.0016237224631009655,0.42025666707256465,0.44461250401907915,0.3183762629337611,0.2383762870736422,0.0,0.0,0.0,0,0
geco_matched_plus_actuator_persistence,2_FIC_301_PV,sensor,selected_sensor_delta,1.32,15.0,3.0,2_FIC_601_PV * -0.009515096,-0.0036792547368171,17.746108309561812,0.020480065128239675,6.560905328277905,6.868106305201501,4.970382824452958,5.163894476575684,0.0,0.0,0.0,0,0
geco_matched_plus_actuator_persistence,2_FIC_301_SP,sensor,selected_sensor_delta,1.32,15.0,13.0,1_FIT_001_PV * ((((4.6891226e-5 * 2_FIC_301_CO) * 2_LS_201_AH) * 4.6891226e-5) * (2_FIC_501_CO * 3_AIT_004_PV)),-0.0308985748156576,0.0,0.002078101798552482,1.269777485328271,1.3009490123065584,0.9619526404002053,0.25792190356586553,0.0,0.0,0.0,0,0
geco_matched_plus_actuator_persistence,2_FIC_401_CO,sensor,selected_sensor_delta,1.32,15.0,3.0,2_FQ_401_PV * -0.28900453,0.0068262290096441,31.49156173004372,0.5152049430767641,109.17666907489898,116.90474322105044,82.70959778401438,89.62904282109717,0.0,0.0,0.0,0,0
geco_matched_plus_actuator_persistence,2_FIC_401_PV,sensor,selected_sensor_delta,1.32,15.0,9.0,2_FQ_401_PV * (((2B_AIT_001_PV * 2_FIC_501_SP) + -0.073952936) * 2_FIC_401_PV),-0.0136811757617747,42.44627371380358,0.030358977164082257,9.604039533975863,10.059424191437097,7.27578752573929,5.517591368486072,0.0,0.0,0.0,0,0
geco_matched_plus_actuator_persistence,2_FIC_401_SP,sensor,selected_sensor_delta,1.32,15.0,11.0,(3_AIT_001_PV * ((3_FIT_001_PV + -0.5745507) * (1_P_005_STATUS - 2_MV_003_STATUS))) * 1_FIT_001_PV,-2.5924091762163926e-09,0.0,0.001662038620217033,0.6958530159703255,0.7207835952735809,0.527161375735095,0.24833797628094417,0.0,0.0,0.0,0,0
geco_matched_plus_actuator_persistence,2_FIC_501_PV,sensor,selected_sensor_delta,1.32,15.0,3.0,2_FIC_501_PV * -0.019195596,-0.0080578702045512,13.110728544786658,0.023499944593588378,7.465125237919246,7.817624406823072,5.65539790751458,6.0730825129994725,0.0,0.0,0.0,0,0
geco_matched_plus_actuator_persistence,2_FIC_601_CO,sensor,selected_sensor_delta,1.32,15.0,3.0,2_FQ_601_PV * -0.33139205,-0.0036177276086308,38.05090530847815,0.3690366250044411,138.66374979001858,144.1992991650852,105.04829529546862,100.55624201774286,0.0,0.0,0.0,0,0
geco_matched_plus_actuator_persistence,2_FIC_601_PV,sensor,selected_sensor_delta,1.32,15.0,3.0,2_FIC_601_PV * -0.01591041,-0.0054832129042694,19.98884073391906,0.020960186568226402,7.433887805515446,7.748290604038842,5.631733185996549,4.815475964362502,0.0,0.0,0.0,0,0
geco_matched_plus_actuator_persistence,2_FIC_601_SP,sensor,selected_sensor_delta,1.32,15.0,13.0,(2_MCV_201_CO * ((1_MV_001_STATUS - 2_MV_003_STATUS) * 3_AIT_001_PV)) * (-0.00017899254 * (1_MV_001_STATUS - 2_MV_003_STATUS)),-6.513451999978771e-09,0.0,0.0020184410255506147,0.43293565548592927,0.4632122708691885,0.32798155718631006,0.31798154437131143,0.0,0.0,0.0,0,0
geco_matched_plus_actuator_persistence,2_FIT_001_PV,sensor,selected_sensor_delta,1.32,15.0,5.0,(2_MV_003_STATUS - 2_FIT_001_PV) * 0.021082245,-0.0272732956464449,1.6244499683380147,0.08943224896033541,5.869556520643253,7.211040255048284,4.44663372776004,7.211040255048284,0.0005787037037037037,1.2277621579147688e-05,0.00989699050696829,8,77
geco_matched_plus_actuator_persistence,2_FIT_002_PV,sensor,selected_sensor_delta,1.32,15.0,3.0,2_FQ_101_PV * -0.010027352,-0.001361467372912,19.48504475212655,0.013844316925125643,1.8195884226326562,2.0272531765095407,1.3784760777520122,1.66992812094682,0.0,0.0,0.0,0,0
geco_matched_plus_actuator_persistence,2_FIT_003_PV,sensor,selected_sensor_delta,1.32,15.0,3.0,2_FIT_002_PV * 2_PIC_003_PV,0.0553370128865967,4.825827196131465,0.08662036534491208,9.733694330794233,11.032999810967913,7.374010856662298,11.032999810967913,0.002065972222222222,0.00016574789131849378,0.033326600686729956,1,357
geco_matched_plus_actuator_persistence,2_FQ_101_PV,sensor,selected_sensor_delta,1.32,15.0,3.0,2_FIC_101_PV * -0.014559889,0.0034545247127396,19.51039912430314,0.029518715120822655,7.2268030611374865,7.6695837879498265,5.474850803892035,3.7794473133155058,0.0,0.0,0.0,0,0
geco_matched_plus_actuator_persistence,2_FQ_201_PV,sensor,selected_sensor_delta,1.32,15.0,1.0,0.00017188098,-7.82947853235072e-05,42.419670621221854,0.019914913082316514,5.865847376806086,6.164571073040834,4.443823770307641,4.932179232407571,0.0,0.0,0.0,0,0
geco_matched_plus_actuator_persistence,2_FQ_301_PV,sensor,selected_sensor_delta,1.32,15.0,3.0,2_FIC_301_PV * -0.009666798,0.0030450564846143,17.380916905003005,0.020423243574404518,6.911789399548635,7.218138053164703,5.236204090567147,5.170309152234473,0.0,0.0,0.0,0,0
geco_matched_plus_actuator_persistence,2_FQ_401_PV,sensor,selected_sensor_delta,1.32,15.0,3.0,2_FQ_401_PV * -0.016482946,0.0072349124829306,9.838222623484665,0.03102988210774329,7.033863901307978,7.4993121329241275,5.328684773718165,5.046962987887681,0.0,0.0,0.0,0,0
geco_matched_plus_actuator_persistence,2_FQ_501_PV,sensor,selected_sensor_delta,1.32,15.0,3.0,2_FIC_501_PV * -0.014651568,-0.0011197778128997,14.59205286561609,0.02297279909369978,7.393498673608959,7.738090660014455,5.601135358794665,5.420083135880075,0.0,0.0,0.0,0,0
geco_matched_plus_actuator_persistence,2_FQ_601_PV,sensor,selected_sensor_delta,1.32,15.0,3.0,2_FIC_601_PV * -0.021256251,-0.0140299318532872,15.7930218718151,0.021655684862108213,7.637186846806491,7.962022119738115,5.7857476112170385,4.870014111900411,0.0,0.0,0.0,0,0
geco_matched_plus_actuator_persistence,2_LS_101_AH,sensor,selected_sensor_delta,1.32,15.0,9.0,((2_FQ_301_PV * 2_MV_101_STATUS) * (2_LS_101_AH - 1_MV_004_STATUS)) * 2_LS_101_AH,-0.1183975229998723,0.0,0.011789963000637876,15.667775526838742,15.84462497184831,11.869526914271773,2.5279678696062966,0.0,0.0,0.0,0,0
geco_matched_plus_actuator_persistence,2_LS_101_AL,sensor,selected_sensor_delta,1.32,15.0,7.0,(2_LS_101_AL * (3_AIT_001_PV * 2_FIC_101_PV)) * -20.992853,0.0,0.0,0.013714954292528232,61.40550378622725,61.61122810061517,46.51932105017216,1.1496728338632498,0.0,0.0,0.0,0,0
geco_matched_plus_actuator_persistence,2_LS_201_AH,sensor,selected_sensor_delta,1.32,15.0,7.0,(2_LS_501_AH * 2_LS_201_AH) * (1_MV_001_STATUS - 1.9999987),0.0,0.0,0.010755052489398766,14.292836131423895,14.454161918764877,10.827906160169617,1.8171641076802207,0.0,0.0,0.0,0,0
geco_matched_plus_actuator_persistence,2_LS_201_AL,sensor,selected_sensor_delta,1.32,15.0,5.0,(3_FIT_001_PV + -0.5867106) * 2_LS_201_AL,-0.0394394750394426,0.0,0.010531012041083483,9.080399904313989,9.23836508493024,6.879090836601506,3.5182206593404732,0.0,0.0,0.0,0,0
geco_matched_plus_actuator_persistence,2_LS_301_AH,sensor,selected_sensor_delta,1.32,15.0,11.0,(3_AIT_003_PV * ((2_FIC_201_PV * (2_FIC_301_SP * 2_LS_301_AH)) * -0.28339157)) * 2_FIT_001_PV,0.0,0.0,0.010381215458828894,19.85463303042177,20.0103512623042,15.04138865941043,1.8131381217410805,0.0,0.0,0.0,0,0
geco_matched_plus_actuator_persistence,2_LS_301_AL,sensor,selected_sensor_delta,1.32,15.0,9.0,(0.72565746 - 3_AIT_005_PV) * (2_LS_301_AL * (3_FIT_001_PV + -0.57262355)),0.0065613225673001,0.0,0.009818646678584217,13.61716626384507,13.764445964023833,10.316035048367477,3.8212904639444676,0.0,0.0,0.0,0,0
geco_matched_plus_actuator_persistence,2_LS_401_AH,sensor,selected_sensor_delta,1.32,15.0,9.0,2_LS_401_AH * (2_FIT_001_PV * ((1_FIT_001_PV * 2_MV_401_STATUS) * -0.024918532)),0.002531028671956,0.0,0.011690146501096944,11.567854139656207,11.743206337172662,8.763525863375914,7.791393179099645,0.0,0.0,0.0,0,0
geco_matched_plus_actuator_persistence,2_LS_401_AL,sensor,selected_sensor_delta,1.32,15.0,9.0,((2_FIC_401_CO * 1_MV_004_STATUS) * 2_FIC_601_CO) * (2_MV_003_STATUS * 4.5439656e-8),-0.0014167605552886,5.777708620498893,0.011701026360304794,2.1950503652452618,2.370565760649834,1.6629169433676225,1.414262256890184,0.0,0.0,0.0,0,0
geco_matched_plus_actuator_persistence,2_LS_501_AH,sensor,selected_sensor_delta,1.32,15.0,1.0,9.999286e-5,-9.303286732964544e-05,1.0,0.01057280686784378,4.7265074580850515,4.885099561102708,3.580687468246251,1.811289362138813,0.0,0.0,0.0,0,0
geco_matched_plus_actuator_persistence,2_LS_501_AL,sensor,selected_sensor_delta,1.32,15.0,5.0,(2_FQ_401_PV - 2_FQ_101_PV) * 2A_AIT_002_PV,-0.0151335992731873,2.571116455665051e-32,0.011420730252754334,27.50830914382376,27.679620097615075,20.839628139260423,4.153981333017071,0.0,0.0,0.0,0,0
geco_matched_plus_actuator_persistence,2_LS_601_AH,sensor,selected_sensor_delta,1.32,15.0,9.0,2_LS_301_AH * ((2_FIC_501_SP - 0.22000383) * (2_FIT_001_PV * 2_FIC_401_SP)),0.0,0.0,0.01137293638321413,74.58880665707201,74.75940070282023,56.50667170990304,1.6701848448867902,0.0,0.0,0.0,0,0
geco_matched_plus_actuator_persistence,2_LS_601_AL,sensor,selected_sensor_delta,1.32,15.0,5.0,(2B_AIT_003_PV * -0.0038763508) + 0.033448044,-0.0022001244809992,4.797744669484077,0.010188883403531176,2.3412417357788966,2.494074986831864,1.773667981650679,1.6563197500556504,0.0,0.0,0.0,0,0
geco_matched_plus_actuator_persistence,2_LT_002_PV,sensor,selected_sensor_delta,1.32,15.0,5.0,(TOTAL_CONS_REQUIRED_FLOW - 2_FIT_001_PV) * -0.03581529,0.0202287766691278,24.794094900339346,0.15304194999487877,6.233531116082309,8.529160366005492,4.722372057638113,8.529160366005492,0.0078009259259259256,0.0004481331876388906,0.12876186628963845,24,424
geco_matched_plus_actuator_persistence,2_MCV_007_CO,sensor,selected_sensor_delta,1.32,15.0,3.0,3_P_003_STATUS - 2_MV_002_STATUS,,0.0,1e-06,1e-06,1.6e-05,0.0,1.6e-05,0.002297453703703704,0.00027624648553082297,0.03554837406584528,17,111
geco_matched_plus_actuator_persistence,2_P_003_SPEED,sensor,selected_sensor_delta,1.32,15.0,1.0,2_P_004_SPEED,0.000302468603613,1.2555573934924376,1.1749209730634267,100.73329412031484,118.35710871626624,76.31310160629911,74.90048855516326,0.0,0.0,0.0,0,0
geco_matched_plus_actuator_persistence,2_PIC_003_CO,sensor,selected_sensor_delta,1.32,15.0,7.0,((2_PIC_003_PV - 2_MV_006_STATUS) + 0.92499703) * 0.515833,0.0239900981892037,32.36284519360931,0.624249617240662,1107.9467130231674,1117.3104572817774,839.3535704720965,68.28561631553673,0.0,0.0,0.0,0,0
geco_matched_plus_actuator_persistence,2_PIC_003_PV,sensor,selected_sensor_delta,1.32,15.0,7.0,(2_PIC_003_PV + (0.9200428 - 2_MV_006_STATUS)) * -0.06421421,0.0198915417593883,26.39547806641177,0.06264419974295483,211.20458641619314,212.14424941233747,160.00347455772206,7.018815523038089,0.0,0.0,0.0,0,0
geco_matched_plus_actuator_persistence,2_PIT_001_PV,sensor,selected_sensor_delta,1.32,15.0,5.0,1.1427776 - (2_DPIT_001_PV * 0.0004586949),0.006621193393292,10.36563242243466,0.3894949934835992,89.30962349830554,95.15204840055952,67.6588056805345,76.04932049113552,0.0,0.0,0.0,0,0
geco_matched_plus_actuator_persistence,2_PIT_002_PV,sensor,selected_sensor_delta,1.32,15.0,5.0,(2_DPIT_001_PV * -0.003075006) + 7.663425,0.0050784784743534,9.060265717850797,2.2764557660727176,549.2843234520041,583.4311599430948,416.1244874636394,494.70586953373856,0.0,0.0,0.0,0,0
geco_matched_plus_actuator_persistence,2_PIT_003_PV,sensor,selected_sensor_delta,1.32,15.0,7.0,((2_MV_006_STATUS - 2_PIC_003_PV) + -0.9245177) * 0.057637595,0.0175529740100325,29.471299638718875,0.062284469291722,157.60126233825727,158.5355293776331,119.39489571080095,7.435230275214128,0.0,0.0,0.0,0,0
geco_matched_plus_actuator_persistence,2A_AIT_001_PV,sensor,selected_sensor_delta,1.32,15.0,1.0,1.9560876e-7,-8.863622583454855e-06,1.0,0.00016305843894173642,0.3340773047523927,0.33652318133651876,0.25308886723666113,0.0021141292319017545,0.0,0.0,0.0,0,0
geco_matched_plus_actuator_persistence,2A_AIT_002_PV,sensor,selected_sensor_delta,1.32,15.0,7.0,((2_MCV_101_CO * -0.023470242) * 2A_AIT_002_PV) * 2A_AIT_002_PV,-0.0475475253455481,1.101981112345036e-32,0.16387552169973232,763.9429673976913,766.4011002231873,578.7446722709782,4.068106360617694,0.0,0.0,0.0,0,0
geco_matched_plus_actuator_persistence,2A_AIT_003_PV,sensor,selected_sensor_delta,1.32,15.0,7.0,2_FIC_201_PV * (2A_AIT_002_PV * (-0.33989054 * 2_FIT_002_PV)),-0.0012282912975181,0.0,0.003720484015034855,1.437963346956608,1.4937706071821308,1.0893661719368242,0.686988340776312,0.0,0.0,0.0,0,0
geco_matched_plus_actuator_persistence,2B_AIT_001_PV,sensor,selected_sensor_delta,1.32,15.0,5.0,2_LS_201_AH * (2_MCV_501_CO * 4.5408036e-5),-0.0044911897181842,0.0,7.71827333816407e-05,0.020377326244328448,0.02153506724505306,0.01543736836691549,0.012964592355746929,0.0,0.0,0.0,0,0
geco_matched_plus_actuator_persistence,3_AIT_001_PV,sensor,selected_sensor_delta,1.32,15.0,1.0,0.0,0.0,0.0,0.00020841843969419892,0.22005781442739344,0.22318409102280642,0.16671046547529805,0.0,0.0,0.0,0.0,0,0
geco_matched_plus_actuator_persistence,3_AIT_003_PV,sensor,selected_sensor_delta,1.32,15.0,3.0,3_AIT_003_PV * -0.09685825,0.036160234996091,32.561618656036444,6.3235121918570645,72.22262055212279,167.07530342997876,54.7141064788809,48.5708259273197,0.0,0.0,0.0,0,0
geco_matched_plus_actuator_persistence,3_AIT_004_PV,sensor,selected_sensor_delta,1.32,15.0,5.0,(3_AIT_004_PV * -0.22340244) + 2_PIT_001_PV,0.0705906221904001,19.22637520277597,455.9909960478907,8928.728850386522,15768.593791104882,6764.188523020091,4527.302069542882,0.0,0.0,0.0,0,0
geco_matched_plus_actuator_persistence,3_AIT_005_PV,sensor,selected_sensor_delta,1.32,15.0,1.0,1.665455e-5,-0.0001843146077267,17.391272839636848,0.0015296999915492212,1.6222892834477942,1.6452347833210326,1.2290070329149956,0.31388459112275385,0.0,0.0,0.0,0,0
geco_matched_plus_actuator_persistence,3_LS_001_AL,sensor,selected_sensor_delta,1.32,15.0,3.0,1_LS_001_AL - 1_LS_001_AL,,0.0,1e-06,1e-06,1.6e-05,0.0,0.0,0.0,0.0,0.0,0,0
geco_matched_plus_actuator_persistence,LEAK_DIFF_PRESSURE,sensor,selected_sensor_delta,1.32,15.0,7.0,2_FIT_003_PV + ((LEAK_DIFF_PRESSURE * -0.11256748) + 6.922297),0.0315872021934814,16.788538020673613,1.911347078561208,336.8845310626365,365.5547372410546,255.21555383533064,235.61947492026877,0.0,0.0,0.0,0,0
geco_matched_plus_actuator_persistence,PLANT_START_STOP_LOG,sensor,selected_sensor_delta,1.32,15.0,3.0,2_MCV_007_CO * 2_MCV_007_CO,,0.0,1e-06,1e-06,1.6e-05,0.0,1.6e-05,0.00917824074074074,0.00027624648553082297,0.15562512623712382,3,639
geco_matched_plus_actuator_persistence,1_MV_001_STATUS,actuator,actuator_persistence,1.32,15.0,1.0,1_MV_001_STATUS,,,0.04056415846780728,14.606165149781933,15.214627526799042,11.065276628622676,15.214627526799042,0.0024016203703703704,9.208216184360765e-05,0.040395879620278734,15,60
geco_matched_plus_actuator_persistence,1_MV_004_STATUS,actuator,actuator_persistence,1.32,15.0,1.0,1_MV_004_STATUS,,,0.04067319042827918,14.592204697563115,15.202302553987304,11.054700528456905,2.755960857430325,0.0,0.0,0.0,0,0
geco_matched_plus_actuator_persistence,1_P_001_STATUS,actuator,actuator_persistence,1.32,15.0,1.0,1_P_001_STATUS,,,0.01803574328798211,4.4097393351074565,4.680275484427188,3.340711617505649,4.680275484427188,0.001846064814814815,0.0,0.03221571399717229,18,26
geco_matched_plus_actuator_persistence,1_P_002_STATUS,actuator,actuator_persistence,1.32,15.0,1.0,1_P_002_STATUS,,,1e-06,1e-06,1.6e-05,0.0,0.0,0.0,0.0,0.0,0,0
geco_matched_plus_actuator_persistence,1_P_003_STATUS,actuator,actuator_persistence,1.32,15.0,1.0,1_P_003_STATUS,,,0.01803574328798211,4.4097393351074565,4.680275484427188,3.340711617505649,4.680275484427188,0.001846064814814815,0.0,0.03221571399717229,18,26
geco_matched_plus_actuator_persistence,1_P_004_STATUS,actuator,actuator_persistence,1.32,15.0,1.0,1_P_004_STATUS,,,1e-06,1e-06,1.6e-05,0.0,0.0,0.0,0.0,0.0,0,0
geco_matched_plus_actuator_persistence,1_P_005_STATUS,actuator,actuator_persistence,1.32,15.0,1.0,1_P_005_STATUS,,,0.040709690311655826,2.808107604276261,3.4187529589510985,2.127354245663834,3.4187529589510985,0.0003298611111111111,0.0,0.005756412845889719,4,21
geco_matched_plus_actuator_persistence,1_P_006_STATUS,actuator,actuator_persistence,1.32,15.0,1.0,1_P_006_STATUS,,,1e-06,1e-06,1.6e-05,0.0,1.6e-05,0.00017361111111111112,9.208216184360765e-05,0.0015148454857604524,2,15
geco_matched_plus_actuator_persistence,2_MV_001_STATUS,actuator,actuator_persistence,1.32,15.0,1.0,2_MV_001_STATUS,,,1e-06,1e-06,1.6e-05,0.0,0.0,0.0,0.0,0.0,0,0
geco_matched_plus_actuator_persistence,2_MV_002_STATUS,actuator,actuator_persistence,1.32,15.0,1.0,2_MV_002_STATUS,,,1e-06,1e-06,1.6e-05,0.0,0.0,0.0,0.0,0.0,0,0
geco_matched_plus_actuator_persistence,2_MV_003_STATUS,actuator,actuator_persistence,1.32,15.0,1.0,2_MV_003_STATUS,,,0.09216863911203314,10.243520233117334,11.626049819797831,7.760242600846465,11.626049819797831,0.0005266203703703703,9.208216184360765e-05,0.007675217127852959,5,54
geco_matched_plus_actuator_persistence,2_MV_004_STATUS,actuator,actuator_persistence,1.32,15.0,1.0,2_MV_004_STATUS,,,1e-06,1e-06,1.6e-05,0.0,0.0,0.0,0.0,0.0,0,0
geco_matched_plus_actuator_persistence,2_MV_005_STATUS,actuator,actuator_persistence,1.32,15.0,1.0,2_MV_005_STATUS,,,1e-06,1e-06,1.6e-05,0.0,0.0,0.0,0.0,0.0,0,0
geco_matched_plus_actuator_persistence,2_MV_006_STATUS,actuator,actuator_persistence,1.32,15.0,1.0,2_MV_006_STATUS,,,0.08828073019980047,5.9389804143164815,7.263191367313489,4.499227586603395,4.410946856403594,0.0,0.0,0.0,0,0
geco_matched_plus_actuator_persistence,2_MV_009_STATUS,actuator,actuator_persistence,1.32,15.0,1.0,2_MV_009_STATUS,,,1e-06,1e-06,1.6e-05,0.0,0.0,0.0,0.0,0.0,0,0
geco_matched_plus_actuator_persistence,2_MV_101_STATUS,actuator,actuator_persistence,1.32,15.0,1.0,2_MV_101_STATUS,,,0.02492577904561714,3.762587829958713,4.13647451564297,2.8504453257262976,2.8504453257262976,0.0,0.0,0.0,0,0
geco_matched_plus_actuator_persistence,2_MV_201_STATUS,actuator,actuator_persistence,1.32,15.0,1.0,2_MV_201_STATUS,,,0.023317454840228517,3.77532575766539,4.125087580268818,2.8600952709586287,2.8600952709586287,0.0,0.0,0.0,0,0
geco_matched_plus_actuator_persistence,2_MV_301_STATUS,actuator,actuator_persistence,1.32,15.0,1.0,2_MV_301_STATUS,,,0.02189085756575435,3.7866244080792257,4.114987271565541,2.8686548546054738,2.8686548546054738,0.0,0.0,0.0,0,0
geco_matched_plus_actuator_persistence,2_MV_401_STATUS,actuator,actuator_persistence,1.32,15.0,1.0,2_MV_401_STATUS,,,0.04256249555772995,6.318510304917413,6.956947738283362,4.78675023099804,3.2338750799608595,0.0,0.0,0.0,0,0
geco_matched_plus_actuator_persistence,2_MV_501_STATUS,actuator,actuator_persistence,1.32,15.0,1.0,2_MV_501_STATUS,,,0.03629246408107271,7.036321580997267,7.580708542213358,5.330546652270657,2.782245215513564,0.0,0.0,0.0,0,0
geco_matched_plus_actuator_persistence,2_MV_601_STATUS,actuator,actuator_persistence,1.32,15.0,1.0,2_MV_601_STATUS,,,0.022086190873586854,3.7850773682811925,4.1163702313849955,2.867482854758479,2.867482854758479,0.0,0.0,0.0,0,0
geco_matched_plus_actuator_persistence,2_P_003_STATUS,actuator,actuator_persistence,1.32,15.0,1.0,2_P_003_STATUS,,,0.03892715311945345,2.3316969472939286,2.9156042440857304,1.766437081283279,1.766437081283279,0.0,0.0,0.0,0,0
geco_matched_plus_actuator_persistence,2_P_004_STATUS,actuator,actuator_persistence,1.32,15.0,1.0,2_P_004_STATUS,,,1e-06,1e-06,1.6e-05,0.0,0.0,0.0,0.0,0.0,0,0
geco_matched_plus_actuator_persistence,2_SV_101_STATUS,actuator,actuator_persistence,1.32,15.0,1.0,2_SV_101_STATUS,,,1e-06,1e-06,1.6e-05,0.0,0.0,0.0,0.0,0.0,0,0
geco_matched_plus_actuator_persistence,2_SV_201_STATUS,actuator,actuator_persistence,1.32,15.0,1.0,2_SV_201_STATUS,,,1e-06,1e-06,1.6e-05,0.0,0.0,0.0,0.0,0.0,0,0
geco_matched_plus_actuator_persistence,2_SV_301_STATUS,actuator,actuator_persistence,1.32,15.0,1.0,2_SV_301_STATUS,,,1e-06,1e-06,1.6e-05,0.0,0.0,0.0,0.0,0.0,0,0
geco_matched_plus_actuator_persistence,2_SV_401_STATUS,actuator,actuator_persistence,1.32,15.0,1.0,2_SV_401_STATUS,,,1e-06,1e-06,1.6e-05,0.0,0.0,0.0,0.0,0.0,0,0
geco_matched_plus_actuator_persistence,2_SV_501_STATUS,actuator,actuator_persistence,1.32,15.0,1.0,2_SV_501_STATUS,,,1e-06,1e-06,1.6e-05,0.0,0.0,0.0,0.0,0.0,0,0
geco_matched_plus_actuator_persistence,2_SV_601_STATUS,actuator,actuator_persistence,1.32,15.0,1.0,2_SV_601_STATUS,,,1e-06,1e-06,1.6e-05,0.0,0.0,0.0,0.0,0.0,0,0
geco_matched_plus_actuator_persistence,3_MV_001_STATUS,actuator,actuator_persistence,1.32,15.0,1.0,3_MV_001_STATUS,,,1e-06,1e-06,1.6e-05,0.0,0.0,0.0,0.0,0.0,0,0
geco_matched_plus_actuator_persistence,3_MV_002_STATUS,actuator,actuator_persistence,1.32,15.0,1.0,3_MV_002_STATUS,,,1e-06,1e-06,1.6e-05,0.0,0.0,0.0,0.0,0.0,0,0
geco_matched_plus_actuator_persistence,3_MV_003_STATUS,actuator,actuator_persistence,1.32,15.0,1.0,3_MV_003_STATUS,,,1e-06,1e-06,1.6e-05,0.0,0.0,0.0,0.0,0.0,0,0
geco_matched_plus_actuator_persistence,3_P_001_STATUS,actuator,actuator_persistence,1.32,15.0,1.0,3_P_001_STATUS,,,1e-06,1e-06,1.6e-05,0.0,0.0,0.0,0.0,0.0,0,0
geco_matched_plus_actuator_persistence,3_P_002_STATUS,actuator,actuator_persistence,1.32,15.0,1.0,3_P_002_STATUS,,,1e-06,1e-06,1.6e-05,0.0,0.0,0.0,0.0,0.0,0,0
geco_matched_plus_actuator_persistence,3_P_003_STATUS,actuator,actuator_persistence,1.32,15.0,1.0,3_P_003_STATUS,,,1e-06,1e-06,1.6e-05,0.0,0.0,0.0,0.0,0.0,0,0
geco_matched_plus_actuator_persistence,3_P_004_STATUS,actuator,actuator_persistence,1.32,15.0,1.0,3_P_004_STATUS,,,1e-06,1e-06,1.6e-05,0.0,0.0,0.0,0.0,0.0,0,0
geco_matched_plus_actuator_persistence,1_AIT_002_PV,sensor,selected_sensor_delta,1.32,25.0,5.0,0.015316334 - (1_AIT_002_PV * 0.024466293),0.0119052665651211,41.73000224731814,0.016198173266754025,6.0539146784915365,6.458869010160387,4.586298998857225,6.458869010160387,0.004421296296296296,0.0004113003229014475,0.07038982023833569,1,764
geco_matched_plus_actuator_persistence,1_AIT_004_PV,sensor,selected_sensor_delta,1.32,25.0,3.0,3_AIT_004_PV * -5.4525193e-5,-0.0001992524296718,4.910153218946012,2.8444196394286245,1346.573823848756,1417.6843148344717,1020.1316847339061,933.8179709712217,0.0,0.0,0.0,0,0
geco_matched_plus_actuator_persistence,1_AIT_005_PV,sensor,selected_sensor_delta,1.32,25.0,5.0,(1_FIT_001_PV - 1_AIT_002_PV) * -3.9571616e-5,0.0023463384738832,12.40172474664917,0.0005404796966590669,0.08909490105842725,0.10260689347490393,0.06749613716547519,0.040270004949606274,0.0,0.0,0.0,0,0
geco_matched_plus_actuator_persistence,1_FIT_001_PV,sensor,selected_sensor_delta,1.32,25.0,7.0,((1_LT_001_PV * 1_P_001_STATUS) * -0.0001994969) + 0.014458983,-0.0179323441933463,11.85813818130814,0.03840313085817598,9.159853709501068,10.119931980955467,6.9392831132583845,10.119931980955467,0.004641203703703704,0.00021485837763508453,0.07745909917188447,12,246
geco_matched_plus_actuator_persistence,1_LS_001_AL,sensor,selected_sensor_delta,1.32,25.0,3.0,0.030378316 - 0.030378316,,0.0,1e-06,1e-06,2.6e-05,0.0,0.0,0.0,0.0,0.0,0,0
geco_matched_plus_actuator_persistence,1_LS_002_AL,sensor,selected_sensor_delta,1.32,25.0,3.0,-0.021763658 - -0.021763658,,0.0,1e-06,1e-06,2.6e-05,0.0,0.0,0.0,0.0,0.0,0,0
geco_matched_plus_actuator_persistence,2_DPIT_001_PV,sensor,selected_sensor_delta,1.32,25.0,3.0,88.35751 - 2_PIT_002_PV,0.008482119469839,9.66778276190117,43.256756319788046,8571.457002917898,9652.875910912599,6493.528032513559,7067.644661908868,0.0,0.0,0.0,0,0
geco_matched_plus_actuator_persistence,2_FIC_101_CO,sensor,selected_sensor_delta,1.32,25.0,3.0,2_FQ_101_PV * -0.3397043,0.0150389194041339,34.150938108826395,0.5275863868982411,129.883267641997,143.07292731445304,98.39641488030075,80.61268401614372,0.0,0.0,0.0,0,0
geco_matched_plus_actuator_persistence,2_FIC_101_PV,sensor,selected_sensor_delta,1.32,25.0,3.0,2_FIC_101_PV * -0.016046675,0.002252916125048,18.49348773225588,0.02979673568732669,7.3990592964825845,8.143977688665752,5.605347951880746,3.974709597218389,0.0,0.0,0.0,0,0
geco_matched_plus_actuator_persistence,2_FIC_101_SP,sensor,selected_sensor_delta,1.32,25.0,15.0,((2_MV_003_STATUS - 1_MV_001_STATUS) * (2_FIC_201_PV * (3_AIT_001_PV * 2_P_004_SPEED))) * (2.3499095 * (2_MV_009_STATUS - 2_MV_003_STATUS)),-9.112138177336249e-08,0.0,0.0017891865730764527,1.1041992113404666,1.148928875667378,0.836514554045808,0.28821081253285386,0.0,0.0,0.0,0,0
geco_matched_plus_actuator_persistence,2_FIC_201_CO,sensor,selected_sensor_delta,1.32,25.0,3.0,2_FQ_201_PV * -0.25967506,0.0115003398980684,41.3791240636834,0.37493504907663644,124.40040424906223,133.77378047597816,94.24273049171381,109.98883320035127,0.0,0.0,0.0,0,0
geco_matched_plus_actuator_persistence,2_FIC_201_PV,sensor,selected_sensor_delta,1.32,25.0,7.0,(2_FQ_201_PV * 2_FIC_401_PV) * (-0.04007296 - 2_LS_201_AH),0.0034190508627743,39.845894609586814,0.020632148889052914,10.864844046802274,11.380647769028597,8.230942459698692,4.876911715521573,0.0,0.0,0.0,0,0
geco_matched_plus_actuator_persistence,2_FIC_201_SP,sensor,selected_sensor_delta,1.32,25.0,11.0,((2_MV_003_STATUS - 1_P_005_STATUS) * ((2_P_004_SPEED * 3_AIT_001_PV) * 1_FIT_001_PV)) * 2_MV_101_STATUS,-2.3749495703384582e-09,0.0,0.0016237224631009655,0.42025666707256465,0.4608497286500888,0.3183762629337611,0.2383762870736422,0.0,0.0,0.0,0,0
geco_matched_plus_actuator_persistence,2_FIC_301_PV,sensor,selected_sensor_delta,1.32,25.0,3.0,2_FIC_601_PV * -0.009515096,-0.0036792547368171,17.746108309561812,0.020480065128239675,6.560905328277905,7.072906956483897,4.970382824452958,5.163894476575684,0.0,0.0,0.0,0,0
geco_matched_plus_actuator_persistence,2_FIC_301_SP,sensor,selected_sensor_delta,1.32,25.0,13.0,1_FIT_001_PV * ((((4.6891226e-5 * 2_FIC_301_CO) * 2_LS_201_AH) * 4.6891226e-5) * (2_FIC_501_CO * 3_AIT_004_PV)),-0.0308985748156576,0.0,0.002078101798552482,1.269777485328271,1.3217300302920831,0.9619526404002053,0.25792190356586553,0.0,0.0,0.0,0,0
geco_matched_plus_actuator_persistence,2_FIC_401_CO,sensor,selected_sensor_delta,1.32,25.0,3.0,2_FQ_401_PV * -0.28900453,0.0068262290096441,31.49156173004372,0.5152049430767641,109.17666907489898,122.05679265181809,82.70959778401438,89.62904282109717,0.0,0.0,0.0,0,0
geco_matched_plus_actuator_persistence,2_FIC_401_PV,sensor,selected_sensor_delta,1.32,25.0,9.0,2_FQ_401_PV * (((2B_AIT_001_PV * 2_FIC_501_SP) + -0.073952936) * 2_FIC_401_PV),-0.0136811757617747,42.44627371380358,0.030358977164082257,9.604039533975863,10.363013963077918,7.27578752573929,5.517591368486072,0.0,0.0,0.0,0,0
geco_matched_plus_actuator_persistence,2_FIC_401_SP,sensor,selected_sensor_delta,1.32,25.0,11.0,(3_AIT_001_PV * ((3_FIT_001_PV + -0.5745507) * (1_P_005_STATUS - 2_MV_003_STATUS))) * 1_FIT_001_PV,-2.5924091762163926e-09,0.0,0.001662038620217033,0.6958530159703255,0.7374039814757513,0.527161375735095,0.24833797628094417,0.0,0.0,0.0,0,0
geco_matched_plus_actuator_persistence,2_FIC_501_PV,sensor,selected_sensor_delta,1.32,25.0,3.0,2_FIC_501_PV * -0.019195596,-0.0080578702045512,13.110728544786658,0.023499944593588378,7.465125237919246,8.052623852758956,5.65539790751458,6.0730825129994725,0.0,0.0,0.0,0,0
geco_matched_plus_actuator_persistence,2_FIC_601_CO,sensor,selected_sensor_delta,1.32,25.0,3.0,2_FQ_601_PV * -0.33139205,-0.0036177276086308,38.05090530847815,0.3690366250044411,138.66374979001858,147.88966541512963,105.04829529546862,100.55624201774286,0.0,0.0,0.0,0,0
geco_matched_plus_actuator_persistence,2_FIC_601_PV,sensor,selected_sensor_delta,1.32,25.0,3.0,2_FIC_601_PV * -0.01591041,-0.0054832129042694,19.98884073391906,0.020960186568226402,7.433887805515446,7.957892469721106,5.631733185996549,4.815475964362502,0.0,0.0,0.0,0,0
geco_matched_plus_actuator_persistence,2_FIC_601_SP,sensor,selected_sensor_delta,1.32,25.0,13.0,(2_MCV_201_CO * ((1_MV_001_STATUS - 2_MV_003_STATUS) * 3_AIT_001_PV)) * (-0.00017899254 * (1_MV_001_STATUS - 2_MV_003_STATUS)),-6.513451999978771e-09,0.0,0.0020184410255506147,0.43293565548592927,0.48339668112469464,0.32798155718631006,0.31798154437131143,0.0,0.0,0.0,0,0
geco_matched_plus_actuator_persistence,2_FIT_001_PV,sensor,selected_sensor_delta,1.32,25.0,5.0,(2_MV_003_STATUS - 2_FIT_001_PV) * 0.021082245,-0.0272732956464449,1.6244499683380147,0.08943224896033541,5.869556520643253,8.10536274465164,4.44663372776004,8.10536274465164,0.0008969907407407407,0.00011049859421232919,0.013835588769945466,6,88
geco_matched_plus_actuator_persistence,2_FIT_002_PV,sensor,selected_sensor_delta,1.32,25.0,3.0,2_FQ_101_PV * -0.010027352,-0.001361467372912,19.48504475212655,0.013844316925125643,1.8195884226326562,2.1656963457607974,1.3784760777520122,1.66992812094682,0.0,0.0,0.0,0,0
geco_matched_plus_actuator_persistence,2_FIT_003_PV,sensor,selected_sensor_delta,1.32,25.0,3.0,2_FIT_002_PV * 2_PIC_003_PV,0.0553370128865967,4.825827196131465,0.08662036534491208,9.733694330794233,11.899203464417035,7.374010856662298,11.899203464417035,0.0021238425925925925,0.00022713599921423222,0.033326600686729956,1,367
geco_matched_plus_actuator_persistence,2_FQ_101_PV,sensor,selected_sensor_delta,1.32,25.0,3.0,2_FIC_101_PV * -0.014559889,0.0034545247127396,19.51039912430314,0.029518715120822655,7.2268030611374865,7.964770939158053,5.474850803892035,3.7794473133155058,0.0,0.0,0.0,0,0
geco_matched_plus_actuator_persistence,2_FQ_201_PV,sensor,selected_sensor_delta,1.32,25.0,1.0,0.00017188098,-7.82947853235072e-05,42.419670621221854,0.019914913082316514,5.865847376806086,6.363720203863999,4.443823770307641,4.932179232407571,0.0,0.0,0.0,0,0
geco_matched_plus_actuator_persistence,2_FQ_301_PV,sensor,selected_sensor_delta,1.32,25.0,3.0,2_FIC_301_PV * -0.009666798,0.0030450564846143,17.380916905003005,0.020423243574404518,6.911789399548635,7.422370488908748,5.236204090567147,5.170309152234473,0.0,0.0,0.0,0,0
geco_matched_plus_actuator_persistence,2_FQ_401_PV,sensor,selected_sensor_delta,1.32,25.0,3.0,2_FQ_401_PV * -0.016482946,0.0072349124829306,9.838222623484665,0.03102988210774329,7.033863901307978,7.80961095400156,5.328684773718165,5.046962987887681,0.0,0.0,0.0,0,0
geco_matched_plus_actuator_persistence,2_FQ_501_PV,sensor,selected_sensor_delta,1.32,25.0,3.0,2_FIC_501_PV * -0.014651568,-0.0011197778128997,14.59205286561609,0.02297279909369978,7.393498673608959,7.967818650951454,5.601135358794665,5.420083135880075,0.0,0.0,0.0,0,0
geco_matched_plus_actuator_persistence,2_FQ_601_PV,sensor,selected_sensor_delta,1.32,25.0,3.0,2_FIC_601_PV * -0.021256251,-0.0140299318532872,15.7930218718151,0.021655684862108213,7.637186846806491,8.178578968359197,5.7857476112170385,4.870014111900411,0.0,0.0,0.0,0,0
geco_matched_plus_actuator_persistence,2_LS_101_AH,sensor,selected_sensor_delta,1.32,25.0,9.0,((2_FQ_301_PV * 2_MV_101_STATUS) * (2_LS_101_AH - 1_MV_004_STATUS)) * 2_LS_101_AH,-0.1183975229998723,0.0,0.011789963000637876,15.667775526838742,15.962524601854689,11.869526914271773,2.5279678696062966,0.0,0.0,0.0,0,0
geco_matched_plus_actuator_persistence,2_LS_101_AL,sensor,selected_sensor_delta,1.32,25.0,7.0,(2_LS_101_AL * (3_AIT_001_PV * 2_FIC_101_PV)) * -20.992853,0.0,0.0,0.013714954292528232,61.40550378622725,61.74837764354046,46.51932105017216,1.1496728338632498,0.0,0.0,0.0,0,0
geco_matched_plus_actuator_persistence,2_LS_201_AH,sensor,selected_sensor_delta,1.32,25.0,7.0,(2_LS_501_AH * 2_LS_201_AH) * (1_MV_001_STATUS - 1.9999987),0.0,0.0,0.010755052489398766,14.292836131423895,14.561712443658864,10.827906160169617,1.8171641076802207,0.0,0.0,0.0,0,0
geco_matched_plus_actuator_persistence,2_LS_201_AL,sensor,selected_sensor_delta,1.32,25.0,5.0,(3_FIT_001_PV + -0.5867106) * 2_LS_201_AL,-0.0394394750394426,0.0,0.010531012041083483,9.080399904313989,9.343675205341077,6.879090836601506,3.5182206593404732,0.0,0.0,0.0,0,0
geco_matched_plus_actuator_persistence,2_LS_301_AH,sensor,selected_sensor_delta,1.32,25.0,11.0,(3_AIT_003_PV * ((2_FIC_201_PV * (2_FIC_301_SP * 2_LS_301_AH)) * -0.28339157)) * 2_FIT_001_PV,0.0,0.0,0.010381215458828894,19.85463303042177,20.11416341689249,15.04138865941043,1.8131381217410805,0.0,0.0,0.0,0,0
geco_matched_plus_actuator_persistence,2_LS_301_AL,sensor,selected_sensor_delta,1.32,25.0,9.0,(0.72565746 - 3_AIT_005_PV) * (2_LS_301_AL * (3_FIT_001_PV + -0.57262355)),0.0065613225673001,0.0,0.009818646678584217,13.61716626384507,13.862632430809676,10.316035048367477,3.8212904639444676,0.0,0.0,0.0,0,0
geco_matched_plus_actuator_persistence,2_LS_401_AH,sensor,selected_sensor_delta,1.32,25.0,9.0,2_LS_401_AH * (2_FIT_001_PV * ((1_FIT_001_PV * 2_MV_401_STATUS) * -0.024918532)),0.002531028671956,0.0,0.011690146501096944,11.567854139656207,11.86010780218363,8.763525863375914,7.791393179099645,0.0,0.0,0.0,0,0
geco_matched_plus_actuator_persistence,2_LS_401_AL,sensor,selected_sensor_delta,1.32,25.0,9.0,((2_FIC_401_CO * 1_MV_004_STATUS) * 2_FIC_601_CO) * (2_MV_003_STATUS * 4.5439656e-8),-0.0014167605552886,5.777708620498893,0.011701026360304794,2.1950503652452618,2.4875760242528817,1.6629169433676225,1.414262256890184,0.0,0.0,0.0,0,0
geco_matched_plus_actuator_persistence,2_LS_501_AH,sensor,selected_sensor_delta,1.32,25.0,1.0,9.999286e-5,-9.303286732964544e-05,1.0,0.01057280686784378,4.7265074580850515,4.990827629781146,3.580687468246251,1.811289362138813,0.0,0.0,0.0,0,0
geco_matched_plus_actuator_persistence,2_LS_501_AL,sensor,selected_sensor_delta,1.32,25.0,5.0,(2_FQ_401_PV - 2_FQ_101_PV) * 2A_AIT_002_PV,-0.0151335992731873,2.571116455665051e-32,0.011420730252754334,27.50830914382376,27.793827400142618,20.839628139260423,4.153981333017071,0.0,0.0,0.0,0,0
geco_matched_plus_actuator_persistence,2_LS_601_AH,sensor,selected_sensor_delta,1.32,25.0,9.0,2_LS_301_AH * ((2_FIC_501_SP - 0.22000383) * (2_FIT_001_PV * 2_FIC_401_SP)),0.0,0.0,0.01137293638321413,74.58880665707201,74.87313006665237,56.50667170990304,1.6701848448867902,0.0,0.0,0.0,0,0
geco_matched_plus_actuator_persistence,2_LS_601_AL,sensor,selected_sensor_delta,1.32,25.0,5.0,(2B_AIT_003_PV * -0.0038763508) + 0.033448044,-0.0022001244809992,4.797744669484077,0.010188883403531176,2.3412417357788966,2.5959638208671763,1.773667981650679,1.6563197500556504,0.0,0.0,0.0,0,0
geco_matched_plus_actuator_persistence,2_LT_002_PV,sensor,selected_sensor_delta,1.32,25.0,5.0,(TOTAL_CONS_REQUIRED_FLOW - 2_FIT_001_PV) * -0.03581529,0.0202287766691278,24.794094900339346,0.15304194999487877,6.233531116082309,10.059579865954278,4.722372057638113,10.059579865954278,0.00953125,0.000589325835799089,0.1566350232276308,10,549
geco_matched_plus_actuator_persistence,2_MCV_007_CO,sensor,selected_sensor_delta,1.32,25.0,3.0,3_P_003_STATUS - 2_MV_002_STATUS,,0.0,1e-06,1e-06,2.6e-05,0.0,2.6e-05,0.003269675925925926,0.0004604108092180383,0.04948495253484145,16,121
geco_matched_plus_actuator_persistence,2_P_003_SPEED,sensor,selected_sensor_delta,1.32,25.0,1.0,2_P_004_SPEED,0.000302468603613,1.2555573934924376,1.1749209730634267,100.73329412031484,130.1063184469005,76.31310160629911,74.90048855516326,0.0,0.0,0.0,0,0
geco_matched_plus_actuator_persistence,2_PIC_003_CO,sensor,selected_sensor_delta,1.32,25.0,7.0,((2_PIC_003_PV - 2_MV_006_STATUS) + 0.92499703) * 0.515833,0.0239900981892037,32.36284519360931,0.624249617240662,1107.9467130231674,1123.552953454184,839.3535704720965,68.28561631553673,0.0,0.0,0.0,0,0
geco_matched_plus_actuator_persistence,2_PIC_003_PV,sensor,selected_sensor_delta,1.32,25.0,7.0,(2_PIC_003_PV + (0.9200428 - 2_MV_006_STATUS)) * -0.06421421,0.0198915417593883,26.39547806641177,0.06264419974295483,211.20458641619314,212.770691409767,160.00347455772206,7.018815523038089,0.0,0.0,0.0,0,0
geco_matched_plus_actuator_persistence,2_PIT_001_PV,sensor,selected_sensor_delta,1.32,25.0,5.0,1.1427776 - (2_DPIT_001_PV * 0.0004586949),0.006621193393292,10.36563242243466,0.3894949934835992,89.30962349830554,99.04699833539551,67.6588056805345,76.04932049113552,0.0,0.0,0.0,0,0
geco_matched_plus_actuator_persistence,2_PIT_002_PV,sensor,selected_sensor_delta,1.32,25.0,5.0,(2_DPIT_001_PV * -0.003075006) + 7.663425,0.0050784784743534,9.060265717850797,2.2764557660727176,549.2843234520041,606.195717603822,416.1244874636394,494.70586953373856,0.0,0.0,0.0,0,0
geco_matched_plus_actuator_persistence,2_PIT_003_PV,sensor,selected_sensor_delta,1.32,25.0,7.0,((2_MV_006_STATUS - 2_PIC_003_PV) + -0.9245177) * 0.057637595,0.0175529740100325,29.471299638718875,0.062284469291722,157.60126233825727,159.1583740705503,119.39489571080095,7.435230275214128,0.0,0.0,0.0,0,0
geco_matched_plus_actuator_persistence,2A_AIT_001_PV,sensor,selected_sensor_delta,1.32,25.0,1.0,1.9560876e-7,-8.863622583454855e-06,1.0,0.00016305843894173642,0.3340773047523927,0.33815376572593614,0.25308886723666113,0.0021141292319017545,0.0,0.0,0.0,0,0
geco_matched_plus_actuator_persistence,2A_AIT_002_PV,sensor,selected_sensor_delta,1.32,25.0,7.0,((2_MCV_101_CO * -0.023470242) * 2A_AIT_002_PV) * 2A_AIT_002_PV,-0.0475475253455481,1.101981112345036e-32,0.16387552169973232,763.9429673976913,768.0398554401846,578.7446722709782,4.068106360617694,0.0,0.0,0.0,0,0
geco_matched_plus_actuator_persistence,2A_AIT_003_PV,sensor,selected_sensor_delta,1.32,25.0,7.0,2_FIC_201_PV * (2A_AIT_002_PV * (-0.33989054 * 2_FIT_002_PV)),-0.0012282912975181,0.0,0.003720484015034855,1.437963346956608,1.5309754473324793,1.0893661719368242,0.686988340776312,0.0,0.0,0.0,0,0
geco_matched_plus_actuator_persistence,2B_AIT_001_PV,sensor,selected_sensor_delta,1.32,25.0,5.0,2_LS_201_AH * (2_MCV_501_CO * 4.5408036e-5),-0.0044911897181842,0.0,7.71827333816407e-05,0.020377326244328448,0.022306894578869464,0.01543736836691549,0.012964592355746929,0.0,0.0,0.0,0,0
geco_matched_plus_actuator_persistence,3_AIT_001_PV,sensor,selected_sensor_delta,1.32,25.0,1.0,0.0,0.0,0.0,0.00020841843969419892,0.22005781442739344,0.22526827541974842,0.16671046547529805,0.0,0.0,0.0,0.0,0,0
geco_matched_plus_actuator_persistence,3_AIT_003_PV,sensor,selected_sensor_delta,1.32,25.0,3.0,3_AIT_003_PV * -0.09685825,0.036160234996091,32.561618656036444,6.3235121918570645,72.22262055212279,230.31042534854942,54.7141064788809,48.5708259273197,0.0,0.0,0.0,0,0
geco_matched_plus_actuator_persistence,3_AIT_004_PV,sensor,selected_sensor_delta,1.32,25.0,5.0,(3_AIT_004_PV * -0.22340244) + 2_PIT_001_PV,0.0705906221904001,19.22637520277597,455.9909960478907,8928.728850386522,20328.50375158379,6764.188523020091,4527.302069542882,0.0,0.0,0.0,0,0
geco_matched_plus_actuator_persistence,3_AIT_005_PV,sensor,selected_sensor_delta,1.32,25.0,1.0,1.665455e-5,-0.0001843146077267,17.391272839636848,0.0015296999915492212,1.6222892834477942,1.6605317832365247,1.2290070329149956,0.31388459112275385,0.0,0.0,0.0,0,0
geco_matched_plus_actuator_persistence,3_LS_001_AL,sensor,selected_sensor_delta,1.32,25.0,3.0,1_LS_001_AL - 1_LS_001_AL,,0.0,1e-06,1e-06,2.6e-05,0.0,0.0,0.0,0.0,0.0,0,0
geco_matched_plus_actuator_persistence,LEAK_DIFF_PRESSURE,sensor,selected_sensor_delta,1.32,25.0,7.0,2_FIT_003_PV + ((LEAK_DIFF_PRESSURE * -0.11256748) + 6.922297),0.0315872021934814,16.788538020673613,1.911347078561208,336.8845310626365,384.66820802666666,255.21555383533064,235.61947492026877,0.0,0.0,0.0,0,0
geco_matched_plus_actuator_persistence,PLANT_START_STOP_LOG,sensor,selected_sensor_delta,1.32,25.0,3.0,2_MCV_007_CO * 2_MCV_007_CO,,0.0,1e-06,1e-06,2.6e-05,0.0,2.6e-05,0.009351851851851853,0.0004604108092180383,0.15562512623712382,3,649
geco_matched_plus_actuator_persistence,1_MV_001_STATUS,actuator,actuator_persistence,1.32,25.0,1.0,1_MV_001_STATUS,,,0.04056415846780728,14.606165149781933,15.620269111477116,11.065276628622676,15.620269111477116,0.003171296296296296,0.0001534702697393461,0.05281761260351444,12,102
geco_matched_plus_actuator_persistence,1_MV_004_STATUS,actuator,actuator_persistence,1.32,25.0,1.0,1_MV_004_STATUS,,,0.04067319042827918,14.592204697563115,15.609034458270095,11.054700528456905,2.755960857430325,0.0,0.0,0.0,0,0
geco_matched_plus_actuator_persistence,1_P_001_STATUS,actuator,actuator_persistence,1.32,25.0,1.0,1_P_001_STATUS,,,0.01803574328798211,4.4097393351074565,4.86063291730701,3.340711617505649,4.86063291730701,0.002650462962962963,1.2277621579147688e-05,0.046051302767117754,11,108
geco_matched_plus_actuator_persistence,1_P_002_STATUS,actuator,actuator_persistence,1.32,25.0,1.0,1_P_002_STATUS,,,1e-06,1e-06,2.6e-05,0.0,0.0,0.0,0.0,0.0,0,0
geco_matched_plus_actuator_persistence,1_P_003_STATUS,actuator,actuator_persistence,1.32,25.0,1.0,1_P_003_STATUS,,,0.01803574328798211,4.4097393351074565,4.86063291730701,3.340711617505649,4.86063291730701,0.002650462962962963,1.2277621579147688e-05,0.046051302767117754,11,108
geco_matched_plus_actuator_persistence,1_P_004_STATUS,actuator,actuator_persistence,1.32,25.0,1.0,1_P_004_STATUS,,,1e-06,1e-06,2.6e-05,0.0,0.0,0.0,0.0,0.0,0,0
geco_matched_plus_actuator_persistence,1_P_005_STATUS,actuator,actuator_persistence,1.32,25.0,1.0,1_P_005_STATUS,,,0.040709690311655826,2.808107604276261,3.825849862067657,2.127354245663834,3.825849862067657,0.00046875,0.0,0.008180165623106443,2,70
geco_matched_plus_actuator_persistence,1_P_006_STATUS,actuator,actuator_persistence,1.32,25.0,1.0,1_P_006_STATUS,,,1e-06,1e-06,2.6e-05,0.0,2.6e-05,0.00028935185185185184,0.0001534702697393461,0.002524742476267421,2,25
geco_matched_plus_actuator_persistence,2_MV_001_STATUS,actuator,actuator_persistence,1.32,25.0,1.0,2_MV_001_STATUS,,,1e-06,1e-06,2.6e-05,0.0,0.0,0.0,0.0,0.0,0,0
geco_matched_plus_actuator_persistence,2_MV_002_STATUS,actuator,actuator_persistence,1.32,25.0,1.0,2_MV_002_STATUS,,,1e-06,1e-06,2.6e-05,0.0,0.0,0.0,0.0,0.0,0,0
geco_matched_plus_actuator_persistence,2_MV_003_STATUS,actuator,actuator_persistence,1.32,25.0,1.0,2_MV_003_STATUS,,,0.09216863911203314,10.243520233117334,12.547736210918162,7.760242600846465,12.547736210918162,0.0007986111111111112,0.0001534702697393461,0.011411835992728742,5,64
geco_matched_plus_actuator_persistence,2_MV_004_STATUS,actuator,actuator_persistence,1.32,25.0,1.0,2_MV_004_STATUS,,,1e-06,1e-06,2.6e-05,0.0,0.0,0.0,0.0,0.0,0,0
geco_matched_plus_actuator_persistence,2_MV_005_STATUS,actuator,actuator_persistence,1.32,25.0,1.0,2_MV_005_STATUS,,,1e-06,1e-06,2.6e-05,0.0,0.0,0.0,0.0,0.0,0,0
geco_matched_plus_actuator_persistence,2_MV_006_STATUS,actuator,actuator_persistence,1.32,25.0,1.0,2_MV_006_STATUS,,,0.08828073019980047,5.9389804143164815,8.145998669311494,4.499227586603395,4.410946856403594,0.0,0.0,0.0,0,0
geco_matched_plus_actuator_persistence,2_MV_009_STATUS,actuator,actuator_persistence,1.32,25.0,1.0,2_MV_009_STATUS,,,1e-06,1e-06,2.6e-05,0.0,0.0,0.0,0.0,0.0,0,0
geco_matched_plus_actuator_persistence,2_MV_101_STATUS,actuator,actuator_persistence,1.32,25.0,1.0,2_MV_101_STATUS,,,0.02492577904561714,3.762587829958713,4.3857323060991416,2.8504453257262976,2.8504453257262976,0.0,0.0,0.0,0,0
geco_matched_plus_actuator_persistence,2_MV_201_STATUS,actuator,actuator_persistence,1.32,25.0,1.0,2_MV_201_STATUS,,,0.023317454840228517,3.77532575766539,4.358262128671103,2.8600952709586287,2.8600952709586287,0.0,0.0,0.0,0,0
geco_matched_plus_actuator_persistence,2_MV_301_STATUS,actuator,actuator_persistence,1.32,25.0,1.0,2_MV_301_STATUS,,,0.02189085756575435,3.7866244080792257,4.333895847223085,2.8686548546054738,2.8686548546054738,0.0,0.0,0.0,0,0
geco_matched_plus_actuator_persistence,2_MV_401_STATUS,actuator,actuator_persistence,1.32,25.0,1.0,2_MV_401_STATUS,,,0.04256249555772995,6.318510304917413,7.382572693860662,4.78675023099804,3.2338750799608595,0.0,0.0,0.0,0,0
geco_matched_plus_actuator_persistence,2_MV_501_STATUS,actuator,actuator_persistence,1.32,25.0,1.0,2_MV_501_STATUS,,,0.03629246408107271,7.036321580997267,7.943633183024085,5.330546652270657,2.782245215513564,0.0,0.0,0.0,0,0
geco_matched_plus_actuator_persistence,2_MV_601_STATUS,actuator,actuator_persistence,1.32,25.0,1.0,2_MV_601_STATUS,,,0.022086190873586854,3.7850773682811925,4.3372321401208636,2.867482854758479,2.867482854758479,0.0,0.0,0.0,0,0
geco_matched_plus_actuator_persistence,2_P_003_STATUS,actuator,actuator_persistence,1.32,25.0,1.0,2_P_003_STATUS,,,0.03892715311945345,2.3316969472939286,3.304875775280265,1.766437081283279,1.766437081283279,0.0,0.0,0.0,0,0
geco_matched_plus_actuator_persistence,2_P_004_STATUS,actuator,actuator_persistence,1.32,25.0,1.0,2_P_004_STATUS,,,1e-06,1e-06,2.6e-05,0.0,0.0,0.0,0.0,0.0,0,0
geco_matched_plus_actuator_persistence,2_SV_101_STATUS,actuator,actuator_persistence,1.32,25.0,1.0,2_SV_101_STATUS,,,1e-06,1e-06,2.6e-05,0.0,0.0,0.0,0.0,0.0,0,0
geco_matched_plus_actuator_persistence,2_SV_201_STATUS,actuator,actuator_persistence,1.32,25.0,1.0,2_SV_201_STATUS,,,1e-06,1e-06,2.6e-05,0.0,0.0,0.0,0.0,0.0,0,0
geco_matched_plus_actuator_persistence,2_SV_301_STATUS,actuator,actuator_persistence,1.32,25.0,1.0,2_SV_301_STATUS,,,1e-06,1e-06,2.6e-05,0.0,0.0,0.0,0.0,0.0,0,0
geco_matched_plus_actuator_persistence,2_SV_401_STATUS,actuator,actuator_persistence,1.32,25.0,1.0,2_SV_401_STATUS,,,1e-06,1e-06,2.6e-05,0.0,0.0,0.0,0.0,0.0,0,0
geco_matched_plus_actuator_persistence,2_SV_501_STATUS,actuator,actuator_persistence,1.32,25.0,1.0,2_SV_501_STATUS,,,1e-06,1e-06,2.6e-05,0.0,0.0,0.0,0.0,0.0,0,0
geco_matched_plus_actuator_persistence,2_SV_601_STATUS,actuator,actuator_persistence,1.32,25.0,1.0,2_SV_601_STATUS,,,1e-06,1e-06,2.6e-05,0.0,0.0,0.0,0.0,0.0,0,0
geco_matched_plus_actuator_persistence,3_MV_001_STATUS,actuator,actuator_persistence,1.32,25.0,1.0,3_MV_001_STATUS,,,1e-06,1e-06,2.6e-05,0.0,0.0,0.0,0.0,0.0,0,0
geco_matched_plus_actuator_persistence,3_MV_002_STATUS,actuator,actuator_persistence,1.32,25.0,1.0,3_MV_002_STATUS,,,1e-06,1e-06,2.6e-05,0.0,0.0,0.0,0.0,0.0,0,0
geco_matched_plus_actuator_persistence,3_MV_003_STATUS,actuator,actuator_persistence,1.32,25.0,1.0,3_MV_003_STATUS,,,1e-06,1e-06,2.6e-05,0.0,0.0,0.0,0.0,0.0,0,0
geco_matched_plus_actuator_persistence,3_P_001_STATUS,actuator,actuator_persistence,1.32,25.0,1.0,3_P_001_STATUS,,,1e-06,1e-06,2.6e-05,0.0,0.0,0.0,0.0,0.0,0,0
geco_matched_plus_actuator_persistence,3_P_002_STATUS,actuator,actuator_persistence,1.32,25.0,1.0,3_P_002_STATUS,,,1e-06,1e-06,2.6e-05,0.0,0.0,0.0,0.0,0.0,0,0
geco_matched_plus_actuator_persistence,3_P_003_STATUS,actuator,actuator_persistence,1.32,25.0,1.0,3_P_003_STATUS,,,1e-06,1e-06,2.6e-05,0.0,0.0,0.0,0.0,0.0,0,0
geco_matched_plus_actuator_persistence,3_P_004_STATUS,actuator,actuator_persistence,1.32,25.0,1.0,3_P_004_STATUS,,,1e-06,1e-06,2.6e-05,0.0,0.0,0.0,0.0,0.0,0,0
geco_matched_plus_actuator_persistence,1_AIT_002_PV,sensor,selected_sensor_delta,2.0,2.0,5.0,0.015316334 - (1_AIT_002_PV * 0.024466293),0.0119052665651211,41.73000224731814,0.016198173266754025,9.17259799771445,9.204994344247957,4.586298998857225,9.204994344247957,0.004091435185185185,6.138810789573843e-05,0.07038982023833569,1,707
geco_matched_plus_actuator_persistence,1_AIT_004_PV,sensor,selected_sensor_delta,2.0,2.0,3.0,3_AIT_004_PV * -5.4525193e-5,-0.0001992524296718,4.910153218946012,2.8444196394286245,2040.2633694678123,2045.9522087466696,1020.1316847339061,933.8179709712217,0.0,0.0,0.0,0,0
geco_matched_plus_actuator_persistence,1_AIT_005_PV,sensor,selected_sensor_delta,2.0,2.0,5.0,(1_FIT_001_PV - 1_AIT_002_PV) * -3.9571616e-5,0.0023463384738832,12.40172474664917,0.0005404796966590669,0.13499227433095037,0.1360732337242685,0.06749613716547519,0.040270004949606274,0.0,0.0,0.0,0,0
geco_matched_plus_actuator_persistence,1_FIT_001_PV,sensor,selected_sensor_delta,2.0,2.0,7.0,((1_LT_001_PV * 1_P_001_STATUS) * -0.0001994969) + 0.014458983,-0.0179323441933463,11.85813818130814,0.03840313085817598,13.878566226516769,13.95537248823312,6.9392831132583845,13.95537248823312,0.000630787037037037,1.8416432368721532e-05,0.010704908099373864,37,3
geco_matched_plus_actuator_persistence,1_LS_001_AL,sensor,selected_sensor_delta,2.0,2.0,3.0,0.030378316 - 0.030378316,,0.0,1e-06,1e-06,3e-06,0.0,0.0,0.0,0.0,0.0,0,0
geco_matched_plus_actuator_persistence,1_LS_002_AL,sensor,selected_sensor_delta,2.0,2.0,3.0,-0.021763658 - -0.021763658,,0.0,1e-06,1e-06,3e-06,0.0,0.0,0.0,0.0,0.0,0,0
geco_matched_plus_actuator_persistence,2_DPIT_001_PV,sensor,selected_sensor_delta,2.0,2.0,3.0,88.35751 - 2_PIT_002_PV,0.008482119469839,9.66778276190117,43.256756319788046,12987.056065027118,13073.569577666694,6493.528032513559,7067.644661908868,0.0,0.0,0.0,0,0
geco_matched_plus_actuator_persistence,2_FIC_101_CO,sensor,selected_sensor_delta,2.0,2.0,3.0,2_FQ_101_PV * -0.3397043,0.0150389194041339,34.150938108826395,0.5275863868982411,196.7928297606015,197.84800253439798,98.39641488030075,80.61268401614372,0.0,0.0,0.0,0,0
geco_matched_plus_actuator_persistence,2_FIC_101_PV,sensor,selected_sensor_delta,2.0,2.0,3.0,2_FIC_101_PV * -0.016046675,0.002252916125048,18.49348773225588,0.02979673568732669,11.210695903761492,11.270289375136144,5.605347951880746,3.974709597218389,0.0,0.0,0.0,0,0
geco_matched_plus_actuator_persistence,2_FIC_101_SP,sensor,selected_sensor_delta,2.0,2.0,15.0,((2_MV_003_STATUS - 1_MV_001_STATUS) * (2_FIC_201_PV * (3_AIT_001_PV * 2_P_004_SPEED))) * (2.3499095 * (2_MV_009_STATUS - 2_MV_003_STATUS)),-9.112138177336249e-08,0.0,0.0017891865730764527,1.673029108091616,1.676607481237769,0.836514554045808,0.28821081253285386,0.0,0.0,0.0,0,0
geco_matched_plus_actuator_persistence,2_FIC_201_CO,sensor,selected_sensor_delta,2.0,2.0,3.0,2_FQ_201_PV * -0.25967506,0.0115003398980684,41.3791240636834,0.37493504907663644,188.48546098342763,189.2353310815809,94.24273049171381,109.98883320035127,0.0,0.0,0.0,0,0
geco_matched_plus_actuator_persistence,2_FIC_201_PV,sensor,selected_sensor_delta,2.0,2.0,7.0,(2_FQ_201_PV * 2_FIC_401_PV) * (-0.04007296 - 2_LS_201_AH),0.0034190508627743,39.845894609586814,0.020632148889052914,16.461884919397384,16.50314921717549,8.230942459698692,4.876911715521573,0.0,0.0,0.0,0,0
geco_matched_plus_actuator_persistence,2_FIC_201_SP,sensor,selected_sensor_delta,2.0,2.0,11.0,((2_MV_003_STATUS - 1_P_005_STATUS) * ((2_P_004_SPEED * 3_AIT_001_PV) * 1_FIT_001_PV)) * 2_MV_101_STATUS,-2.3749495703384582e-09,0.0,0.0016237224631009655,0.6367525258675222,0.6399999707937241,0.3183762629337611,0.2383762870736422,0.0,0.0,0.0,0,0
geco_matched_plus_actuator_persistence,2_FIC_301_PV,sensor,selected_sensor_delta,2.0,2.0,3.0,2_FIC_601_PV * -0.009515096,-0.0036792547368171,17.746108309561812,0.020480065128239675,9.940765648905916,9.981725779162396,4.970382824452958,5.163894476575684,0.0,0.0,0.0,0,0
geco_matched_plus_actuator_persistence,2_FIC_301_SP,sensor,selected_sensor_delta,2.0,2.0,13.0,1_FIT_001_PV * ((((4.6891226e-5 * 2_FIC_301_CO) * 2_LS_201_AH) * 4.6891226e-5) * (2_FIC_501_CO * 3_AIT_004_PV)),-0.0308985748156576,0.0,0.002078101798552482,1.9239052808004107,1.9280614843975157,0.9619526404002053,0.25792190356586553,0.0,0.0,0.0,0,0
geco_matched_plus_actuator_persistence,2_FIC_401_CO,sensor,selected_sensor_delta,2.0,2.0,3.0,2_FQ_401_PV * -0.28900453,0.0068262290096441,31.49156173004372,0.5152049430767641,165.41919556802875,166.4496054541823,82.70959778401438,89.62904282109717,0.0,0.0,0.0,0,0
geco_matched_plus_actuator_persistence,2_FIC_401_PV,sensor,selected_sensor_delta,2.0,2.0,9.0,2_FQ_401_PV * (((2B_AIT_001_PV * 2_FIC_501_SP) + -0.073952936) * 2_FIC_401_PV),-0.0136811757617747,42.44627371380358,0.030358977164082257,14.55157505147858,14.612293005806745,7.27578752573929,5.517591368486072,0.0,0.0,0.0,0,0
geco_matched_plus_actuator_persistence,2_FIC_401_SP,sensor,selected_sensor_delta,2.0,2.0,11.0,(3_AIT_001_PV * ((3_FIT_001_PV + -0.5745507) * (1_P_005_STATUS - 2_MV_003_STATUS))) * 1_FIT_001_PV,-2.5924091762163926e-09,0.0,0.001662038620217033,1.05432275147019,1.0576468287106242,0.527161375735095,0.24833797628094417,0.0,0.0,0.0,0,0
geco_matched_plus_actuator_persistence,2_FIC_501_PV,sensor,selected_sensor_delta,2.0,2.0,3.0,2_FIC_501_PV * -0.019195596,-0.0080578702045512,13.110728544786658,0.023499944593588378,11.31079581502916,11.357795704216336,5.65539790751458,6.0730825129994725,0.0,0.0,0.0,0,0
geco_matched_plus_actuator_persistence,2_FIC_601_CO,sensor,selected_sensor_delta,2.0,2.0,3.0,2_FQ_601_PV * -0.33139205,-0.0036177276086308,38.05090530847815,0.3690366250044411,210.09659059093724,210.83466384094612,105.04829529546862,100.55624201774286,0.0,0.0,0.0,0,0
geco_matched_plus_actuator_persistence,2_FIC_601_PV,sensor,selected_sensor_delta,2.0,2.0,3.0,2_FIC_601_PV * -0.01591041,-0.0054832129042694,19.98884073391906,0.020960186568226402,11.263466371993099,11.305386745129551,5.631733185996549,4.815475964362502,0.0,0.0,0.0,0,0
geco_matched_plus_actuator_persistence,2_FIC_601_SP,sensor,selected_sensor_delta,2.0,2.0,13.0,(2_MCV_201_CO * ((1_MV_001_STATUS - 2_MV_003_STATUS) * 3_AIT_001_PV)) * (-0.00017899254 * (1_MV_001_STATUS - 2_MV_003_STATUS)),-6.513451999978771e-09,0.0,0.0020184410255506147,0.6559631143726201,0.6599999964237213,0.32798155718631006,0.31798154437131143,0.0,0.0,0.0,0,0
geco_matched_plus_actuator_persistence,2_FIT_001_PV,sensor,selected_sensor_delta,2.0,2.0,5.0,(2_MV_003_STATUS - 2_FIT_001_PV) * 0.021082245,-0.0272732956464449,1.6244499683380147,0.08943224896033541,8.89326745552008,9.072131953440751,4.44663372776004,9.072131953440751,8.101851851851852e-05,0.0,0.0014138557867097556,5,4
geco_matched_plus_actuator_persistence,2_FIT_002_PV,sensor,selected_sensor_delta,2.0,2.0,3.0,2_FQ_101_PV * -0.010027352,-0.001361467372912,19.48504475212655,0.013844316925125643,2.7569521555040244,2.7846407893542757,1.3784760777520122,1.66992812094682,0.0,0.0,0.0,0,0
geco_matched_plus_actuator_persistence,2_FIT_003_PV,sensor,selected_sensor_delta,2.0,2.0,3.0,2_FIT_002_PV * 2_PIC_003_PV,0.0553370128865967,4.825827196131465,0.08662036534491208,14.748021713324595,14.92126244401442,7.374010856662298,14.92126244401442,0.0019618055555555556,8.594335105403381e-05,0.032821652191476466,1,339
geco_matched_plus_actuator_persistence,2_FQ_101_PV,sensor,selected_sensor_delta,2.0,2.0,3.0,2_FIC_101_PV * -0.014559889,0.0034545247127396,19.51039912430314,0.029518715120822655,10.94970160778407,11.008739038025714,5.474850803892035,3.7794473133155058,0.0,0.0,0.0,0,0
geco_matched_plus_actuator_persistence,2_FQ_201_PV,sensor,selected_sensor_delta,2.0,2.0,1.0,0.00017188098,-7.82947853235072e-05,42.419670621221854,0.019914913082316514,8.887647540615282,8.927477366779915,4.443823770307641,4.932179232407571,0.0,0.0,0.0,0,0
geco_matched_plus_actuator_persistence,2_FQ_301_PV,sensor,selected_sensor_delta,2.0,2.0,3.0,2_FIC_301_PV * -0.009666798,0.0030450564846143,17.380916905003005,0.020423243574404518,10.472408181134295,10.513254668283103,5.236204090567147,5.170309152234473,0.0,0.0,0.0,0,0
geco_matched_plus_actuator_persistence,2_FQ_401_PV,sensor,selected_sensor_delta,2.0,2.0,3.0,2_FQ_401_PV * -0.016482946,0.0072349124829306,9.838222623484665,0.03102988210774329,10.65736954743633,10.719429311651817,5.328684773718165,5.046962987887681,0.0,0.0,0.0,0,0
geco_matched_plus_actuator_persistence,2_FQ_501_PV,sensor,selected_sensor_delta,2.0,2.0,3.0,2_FIC_501_PV * -0.014651568,-0.0011197778128997,14.59205286561609,0.02297279909369978,11.20227071758933,11.24821631577673,5.601135358794665,5.420083135880075,0.0,0.0,0.0,0,0
geco_matched_plus_actuator_persistence,2_FQ_601_PV,sensor,selected_sensor_delta,2.0,2.0,3.0,2_FIC_601_PV * -0.021256251,-0.0140299318532872,15.7930218718151,0.021655684862108213,11.571495222434077,11.614806592158294,5.7857476112170385,4.870014111900411,0.0,0.0,0.0,0,0
geco_matched_plus_actuator_persistence,2_LS_101_AH,sensor,selected_sensor_delta,2.0,2.0,9.0,((2_FQ_301_PV * 2_MV_101_STATUS) * (2_LS_101_AH - 1_MV_004_STATUS)) * 2_LS_101_AH,-0.1183975229998723,0.0,0.011789963000637876,23.739053828543547,23.762633754544822,11.869526914271773,2.5279678696062966,0.0,0.0,0.0,0,0
geco_matched_plus_actuator_persistence,2_LS_101_AL,sensor,selected_sensor_delta,2.0,2.0,7.0,(2_LS_101_AL * (3_AIT_001_PV * 2_FIC_101_PV)) * -20.992853,0.0,0.0,0.013714954292528232,93.03864210034432,93.06607200892938,46.51932105017216,1.1496728338632498,0.0,0.0,0.0,0,0
geco_matched_plus_actuator_persistence,2_LS_201_AH,sensor,selected_sensor_delta,2.0,2.0,7.0,(2_LS_501_AH * 2_LS_201_AH) * (1_MV_001_STATUS - 1.9999987),0.0,0.0,0.010755052489398766,21.655812320339233,21.67732242531803,10.827906160169617,1.8171641076802207,0.0,0.0,0.0,0,0
geco_matched_plus_actuator_persistence,2_LS_201_AL,sensor,selected_sensor_delta,2.0,2.0,5.0,(3_FIT_001_PV + -0.5867106) * 2_LS_201_AL,-0.0394394750394426,0.0,0.010531012041083483,13.758181673203012,13.779243697285178,6.879090836601506,3.5182206593404732,0.0,0.0,0.0,0,0
geco_matched_plus_actuator_persistence,2_LS_301_AH,sensor,selected_sensor_delta,2.0,2.0,11.0,(3_AIT_003_PV * ((2_FIC_201_PV * (2_FIC_301_SP * 2_LS_301_AH)) * -0.28339157)) * 2_FIT_001_PV,0.0,0.0,0.010381215458828894,30.08277731882086,30.103539749738516,15.04138865941043,1.8131381217410805,0.0,0.0,0.0,0,0
geco_matched_plus_actuator_persistence,2_LS_301_AL,sensor,selected_sensor_delta,2.0,2.0,9.0,(0.72565746 - 3_AIT_005_PV) * (2_LS_301_AL * (3_FIT_001_PV + -0.57262355)),0.0065613225673001,0.0,0.009818646678584217,20.632070096734953,20.65170739009212,10.316035048367477,3.8212904639444676,0.0,0.0,0.0,0,0
geco_matched_plus_actuator_persistence,2_LS_401_AH,sensor,selected_sensor_delta,2.0,2.0,9.0,2_LS_401_AH * (2_FIT_001_PV * ((1_FIT_001_PV * 2_MV_401_STATUS) * -0.024918532)),0.002531028671956,0.0,0.011690146501096944,17.52705172675183,17.550432019754023,8.763525863375914,7.791393179099645,0.0,0.0,0.0,0,0
geco_matched_plus_actuator_persistence,2_LS_401_AL,sensor,selected_sensor_delta,2.0,2.0,9.0,((2_FIC_401_CO * 1_MV_004_STATUS) * 2_FIC_601_CO) * (2_MV_003_STATUS * 4.5439656e-8),-0.0014167605552886,5.777708620498893,0.011701026360304794,3.325833886735245,3.3492359394558546,1.6629169433676225,1.414262256890184,0.0,0.0,0.0,0,0
geco_matched_plus_actuator_persistence,2_LS_501_AH,sensor,selected_sensor_delta,2.0,2.0,1.0,9.999286e-5,-9.303286732964544e-05,1.0,0.01057280686784378,7.161374936492502,7.1825205502281895,3.580687468246251,1.811289362138813,0.0,0.0,0.0,0,0
geco_matched_plus_actuator_persistence,2_LS_501_AL,sensor,selected_sensor_delta,2.0,2.0,5.0,(2_FQ_401_PV - 2_FQ_101_PV) * 2A_AIT_002_PV,-0.0151335992731873,2.571116455665051e-32,0.011420730252754334,41.679256278520846,41.70209773902636,20.839628139260423,4.153981333017071,0.0,0.0,0.0,0,0
geco_matched_plus_actuator_persistence,2_LS_601_AH,sensor,selected_sensor_delta,2.0,2.0,9.0,2_LS_301_AH * ((2_FIC_501_SP - 0.22000383) * (2_FIT_001_PV * 2_FIC_401_SP)),0.0,0.0,0.01137293638321413,113.01334341980608,113.0360892925725,56.50667170990304,1.6701848448867902,0.0,0.0,0.0,0,0
geco_matched_plus_actuator_persistence,2_LS_601_AL,sensor,selected_sensor_delta,2.0,2.0,5.0,(2B_AIT_003_PV * -0.0038763508) + 0.033448044,-0.0022001244809992,4.797744669484077,0.010188883403531176,3.547335963301358,3.5677137301084203,1.773667981650679,1.6563197500556504,0.0,0.0,0.0,0,0
geco_matched_plus_actuator_persistence,2_LT_002_PV,sensor,selected_sensor_delta,2.0,2.0,5.0,(TOTAL_CONS_REQUIRED_FLOW - 2_FIT_001_PV) * -0.03581529,0.0202287766691278,24.794094900339346,0.15304194999487877,9.444744115276226,9.750828015265984,4.722372057638113,9.750828015265984,0.0027372685185185187,0.00015960908052891994,0.045142395475661484,67,45
geco_matched_plus_actuator_persistence,2_MCV_007_CO,sensor,selected_sensor_delta,2.0,2.0,3.0,3_P_003_STATUS - 2_MV_002_STATUS,,0.0,1e-06,1e-06,3e-06,0.0,3e-06,0.0005208333333333333,5.5249297106164594e-05,0.008180165623106443,30,3
geco_matched_plus_actuator_persistence,2_P_003_SPEED,sensor,selected_sensor_delta,2.0,2.0,1.0,2_P_004_SPEED,0.000302468603613,1.2555573934924376,1.1749209730634267,152.62620321259823,154.97604515872507,76.31310160629911,74.90048855516326,0.0,0.0,0.0,0,0
geco_matched_plus_actuator_persistence,2_PIC_003_CO,sensor,selected_sensor_delta,2.0,2.0,7.0,((2_PIC_003_PV - 2_MV_006_STATUS) + 0.92499703) * 0.515833,0.0239900981892037,32.36284519360931,0.624249617240662,1678.707140944193,1679.9556401786745,839.3535704720965,68.28561631553673,0.0,0.0,0.0,0,0
geco_matched_plus_actuator_persistence,2_PIC_003_PV,sensor,selected_sensor_delta,2.0,2.0,7.0,(2_PIC_003_PV + (0.9200428 - 2_MV_006_STATUS)) * -0.06421421,0.0198915417593883,26.39547806641177,0.06264419974295483,320.0069491154441,320.13223751493,160.00347455772206,7.018815523038089,0.0,0.0,0.0,0,0
geco_matched_plus_actuator_persistence,2_PIT_001_PV,sensor,selected_sensor_delta,2.0,2.0,5.0,1.1427776 - (2_DPIT_001_PV * 0.0004586949),0.006621193393292,10.36563242243466,0.3894949934835992,135.317611361069,136.0966013480362,67.6588056805345,76.04932049113552,0.0,0.0,0.0,0,0
geco_matched_plus_actuator_persistence,2_PIT_002_PV,sensor,selected_sensor_delta,2.0,2.0,5.0,(2_DPIT_001_PV * -0.003075006) + 7.663425,0.0050784784743534,9.060265717850797,2.2764557660727176,832.2489749272788,836.8018864594243,416.1244874636394,494.70586953373856,0.0,0.0,0.0,0,0
geco_matched_plus_actuator_persistence,2_PIT_003_PV,sensor,selected_sensor_delta,2.0,2.0,7.0,((2_MV_006_STATUS - 2_PIC_003_PV) + -0.9245177) * 0.057637595,0.0175529740100325,29.471299638718875,0.062284469291722,238.7897914216019,238.91436036018536,119.39489571080095,7.435230275214128,0.0,0.0,0.0,0,0
geco_matched_plus_actuator_persistence,2A_AIT_001_PV,sensor,selected_sensor_delta,2.0,2.0,1.0,1.9560876e-7,-8.863622583454855e-06,1.0,0.00016305843894173642,0.5061777344733223,0.5065038513512057,0.25308886723666113,0.0021141292319017545,0.0,0.0,0.0,0,0
geco_matched_plus_actuator_persistence,2A_AIT_002_PV,sensor,selected_sensor_delta,2.0,2.0,7.0,((2_MCV_101_CO * -0.023470242) * 2A_AIT_002_PV) * 2A_AIT_002_PV,-0.0475475253455481,1.101981112345036e-32,0.16387552169973232,1157.4893445419564,1157.817095585356,578.7446722709782,4.068106360617694,0.0,0.0,0.0,0,0
geco_matched_plus_actuator_persistence,2A_AIT_003_PV,sensor,selected_sensor_delta,2.0,2.0,7.0,2_FIC_201_PV * (2A_AIT_002_PV * (-0.33989054 * 2_FIT_002_PV)),-0.0012282912975181,0.0,0.003720484015034855,2.1787323438736483,2.186173311903718,1.0893661719368242,0.686988340776312,0.0,0.0,0.0,0,0
geco_matched_plus_actuator_persistence,2B_AIT_001_PV,sensor,selected_sensor_delta,2.0,2.0,5.0,2_LS_201_AH * (2_MCV_501_CO * 4.5408036e-5),-0.0044911897181842,0.0,7.71827333816407e-05,0.03087473673383098,0.03102910220059426,0.01543736836691549,0.012964592355746929,0.0,0.0,0.0,0,0
geco_matched_plus_actuator_persistence,3_AIT_001_PV,sensor,selected_sensor_delta,2.0,2.0,1.0,0.0,0.0,0.0,0.00020841843969419892,0.3334209309505961,0.3338377678299845,0.16671046547529805,0.0,0.0,0.0,0.0,0,0
geco_matched_plus_actuator_persistence,3_AIT_003_PV,sensor,selected_sensor_delta,2.0,2.0,3.0,3_AIT_003_PV * -0.09685825,0.036160234996091,32.561618656036444,6.3235121918570645,109.4282129577618,122.07523734147593,54.7141064788809,48.5708259273197,0.0,0.0,0.0,0,0
geco_matched_plus_actuator_persistence,3_AIT_004_PV,sensor,selected_sensor_delta,2.0,2.0,5.0,(3_AIT_004_PV * -0.22340244) + 2_PIT_001_PV,0.0705906221904001,19.22637520277597,455.9909960478907,13528.377046040183,14440.359038135965,6764.188523020091,4527.302069542882,0.0,0.0,0.0,0,0
geco_matched_plus_actuator_persistence,3_AIT_005_PV,sensor,selected_sensor_delta,2.0,2.0,1.0,1.665455e-5,-0.0001843146077267,17.391272839636848,0.0015296999915492212,2.458014065829991,2.4610734658130897,1.2290070329149956,0.31388459112275385,0.0,0.0,0.0,0,0
geco_matched_plus_actuator_persistence,3_LS_001_AL,sensor,selected_sensor_delta,2.0,2.0,3.0,1_LS_001_AL - 1_LS_001_AL,,0.0,1e-06,1e-06,3e-06,0.0,0.0,0.0,0.0,0.0,0,0
geco_matched_plus_actuator_persistence,LEAK_DIFF_PRESSURE,sensor,selected_sensor_delta,2.0,2.0,7.0,2_FIT_003_PV + ((LEAK_DIFF_PRESSURE * -0.11256748) + 6.922297),0.0315872021934814,16.788538020673613,1.911347078561208,510.4311076706613,514.2538018277837,255.21555383533064,235.61947492026877,0.0,0.0,0.0,0,0
geco_matched_plus_actuator_persistence,PLANT_START_STOP_LOG,sensor,selected_sensor_delta,2.0,2.0,3.0,2_MCV_007_CO * 2_MCV_007_CO,,0.0,1e-06,1e-06,3e-06,0.0,3e-06,0.008969907407407407,5.5249297106164594e-05,0.15562512623712382,3,627
geco_matched_plus_actuator_persistence,1_MV_001_STATUS,actuator,actuator_persistence,2.0,2.0,1.0,1_MV_001_STATUS,,,0.04056415846780728,22.130553257245353,22.211681574180968,11.065276628622676,22.211681574180968,0.0005034722222222222,1.8416432368721532e-05,0.008483134720258533,29,3
geco_matched_plus_actuator_persistence,1_MV_004_STATUS,actuator,actuator_persistence,2.0,2.0,1.0,1_MV_004_STATUS,,,0.04067319042827918,22.10940105691381,22.19074743777037,11.054700528456905,2.755960857430325,0.0,0.0,0.0,0,0
geco_matched_plus_actuator_persistence,1_P_001_STATUS,actuator,actuator_persistence,2.0,2.0,1.0,1_P_001_STATUS,,,0.01803574328798211,6.681423235011298,6.717494721587262,3.340711617505649,6.717494721587262,0.0002199074074074074,0.0,0.0038376085639264795,19,2
geco_matched_plus_actuator_persistence,1_P_002_STATUS,actuator,actuator_persistence,2.0,2.0,1.0,1_P_002_STATUS,,,1e-06,1e-06,3e-06,0.0,0.0,0.0,0.0,0.0,0,0
geco_matched_plus_actuator_persistence,1_P_003_STATUS,actuator,actuator_persistence,2.0,2.0,1.0,1_P_003_STATUS,,,0.01803574328798211,6.681423235011298,6.717494721587262,3.340711617505649,6.717494721587262,0.0002199074074074074,0.0,0.0038376085639264795,19,2
geco_matched_plus_actuator_persistence,1_P_004_STATUS,actuator,actuator_persistence,2.0,2.0,1.0,1_P_004_STATUS,,,1e-06,1e-06,3e-06,0.0,0.0,0.0,0.0,0.0,0,0
geco_matched_plus_actuator_persistence,1_P_005_STATUS,actuator,actuator_persistence,2.0,2.0,1.0,1_P_005_STATUS,,,0.040709690311655826,4.254708491327668,4.33612787195098,2.127354245663834,4.33612787195098,3.472222222222222e-05,0.0,0.000605938194304181,2,3
geco_matched_plus_actuator_persistence,1_P_006_STATUS,actuator,actuator_persistence,2.0,2.0,1.0,1_P_006_STATUS,,,1e-06,1e-06,3e-06,0.0,3e-06,3.472222222222222e-05,1.8416432368721532e-05,0.0003029690971520905,2,3
geco_matched_plus_actuator_persistence,2_MV_001_STATUS,actuator,actuator_persistence,2.0,2.0,1.0,2_MV_001_STATUS,,,1e-06,1e-06,3e-06,0.0,0.0,0.0,0.0,0.0,0,0
geco_matched_plus_actuator_persistence,2_MV_002_STATUS,actuator,actuator_persistence,2.0,2.0,1.0,2_MV_002_STATUS,,,1e-06,1e-06,3e-06,0.0,0.0,0.0,0.0,0.0,0,0
geco_matched_plus_actuator_persistence,2_MV_003_STATUS,actuator,actuator_persistence,2.0,2.0,1.0,2_MV_003_STATUS,,,0.09216863911203314,15.52048520169293,15.704822479916997,7.760242600846465,15.704822479916997,6.944444444444444e-05,1.2277621579147688e-05,0.0010098969905069683,6,2
geco_matched_plus_actuator_persistence,2_MV_004_STATUS,actuator,actuator_persistence,2.0,2.0,1.0,2_MV_004_STATUS,,,1e-06,1e-06,3e-06,0.0,0.0,0.0,0.0,0.0,0,0
geco_matched_plus_actuator_persistence,2_MV_005_STATUS,actuator,actuator_persistence,2.0,2.0,1.0,2_MV_005_STATUS,,,1e-06,1e-06,3e-06,0.0,0.0,0.0,0.0,0.0,0,0
geco_matched_plus_actuator_persistence,2_MV_006_STATUS,actuator,actuator_persistence,2.0,2.0,1.0,2_MV_006_STATUS,,,0.08828073019980047,8.99845517320679,9.17501663360639,4.499227586603395,4.410946856403594,0.0,0.0,0.0,0,0
geco_matched_plus_actuator_persistence,2_MV_009_STATUS,actuator,actuator_persistence,2.0,2.0,1.0,2_MV_009_STATUS,,,1e-06,1e-06,3e-06,0.0,0.0,0.0,0.0,0.0,0,0
geco_matched_plus_actuator_persistence,2_MV_101_STATUS,actuator,actuator_persistence,2.0,2.0,1.0,2_MV_101_STATUS,,,0.02492577904561714,5.700890651452595,5.750742209543829,2.8504453257262976,2.8504453257262976,0.0,0.0,0.0,0,0
geco_matched_plus_actuator_persistence,2_MV_201_STATUS,actuator,actuator_persistence,2.0,2.0,1.0,2_MV_201_STATUS,,,0.023317454840228517,5.720190541917257,5.766825451597715,2.8600952709586287,2.8600952709586287,0.0,0.0,0.0,0,0
geco_matched_plus_actuator_persistence,2_MV_301_STATUS,actuator,actuator_persistence,2.0,2.0,1.0,2_MV_301_STATUS,,,0.02189085756575435,5.7373097092109475,5.781091424342456,2.8686548546054738,2.8686548546054738,0.0,0.0,0.0,0,0
geco_matched_plus_actuator_persistence,2_MV_401_STATUS,actuator,actuator_persistence,2.0,2.0,1.0,2_MV_401_STATUS,,,0.04256249555772995,9.57350046199608,9.65862545311154,4.78675023099804,3.2338750799608595,0.0,0.0,0.0,0,0
geco_matched_plus_actuator_persistence,2_MV_501_STATUS,actuator,actuator_persistence,2.0,2.0,1.0,2_MV_501_STATUS,,,0.03629246408107271,10.661093304541314,10.73367823270346,5.330546652270657,2.782245215513564,0.0,0.0,0.0,0,0
geco_matched_plus_actuator_persistence,2_MV_601_STATUS,actuator,actuator_persistence,2.0,2.0,1.0,2_MV_601_STATUS,,,0.022086190873586854,5.734965709516958,5.779138091264132,2.867482854758479,2.867482854758479,0.0,0.0,0.0,0,0
geco_matched_plus_actuator_persistence,2_P_003_STATUS,actuator,actuator_persistence,2.0,2.0,1.0,2_P_003_STATUS,,,0.03892715311945345,3.532874162566558,3.610728468805465,1.766437081283279,1.766437081283279,0.0,0.0,0.0,0,0
geco_matched_plus_actuator_persistence,2_P_004_STATUS,actuator,actuator_persistence,2.0,2.0,1.0,2_P_004_STATUS,,,1e-06,1e-06,3e-06,0.0,0.0,0.0,0.0,0.0,0,0
geco_matched_plus_actuator_persistence,2_SV_101_STATUS,actuator,actuator_persistence,2.0,2.0,1.0,2_SV_101_STATUS,,,1e-06,1e-06,3e-06,0.0,0.0,0.0,0.0,0.0,0,0
geco_matched_plus_actuator_persistence,2_SV_201_STATUS,actuator,actuator_persistence,2.0,2.0,1.0,2_SV_201_STATUS,,,1e-06,1e-06,3e-06,0.0,0.0,0.0,0.0,0.0,0,0
geco_matched_plus_actuator_persistence,2_SV_301_STATUS,actuator,actuator_persistence,2.0,2.0,1.0,2_SV_301_STATUS,,,1e-06,1e-06,3e-06,0.0,0.0,0.0,0.0,0.0,0,0
geco_matched_plus_actuator_persistence,2_SV_401_STATUS,actuator,actuator_persistence,2.0,2.0,1.0,2_SV_401_STATUS,,,1e-06,1e-06,3e-06,0.0,0.0,0.0,0.0,0.0,0,0
geco_matched_plus_actuator_persistence,2_SV_501_STATUS,actuator,actuator_persistence,2.0,2.0,1.0,2_SV_501_STATUS,,,1e-06,1e-06,3e-06,0.0,0.0,0.0,0.0,0.0,0,0
geco_matched_plus_actuator_persistence,2_SV_601_STATUS,actuator,actuator_persistence,2.0,2.0,1.0,2_SV_601_STATUS,,,1e-06,1e-06,3e-06,0.0,0.0,0.0,0.0,0.0,0,0
geco_matched_plus_actuator_persistence,3_MV_001_STATUS,actuator,actuator_persistence,2.0,2.0,1.0,3_MV_001_STATUS,,,1e-06,1e-06,3e-06,0.0,0.0,0.0,0.0,0.0,0,0
geco_matched_plus_actuator_persistence,3_MV_002_STATUS,actuator,actuator_persistence,2.0,2.0,1.0,3_MV_002_STATUS,,,1e-06,1e-06,3e-06,0.0,0.0,0.0,0.0,0.0,0,0
geco_matched_plus_actuator_persistence,3_MV_003_STATUS,actuator,actuator_persistence,2.0,2.0,1.0,3_MV_003_STATUS,,,1e-06,1e-06,3e-06,0.0,0.0,0.0,0.0,0.0,0,0
geco_matched_plus_actuator_persistence,3_P_001_STATUS,actuator,actuator_persistence,2.0,2.0,1.0,3_P_001_STATUS,,,1e-06,1e-06,3e-06,0.0,0.0,0.0,0.0,0.0,0,0
geco_matched_plus_actuator_persistence,3_P_002_STATUS,actuator,actuator_persistence,2.0,2.0,1.0,3_P_002_STATUS,,,1e-06,1e-06,3e-06,0.0,0.0,0.0,0.0,0.0,0,0
geco_matched_plus_actuator_persistence,3_P_003_STATUS,actuator,actuator_persistence,2.0,2.0,1.0,3_P_003_STATUS,,,1e-06,1e-06,3e-06,0.0,0.0,0.0,0.0,0.0,0,0
geco_matched_plus_actuator_persistence,3_P_004_STATUS,actuator,actuator_persistence,2.0,2.0,1.0,3_P_004_STATUS,,,1e-06,1e-06,3e-06,0.0,0.0,0.0,0.0,0.0,0,0
geco_matched_plus_actuator_persistence,1_AIT_002_PV,sensor,selected_sensor_delta,2.0,5.98,5.0,0.015316334 - (1_AIT_002_PV * 0.024466293),0.0119052665651211,41.73000224731814,0.016198173266754025,9.17259799771445,9.26946307384964,4.586298998857225,9.26946307384964,0.004120370370370371,9.208216184360765e-05,0.07038982023833569,1,712
geco_matched_plus_actuator_persistence,1_AIT_004_PV,sensor,selected_sensor_delta,2.0,5.98,3.0,3_AIT_004_PV * -5.4525193e-5,-0.0001992524296718,4.910153218946012,2.8444196394286245,2040.2633694678123,2057.2729989115956,1020.1316847339061,933.8179709712217,0.0,0.0,0.0,0,0
geco_matched_plus_actuator_persistence,1_AIT_005_PV,sensor,selected_sensor_delta,2.0,5.98,5.0,(1_FIT_001_PV - 1_AIT_002_PV) * -3.9571616e-5,0.0023463384738832,12.40172474664917,0.0005404796966590669,0.13499227433095037,0.13822434291697158,0.06749613716547519,0.040270004949606274,0.0,0.0,0.0,0,0
geco_matched_plus_actuator_persistence,1_FIT_001_PV,sensor,selected_sensor_delta,2.0,5.98,7.0,((1_LT_001_PV * 1_P_001_STATUS) * -0.0001994969) + 0.014458983,-0.0179323441933463,11.85813818130814,0.03840313085817598,13.878566226516769,14.10821694904866,6.9392831132583845,14.10821694904866,0.0015335648148148149,4.911048631659075e-05,0.025954352656029085,24,48
geco_matched_plus_actuator_persistence,1_LS_001_AL,sensor,selected_sensor_delta,2.0,5.98,3.0,0.030378316 - 0.030378316,,0.0,1e-06,1e-06,6.98e-06,0.0,0.0,0.0,0.0,0.0,0,0
geco_matched_plus_actuator_persistence,1_LS_002_AL,sensor,selected_sensor_delta,2.0,5.98,3.0,-0.021763658 - -0.021763658,,0.0,1e-06,1e-06,6.98e-06,0.0,0.0,0.0,0.0,0.0,0,0
geco_matched_plus_actuator_persistence,2_DPIT_001_PV,sensor,selected_sensor_delta,2.0,5.98,3.0,88.35751 - 2_PIT_002_PV,0.008482119469839,9.66778276190117,43.256756319788046,12987.056065027118,13245.73146781945,6493.528032513559,7067.644661908868,0.0,0.0,0.0,0,0
geco_matched_plus_actuator_persistence,2_FIC_101_CO,sensor,selected_sensor_delta,2.0,5.98,3.0,2_FQ_101_PV * -0.3397043,0.0150389194041339,34.150938108826395,0.5275863868982411,196.7928297606015,199.947796354253,98.39641488030075,80.61268401614372,0.0,0.0,0.0,0,0
geco_matched_plus_actuator_persistence,2_FIC_101_PV,sensor,selected_sensor_delta,2.0,5.98,3.0,2_FIC_101_PV * -0.016046675,0.002252916125048,18.49348773225588,0.02979673568732669,11.210695903761492,11.388880383171704,5.605347951880746,3.974709597218389,0.0,0.0,0.0,0,0
geco_matched_plus_actuator_persistence,2_FIC_101_SP,sensor,selected_sensor_delta,2.0,5.98,15.0,((2_MV_003_STATUS - 1_MV_001_STATUS) * (2_FIC_201_PV * (3_AIT_001_PV * 2_P_004_SPEED))) * (2.3499095 * (2_MV_009_STATUS - 2_MV_003_STATUS)),-9.112138177336249e-08,0.0,0.0017891865730764527,1.673029108091616,1.683728443798613,0.836514554045808,0.28821081253285386,0.0,0.0,0.0,0,0
geco_matched_plus_actuator_persistence,2_FIC_201_CO,sensor,selected_sensor_delta,2.0,5.98,3.0,2_FQ_201_PV * -0.25967506,0.0115003398980684,41.3791240636834,0.37493504907663644,188.48546098342763,190.7275725769059,94.24273049171381,109.98883320035127,0.0,0.0,0.0,0,0
geco_matched_plus_actuator_persistence,2_FIC_201_PV,sensor,selected_sensor_delta,2.0,5.98,7.0,(2_FQ_201_PV * 2_FIC_401_PV) * (-0.04007296 - 2_LS_201_AH),0.0034190508627743,39.845894609586814,0.020632148889052914,16.461884919397384,16.58526516975392,8.230942459698692,4.876911715521573,0.0,0.0,0.0,0,0
geco_matched_plus_actuator_persistence,2_FIC_201_SP,sensor,selected_sensor_delta,2.0,5.98,11.0,((2_MV_003_STATUS - 1_P_005_STATUS) * ((2_P_004_SPEED * 3_AIT_001_PV) * 1_FIT_001_PV)) * 2_MV_101_STATUS,-2.3749495703384582e-09,0.0,0.0016237224631009655,0.6367525258675222,0.6464623861968659,0.3183762629337611,0.2383762870736422,0.0,0.0,0.0,0,0
geco_matched_plus_actuator_persistence,2_FIC_301_PV,sensor,selected_sensor_delta,2.0,5.98,3.0,2_FIC_601_PV * -0.009515096,-0.0036792547368171,17.746108309561812,0.020480065128239675,9.940765648905916,10.06323643837279,4.970382824452958,5.163894476575684,0.0,0.0,0.0,0,0
geco_matched_plus_actuator_persistence,2_FIC_301_SP,sensor,selected_sensor_delta,2.0,5.98,13.0,1_FIT_001_PV * ((((4.6891226e-5 * 2_FIC_301_CO) * 2_LS_201_AH) * 4.6891226e-5) * (2_FIC_501_CO * 3_AIT_004_PV)),-0.0308985748156576,0.0,0.002078101798552482,1.9239052808004107,1.9363323295557546,0.9619526404002053,0.25792190356586553,0.0,0.0,0.0,0,0
geco_matched_plus_actuator_persistence,2_FIC_401_CO,sensor,selected_sensor_delta,2.0,5.98,3.0,2_FQ_401_PV * -0.28900453,0.0068262290096441,31.49156173004372,0.5152049430767641,165.41919556802875,168.5001211276278,82.70959778401438,89.62904282109717,0.0,0.0,0.0,0,0
geco_matched_plus_actuator_persistence,2_FIC_401_PV,sensor,selected_sensor_delta,2.0,5.98,9.0,2_FQ_401_PV * (((2B_AIT_001_PV * 2_FIC_501_SP) + -0.073952936) * 2_FIC_401_PV),-0.0136811757617747,42.44627371380358,0.030358977164082257,14.55157505147858,14.733121734919791,7.27578752573929,5.517591368486072,0.0,0.0,0.0,0,0
geco_matched_plus_actuator_persistence,2_FIC_401_SP,sensor,selected_sensor_delta,2.0,5.98,11.0,(3_AIT_001_PV * ((3_FIT_001_PV + -0.5745507) * (1_P_005_STATUS - 2_MV_003_STATUS))) * 1_FIT_001_PV,-2.5924091762163926e-09,0.0,0.001662038620217033,1.05432275147019,1.0642617424190879,0.527161375735095,0.24833797628094417,0.0,0.0,0.0,0,0
geco_matched_plus_actuator_persistence,2_FIC_501_PV,sensor,selected_sensor_delta,2.0,5.98,3.0,2_FIC_501_PV * -0.019195596,-0.0080578702045512,13.110728544786658,0.023499944593588378,11.31079581502916,11.451325483698819,5.65539790751458,6.0730825129994725,0.0,0.0,0.0,0,0
geco_matched_plus_actuator_persistence,2_FIC_601_CO,sensor,selected_sensor_delta,2.0,5.98,3.0,2_FQ_601_PV * -0.33139205,-0.0036177276086308,38.05090530847815,0.3690366250044411,210.09659059093724,212.3034296084638,105.04829529546862,100.55624201774286,0.0,0.0,0.0,0,0
geco_matched_plus_actuator_persistence,2_FIC_601_PV,sensor,selected_sensor_delta,2.0,5.98,3.0,2_FIC_601_PV * -0.01591041,-0.0054832129042694,19.98884073391906,0.020960186568226402,11.263466371993099,11.388808287671093,5.631733185996549,4.815475964362502,0.0,0.0,0.0,0,0
geco_matched_plus_actuator_persistence,2_FIC_601_SP,sensor,selected_sensor_delta,2.0,5.98,13.0,(2_MCV_201_CO * ((1_MV_001_STATUS - 2_MV_003_STATUS) * 3_AIT_001_PV)) * (-0.00017899254 * (1_MV_001_STATUS - 2_MV_003_STATUS)),-6.513451999978771e-09,0.0,0.0020184410255506147,0.6559631143726201,0.6680333917054128,0.32798155718631006,0.31798154437131143,0.0,0.0,0.0,0,0
geco_matched_plus_actuator_persistence,2_FIT_001_PV,sensor,selected_sensor_delta,2.0,5.98,5.0,(2_MV_003_STATUS - 2_FIT_001_PV) * 0.021082245,-0.0272732956464449,1.6244499683380147,0.08943224896033541,8.89326745552008,9.428072304302885,4.44663372776004,9.428072304302885,0.00016782407407407406,0.0,0.002928701272470208,2,16
geco_matched_plus_actuator_persistence,2_FIT_002_PV,sensor,selected_sensor_delta,2.0,5.98,3.0,2_FQ_101_PV * -0.010027352,-0.001361467372912,19.48504475212655,0.013844316925125643,2.7569521555040244,2.839741170716276,1.3784760777520122,1.66992812094682,0.0,0.0,0.0,0,0
geco_matched_plus_actuator_persistence,2_FIT_003_PV,sensor,selected_sensor_delta,2.0,5.98,3.0,2_FIT_002_PV * 2_PIC_003_PV,0.0553370128865967,4.825827196131465,0.08662036534491208,14.748021713324595,15.26601149808717,7.374010856662298,15.26601149808717,0.0019849537037037036,0.00011049859421232919,0.032821652191476466,1,343
geco_matched_plus_actuator_persistence,2_FQ_101_PV,sensor,selected_sensor_delta,2.0,5.98,3.0,2_FIC_101_PV * -0.014559889,0.0034545247127396,19.51039912430314,0.029518715120822655,10.94970160778407,11.126223524206589,5.474850803892035,3.7794473133155058,0.0,0.0,0.0,0,0
geco_matched_plus_actuator_persistence,2_FQ_201_PV,sensor,selected_sensor_delta,2.0,5.98,1.0,0.00017188098,-7.82947853235072e-05,42.419670621221854,0.019914913082316514,8.887647540615282,9.006738720847535,4.443823770307641,4.932179232407571,0.0,0.0,0.0,0,0
geco_matched_plus_actuator_persistence,2_FQ_301_PV,sensor,selected_sensor_delta,2.0,5.98,3.0,2_FIC_301_PV * -0.009666798,0.0030450564846143,17.380916905003005,0.020423243574404518,10.472408181134295,10.594539177709233,5.236204090567147,5.170309152234473,0.0,0.0,0.0,0,0
geco_matched_plus_actuator_persistence,2_FQ_401_PV,sensor,selected_sensor_delta,2.0,5.98,3.0,2_FQ_401_PV * -0.016482946,0.0072349124829306,9.838222623484665,0.03102988210774329,10.65736954743633,10.842928242440635,5.328684773718165,5.046962987887681,0.0,0.0,0.0,0,0
geco_matched_plus_actuator_persistence,2_FQ_501_PV,sensor,selected_sensor_delta,2.0,5.98,3.0,2_FIC_501_PV * -0.014651568,-0.0011197778128997,14.59205286561609,0.02297279909369978,11.20227071758933,11.339648056169656,5.601135358794665,5.420083135880075,0.0,0.0,0.0,0,0
geco_matched_plus_actuator_persistence,2_FQ_601_PV,sensor,selected_sensor_delta,2.0,5.98,3.0,2_FIC_601_PV * -0.021256251,-0.0140299318532872,15.7930218718151,0.021655684862108213,11.571495222434077,11.700996217909484,5.7857476112170385,4.870014111900411,0.0,0.0,0.0,0,0
geco_matched_plus_actuator_persistence,2_LS_101_AH,sensor,selected_sensor_delta,2.0,5.98,9.0,((2_FQ_301_PV * 2_MV_101_STATUS) * (2_LS_101_AH - 1_MV_004_STATUS)) * 2_LS_101_AH,-0.1183975229998723,0.0,0.011789963000637876,23.739053828543547,23.809557807287362,11.869526914271773,2.5279678696062966,0.0,0.0,0.0,0,0
geco_matched_plus_actuator_persistence,2_LS_101_AL,sensor,selected_sensor_delta,2.0,5.98,7.0,(2_LS_101_AL * (3_AIT_001_PV * 2_FIC_101_PV)) * -20.992853,0.0,0.0,0.013714954292528232,93.03864210034432,93.12065752701363,46.51932105017216,1.1496728338632498,0.0,0.0,0.0,0,0
geco_matched_plus_actuator_persistence,2_LS_201_AH,sensor,selected_sensor_delta,2.0,5.98,7.0,(2_LS_501_AH * 2_LS_201_AH) * (1_MV_001_STATUS - 1.9999987),0.0,0.0,0.010755052489398766,21.655812320339233,21.72012753422584,10.827906160169617,1.8171641076802207,0.0,0.0,0.0,0,0
geco_matched_plus_actuator_persistence,2_LS_201_AL,sensor,selected_sensor_delta,2.0,5.98,5.0,(3_FIT_001_PV + -0.5867106) * 2_LS_201_AL,-0.0394394750394426,0.0,0.010531012041083483,13.758181673203012,13.82115712520869,6.879090836601506,3.5182206593404732,0.0,0.0,0.0,0,0
geco_matched_plus_actuator_persistence,2_LS_301_AH,sensor,selected_sensor_delta,2.0,5.98,11.0,(3_AIT_003_PV * ((2_FIC_201_PV * (2_FIC_301_SP * 2_LS_301_AH)) * -0.28339157)) * 2_FIT_001_PV,0.0,0.0,0.010381215458828894,30.08277731882086,30.144856987264657,15.04138865941043,1.8131381217410805,0.0,0.0,0.0,0,0
geco_matched_plus_actuator_persistence,2_LS_301_AL,sensor,selected_sensor_delta,2.0,5.98,9.0,(0.72565746 - 3_AIT_005_PV) * (2_LS_301_AL * (3_FIT_001_PV + -0.57262355)),0.0065613225673001,0.0,0.009818646678584217,20.632070096734953,20.690785603872886,10.316035048367477,3.8212904639444676,0.0,0.0,0.0,0,0
geco_matched_plus_actuator_persistence,2_LS_401_AH,sensor,selected_sensor_delta,2.0,5.98,9.0,2_LS_401_AH * (2_FIT_001_PV * ((1_FIT_001_PV * 2_MV_401_STATUS) * -0.024918532)),0.002531028671956,0.0,0.011690146501096944,17.52705172675183,17.59695880282839,8.763525863375914,7.791393179099645,0.0,0.0,0.0,0,0
geco_matched_plus_actuator_persistence,2_LS_401_AL,sensor,selected_sensor_delta,2.0,5.98,9.0,((2_FIC_401_CO * 1_MV_004_STATUS) * 2_FIC_601_CO) * (2_MV_003_STATUS * 4.5439656e-8),-0.0014167605552886,5.777708620498893,0.011701026360304794,3.325833886735245,3.395806024369868,1.6629169433676225,1.414262256890184,0.0,0.0,0.0,0,0
geco_matched_plus_actuator_persistence,2_LS_501_AH,sensor,selected_sensor_delta,2.0,5.98,1.0,9.999286e-5,-9.303286732964544e-05,1.0,0.01057280686784378,7.161374936492502,7.224600321562208,3.580687468246251,1.811289362138813,0.0,0.0,0.0,0,0
geco_matched_plus_actuator_persistence,2_LS_501_AL,sensor,selected_sensor_delta,2.0,5.98,5.0,(2_FQ_401_PV - 2_FQ_101_PV) * 2A_AIT_002_PV,-0.0151335992731873,2.571116455665051e-32,0.011420730252754334,41.679256278520846,41.74755224543232,20.839628139260423,4.153981333017071,0.0,0.0,0.0,0,0
geco_matched_plus_actuator_persistence,2_LS_601_AH,sensor,selected_sensor_delta,2.0,5.98,9.0,2_LS_301_AH * ((2_FIC_501_SP - 0.22000383) * (2_FIT_001_PV * 2_FIC_401_SP)),0.0,0.0,0.01137293638321413,113.01334341980608,113.08135357937769,56.50667170990304,1.6701848448867902,0.0,0.0,0.0,0,0
geco_matched_plus_actuator_persistence,2_LS_601_AL,sensor,selected_sensor_delta,2.0,5.98,5.0,(2B_AIT_003_PV * -0.0038763508) + 0.033448044,-0.0022001244809992,4.797744669484077,0.010188883403531176,3.547335963301358,3.6082654860544747,1.773667981650679,1.6563197500556504,0.0,0.0,0.0,0,0
geco_matched_plus_actuator_persistence,2_LT_002_PV,sensor,selected_sensor_delta,2.0,5.98,5.0,(TOTAL_CONS_REQUIRED_FLOW - 2_FIT_001_PV) * -0.03581529,0.0202287766691278,24.794094900339346,0.15304194999487877,9.444744115276226,10.3599349762456,4.722372057638113,10.3599349762456,0.004768518518518518,0.00028852410710997065,0.07846899616239143,33,193
geco_matched_plus_actuator_persistence,2_MCV_007_CO,sensor,selected_sensor_delta,2.0,5.98,3.0,3_P_003_STATUS - 2_MV_002_STATUS,,0.0,1e-06,1e-06,6.98e-06,0.0,6.98e-06,0.0010416666666666667,0.00011049859421232919,0.016360331246212886,29,12
geco_matched_plus_actuator_persistence,2_P_003_SPEED,sensor,selected_sensor_delta,2.0,5.98,1.0,2_P_004_SPEED,0.000302468603613,1.2555573934924376,1.1749209730634267,152.62620321259823,159.6522306315175,76.31310160629911,74.90048855516326,0.0,0.0,0.0,0,0
geco_matched_plus_actuator_persistence,2_PIC_003_CO,sensor,selected_sensor_delta,2.0,5.98,7.0,((2_PIC_003_PV - 2_MV_006_STATUS) + 0.92499703) * 0.515833,0.0239900981892037,32.36284519360931,0.624249617240662,1678.707140944193,1682.4401536552923,839.3535704720965,68.28561631553673,0.0,0.0,0.0,0,0
geco_matched_plus_actuator_persistence,2_PIC_003_PV,sensor,selected_sensor_delta,2.0,5.98,7.0,(2_PIC_003_PV + (0.9200428 - 2_MV_006_STATUS)) * -0.06421421,0.0198915417593883,26.39547806641177,0.06264419974295483,320.0069491154441,320.381561429907,160.00347455772206,7.018815523038089,0.0,0.0,0.0,0,0
geco_matched_plus_actuator_persistence,2_PIT_001_PV,sensor,selected_sensor_delta,2.0,5.98,5.0,1.1427776 - (2_DPIT_001_PV * 0.0004586949),0.006621193393292,10.36563242243466,0.3894949934835992,135.317611361069,137.64679142210093,67.6588056805345,76.04932049113552,0.0,0.0,0.0,0,0
geco_matched_plus_actuator_persistence,2_PIT_002_PV,sensor,selected_sensor_delta,2.0,5.98,5.0,(2_DPIT_001_PV * -0.003075006) + 7.663425,0.0050784784743534,9.060265717850797,2.2764557660727176,832.2489749272788,845.8621804083937,416.1244874636394,494.70586953373856,0.0,0.0,0.0,0,0
geco_matched_plus_actuator_persistence,2_PIT_003_PV,sensor,selected_sensor_delta,2.0,5.98,7.0,((2_MV_006_STATUS - 2_PIC_003_PV) + -0.9245177) * 0.057637595,0.0175529740100325,29.471299638718875,0.062284469291722,238.7897914216019,239.1622525479664,119.39489571080095,7.435230275214128,0.0,0.0,0.0,0,0
geco_matched_plus_actuator_persistence,2A_AIT_001_PV,sensor,selected_sensor_delta,2.0,5.98,1.0,1.9560876e-7,-8.863622583454855e-06,1.0,0.00016305843894173642,0.5061777344733223,0.5071528239381938,0.25308886723666113,0.0021141292319017545,0.0,0.0,0.0,0,0
geco_matched_plus_actuator_persistence,2A_AIT_002_PV,sensor,selected_sensor_delta,2.0,5.98,7.0,((2_MCV_101_CO * -0.023470242) * 2A_AIT_002_PV) * 2A_AIT_002_PV,-0.0475475253455481,1.101981112345036e-32,0.16387552169973232,1157.4893445419564,1158.4693201617208,578.7446722709782,4.068106360617694,0.0,0.0,0.0,0,0
geco_matched_plus_actuator_persistence,2A_AIT_003_PV,sensor,selected_sensor_delta,2.0,5.98,7.0,2_FIC_201_PV * (2A_AIT_002_PV * (-0.33989054 * 2_FIT_002_PV)),-0.0012282912975181,0.0,0.003720484015034855,2.1787323438736483,2.2009808382835567,1.0893661719368242,0.686988340776312,0.0,0.0,0.0,0,0
geco_matched_plus_actuator_persistence,2B_AIT_001_PV,sensor,selected_sensor_delta,2.0,5.98,5.0,2_LS_201_AH * (2_MCV_501_CO * 4.5408036e-5),-0.0044911897181842,0.0,7.71827333816407e-05,0.03087473673383098,0.03133628947945319,0.01543736836691549,0.012964592355746929,0.0,0.0,0.0,0,0
geco_matched_plus_actuator_persistence,3_AIT_001_PV,sensor,selected_sensor_delta,2.0,5.98,1.0,0.0,0.0,0.0,0.00020841843969419892,0.3334209309505961,0.3346672732199674,0.16671046547529805,0.0,0.0,0.0,0.0,0,0
geco_matched_plus_actuator_persistence,3_AIT_003_PV,sensor,selected_sensor_delta,2.0,5.98,3.0,3_AIT_003_PV * -0.09685825,0.036160234996091,32.561618656036444,6.3235121918570645,109.4282129577618,147.24281586506706,54.7141064788809,48.5708259273197,0.0,0.0,0.0,0,0
geco_matched_plus_actuator_persistence,3_AIT_004_PV,sensor,selected_sensor_delta,2.0,5.98,5.0,(3_AIT_004_PV * -0.22340244) + 2_PIT_001_PV,0.0705906221904001,19.22637520277597,455.9909960478907,13528.377046040183,16255.20320240657,6764.188523020091,4527.302069542882,0.0,0.0,0.0,0,0
geco_matched_plus_actuator_persistence,3_AIT_005_PV,sensor,selected_sensor_delta,2.0,5.98,1.0,1.665455e-5,-0.0001843146077267,17.391272839636848,0.0015296999915492212,2.458014065829991,2.4671616717794556,1.2290070329149956,0.31388459112275385,0.0,0.0,0.0,0,0
geco_matched_plus_actuator_persistence,3_LS_001_AL,sensor,selected_sensor_delta,2.0,5.98,3.0,1_LS_001_AL - 1_LS_001_AL,,0.0,1e-06,1e-06,6.98e-06,0.0,0.0,0.0,0.0,0.0,0,0
geco_matched_plus_actuator_persistence,LEAK_DIFF_PRESSURE,sensor,selected_sensor_delta,2.0,5.98,7.0,2_FIT_003_PV + ((LEAK_DIFF_PRESSURE * -0.11256748) + 6.922297),0.0315872021934814,16.788538020673613,1.911347078561208,510.4311076706613,521.8609632004573,255.21555383533064,235.61947492026877,0.0,0.0,0.0,0,0
geco_matched_plus_actuator_persistence,PLANT_START_STOP_LOG,sensor,selected_sensor_delta,2.0,5.98,3.0,2_MCV_007_CO * 2_MCV_007_CO,,0.0,1e-06,1e-06,6.98e-06,0.0,6.98e-06,0.00902199074074074,0.00011049859421232919,0.15562512623712382,3,630
geco_matched_plus_actuator_persistence,1_MV_001_STATUS,actuator,actuator_persistence,2.0,5.98,1.0,1_MV_001_STATUS,,,0.04056415846780728,22.130553257245353,22.37312692488284,11.065276628622676,22.37312692488284,0.0009953703703703704,3.6832864737443065e-05,0.016764290042415673,18,34
geco_matched_plus_actuator_persistence,1_MV_004_STATUS,actuator,actuator_persistence,2.0,5.98,1.0,1_MV_004_STATUS,,,0.04067319042827918,22.10940105691381,22.35262673567492,11.054700528456905,2.755960857430325,0.0,0.0,0.0,0,0
geco_matched_plus_actuator_persistence,1_P_001_STATUS,actuator,actuator_persistence,2.0,5.98,1.0,1_P_001_STATUS,,,0.01803574328798211,6.681423235011298,6.789276979873431,3.340711617505649,6.789276979873431,0.0006539351851851851,0.0,0.011411835992728742,18,11
geco_matched_plus_actuator_persistence,1_P_002_STATUS,actuator,actuator_persistence,2.0,5.98,1.0,1_P_002_STATUS,,,1e-06,1e-06,6.98e-06,0.0,0.0,0.0,0.0,0.0,0,0
geco_matched_plus_actuator_persistence,1_P_003_STATUS,actuator,actuator_persistence,2.0,5.98,1.0,1_P_003_STATUS,,,0.01803574328798211,6.681423235011298,6.789276979873431,3.340711617505649,6.789276979873431,0.0006539351851851851,0.0,0.011411835992728742,18,11
geco_matched_plus_actuator_persistence,1_P_004_STATUS,actuator,actuator_persistence,2.0,5.98,1.0,1_P_004_STATUS,,,1e-06,1e-06,6.98e-06,0.0,0.0,0.0,0.0,0.0,0,0
geco_matched_plus_actuator_persistence,1_P_005_STATUS,actuator,actuator_persistence,2.0,5.98,1.0,1_P_005_STATUS,,,0.040709690311655826,4.254708491327668,4.4981524393913705,2.127354245663834,4.4981524393913705,6.944444444444444e-05,0.0,0.001211876388608362,2,6
geco_matched_plus_actuator_persistence,1_P_006_STATUS,actuator,actuator_persistence,2.0,5.98,1.0,1_P_006_STATUS,,,1e-06,1e-06,6.98e-06,0.0,6.98e-06,6.944444444444444e-05,3.6832864737443065e-05,0.000605938194304181,2,6
geco_matched_plus_actuator_persistence,2_MV_001_STATUS,actuator,actuator_persistence,2.0,5.98,1.0,2_MV_001_STATUS,,,1e-06,1e-06,6.98e-06,0.0,0.0,0.0,0.0,0.0,0,0
geco_matched_plus_actuator_persistence,2_MV_002_STATUS,actuator,actuator_persistence,2.0,5.98,1.0,2_MV_002_STATUS,,,1e-06,1e-06,6.98e-06,0.0,0.0,0.0,0.0,0.0,0,0
geco_matched_plus_actuator_persistence,2_MV_003_STATUS,actuator,actuator_persistence,2.0,5.98,1.0,2_MV_003_STATUS,,,0.09216863911203314,15.52048520169293,16.07165366358289,7.760242600846465,16.07165366358289,0.00019097222222222223,3.6832864737443065e-05,0.0027267218743688144,4,17
geco_matched_plus_actuator_persistence,2_MV_004_STATUS,actuator,actuator_persistence,2.0,5.98,1.0,2_MV_004_STATUS,,,1e-06,1e-06,6.98e-06,0.0,0.0,0.0,0.0,0.0,0,0
geco_matched_plus_actuator_persistence,2_MV_005_STATUS,actuator,actuator_persistence,2.0,5.98,1.0,2_MV_005_STATUS,,,1e-06,1e-06,6.98e-06,0.0,0.0,0.0,0.0,0.0,0,0
geco_matched_plus_actuator_persistence,2_MV_006_STATUS,actuator,actuator_persistence,2.0,5.98,1.0,2_MV_006_STATUS,,,0.08828073019980047,8.99845517320679,9.526373939801596,4.499227586603395,4.410946856403594,0.0,0.0,0.0,0,0
geco_matched_plus_actuator_persistence,2_MV_009_STATUS,actuator,actuator_persistence,2.0,5.98,1.0,2_MV_009_STATUS,,,1e-06,1e-06,6.98e-06,0.0,0.0,0.0,0.0,0.0,0,0
geco_matched_plus_actuator_persistence,2_MV_101_STATUS,actuator,actuator_persistence,2.0,5.98,1.0,2_MV_101_STATUS,,,0.02492577904561714,5.700890651452595,5.8499468101453855,2.8504453257262976,2.8504453257262976,0.0,0.0,0.0,0,0
geco_matched_plus_actuator_persistence,2_MV_201_STATUS,actuator,actuator_persistence,2.0,5.98,1.0,2_MV_201_STATUS,,,0.023317454840228517,5.720190541917257,5.859628921861824,2.8600952709586287,2.8600952709586287,0.0,0.0,0.0,0,0
geco_matched_plus_actuator_persistence,2_MV_301_STATUS,actuator,actuator_persistence,2.0,5.98,1.0,2_MV_301_STATUS,,,0.02189085756575435,5.7373097092109475,5.8682170374541585,2.8686548546054738,2.8686548546054738,0.0,0.0,0.0,0,0
geco_matched_plus_actuator_persistence,2_MV_401_STATUS,actuator,actuator_persistence,2.0,5.98,1.0,2_MV_401_STATUS,,,0.04256249555772995,9.57350046199608,9.828024185431305,4.78675023099804,3.2338750799608595,0.0,0.0,0.0,0,0
geco_matched_plus_actuator_persistence,2_MV_501_STATUS,actuator,actuator_persistence,2.0,5.98,1.0,2_MV_501_STATUS,,,0.03629246408107271,10.661093304541314,10.878122239746128,5.330546652270657,2.782245215513564,0.0,0.0,0.0,0,0
geco_matched_plus_actuator_persistence,2_MV_601_STATUS,actuator,actuator_persistence,2.0,5.98,1.0,2_MV_601_STATUS,,,0.022086190873586854,5.734965709516958,5.867041130941008,2.867482854758479,2.867482854758479,0.0,0.0,0.0,0,0
geco_matched_plus_actuator_persistence,2_P_003_STATUS,actuator,actuator_persistence,2.0,5.98,1.0,2_P_003_STATUS,,,0.03892715311945345,3.532874162566558,3.76565853822089,1.766437081283279,1.766437081283279,0.0,0.0,0.0,0,0
geco_matched_plus_actuator_persistence,2_P_004_STATUS,actuator,actuator_persistence,2.0,5.98,1.0,2_P_004_STATUS,,,1e-06,1e-06,6.98e-06,0.0,0.0,0.0,0.0,0.0,0,0
geco_matched_plus_actuator_persistence,2_SV_101_STATUS,actuator,actuator_persistence,2.0,5.98,1.0,2_SV_101_STATUS,,,1e-06,1e-06,6.98e-06,0.0,0.0,0.0,0.0,0.0,0,0
geco_matched_plus_actuator_persistence,2_SV_201_STATUS,actuator,actuator_persistence,2.0,5.98,1.0,2_SV_201_STATUS,,,1e-06,1e-06,6.98e-06,0.0,0.0,0.0,0.0,0.0,0,0
geco_matched_plus_actuator_persistence,2_SV_301_STATUS,actuator,actuator_persistence,2.0,5.98,1.0,2_SV_301_STATUS,,,1e-06,1e-06,6.98e-06,0.0,0.0,0.0,0.0,0.0,0,0
geco_matched_plus_actuator_persistence,2_SV_401_STATUS,actuator,actuator_persistence,2.0,5.98,1.0,2_SV_401_STATUS,,,1e-06,1e-06,6.98e-06,0.0,0.0,0.0,0.0,0.0,0,0
geco_matched_plus_actuator_persistence,2_SV_501_STATUS,actuator,actuator_persistence,2.0,5.98,1.0,2_SV_501_STATUS,,,1e-06,1e-06,6.98e-06,0.0,0.0,0.0,0.0,0.0,0,0
geco_matched_plus_actuator_persistence,2_SV_601_STATUS,actuator,actuator_persistence,2.0,5.98,1.0,2_SV_601_STATUS,,,1e-06,1e-06,6.98e-06,0.0,0.0,0.0,0.0,0.0,0,0
geco_matched_plus_actuator_persistence,3_MV_001_STATUS,actuator,actuator_persistence,2.0,5.98,1.0,3_MV_001_STATUS,,,1e-06,1e-06,6.98e-06,0.0,0.0,0.0,0.0,0.0,0,0
geco_matched_plus_actuator_persistence,3_MV_002_STATUS,actuator,actuator_persistence,2.0,5.98,1.0,3_MV_002_STATUS,,,1e-06,1e-06,6.98e-06,0.0,0.0,0.0,0.0,0.0,0,0
geco_matched_plus_actuator_persistence,3_MV_003_STATUS,actuator,actuator_persistence,2.0,5.98,1.0,3_MV_003_STATUS,,,1e-06,1e-06,6.98e-06,0.0,0.0,0.0,0.0,0.0,0,0
geco_matched_plus_actuator_persistence,3_P_001_STATUS,actuator,actuator_persistence,2.0,5.98,1.0,3_P_001_STATUS,,,1e-06,1e-06,6.98e-06,0.0,0.0,0.0,0.0,0.0,0,0
geco_matched_plus_actuator_persistence,3_P_002_STATUS,actuator,actuator_persistence,2.0,5.98,1.0,3_P_002_STATUS,,,1e-06,1e-06,6.98e-06,0.0,0.0,0.0,0.0,0.0,0,0
geco_matched_plus_actuator_persistence,3_P_003_STATUS,actuator,actuator_persistence,2.0,5.98,1.0,3_P_003_STATUS,,,1e-06,1e-06,6.98e-06,0.0,0.0,0.0,0.0,0.0,0,0
geco_matched_plus_actuator_persistence,3_P_004_STATUS,actuator,actuator_persistence,2.0,5.98,1.0,3_P_004_STATUS,,,1e-06,1e-06,6.98e-06,0.0,0.0,0.0,0.0,0.0,0,0
geco_matched_plus_actuator_persistence,1_AIT_002_PV,sensor,selected_sensor_delta,2.0,9.74,5.0,0.015316334 - (1_AIT_002_PV * 0.024466293),0.0119052665651211,41.73000224731814,0.016198173266754025,9.17259799771445,9.330368205332634,4.586298998857225,9.330368205332634,0.004143518518518519,0.00011663740500190303,0.07038982023833569,1,716
geco_matched_plus_actuator_persistence,1_AIT_004_PV,sensor,selected_sensor_delta,2.0,9.74,3.0,3_AIT_004_PV * -5.4525193e-5,-0.0001992524296718,4.910153218946012,2.8444196394286245,2040.2633694678123,2067.968016755847,1020.1316847339061,933.8179709712217,0.0,0.0,0.0,0,0
geco_matched_plus_actuator_persistence,1_AIT_005_PV,sensor,selected_sensor_delta,2.0,9.74,5.0,(1_FIT_001_PV - 1_AIT_002_PV) * -3.9571616e-5,0.0023463384738832,12.40172474664917,0.0005404796966590669,0.13499227433095037,0.14025654657640968,0.06749613716547519,0.040270004949606274,0.0,0.0,0.0,0,0
geco_matched_plus_actuator_persistence,1_FIT_001_PV,sensor,selected_sensor_delta,2.0,9.74,7.0,((1_LT_001_PV * 1_P_001_STATUS) * -0.0001994969) + 0.014458983,-0.0179323441933463,11.85813818130814,0.03840313085817598,13.878566226516769,14.252612721075403,6.9392831132583845,14.252612721075403,0.002077546296296296,7.980454026445997e-05,0.034942435871541104,16,56
geco_matched_plus_actuator_persistence,1_LS_001_AL,sensor,selected_sensor_delta,2.0,9.74,3.0,0.030378316 - 0.030378316,,0.0,1e-06,1e-06,1.074e-05,0.0,0.0,0.0,0.0,0.0,0,0
geco_matched_plus_actuator_persistence,1_LS_002_AL,sensor,selected_sensor_delta,2.0,9.74,3.0,-0.021763658 - -0.021763658,,0.0,1e-06,1e-06,1.074e-05,0.0,0.0,0.0,0.0,0.0,0,0
geco_matched_plus_actuator_persistence,2_DPIT_001_PV,sensor,selected_sensor_delta,2.0,9.74,3.0,88.35751 - 2_PIT_002_PV,0.008482119469839,9.66778276190117,43.256756319788046,12987.056065027118,13408.376871581853,6493.528032513559,7067.644661908868,0.0,0.0,0.0,0,0
geco_matched_plus_actuator_persistence,2_FIC_101_CO,sensor,selected_sensor_delta,2.0,9.74,3.0,2_FQ_101_PV * -0.3397043,0.0150389194041339,34.150938108826395,0.5275863868982411,196.7928297606015,201.93152116899037,98.39641488030075,80.61268401614372,0.0,0.0,0.0,0,0
geco_matched_plus_actuator_persistence,2_FIC_101_PV,sensor,selected_sensor_delta,2.0,9.74,3.0,2_FIC_101_PV * -0.016046675,0.002252916125048,18.49348773225588,0.02979673568732669,11.210695903761492,11.500916109356053,5.605347951880746,3.974709597218389,0.0,0.0,0.0,0,0
geco_matched_plus_actuator_persistence,2_FIC_101_SP,sensor,selected_sensor_delta,2.0,9.74,15.0,((2_MV_003_STATUS - 1_MV_001_STATUS) * (2_FIC_201_PV * (3_AIT_001_PV * 2_P_004_SPEED))) * (2.3499095 * (2_MV_009_STATUS - 2_MV_003_STATUS)),-9.112138177336249e-08,0.0,0.0017891865730764527,1.673029108091616,1.6904557853133806,0.836514554045808,0.28821081253285386,0.0,0.0,0.0,0,0
geco_matched_plus_actuator_persistence,2_FIC_201_CO,sensor,selected_sensor_delta,2.0,9.74,3.0,2_FQ_201_PV * -0.25967506,0.0115003398980684,41.3791240636834,0.37493504907663644,188.48546098342763,192.13732836143407,94.24273049171381,109.98883320035127,0.0,0.0,0.0,0,0
geco_matched_plus_actuator_persistence,2_FIC_201_PV,sensor,selected_sensor_delta,2.0,9.74,7.0,(2_FQ_201_PV * 2_FIC_401_PV) * (-0.04007296 - 2_LS_201_AH),0.0034190508627743,39.845894609586814,0.020632148889052914,16.461884919397384,16.66284204957676,8.230942459698692,4.876911715521573,0.0,0.0,0.0,0,0
geco_matched_plus_actuator_persistence,2_FIC_201_SP,sensor,selected_sensor_delta,2.0,9.74,11.0,((2_MV_003_STATUS - 1_P_005_STATUS) * ((2_P_004_SPEED * 3_AIT_001_PV) * 1_FIT_001_PV)) * 2_MV_101_STATUS,-2.3749495703384582e-09,0.0,0.0016237224631009655,0.6367525258675222,0.6525675826581255,0.3183762629337611,0.2383762870736422,0.0,0.0,0.0,0,0
geco_matched_plus_actuator_persistence,2_FIC_301_PV,sensor,selected_sensor_delta,2.0,9.74,3.0,2_FIC_601_PV * -0.009515096,-0.0036792547368171,17.746108309561812,0.020480065128239675,9.940765648905916,10.140241483254972,4.970382824452958,5.163894476575684,0.0,0.0,0.0,0,0
geco_matched_plus_actuator_persistence,2_FIC_301_SP,sensor,selected_sensor_delta,2.0,9.74,13.0,1_FIT_001_PV * ((((4.6891226e-5 * 2_FIC_301_CO) * 2_LS_201_AH) * 4.6891226e-5) * (2_FIC_501_CO * 3_AIT_004_PV)),-0.0308985748156576,0.0,0.002078101798552482,1.9239052808004107,1.9441459923183118,0.9619526404002053,0.25792190356586553,0.0,0.0,0.0,0,0
geco_matched_plus_actuator_persistence,2_FIC_401_CO,sensor,selected_sensor_delta,2.0,9.74,3.0,2_FQ_401_PV * -0.28900453,0.0068262290096441,31.49156173004372,0.5152049430767641,165.41919556802875,170.43729171359644,82.70959778401438,89.62904282109717,0.0,0.0,0.0,0,0
geco_matched_plus_actuator_persistence,2_FIC_401_PV,sensor,selected_sensor_delta,2.0,9.74,9.0,2_FQ_401_PV * (((2B_AIT_001_PV * 2_FIC_501_SP) + -0.073952936) * 2_FIC_401_PV),-0.0136811757617747,42.44627371380358,0.030358977164082257,14.55157505147858,14.847271489056741,7.27578752573929,5.517591368486072,0.0,0.0,0.0,0,0
geco_matched_plus_actuator_persistence,2_FIC_401_SP,sensor,selected_sensor_delta,2.0,9.74,11.0,(3_AIT_001_PV * ((3_FIT_001_PV + -0.5745507) * (1_P_005_STATUS - 2_MV_003_STATUS))) * 1_FIT_001_PV,-2.5924091762163926e-09,0.0,0.001662038620217033,1.05432275147019,1.070511007631104,0.527161375735095,0.24833797628094417,0.0,0.0,0.0,0,0
geco_matched_plus_actuator_persistence,2_FIC_501_PV,sensor,selected_sensor_delta,2.0,9.74,3.0,2_FIC_501_PV * -0.019195596,-0.0080578702045512,13.110728544786658,0.023499944593588378,11.31079581502916,11.53968527537071,5.65539790751458,6.0730825129994725,0.0,0.0,0.0,0,0
geco_matched_plus_actuator_persistence,2_FIC_601_CO,sensor,selected_sensor_delta,2.0,9.74,3.0,2_FQ_601_PV * -0.33139205,-0.0036177276086308,38.05090530847815,0.3690366250044411,210.09659059093724,213.6910073184805,105.04829529546862,100.55624201774286,0.0,0.0,0.0,0,0
geco_matched_plus_actuator_persistence,2_FIC_601_PV,sensor,selected_sensor_delta,2.0,9.74,3.0,2_FIC_601_PV * -0.01591041,-0.0054832129042694,19.98884073391906,0.020960186568226402,11.263466371993099,11.467618589167625,5.631733185996549,4.815475964362502,0.0,0.0,0.0,0,0
geco_matched_plus_actuator_persistence,2_FIC_601_SP,sensor,selected_sensor_delta,2.0,9.74,13.0,(2_MCV_201_CO * ((1_MV_001_STATUS - 2_MV_003_STATUS) * 3_AIT_001_PV)) * (-0.00017899254 * (1_MV_001_STATUS - 2_MV_003_STATUS)),-6.513451999978771e-09,0.0,0.0020184410255506147,0.6559631143726201,0.6756227299614831,0.32798155718631006,0.31798154437131143,0.0,0.0,0.0,0,0
geco_matched_plus_actuator_persistence,2_FIT_001_PV,sensor,selected_sensor_delta,2.0,9.74,5.0,(2_MV_003_STATUS - 2_FIT_001_PV) * 0.021082245,-0.0272732956464449,1.6244499683380147,0.08943224896033541,8.89326745552008,9.764337560393747,4.44663372776004,9.764337560393747,0.00022569444444444443,0.0,0.003938598262977176,3,21
geco_matched_plus_actuator_persistence,2_FIT_002_PV,sensor,selected_sensor_delta,2.0,9.74,3.0,2_FQ_101_PV * -0.010027352,-0.001361467372912,19.48504475212655,0.013844316925125643,2.7569521555040244,2.891795802354748,1.3784760777520122,1.66992812094682,0.0,0.0,0.0,0,0
geco_matched_plus_actuator_persistence,2_FIT_003_PV,sensor,selected_sensor_delta,2.0,9.74,3.0,2_FIT_002_PV * 2_PIC_003_PV,0.0553370128865967,4.825827196131465,0.08662036534491208,14.748021713324595,15.591704071784038,7.374010856662298,15.591704071784038,0.002002314814814815,0.0001289150265810507,0.032821652191476466,1,346
geco_matched_plus_actuator_persistence,2_FQ_101_PV,sensor,selected_sensor_delta,2.0,9.74,3.0,2_FIC_101_PV * -0.014559889,0.0034545247127396,19.51039912430314,0.029518715120822655,10.94970160778407,11.237213893060883,5.474850803892035,3.7794473133155058,0.0,0.0,0.0,0,0
geco_matched_plus_actuator_persistence,2_FQ_201_PV,sensor,selected_sensor_delta,2.0,9.74,1.0,0.00017188098,-7.82947853235072e-05,42.419670621221854,0.019914913082316514,8.887647540615282,9.081618794037045,4.443823770307641,4.932179232407571,0.0,0.0,0.0,0,0
geco_matched_plus_actuator_persistence,2_FQ_301_PV,sensor,selected_sensor_delta,2.0,9.74,3.0,2_FIC_301_PV * -0.009666798,0.0030450564846143,17.380916905003005,0.020423243574404518,10.472408181134295,10.671330573548994,5.236204090567147,5.170309152234473,0.0,0.0,0.0,0,0
geco_matched_plus_actuator_persistence,2_FQ_401_PV,sensor,selected_sensor_delta,2.0,9.74,3.0,2_FQ_401_PV * -0.016482946,0.0072349124829306,9.838222623484665,0.03102988210774329,10.65736954743633,10.95960059916575,5.328684773718165,5.046962987887681,0.0,0.0,0.0,0,0
geco_matched_plus_actuator_persistence,2_FQ_501_PV,sensor,selected_sensor_delta,2.0,9.74,3.0,2_FIC_501_PV * -0.014651568,-0.0011197778128997,14.59205286561609,0.02297279909369978,11.20227071758933,11.426025780761966,5.601135358794665,5.420083135880075,0.0,0.0,0.0,0,0
geco_matched_plus_actuator_persistence,2_FQ_601_PV,sensor,selected_sensor_delta,2.0,9.74,3.0,2_FIC_601_PV * -0.021256251,-0.0140299318532872,15.7930218718151,0.021655684862108213,11.571495222434077,11.78242159299101,5.7857476112170385,4.870014111900411,0.0,0.0,0.0,0,0
geco_matched_plus_actuator_persistence,2_LS_101_AH,sensor,selected_sensor_delta,2.0,9.74,9.0,((2_FQ_301_PV * 2_MV_101_STATUS) * (2_LS_101_AH - 1_MV_004_STATUS)) * 2_LS_101_AH,-0.1183975229998723,0.0,0.011789963000637876,23.739053828543547,23.85388806816976,11.869526914271773,2.5279678696062966,0.0,0.0,0.0,0,0
geco_matched_plus_actuator_persistence,2_LS_101_AL,sensor,selected_sensor_delta,2.0,9.74,7.0,(2_LS_101_AL * (3_AIT_001_PV * 2_FIC_101_PV)) * -20.992853,0.0,0.0,0.013714954292528232,93.03864210034432,93.17222575515355,46.51932105017216,1.1496728338632498,0.0,0.0,0.0,0,0
geco_matched_plus_actuator_persistence,2_LS_201_AH,sensor,selected_sensor_delta,2.0,9.74,7.0,(2_LS_501_AH * 2_LS_201_AH) * (1_MV_001_STATUS - 1.9999987),0.0,0.0,0.010755052489398766,21.655812320339233,21.760566531585976,10.827906160169617,1.8171641076802207,0.0,0.0,0.0,0,0
geco_matched_plus_actuator_persistence,2_LS_201_AL,sensor,selected_sensor_delta,2.0,9.74,5.0,(3_FIT_001_PV + -0.5867106) * 2_LS_201_AL,-0.0394394750394426,0.0,0.010531012041083483,13.758181673203012,13.860753730483165,6.879090836601506,3.5182206593404732,0.0,0.0,0.0,0,0
geco_matched_plus_actuator_persistence,2_LS_301_AH,sensor,selected_sensor_delta,2.0,9.74,11.0,(3_AIT_003_PV * ((2_FIC_201_PV * (2_FIC_301_SP * 2_LS_301_AH)) * -0.28339157)) * 2_FIT_001_PV,0.0,0.0,0.010381215458828894,30.08277731882086,30.183890357389853,15.04138865941043,1.8131381217410805,0.0,0.0,0.0,0,0
geco_matched_plus_actuator_persistence,2_LS_301_AL,sensor,selected_sensor_delta,2.0,9.74,9.0,(0.72565746 - 3_AIT_005_PV) * (2_LS_301_AL * (3_FIT_001_PV + -0.57262355)),0.0065613225673001,0.0,0.009818646678584217,20.632070096734953,20.727703715384365,10.316035048367477,3.8212904639444676,0.0,0.0,0.0,0,0
geco_matched_plus_actuator_persistence,2_LS_401_AH,sensor,selected_sensor_delta,2.0,9.74,9.0,2_LS_401_AH * (2_FIT_001_PV * ((1_FIT_001_PV * 2_MV_401_STATUS) * -0.024918532)),0.002531028671956,0.0,0.011690146501096944,17.52705172675183,17.640913753672514,8.763525863375914,7.791393179099645,0.0,0.0,0.0,0,0
geco_matched_plus_actuator_persistence,2_LS_401_AL,sensor,selected_sensor_delta,2.0,9.74,9.0,((2_FIC_401_CO * 1_MV_004_STATUS) * 2_FIC_601_CO) * (2_MV_003_STATUS * 4.5439656e-8),-0.0014167605552886,5.777708620498893,0.011701026360304794,3.325833886735245,3.4398018834846136,1.6629169433676225,1.414262256890184,0.0,0.0,0.0,0,0
geco_matched_plus_actuator_persistence,2_LS_501_AH,sensor,selected_sensor_delta,2.0,9.74,1.0,9.999286e-5,-9.303286732964544e-05,1.0,0.01057280686784378,7.161374936492502,7.2643540753853,3.580687468246251,1.811289362138813,0.0,0.0,0.0,0,0
geco_matched_plus_actuator_persistence,2_LS_501_AL,sensor,selected_sensor_delta,2.0,9.74,5.0,(2_FQ_401_PV - 2_FQ_101_PV) * 2A_AIT_002_PV,-0.0151335992731873,2.571116455665051e-32,0.011420730252754334,41.679256278520846,41.790494191182674,20.839628139260423,4.153981333017071,0.0,0.0,0.0,0,0
geco_matched_plus_actuator_persistence,2_LS_601_AH,sensor,selected_sensor_delta,2.0,9.74,9.0,2_LS_301_AH * ((2_FIC_501_SP - 0.22000383) * (2_FIT_001_PV * 2_FIC_401_SP)),0.0,0.0,0.01137293638321413,113.01334341980608,113.12411582017859,56.50667170990304,1.6701848448867902,0.0,0.0,0.0,0,0
geco_matched_plus_actuator_persistence,2_LS_601_AL,sensor,selected_sensor_delta,2.0,9.74,5.0,(2B_AIT_003_PV * -0.0038763508) + 0.033448044,-0.0022001244809992,4.797744669484077,0.010188883403531176,3.547335963301358,3.646575687651752,1.773667981650679,1.6563197500556504,0.0,0.0,0.0,0,0
geco_matched_plus_actuator_persistence,2_LT_002_PV,sensor,selected_sensor_delta,2.0,9.74,5.0,(TOTAL_CONS_REQUIRED_FLOW - 2_FIT_001_PV) * -0.03581529,0.0202287766691278,24.794094900339346,0.15304194999487877,9.444744115276226,10.935372708226346,4.722372057638113,10.935372708226346,0.0057696759259259255,0.0003560510257952829,0.09482932740860432,27,275
geco_matched_plus_actuator_persistence,2_MCV_007_CO,sensor,selected_sensor_delta,2.0,9.74,3.0,3_P_003_STATUS - 2_MV_002_STATUS,,0.0,1e-06,1e-06,1.074e-05,0.0,1.074e-05,0.001712962962962963,0.0001841643236872153,0.026863259947485358,29,16
geco_matched_plus_actuator_persistence,2_P_003_SPEED,sensor,selected_sensor_delta,2.0,9.74,1.0,2_P_004_SPEED,0.000302468603613,1.2555573934924376,1.1749209730634267,152.62620321259823,164.069933490236,76.31310160629911,74.90048855516326,0.0,0.0,0.0,0,0
geco_matched_plus_actuator_persistence,2_PIC_003_CO,sensor,selected_sensor_delta,2.0,9.74,7.0,((2_PIC_003_PV - 2_MV_006_STATUS) + 0.92499703) * 0.515833,0.0239900981892037,32.36284519360931,0.624249617240662,1678.707140944193,1684.7873322161172,839.3535704720965,68.28561631553673,0.0,0.0,0.0,0,0
geco_matched_plus_actuator_persistence,2_PIC_003_PV,sensor,selected_sensor_delta,2.0,9.74,7.0,(2_PIC_003_PV + (0.9200428 - 2_MV_006_STATUS)) * -0.06421421,0.0198915417593883,26.39547806641177,0.06264419974295483,320.0069491154441,320.6171036209405,160.00347455772206,7.018815523038089,0.0,0.0,0.0,0,0
geco_matched_plus_actuator_persistence,2_PIT_001_PV,sensor,selected_sensor_delta,2.0,9.74,5.0,1.1427776 - (2_DPIT_001_PV * 0.0004586949),0.006621193393292,10.36563242243466,0.3894949934835992,135.317611361069,139.11129259759926,67.6588056805345,76.04932049113552,0.0,0.0,0.0,0,0
geco_matched_plus_actuator_persistence,2_PIT_002_PV,sensor,selected_sensor_delta,2.0,9.74,5.0,(2_DPIT_001_PV * -0.003075006) + 7.663425,0.0050784784743534,9.060265717850797,2.2764557660727176,832.2489749272788,854.421654088827,416.1244874636394,494.70586953373856,0.0,0.0,0.0,0,0
geco_matched_plus_actuator_persistence,2_PIT_003_PV,sensor,selected_sensor_delta,2.0,9.74,7.0,((2_MV_006_STATUS - 2_PIC_003_PV) + -0.9245177) * 0.057637595,0.0175529740100325,29.471299638718875,0.062284469291722,238.7897914216019,239.39644215250328,119.39489571080095,7.435230275214128,0.0,0.0,0.0,0,0
geco_matched_plus_actuator_persistence,2A_AIT_001_PV,sensor,selected_sensor_delta,2.0,9.74,1.0,1.9560876e-7,-8.863622583454855e-06,1.0,0.00016305843894173642,0.5061777344733223,0.5077659236686147,0.25308886723666113,0.0021141292319017545,0.0,0.0,0.0,0,0
geco_matched_plus_actuator_persistence,2A_AIT_002_PV,sensor,selected_sensor_delta,2.0,9.74,7.0,((2_MCV_101_CO * -0.023470242) * 2A_AIT_002_PV) * 2A_AIT_002_PV,-0.0475475253455481,1.101981112345036e-32,0.16387552169973232,1157.4893445419564,1159.0854921233117,578.7446722709782,4.068106360617694,0.0,0.0,0.0,0,0
geco_matched_plus_actuator_persistence,2A_AIT_003_PV,sensor,selected_sensor_delta,2.0,9.74,7.0,2_FIC_201_PV * (2A_AIT_002_PV * (-0.33989054 * 2_FIT_002_PV)),-0.0012282912975181,0.0,0.003720484015034855,2.1787323438736483,2.214969858180088,1.0893661719368242,0.686988340776312,0.0,0.0,0.0,0,0
geco_matched_plus_actuator_persistence,2B_AIT_001_PV,sensor,selected_sensor_delta,2.0,9.74,5.0,2_LS_201_AH * (2_MCV_501_CO * 4.5408036e-5),-0.0044911897181842,0.0,7.71827333816407e-05,0.03087473673383098,0.031626496556968156,0.01543736836691549,0.012964592355746929,0.0,0.0,0.0,0,0
geco_matched_plus_actuator_persistence,3_AIT_001_PV,sensor,selected_sensor_delta,2.0,9.74,1.0,0.0,0.0,0.0,0.00020841843969419892,0.3334209309505961,0.3354509265532176,0.16671046547529805,0.0,0.0,0.0,0.0,0,0
geco_matched_plus_actuator_persistence,3_AIT_003_PV,sensor,selected_sensor_delta,2.0,9.74,3.0,3_AIT_003_PV * -0.09685825,0.036160234996091,32.561618656036444,6.3235121918570645,109.4282129577618,171.01922170644963,54.7141064788809,48.5708259273197,0.0,0.0,0.0,0,0
geco_matched_plus_actuator_persistence,3_AIT_004_PV,sensor,selected_sensor_delta,2.0,9.74,5.0,(3_AIT_004_PV * -0.22340244) + 2_PIT_001_PV,0.0705906221904001,19.22637520277597,455.9909960478907,13528.377046040183,17969.72934754664,6764.188523020091,4527.302069542882,0.0,0.0,0.0,0,0
geco_matched_plus_actuator_persistence,3_AIT_005_PV,sensor,selected_sensor_delta,2.0,9.74,1.0,1.665455e-5,-0.0001843146077267,17.391272839636848,0.0015296999915492212,2.458014065829991,2.4729133437476807,1.2290070329149956,0.31388459112275385,0.0,0.0,0.0,0,0
geco_matched_plus_actuator_persistence,3_LS_001_AL,sensor,selected_sensor_delta,2.0,9.74,3.0,1_LS_001_AL - 1_LS_001_AL,,0.0,1e-06,1e-06,1.074e-05,0.0,0.0,0.0,0.0,0.0,0,0
geco_matched_plus_actuator_persistence,LEAK_DIFF_PRESSURE,sensor,selected_sensor_delta,2.0,9.74,7.0,2_FIT_003_PV + ((LEAK_DIFF_PRESSURE * -0.11256748) + 6.922297),0.0315872021934814,16.788538020673613,1.911347078561208,510.4311076706613,529.0476282158475,255.21555383533064,235.61947492026877,0.0,0.0,0.0,0,0
geco_matched_plus_actuator_persistence,PLANT_START_STOP_LOG,sensor,selected_sensor_delta,2.0,9.74,3.0,2_MCV_007_CO * 2_MCV_007_CO,,0.0,1e-06,1e-06,1.074e-05,0.0,1.074e-05,0.009091435185185185,0.0001841643236872153,0.15562512623712382,3,634
geco_matched_plus_actuator_persistence,1_MV_001_STATUS,actuator,actuator_persistence,2.0,9.74,1.0,1_MV_001_STATUS,,,0.04056415846780728,22.130553257245353,22.525648160721797,11.065276628622676,22.525648160721797,0.0014178240740740742,6.138810789573843e-05,0.023732579276913756,19,38
geco_matched_plus_actuator_persistence,1_MV_004_STATUS,actuator,actuator_persistence,2.0,9.74,1.0,1_MV_004_STATUS,,,0.04067319042827918,22.10940105691381,22.50555793168525,11.054700528456905,2.755960857430325,0.0,0.0,0.0,0,0
geco_matched_plus_actuator_persistence,1_P_001_STATUS,actuator,actuator_persistence,2.0,9.74,1.0,1_P_001_STATUS,,,0.01803574328798211,6.681423235011298,6.857091374636244,3.340711617505649,6.857091374636244,0.0010706018518518519,0.0,0.018683094324378913,18,15
geco_matched_plus_actuator_persistence,1_P_002_STATUS,actuator,actuator_persistence,2.0,9.74,1.0,1_P_002_STATUS,,,1e-06,1e-06,1.074e-05,0.0,0.0,0.0,0.0,0.0,0,0
geco_matched_plus_actuator_persistence,1_P_003_STATUS,actuator,actuator_persistence,2.0,9.74,1.0,1_P_003_STATUS,,,0.01803574328798211,6.681423235011298,6.857091374636244,3.340711617505649,6.857091374636244,0.0010706018518518519,0.0,0.018683094324378913,18,15
geco_matched_plus_actuator_persistence,1_P_004_STATUS,actuator,actuator_persistence,2.0,9.74,1.0,1_P_004_STATUS,,,1e-06,1e-06,1.074e-05,0.0,0.0,0.0,0.0,0.0,0,0
geco_matched_plus_actuator_persistence,1_P_005_STATUS,actuator,actuator_persistence,2.0,9.74,1.0,1_P_005_STATUS,,,0.040709690311655826,4.254708491327668,4.651220874963196,2.127354245663834,4.651220874963196,0.00011574074074074075,0.0,0.0020197939810139365,2,10
geco_matched_plus_actuator_persistence,1_P_006_STATUS,actuator,actuator_persistence,2.0,9.74,1.0,1_P_006_STATUS,,,1e-06,1e-06,1.074e-05,0.0,1.074e-05,0.00011574074074074075,6.138810789573843e-05,0.0010098969905069683,2,10
geco_matched_plus_actuator_persistence,2_MV_001_STATUS,actuator,actuator_persistence,2.0,9.74,1.0,2_MV_001_STATUS,,,1e-06,1e-06,1.074e-05,0.0,0.0,0.0,0.0,0.0,0,0
geco_matched_plus_actuator_persistence,2_MV_002_STATUS,actuator,actuator_persistence,2.0,9.74,1.0,2_MV_002_STATUS,,,1e-06,1e-06,1.074e-05,0.0,0.0,0.0,0.0,0.0,0,0
geco_matched_plus_actuator_persistence,2_MV_003_STATUS,actuator,actuator_persistence,2.0,9.74,1.0,2_MV_003_STATUS,,,0.09216863911203314,15.52048520169293,16.418207746644132,7.760242600846465,16.418207746644132,0.00026041666666666666,6.138810789573843e-05,0.003534639466774389,4,21
geco_matched_plus_actuator_persistence,2_MV_004_STATUS,actuator,actuator_persistence,2.0,9.74,1.0,2_MV_004_STATUS,,,1e-06,1e-06,1.074e-05,0.0,0.0,0.0,0.0,0.0,0,0
geco_matched_plus_actuator_persistence,2_MV_005_STATUS,actuator,actuator_persistence,2.0,9.74,1.0,2_MV_005_STATUS,,,1e-06,1e-06,1.074e-05,0.0,0.0,0.0,0.0,0.0,0,0
geco_matched_plus_actuator_persistence,2_MV_006_STATUS,actuator,actuator_persistence,2.0,9.74,1.0,2_MV_006_STATUS,,,0.08828073019980047,8.99845517320679,9.858309485352846,4.499227586603395,4.410946856403594,0.0,0.0,0.0,0,0
geco_matched_plus_actuator_persistence,2_MV_009_STATUS,actuator,actuator_persistence,2.0,9.74,1.0,2_MV_009_STATUS,,,1e-06,1e-06,1.074e-05,0.0,0.0,0.0,0.0,0.0,0,0
geco_matched_plus_actuator_persistence,2_MV_101_STATUS,actuator,actuator_persistence,2.0,9.74,1.0,2_MV_101_STATUS,,,0.02492577904561714,5.700890651452595,5.943667739356906,2.8504453257262976,2.8504453257262976,0.0,0.0,0.0,0,0
geco_matched_plus_actuator_persistence,2_MV_201_STATUS,actuator,actuator_persistence,2.0,9.74,1.0,2_MV_201_STATUS,,,0.023317454840228517,5.720190541917257,5.947302552061084,2.8600952709586287,2.8600952709586287,0.0,0.0,0.0,0,0
geco_matched_plus_actuator_persistence,2_MV_301_STATUS,actuator,actuator_persistence,2.0,9.74,1.0,2_MV_301_STATUS,,,0.02189085756575435,5.7373097092109475,5.950526661901395,2.8686548546054738,2.8686548546054738,0.0,0.0,0.0,0,0
geco_matched_plus_actuator_persistence,2_MV_401_STATUS,actuator,actuator_persistence,2.0,9.74,1.0,2_MV_401_STATUS,,,0.04256249555772995,9.57350046199608,9.98805916872837,4.78675023099804,3.2338750799608595,0.0,0.0,0.0,0,0
geco_matched_plus_actuator_persistence,2_MV_501_STATUS,actuator,actuator_persistence,2.0,9.74,1.0,2_MV_501_STATUS,,,0.03629246408107271,10.661093304541314,11.014581904690962,5.330546652270657,2.782245215513564,0.0,0.0,0.0,0,0
geco_matched_plus_actuator_persistence,2_MV_601_STATUS,actuator,actuator_persistence,2.0,9.74,1.0,2_MV_601_STATUS,,,0.022086190873586854,5.734965709516958,5.950085208625694,2.867482854758479,2.867482854758479,0.0,0.0,0.0,0,0
geco_matched_plus_actuator_persistence,2_P_003_STATUS,actuator,actuator_persistence,2.0,9.74,1.0,2_P_003_STATUS,,,0.03892715311945345,3.532874162566558,3.912024633950035,1.766437081283279,1.766437081283279,0.0,0.0,0.0,0,0
geco_matched_plus_actuator_persistence,2_P_004_STATUS,actuator,actuator_persistence,2.0,9.74,1.0,2_P_004_STATUS,,,1e-06,1e-06,1.074e-05,0.0,0.0,0.0,0.0,0.0,0,0
geco_matched_plus_actuator_persistence,2_SV_101_STATUS,actuator,actuator_persistence,2.0,9.74,1.0,2_SV_101_STATUS,,,1e-06,1e-06,1.074e-05,0.0,0.0,0.0,0.0,0.0,0,0
geco_matched_plus_actuator_persistence,2_SV_201_STATUS,actuator,actuator_persistence,2.0,9.74,1.0,2_SV_201_STATUS,,,1e-06,1e-06,1.074e-05,0.0,0.0,0.0,0.0,0.0,0,0
geco_matched_plus_actuator_persistence,2_SV_301_STATUS,actuator,actuator_persistence,2.0,9.74,1.0,2_SV_301_STATUS,,,1e-06,1e-06,1.074e-05,0.0,0.0,0.0,0.0,0.0,0,0
geco_matched_plus_actuator_persistence,2_SV_401_STATUS,actuator,actuator_persistence,2.0,9.74,1.0,2_SV_401_STATUS,,,1e-06,1e-06,1.074e-05,0.0,0.0,0.0,0.0,0.0,0,0
geco_matched_plus_actuator_persistence,2_SV_501_STATUS,actuator,actuator_persistence,2.0,9.74,1.0,2_SV_501_STATUS,,,1e-06,1e-06,1.074e-05,0.0,0.0,0.0,0.0,0.0,0,0
geco_matched_plus_actuator_persistence,2_SV_601_STATUS,actuator,actuator_persistence,2.0,9.74,1.0,2_SV_601_STATUS,,,1e-06,1e-06,1.074e-05,0.0,0.0,0.0,0.0,0.0,0,0
geco_matched_plus_actuator_persistence,3_MV_001_STATUS,actuator,actuator_persistence,2.0,9.74,1.0,3_MV_001_STATUS,,,1e-06,1e-06,1.074e-05,0.0,0.0,0.0,0.0,0.0,0,0
geco_matched_plus_actuator_persistence,3_MV_002_STATUS,actuator,actuator_persistence,2.0,9.74,1.0,3_MV_002_STATUS,,,1e-06,1e-06,1.074e-05,0.0,0.0,0.0,0.0,0.0,0,0
geco_matched_plus_actuator_persistence,3_MV_003_STATUS,actuator,actuator_persistence,2.0,9.74,1.0,3_MV_003_STATUS,,,1e-06,1e-06,1.074e-05,0.0,0.0,0.0,0.0,0.0,0,0
geco_matched_plus_actuator_persistence,3_P_001_STATUS,actuator,actuator_persistence,2.0,9.74,1.0,3_P_001_STATUS,,,1e-06,1e-06,1.074e-05,0.0,0.0,0.0,0.0,0.0,0,0
geco_matched_plus_actuator_persistence,3_P_002_STATUS,actuator,actuator_persistence,2.0,9.74,1.0,3_P_002_STATUS,,,1e-06,1e-06,1.074e-05,0.0,0.0,0.0,0.0,0.0,0,0
geco_matched_plus_actuator_persistence,3_P_003_STATUS,actuator,actuator_persistence,2.0,9.74,1.0,3_P_003_STATUS,,,1e-06,1e-06,1.074e-05,0.0,0.0,0.0,0.0,0.0,0,0
geco_matched_plus_actuator_persistence,3_P_004_STATUS,actuator,actuator_persistence,2.0,9.74,1.0,3_P_004_STATUS,,,1e-06,1e-06,1.074e-05,0.0,0.0,0.0,0.0,0.0,0,0
geco_matched_plus_actuator_persistence,1_AIT_002_PV,sensor,selected_sensor_delta,2.0,15.0,5.0,0.015316334 - (1_AIT_002_PV * 0.024466293),0.0119052665651211,41.73000224731814,0.016198173266754025,9.17259799771445,9.41557059671576,4.586298998857225,9.41557059671576,0.004178240740740741,0.0001534702697393461,0.07038982023833569,1,722
geco_matched_plus_actuator_persistence,1_AIT_004_PV,sensor,selected_sensor_delta,2.0,15.0,3.0,3_AIT_004_PV * -5.4525193e-5,-0.0001992524296718,4.910153218946012,2.8444196394286245,2040.2633694678123,2082.9296640592415,1020.1316847339061,933.8179709712217,0.0,0.0,0.0,0,0
geco_matched_plus_actuator_persistence,1_AIT_005_PV,sensor,selected_sensor_delta,2.0,15.0,5.0,(1_FIT_001_PV - 1_AIT_002_PV) * -3.9571616e-5,0.0023463384738832,12.40172474664917,0.0005404796966590669,0.13499227433095037,0.14309946978083637,0.06749613716547519,0.040270004949606274,0.0,0.0,0.0,0,0
geco_matched_plus_actuator_persistence,1_FIT_001_PV,sensor,selected_sensor_delta,2.0,15.0,7.0,((1_LT_001_PV * 1_P_001_STATUS) * -0.0001994969) + 0.014458983,-0.0179323441933463,11.85813818130814,0.03840313085817598,13.878566226516769,14.45461318938941,6.9392831132583845,14.45461318938941,0.0025810185185185185,0.00011663740500190303,0.04312260149464755,12,88
geco_matched_plus_actuator_persistence,1_LS_001_AL,sensor,selected_sensor_delta,2.0,15.0,3.0,0.030378316 - 0.030378316,,0.0,1e-06,1e-06,1.6e-05,0.0,0.0,0.0,0.0,0.0,0,0
geco_matched_plus_actuator_persistence,1_LS_002_AL,sensor,selected_sensor_delta,2.0,15.0,3.0,-0.021763658 - -0.021763658,,0.0,1e-06,1e-06,1.6e-05,0.0,0.0,0.0,0.0,0.0,0,0
geco_matched_plus_actuator_persistence,2_DPIT_001_PV,sensor,selected_sensor_delta,2.0,15.0,3.0,88.35751 - 2_PIT_002_PV,0.008482119469839,9.66778276190117,43.256756319788046,12987.056065027118,13635.90740982394,6493.528032513559,7067.644661908868,0.0,0.0,0.0,0,0
geco_matched_plus_actuator_persistence,2_FIC_101_CO,sensor,selected_sensor_delta,2.0,15.0,3.0,2_FQ_101_PV * -0.3397043,0.0150389194041339,34.150938108826395,0.5275863868982411,196.7928297606015,204.70662556407513,98.39641488030075,80.61268401614372,0.0,0.0,0.0,0,0
geco_matched_plus_actuator_persistence,2_FIC_101_PV,sensor,selected_sensor_delta,2.0,15.0,3.0,2_FIC_101_PV * -0.016046675,0.002252916125048,18.49348773225588,0.02979673568732669,11.210695903761492,11.657646939071393,5.605347951880746,3.974709597218389,0.0,0.0,0.0,0,0
geco_matched_plus_actuator_persistence,2_FIC_101_SP,sensor,selected_sensor_delta,2.0,15.0,15.0,((2_MV_003_STATUS - 1_MV_001_STATUS) * (2_FIC_201_PV * (3_AIT_001_PV * 2_P_004_SPEED))) * (2.3499095 * (2_MV_009_STATUS - 2_MV_003_STATUS)),-9.112138177336249e-08,0.0,0.0017891865730764527,1.673029108091616,1.6998669066877627,0.836514554045808,0.28821081253285386,0.0,0.0,0.0,0,0
geco_matched_plus_actuator_persistence,2_FIC_201_CO,sensor,selected_sensor_delta,2.0,15.0,3.0,2_FQ_201_PV * -0.25967506,0.0115003398980684,41.3791240636834,0.37493504907663644,188.48546098342763,194.10948671957718,94.24273049171381,109.98883320035127,0.0,0.0,0.0,0,0
geco_matched_plus_actuator_persistence,2_FIC_201_PV,sensor,selected_sensor_delta,2.0,15.0,7.0,(2_FQ_201_PV * 2_FIC_401_PV) * (-0.04007296 - 2_LS_201_AH),0.0034190508627743,39.845894609586814,0.020632148889052914,16.461884919397384,16.771367152733177,8.230942459698692,4.876911715521573,0.0,0.0,0.0,0,0
geco_matched_plus_actuator_persistence,2_FIC_201_SP,sensor,selected_sensor_delta,2.0,15.0,11.0,((2_MV_003_STATUS - 1_P_005_STATUS) * ((2_P_004_SPEED * 3_AIT_001_PV) * 1_FIT_001_PV)) * 2_MV_101_STATUS,-2.3749495703384582e-09,0.0,0.0016237224631009655,0.6367525258675222,0.6611083628140366,0.3183762629337611,0.2383762870736422,0.0,0.0,0.0,0,0
geco_matched_plus_actuator_persistence,2_FIC_301_PV,sensor,selected_sensor_delta,2.0,15.0,3.0,2_FIC_601_PV * -0.009515096,-0.0036792547368171,17.746108309561812,0.020480065128239675,9.940765648905916,10.24796662582951,4.970382824452958,5.163894476575684,0.0,0.0,0.0,0,0
geco_matched_plus_actuator_persistence,2_FIC_301_SP,sensor,selected_sensor_delta,2.0,15.0,13.0,1_FIT_001_PV * ((((4.6891226e-5 * 2_FIC_301_CO) * 2_LS_201_AH) * 4.6891226e-5) * (2_FIC_501_CO * 3_AIT_004_PV)),-0.0308985748156576,0.0,0.002078101798552482,1.9239052808004107,1.955076807778698,0.9619526404002053,0.25792190356586553,0.0,0.0,0.0,0,0
geco_matched_plus_actuator_persistence,2_FIC_401_CO,sensor,selected_sensor_delta,2.0,15.0,3.0,2_FQ_401_PV * -0.28900453,0.0068262290096441,31.49156173004372,0.5152049430767641,165.41919556802875,173.14726971418023,82.70959778401438,89.62904282109717,0.0,0.0,0.0,0,0
geco_matched_plus_actuator_persistence,2_FIC_401_PV,sensor,selected_sensor_delta,2.0,15.0,9.0,2_FQ_401_PV * (((2B_AIT_001_PV * 2_FIC_501_SP) + -0.073952936) * 2_FIC_401_PV),-0.0136811757617747,42.44627371380358,0.030358977164082257,14.55157505147858,15.006959708939814,7.27578752573929,5.517591368486072,0.0,0.0,0.0,0,0
geco_matched_plus_actuator_persistence,2_FIC_401_SP,sensor,selected_sensor_delta,2.0,15.0,11.0,(3_AIT_001_PV * ((3_FIT_001_PV + -0.5745507) * (1_P_005_STATUS - 2_MV_003_STATUS))) * 1_FIT_001_PV,-2.5924091762163926e-09,0.0,0.001662038620217033,1.05432275147019,1.0792533307734455,0.527161375735095,0.24833797628094417,0.0,0.0,0.0,0,0
geco_matched_plus_actuator_persistence,2_FIC_501_PV,sensor,selected_sensor_delta,2.0,15.0,3.0,2_FIC_501_PV * -0.019195596,-0.0080578702045512,13.110728544786658,0.023499944593588378,11.31079581502916,11.663294983932985,5.65539790751458,6.0730825129994725,0.0,0.0,0.0,0,0
geco_matched_plus_actuator_persistence,2_FIC_601_CO,sensor,selected_sensor_delta,2.0,15.0,3.0,2_FQ_601_PV * -0.33139205,-0.0036177276086308,38.05090530847815,0.3690366250044411,210.09659059093724,215.63213996600385,105.04829529546862,100.55624201774286,0.0,0.0,0.0,0,0
geco_matched_plus_actuator_persistence,2_FIC_601_PV,sensor,selected_sensor_delta,2.0,15.0,3.0,2_FIC_601_PV * -0.01591041,-0.0054832129042694,19.98884073391906,0.020960186568226402,11.263466371993099,11.577869170516495,5.631733185996549,4.815475964362502,0.0,0.0,0.0,0,0
geco_matched_plus_actuator_persistence,2_FIC_601_SP,sensor,selected_sensor_delta,2.0,15.0,13.0,(2_MCV_201_CO * ((1_MV_001_STATUS - 2_MV_003_STATUS) * 3_AIT_001_PV)) * (-0.00017899254 * (1_MV_001_STATUS - 2_MV_003_STATUS)),-6.513451999978771e-09,0.0,0.0020184410255506147,0.6559631143726201,0.6862397297558793,0.32798155718631006,0.31798154437131143,0.0,0.0,0.0,0,0
geco_matched_plus_actuator_persistence,2_FIT_001_PV,sensor,selected_sensor_delta,2.0,15.0,5.0,(2_MV_003_STATUS - 2_FIT_001_PV) * 0.021082245,-0.0272732956464449,1.6244499683380147,0.08943224896033541,8.89326745552008,10.234751189925111,4.44663372776004,10.234751189925111,0.00037037037037037035,1.2277621579147688e-05,0.006261361341143203,7,44
geco_matched_plus_actuator_persistence,2_FIT_002_PV,sensor,selected_sensor_delta,2.0,15.0,3.0,2_FQ_101_PV * -0.010027352,-0.001361467372912,19.48504475212655,0.013844316925125643,2.7569521555040244,2.964616909380909,1.3784760777520122,1.66992812094682,0.0,0.0,0.0,0,0
geco_matched_plus_actuator_persistence,2_FIT_003_PV,sensor,selected_sensor_delta,2.0,15.0,3.0,2_FIT_002_PV * 2_PIC_003_PV,0.0553370128865967,4.825827196131465,0.08662036534491208,14.748021713324595,16.047327193498276,7.374010856662298,16.047327193498276,0.002037037037037037,0.00016574789131849378,0.032821652191476466,1,352
geco_matched_plus_actuator_persistence,2_FQ_101_PV,sensor,selected_sensor_delta,2.0,15.0,3.0,2_FIC_101_PV * -0.014559889,0.0034545247127396,19.51039912430314,0.029518715120822655,10.94970160778407,11.392482334596409,5.474850803892035,3.7794473133155058,0.0,0.0,0.0,0,0
geco_matched_plus_actuator_persistence,2_FQ_201_PV,sensor,selected_sensor_delta,2.0,15.0,1.0,0.00017188098,-7.82947853235072e-05,42.419670621221854,0.019914913082316514,8.887647540615282,9.186371236850029,4.443823770307641,4.932179232407571,0.0,0.0,0.0,0,0
geco_matched_plus_actuator_persistence,2_FQ_301_PV,sensor,selected_sensor_delta,2.0,15.0,3.0,2_FIC_301_PV * -0.009666798,0.0030450564846143,17.380916905003005,0.020423243574404518,10.472408181134295,10.778756834750363,5.236204090567147,5.170309152234473,0.0,0.0,0.0,0,0
geco_matched_plus_actuator_persistence,2_FQ_401_PV,sensor,selected_sensor_delta,2.0,15.0,3.0,2_FQ_401_PV * -0.016482946,0.0072349124829306,9.838222623484665,0.03102988210774329,10.65736954743633,11.122817779052479,5.328684773718165,5.046962987887681,0.0,0.0,0.0,0,0
geco_matched_plus_actuator_persistence,2_FQ_501_PV,sensor,selected_sensor_delta,2.0,15.0,3.0,2_FIC_501_PV * -0.014651568,-0.0011197778128997,14.59205286561609,0.02297279909369978,11.20227071758933,11.546862703994828,5.601135358794665,5.420083135880075,0.0,0.0,0.0,0,0
geco_matched_plus_actuator_persistence,2_FQ_601_PV,sensor,selected_sensor_delta,2.0,15.0,3.0,2_FIC_601_PV * -0.021256251,-0.0140299318532872,15.7930218718151,0.021655684862108213,11.571495222434077,11.8963304953657,5.7857476112170385,4.870014111900411,0.0,0.0,0.0,0,0
geco_matched_plus_actuator_persistence,2_LS_101_AH,sensor,selected_sensor_delta,2.0,15.0,9.0,((2_FQ_301_PV * 2_MV_101_STATUS) * (2_LS_101_AH - 1_MV_004_STATUS)) * 2_LS_101_AH,-0.1183975229998723,0.0,0.011789963000637876,23.739053828543547,23.915903273553116,11.869526914271773,2.5279678696062966,0.0,0.0,0.0,0,0
geco_matched_plus_actuator_persistence,2_LS_101_AL,sensor,selected_sensor_delta,2.0,15.0,7.0,(2_LS_101_AL * (3_AIT_001_PV * 2_FIC_101_PV)) * -20.992853,0.0,0.0,0.013714954292528232,93.03864210034432,93.24436641473224,46.51932105017216,1.1496728338632498,0.0,0.0,0.0,0,0
geco_matched_plus_actuator_persistence,2_LS_201_AH,sensor,selected_sensor_delta,2.0,15.0,7.0,(2_LS_501_AH * 2_LS_201_AH) * (1_MV_001_STATUS - 1.9999987),0.0,0.0,0.010755052489398766,21.655812320339233,21.817138107680215,10.827906160169617,1.8171641076802207,0.0,0.0,0.0,0,0
geco_matched_plus_actuator_persistence,2_LS_201_AL,sensor,selected_sensor_delta,2.0,15.0,5.0,(3_FIT_001_PV + -0.5867106) * 2_LS_201_AL,-0.0394394750394426,0.0,0.010531012041083483,13.758181673203012,13.916146853819264,6.879090836601506,3.5182206593404732,0.0,0.0,0.0,0,0
geco_matched_plus_actuator_persistence,2_LS_301_AH,sensor,selected_sensor_delta,2.0,15.0,11.0,(3_AIT_003_PV * ((2_FIC_201_PV * (2_FIC_301_SP * 2_LS_301_AH)) * -0.28339157)) * 2_FIT_001_PV,0.0,0.0,0.010381215458828894,30.08277731882086,30.23849555070329,15.04138865941043,1.8131381217410805,0.0,0.0,0.0,0,0
geco_matched_plus_actuator_persistence,2_LS_301_AL,sensor,selected_sensor_delta,2.0,15.0,9.0,(0.72565746 - 3_AIT_005_PV) * (2_LS_301_AL * (3_FIT_001_PV + -0.57262355)),0.0065613225673001,0.0,0.009818646678584217,20.632070096734953,20.779349796913717,10.316035048367477,3.8212904639444676,0.0,0.0,0.0,0,0
geco_matched_plus_actuator_persistence,2_LS_401_AH,sensor,selected_sensor_delta,2.0,15.0,9.0,2_LS_401_AH * (2_FIT_001_PV * ((1_FIT_001_PV * 2_MV_401_STATUS) * -0.024918532)),0.002531028671956,0.0,0.011690146501096944,17.52705172675183,17.702403924268282,8.763525863375914,7.791393179099645,0.0,0.0,0.0,0,0
geco_matched_plus_actuator_persistence,2_LS_401_AL,sensor,selected_sensor_delta,2.0,15.0,9.0,((2_FIC_401_CO * 1_MV_004_STATUS) * 2_FIC_601_CO) * (2_MV_003_STATUS * 4.5439656e-8),-0.0014167605552886,5.777708620498893,0.011701026360304794,3.325833886735245,3.501349282139817,1.6629169433676225,1.414262256890184,0.0,0.0,0.0,0,0
geco_matched_plus_actuator_persistence,2_LS_501_AH,sensor,selected_sensor_delta,2.0,15.0,1.0,9.999286e-5,-9.303286732964544e-05,1.0,0.01057280686784378,7.161374936492502,7.319967039510159,3.580687468246251,1.811289362138813,0.0,0.0,0.0,0,0
geco_matched_plus_actuator_persistence,2_LS_501_AL,sensor,selected_sensor_delta,2.0,15.0,5.0,(2_FQ_401_PV - 2_FQ_101_PV) * 2A_AIT_002_PV,-0.0151335992731873,2.571116455665051e-32,0.011420730252754334,41.679256278520846,41.85056723231216,20.839628139260423,4.153981333017071,0.0,0.0,0.0,0,0
geco_matched_plus_actuator_persistence,2_LS_601_AH,sensor,selected_sensor_delta,2.0,15.0,9.0,2_LS_301_AH * ((2_FIC_501_SP - 0.22000383) * (2_FIT_001_PV * 2_FIC_401_SP)),0.0,0.0,0.01137293638321413,113.01334341980608,113.1839374655543,56.50667170990304,1.6701848448867902,0.0,0.0,0.0,0,0
geco_matched_plus_actuator_persistence,2_LS_601_AL,sensor,selected_sensor_delta,2.0,15.0,5.0,(2B_AIT_003_PV * -0.0038763508) + 0.033448044,-0.0022001244809992,4.797744669484077,0.010188883403531176,3.547335963301358,3.7001692143543257,1.773667981650679,1.6563197500556504,0.0,0.0,0.0,0,0
geco_matched_plus_actuator_persistence,2_LT_002_PV,sensor,selected_sensor_delta,2.0,15.0,5.0,(TOTAL_CONS_REQUIRED_FLOW - 2_FIT_001_PV) * -0.03581529,0.0202287766691278,24.794094900339346,0.15304194999487877,9.444744115276226,11.740373365199407,4.722372057638113,11.740373365199407,0.006631944444444445,0.0004481331876388906,0.1083619470813977,24,424
geco_matched_plus_actuator_persistence,2_MCV_007_CO,sensor,selected_sensor_delta,2.0,15.0,3.0,3_P_003_STATUS - 2_MV_002_STATUS,,0.0,1e-06,1e-06,1.6e-05,0.0,1.6e-05,0.002297453703703704,0.00027624648553082297,0.03554837406584528,17,111
geco_matched_plus_actuator_persistence,2_P_003_SPEED,sensor,selected_sensor_delta,2.0,15.0,1.0,2_P_004_SPEED,0.000302468603613,1.2555573934924376,1.1749209730634267,152.62620321259823,170.25001780854961,76.31310160629911,74.90048855516326,0.0,0.0,0.0,0,0
geco_matched_plus_actuator_persistence,2_PIC_003_CO,sensor,selected_sensor_delta,2.0,15.0,7.0,((2_PIC_003_PV - 2_MV_006_STATUS) + 0.92499703) * 0.515833,0.0239900981892037,32.36284519360931,0.624249617240662,1678.707140944193,1688.070885202803,839.3535704720965,68.28561631553673,0.0,0.0,0.0,0,0
geco_matched_plus_actuator_persistence,2_PIC_003_PV,sensor,selected_sensor_delta,2.0,15.0,7.0,(2_PIC_003_PV + (0.9200428 - 2_MV_006_STATUS)) * -0.06421421,0.0198915417593883,26.39547806641177,0.06264419974295483,320.0069491154441,320.9466121115884,160.00347455772206,7.018815523038089,0.0,0.0,0.0,0,0
geco_matched_plus_actuator_persistence,2_PIT_001_PV,sensor,selected_sensor_delta,2.0,15.0,5.0,1.1427776 - (2_DPIT_001_PV * 0.0004586949),0.006621193393292,10.36563242243466,0.3894949934835992,135.317611361069,141.16003626332298,67.6588056805345,76.04932049113552,0.0,0.0,0.0,0,0
geco_matched_plus_actuator_persistence,2_PIT_002_PV,sensor,selected_sensor_delta,2.0,15.0,5.0,(2_DPIT_001_PV * -0.003075006) + 7.663425,0.0050784784743534,9.060265717850797,2.2764557660727176,832.2489749272788,866.3958114183696,416.1244874636394,494.70586953373856,0.0,0.0,0.0,0,0
geco_matched_plus_actuator_persistence,2_PIT_003_PV,sensor,selected_sensor_delta,2.0,15.0,7.0,((2_MV_006_STATUS - 2_PIC_003_PV) + -0.9245177) * 0.057637595,0.0175529740100325,29.471299638718875,0.062284469291722,238.7897914216019,239.72405846097774,119.39489571080095,7.435230275214128,0.0,0.0,0.0,0,0
geco_matched_plus_actuator_persistence,2A_AIT_001_PV,sensor,selected_sensor_delta,2.0,15.0,1.0,1.9560876e-7,-8.863622583454855e-06,1.0,0.00016305843894173642,0.5061777344733223,0.5086236110574484,0.25308886723666113,0.0021141292319017545,0.0,0.0,0.0,0,0
geco_matched_plus_actuator_persistence,2A_AIT_002_PV,sensor,selected_sensor_delta,2.0,15.0,7.0,((2_MCV_101_CO * -0.023470242) * 2A_AIT_002_PV) * 2A_AIT_002_PV,-0.0475475253455481,1.101981112345036e-32,0.16387552169973232,1157.4893445419564,1159.9474773674524,578.7446722709782,4.068106360617694,0.0,0.0,0.0,0,0
geco_matched_plus_actuator_persistence,2A_AIT_003_PV,sensor,selected_sensor_delta,2.0,15.0,7.0,2_FIC_201_PV * (2A_AIT_002_PV * (-0.33989054 * 2_FIT_002_PV)),-0.0012282912975181,0.0,0.003720484015034855,2.1787323438736483,2.234539604099171,1.0893661719368242,0.686988340776312,0.0,0.0,0.0,0,0
geco_matched_plus_actuator_persistence,2B_AIT_001_PV,sensor,selected_sensor_delta,2.0,15.0,5.0,2_LS_201_AH * (2_MCV_501_CO * 4.5408036e-5),-0.0044911897181842,0.0,7.71827333816407e-05,0.03087473673383098,0.03203247773455559,0.01543736836691549,0.012964592355746929,0.0,0.0,0.0,0,0
geco_matched_plus_actuator_persistence,3_AIT_001_PV,sensor,selected_sensor_delta,2.0,15.0,1.0,0.0,0.0,0.0,0.00020841843969419892,0.3334209309505961,0.3365472075460091,0.16671046547529805,0.0,0.0,0.0,0.0,0,0
geco_matched_plus_actuator_persistence,3_AIT_003_PV,sensor,selected_sensor_delta,2.0,15.0,3.0,3_AIT_003_PV * -0.09685825,0.036160234996091,32.561618656036444,6.3235121918570645,109.4282129577618,204.28089583561777,54.7141064788809,48.5708259273197,0.0,0.0,0.0,0,0
geco_matched_plus_actuator_persistence,3_AIT_004_PV,sensor,selected_sensor_delta,2.0,15.0,5.0,(3_AIT_004_PV * -0.22340244) + 2_PIT_001_PV,0.0705906221904001,19.22637520277597,455.9909960478907,13528.377046040183,20368.24198675854,6764.188523020091,4527.302069542882,0.0,0.0,0.0,0,0
geco_matched_plus_actuator_persistence,3_AIT_005_PV,sensor,selected_sensor_delta,2.0,15.0,1.0,1.665455e-5,-0.0001843146077267,17.391272839636848,0.0015296999915492212,2.458014065829991,2.4809595657032295,1.2290070329149956,0.31388459112275385,0.0,0.0,0.0,0,0
geco_matched_plus_actuator_persistence,3_LS_001_AL,sensor,selected_sensor_delta,2.0,15.0,3.0,1_LS_001_AL - 1_LS_001_AL,,0.0,1e-06,1e-06,1.6e-05,0.0,0.0,0.0,0.0,0.0,0,0
geco_matched_plus_actuator_persistence,LEAK_DIFF_PRESSURE,sensor,selected_sensor_delta,2.0,15.0,7.0,2_FIT_003_PV + ((LEAK_DIFF_PRESSURE * -0.11256748) + 6.922297),0.0315872021934814,16.788538020673613,1.911347078561208,510.4311076706613,539.1013138490794,255.21555383533064,235.61947492026877,0.0,0.0,0.0,0,0
geco_matched_plus_actuator_persistence,PLANT_START_STOP_LOG,sensor,selected_sensor_delta,2.0,15.0,3.0,2_MCV_007_CO * 2_MCV_007_CO,,0.0,1e-06,1e-06,1.6e-05,0.0,1.6e-05,0.00917824074074074,0.00027624648553082297,0.15562512623712382,3,639
geco_matched_plus_actuator_persistence,1_MV_001_STATUS,actuator,actuator_persistence,2.0,15.0,1.0,1_MV_001_STATUS,,,0.04056415846780728,22.130553257245353,22.73901563426246,11.065276628622676,22.73901563426246,0.0018923611111111112,9.82209726331815e-05,0.031407796404766715,10,61
geco_matched_plus_actuator_persistence,1_MV_004_STATUS,actuator,actuator_persistence,2.0,15.0,1.0,1_MV_004_STATUS,,,0.04067319042827918,22.10940105691381,22.719498913337997,11.054700528456905,2.755960857430325,0.0,0.0,0.0,0,0
geco_matched_plus_actuator_persistence,1_P_001_STATUS,actuator,actuator_persistence,2.0,15.0,1.0,1_P_001_STATUS,,,0.01803574328798211,6.681423235011298,6.95195938433103,3.340711617505649,6.95195938433103,0.0015451388888888889,0.0,0.026964249646536053,16,26
geco_matched_plus_actuator_persistence,1_P_002_STATUS,actuator,actuator_persistence,2.0,15.0,1.0,1_P_002_STATUS,,,1e-06,1e-06,1.6e-05,0.0,0.0,0.0,0.0,0.0,0,0
geco_matched_plus_actuator_persistence,1_P_003_STATUS,actuator,actuator_persistence,2.0,15.0,1.0,1_P_003_STATUS,,,0.01803574328798211,6.681423235011298,6.95195938433103,3.340711617505649,6.95195938433103,0.0015451388888888889,0.0,0.026964249646536053,16,26
geco_matched_plus_actuator_persistence,1_P_004_STATUS,actuator,actuator_persistence,2.0,15.0,1.0,1_P_004_STATUS,,,1e-06,1e-06,1.6e-05,0.0,0.0,0.0,0.0,0.0,0,0
geco_matched_plus_actuator_persistence,1_P_005_STATUS,actuator,actuator_persistence,2.0,15.0,1.0,1_P_005_STATUS,,,0.040709690311655826,4.254708491327668,4.865353846002506,2.127354245663834,4.865353846002506,0.00019097222222222223,0.0,0.0033326600686729956,3,16
geco_matched_plus_actuator_persistence,1_P_006_STATUS,actuator,actuator_persistence,2.0,15.0,1.0,1_P_006_STATUS,,,1e-06,1e-06,1.6e-05,0.0,1.6e-05,0.00017361111111111112,9.208216184360765e-05,0.0015148454857604524,2,15
geco_matched_plus_actuator_persistence,2_MV_001_STATUS,actuator,actuator_persistence,2.0,15.0,1.0,2_MV_001_STATUS,,,1e-06,1e-06,1.6e-05,0.0,0.0,0.0,0.0,0.0,0,0
geco_matched_plus_actuator_persistence,2_MV_002_STATUS,actuator,actuator_persistence,2.0,15.0,1.0,2_MV_002_STATUS,,,1e-06,1e-06,1.6e-05,0.0,0.0,0.0,0.0,0.0,0,0
geco_matched_plus_actuator_persistence,2_MV_003_STATUS,actuator,actuator_persistence,2.0,15.0,1.0,2_MV_003_STATUS,,,0.09216863911203314,15.52048520169293,16.903014788373426,7.760242600846465,16.903014788373426,0.00038194444444444446,9.82209726331815e-05,0.005049484952534842,5,33
geco_matched_plus_actuator_persistence,2_MV_004_STATUS,actuator,actuator_persistence,2.0,15.0,1.0,2_MV_004_STATUS,,,1e-06,1e-06,1.6e-05,0.0,0.0,0.0,0.0,0.0,0,0
geco_matched_plus_actuator_persistence,2_MV_005_STATUS,actuator,actuator_persistence,2.0,15.0,1.0,2_MV_005_STATUS,,,1e-06,1e-06,1.6e-05,0.0,0.0,0.0,0.0,0.0,0,0
geco_matched_plus_actuator_persistence,2_MV_006_STATUS,actuator,actuator_persistence,2.0,15.0,1.0,2_MV_006_STATUS,,,0.08828073019980047,8.99845517320679,10.322666126203796,4.499227586603395,4.410946856403594,0.0,0.0,0.0,0,0
geco_matched_plus_actuator_persistence,2_MV_009_STATUS,actuator,actuator_persistence,2.0,15.0,1.0,2_MV_009_STATUS,,,1e-06,1e-06,1.6e-05,0.0,0.0,0.0,0.0,0.0,0,0
geco_matched_plus_actuator_persistence,2_MV_101_STATUS,actuator,actuator_persistence,2.0,15.0,1.0,2_MV_101_STATUS,,,0.02492577904561714,5.700890651452595,6.074777337136853,2.8504453257262976,2.8504453257262976,0.0,0.0,0.0,0,0
geco_matched_plus_actuator_persistence,2_MV_201_STATUS,actuator,actuator_persistence,2.0,15.0,1.0,2_MV_201_STATUS,,,0.023317454840228517,5.720190541917257,6.069952364520685,2.8600952709586287,2.8600952709586287,0.0,0.0,0.0,0,0
geco_matched_plus_actuator_persistence,2_MV_301_STATUS,actuator,actuator_persistence,2.0,15.0,1.0,2_MV_301_STATUS,,,0.02189085756575435,5.7373097092109475,6.065672572697263,2.8686548546054738,2.8686548546054738,0.0,0.0,0.0,0,0
geco_matched_plus_actuator_persistence,2_MV_401_STATUS,actuator,actuator_persistence,2.0,15.0,1.0,2_MV_401_STATUS,,,0.04256249555772995,9.57350046199608,10.211937895362029,4.78675023099804,3.2338750799608595,0.0,0.0,0.0,0,0
geco_matched_plus_actuator_persistence,2_MV_501_STATUS,actuator,actuator_persistence,2.0,15.0,1.0,2_MV_501_STATUS,,,0.03629246408107271,10.661093304541314,11.205480265757405,5.330546652270657,2.782245215513564,0.0,0.0,0.0,0,0
geco_matched_plus_actuator_persistence,2_MV_601_STATUS,actuator,actuator_persistence,2.0,15.0,1.0,2_MV_601_STATUS,,,0.022086190873586854,5.734965709516958,6.066258572620761,2.867482854758479,2.867482854758479,0.0,0.0,0.0,0,0
geco_matched_plus_actuator_persistence,2_P_003_STATUS,actuator,actuator_persistence,2.0,15.0,1.0,2_P_003_STATUS,,,0.03892715311945345,3.532874162566558,4.11678145935836,1.766437081283279,1.766437081283279,0.0,0.0,0.0,0,0
geco_matched_plus_actuator_persistence,2_P_004_STATUS,actuator,actuator_persistence,2.0,15.0,1.0,2_P_004_STATUS,,,1e-06,1e-06,1.6e-05,0.0,0.0,0.0,0.0,0.0,0,0
geco_matched_plus_actuator_persistence,2_SV_101_STATUS,actuator,actuator_persistence,2.0,15.0,1.0,2_SV_101_STATUS,,,1e-06,1e-06,1.6e-05,0.0,0.0,0.0,0.0,0.0,0,0
geco_matched_plus_actuator_persistence,2_SV_201_STATUS,actuator,actuator_persistence,2.0,15.0,1.0,2_SV_201_STATUS,,,1e-06,1e-06,1.6e-05,0.0,0.0,0.0,0.0,0.0,0,0
geco_matched_plus_actuator_persistence,2_SV_301_STATUS,actuator,actuator_persistence,2.0,15.0,1.0,2_SV_301_STATUS,,,1e-06,1e-06,1.6e-05,0.0,0.0,0.0,0.0,0.0,0,0
geco_matched_plus_actuator_persistence,2_SV_401_STATUS,actuator,actuator_persistence,2.0,15.0,1.0,2_SV_401_STATUS,,,1e-06,1e-06,1.6e-05,0.0,0.0,0.0,0.0,0.0,0,0
geco_matched_plus_actuator_persistence,2_SV_501_STATUS,actuator,actuator_persistence,2.0,15.0,1.0,2_SV_501_STATUS,,,1e-06,1e-06,1.6e-05,0.0,0.0,0.0,0.0,0.0,0,0
geco_matched_plus_actuator_persistence,2_SV_601_STATUS,actuator,actuator_persistence,2.0,15.0,1.0,2_SV_601_STATUS,,,1e-06,1e-06,1.6e-05,0.0,0.0,0.0,0.0,0.0,0,0
geco_matched_plus_actuator_persistence,3_MV_001_STATUS,actuator,actuator_persistence,2.0,15.0,1.0,3_MV_001_STATUS,,,1e-06,1e-06,1.6e-05,0.0,0.0,0.0,0.0,0.0,0,0
geco_matched_plus_actuator_persistence,3_MV_002_STATUS,actuator,actuator_persistence,2.0,15.0,1.0,3_MV_002_STATUS,,,1e-06,1e-06,1.6e-05,0.0,0.0,0.0,0.0,0.0,0,0
geco_matched_plus_actuator_persistence,3_MV_003_STATUS,actuator,actuator_persistence,2.0,15.0,1.0,3_MV_003_STATUS,,,1e-06,1e-06,1.6e-05,0.0,0.0,0.0,0.0,0.0,0,0
geco_matched_plus_actuator_persistence,3_P_001_STATUS,actuator,actuator_persistence,2.0,15.0,1.0,3_P_001_STATUS,,,1e-06,1e-06,1.6e-05,0.0,0.0,0.0,0.0,0.0,0,0
geco_matched_plus_actuator_persistence,3_P_002_STATUS,actuator,actuator_persistence,2.0,15.0,1.0,3_P_002_STATUS,,,1e-06,1e-06,1.6e-05,0.0,0.0,0.0,0.0,0.0,0,0
geco_matched_plus_actuator_persistence,3_P_003_STATUS,actuator,actuator_persistence,2.0,15.0,1.0,3_P_003_STATUS,,,1e-06,1e-06,1.6e-05,0.0,0.0,0.0,0.0,0.0,0,0
geco_matched_plus_actuator_persistence,3_P_004_STATUS,actuator,actuator_persistence,2.0,15.0,1.0,3_P_004_STATUS,,,1e-06,1e-06,1.6e-05,0.0,0.0,0.0,0.0,0.0,0,0
geco_matched_plus_actuator_persistence,1_AIT_002_PV,sensor,selected_sensor_delta,2.0,25.0,5.0,0.015316334 - (1_AIT_002_PV * 0.024466293),0.0119052665651211,41.73000224731814,0.016198173266754025,9.17259799771445,9.5775523293833,4.586298998857225,9.5775523293833,0.0042361111111111115,0.00021485837763508453,0.07038982023833569,1,732
geco_matched_plus_actuator_persistence,1_AIT_004_PV,sensor,selected_sensor_delta,2.0,25.0,3.0,3_AIT_004_PV * -5.4525193e-5,-0.0001992524296718,4.910153218946012,2.8444196394286245,2040.2633694678123,2111.373860453528,1020.1316847339061,933.8179709712217,0.0,0.0,0.0,0,0
geco_matched_plus_actuator_persistence,1_AIT_005_PV,sensor,selected_sensor_delta,2.0,25.0,5.0,(1_FIT_001_PV - 1_AIT_002_PV) * -3.9571616e-5,0.0023463384738832,12.40172474664917,0.0005404796966590669,0.13499227433095037,0.14850426674742703,0.06749613716547519,0.040270004949606274,0.0,0.0,0.0,0,0
geco_matched_plus_actuator_persistence,1_FIT_001_PV,sensor,selected_sensor_delta,2.0,25.0,7.0,((1_LT_001_PV * 1_P_001_STATUS) * -0.0001994969) + 0.014458983,-0.0179323441933463,11.85813818130814,0.03840313085817598,13.878566226516769,14.838644497971169,6.9392831132583845,14.838644497971169,0.003287037037037037,0.00021485837763508453,0.05382750959402141,10,147
geco_matched_plus_actuator_persistence,1_LS_001_AL,sensor,selected_sensor_delta,2.0,25.0,3.0,0.030378316 - 0.030378316,,0.0,1e-06,1e-06,2.6e-05,0.0,0.0,0.0,0.0,0.0,0,0
geco_matched_plus_actuator_persistence,1_LS_002_AL,sensor,selected_sensor_delta,2.0,25.0,3.0,-0.021763658 - -0.021763658,,0.0,1e-06,1e-06,2.6e-05,0.0,0.0,0.0,0.0,0.0,0,0
geco_matched_plus_actuator_persistence,2_DPIT_001_PV,sensor,selected_sensor_delta,2.0,25.0,3.0,88.35751 - 2_PIT_002_PV,0.008482119469839,9.66778276190117,43.256756319788046,12987.056065027118,14068.47497302182,6493.528032513559,7067.644661908868,0.0,0.0,0.0,0,0
geco_matched_plus_actuator_persistence,2_FIC_101_CO,sensor,selected_sensor_delta,2.0,25.0,3.0,2_FQ_101_PV * -0.3397043,0.0150389194041339,34.150938108826395,0.5275863868982411,196.7928297606015,209.98248943305754,98.39641488030075,80.61268401614372,0.0,0.0,0.0,0,0
geco_matched_plus_actuator_persistence,2_FIC_101_PV,sensor,selected_sensor_delta,2.0,25.0,3.0,2_FIC_101_PV * -0.016046675,0.002252916125048,18.49348773225588,0.02979673568732669,11.210695903761492,11.95561429594466,5.605347951880746,3.974709597218389,0.0,0.0,0.0,0,0
geco_matched_plus_actuator_persistence,2_FIC_101_SP,sensor,selected_sensor_delta,2.0,25.0,15.0,((2_MV_003_STATUS - 1_MV_001_STATUS) * (2_FIC_201_PV * (3_AIT_001_PV * 2_P_004_SPEED))) * (2.3499095 * (2_MV_009_STATUS - 2_MV_003_STATUS)),-9.112138177336249e-08,0.0,0.0017891865730764527,1.673029108091616,1.7177587724185273,0.836514554045808,0.28821081253285386,0.0,0.0,0.0,0,0
geco_matched_plus_actuator_persistence,2_FIC_201_CO,sensor,selected_sensor_delta,2.0,25.0,3.0,2_FQ_201_PV * -0.25967506,0.0115003398980684,41.3791240636834,0.37493504907663644,188.48546098342763,197.85883721034355,94.24273049171381,109.98883320035127,0.0,0.0,0.0,0,0
geco_matched_plus_actuator_persistence,2_FIC_201_PV,sensor,selected_sensor_delta,2.0,25.0,7.0,(2_FQ_201_PV * 2_FIC_401_PV) * (-0.04007296 - 2_LS_201_AH),0.0034190508627743,39.845894609586814,0.020632148889052914,16.461884919397384,16.977688641623708,8.230942459698692,4.876911715521573,0.0,0.0,0.0,0,0
geco_matched_plus_actuator_persistence,2_FIC_201_SP,sensor,selected_sensor_delta,2.0,25.0,11.0,((2_MV_003_STATUS - 1_P_005_STATUS) * ((2_P_004_SPEED * 3_AIT_001_PV) * 1_FIT_001_PV)) * 2_MV_101_STATUS,-2.3749495703384582e-09,0.0,0.0016237224631009655,0.6367525258675222,0.6773455874450464,0.3183762629337611,0.2383762870736422,0.0,0.0,0.0,0,0
geco_matched_plus_actuator_persistence,2_FIC_301_PV,sensor,selected_sensor_delta,2.0,25.0,3.0,2_FIC_601_PV * -0.009515096,-0.0036792547368171,17.746108309561812,0.020480065128239675,9.940765648905916,10.452767277111908,4.970382824452958,5.163894476575684,0.0,0.0,0.0,0,0
geco_matched_plus_actuator_persistence,2_FIC_301_SP,sensor,selected_sensor_delta,2.0,25.0,13.0,1_FIT_001_PV * ((((4.6891226e-5 * 2_FIC_301_CO) * 2_LS_201_AH) * 4.6891226e-5) * (2_FIC_501_CO * 3_AIT_004_PV)),-0.0308985748156576,0.0,0.002078101798552482,1.9239052808004107,1.9758578257642228,0.9619526404002053,0.25792190356586553,0.0,0.0,0.0,0,0
geco_matched_plus_actuator_persistence,2_FIC_401_CO,sensor,selected_sensor_delta,2.0,25.0,3.0,2_FQ_401_PV * -0.28900453,0.0068262290096441,31.49156173004372,0.5152049430767641,165.41919556802875,178.29931914494784,82.70959778401438,89.62904282109717,0.0,0.0,0.0,0,0
geco_matched_plus_actuator_persistence,2_FIC_401_PV,sensor,selected_sensor_delta,2.0,25.0,9.0,2_FQ_401_PV * (((2B_AIT_001_PV * 2_FIC_501_SP) + -0.073952936) * 2_FIC_401_PV),-0.0136811757617747,42.44627371380358,0.030358977164082257,14.55157505147858,15.310549480580637,7.27578752573929,5.517591368486072,0.0,0.0,0.0,0,0
geco_matched_plus_actuator_persistence,2_FIC_401_SP,sensor,selected_sensor_delta,2.0,25.0,11.0,(3_AIT_001_PV * ((3_FIT_001_PV + -0.5745507) * (1_P_005_STATUS - 2_MV_003_STATUS))) * 1_FIT_001_PV,-2.5924091762163926e-09,0.0,0.001662038620217033,1.05432275147019,1.0958737169756159,0.527161375735095,0.24833797628094417,0.0,0.0,0.0,0,0
geco_matched_plus_actuator_persistence,2_FIC_501_PV,sensor,selected_sensor_delta,2.0,25.0,3.0,2_FIC_501_PV * -0.019195596,-0.0080578702045512,13.110728544786658,0.023499944593588378,11.31079581502916,11.89829442986887,5.65539790751458,6.0730825129994725,0.0,0.0,0.0,0,0
geco_matched_plus_actuator_persistence,2_FIC_601_CO,sensor,selected_sensor_delta,2.0,25.0,3.0,2_FQ_601_PV * -0.33139205,-0.0036177276086308,38.05090530847815,0.3690366250044411,210.09659059093724,219.32250621604828,105.04829529546862,100.55624201774286,0.0,0.0,0.0,0,0
geco_matched_plus_actuator_persistence,2_FIC_601_PV,sensor,selected_sensor_delta,2.0,25.0,3.0,2_FIC_601_PV * -0.01591041,-0.0054832129042694,19.98884073391906,0.020960186568226402,11.263466371993099,11.78747103619876,5.631733185996549,4.815475964362502,0.0,0.0,0.0,0,0
geco_matched_plus_actuator_persistence,2_FIC_601_SP,sensor,selected_sensor_delta,2.0,25.0,13.0,(2_MCV_201_CO * ((1_MV_001_STATUS - 2_MV_003_STATUS) * 3_AIT_001_PV)) * (-0.00017899254 * (1_MV_001_STATUS - 2_MV_003_STATUS)),-6.513451999978771e-09,0.0,0.0020184410255506147,0.6559631143726201,0.7064241400113855,0.32798155718631006,0.31798154437131143,0.0,0.0,0.0,0,0
geco_matched_plus_actuator_persistence,2_FIT_001_PV,sensor,selected_sensor_delta,2.0,25.0,5.0,(2_MV_003_STATUS - 2_FIT_001_PV) * 0.021082245,-0.0272732956464449,1.6244499683380147,0.08943224896033541,8.89326745552008,11.129073679528465,4.44663372776004,11.129073679528465,0.0006886574074074074,0.00011049859421232919,0.01019995960412038,5,55
geco_matched_plus_actuator_persistence,2_FIT_002_PV,sensor,selected_sensor_delta,2.0,25.0,3.0,2_FQ_101_PV * -0.010027352,-0.001361467372912,19.48504475212655,0.013844316925125643,2.7569521555040244,3.1030600786321654,1.3784760777520122,1.66992812094682,0.0,0.0,0.0,0,0
geco_matched_plus_actuator_persistence,2_FIT_003_PV,sensor,selected_sensor_delta,2.0,25.0,3.0,2_FIT_002_PV * 2_PIC_003_PV,0.0553370128865967,4.825827196131465,0.08662036534491208,14.748021713324595,16.913530846947396,7.374010856662298,16.913530846947396,0.0020949074074074073,0.00022713599921423222,0.032821652191476466,1,362
geco_matched_plus_actuator_persistence,2_FQ_101_PV,sensor,selected_sensor_delta,2.0,25.0,3.0,2_FIC_101_PV * -0.014559889,0.0034545247127396,19.51039912430314,0.029518715120822655,10.94970160778407,11.687669485804635,5.474850803892035,3.7794473133155058,0.0,0.0,0.0,0,0
geco_matched_plus_actuator_persistence,2_FQ_201_PV,sensor,selected_sensor_delta,2.0,25.0,1.0,0.00017188098,-7.82947853235072e-05,42.419670621221854,0.019914913082316514,8.887647540615282,9.385520367673195,4.443823770307641,4.932179232407571,0.0,0.0,0.0,0,0
geco_matched_plus_actuator_persistence,2_FQ_301_PV,sensor,selected_sensor_delta,2.0,25.0,3.0,2_FIC_301_PV * -0.009666798,0.0030450564846143,17.380916905003005,0.020423243574404518,10.472408181134295,10.982989270494407,5.236204090567147,5.170309152234473,0.0,0.0,0.0,0,0
geco_matched_plus_actuator_persistence,2_FQ_401_PV,sensor,selected_sensor_delta,2.0,25.0,3.0,2_FQ_401_PV * -0.016482946,0.0072349124829306,9.838222623484665,0.03102988210774329,10.65736954743633,11.433116600129912,5.328684773718165,5.046962987887681,0.0,0.0,0.0,0,0
geco_matched_plus_actuator_persistence,2_FQ_501_PV,sensor,selected_sensor_delta,2.0,25.0,3.0,2_FIC_501_PV * -0.014651568,-0.0011197778128997,14.59205286561609,0.02297279909369978,11.20227071758933,11.776590694931825,5.601135358794665,5.420083135880075,0.0,0.0,0.0,0,0
geco_matched_plus_actuator_persistence,2_FQ_601_PV,sensor,selected_sensor_delta,2.0,25.0,3.0,2_FIC_601_PV * -0.021256251,-0.0140299318532872,15.7930218718151,0.021655684862108213,11.571495222434077,12.112887343986783,5.7857476112170385,4.870014111900411,0.0,0.0,0.0,0,0
geco_matched_plus_actuator_persistence,2_LS_101_AH,sensor,selected_sensor_delta,2.0,25.0,9.0,((2_FQ_301_PV * 2_MV_101_STATUS) * (2_LS_101_AH - 1_MV_004_STATUS)) * 2_LS_101_AH,-0.1183975229998723,0.0,0.011789963000637876,23.739053828543547,24.033802903559494,11.869526914271773,2.5279678696062966,0.0,0.0,0.0,0,0
geco_matched_plus_actuator_persistence,2_LS_101_AL,sensor,selected_sensor_delta,2.0,25.0,7.0,(2_LS_101_AL * (3_AIT_001_PV * 2_FIC_101_PV)) * -20.992853,0.0,0.0,0.013714954292528232,93.03864210034432,93.38151595765753,46.51932105017216,1.1496728338632498,0.0,0.0,0.0,0,0
geco_matched_plus_actuator_persistence,2_LS_201_AH,sensor,selected_sensor_delta,2.0,25.0,7.0,(2_LS_501_AH * 2_LS_201_AH) * (1_MV_001_STATUS - 1.9999987),0.0,0.0,0.010755052489398766,21.655812320339233,21.924688632574203,10.827906160169617,1.8171641076802207,0.0,0.0,0.0,0,0
geco_matched_plus_actuator_persistence,2_LS_201_AL,sensor,selected_sensor_delta,2.0,25.0,5.0,(3_FIT_001_PV + -0.5867106) * 2_LS_201_AL,-0.0394394750394426,0.0,0.010531012041083483,13.758181673203012,14.0214569742301,6.879090836601506,3.5182206593404732,0.0,0.0,0.0,0,0
geco_matched_plus_actuator_persistence,2_LS_301_AH,sensor,selected_sensor_delta,2.0,25.0,11.0,(3_AIT_003_PV * ((2_FIC_201_PV * (2_FIC_301_SP * 2_LS_301_AH)) * -0.28339157)) * 2_FIT_001_PV,0.0,0.0,0.010381215458828894,30.08277731882086,30.34230770529158,15.04138865941043,1.8131381217410805,0.0,0.0,0.0,0,0
geco_matched_plus_actuator_persistence,2_LS_301_AL,sensor,selected_sensor_delta,2.0,25.0,9.0,(0.72565746 - 3_AIT_005_PV) * (2_LS_301_AL * (3_FIT_001_PV + -0.57262355)),0.0065613225673001,0.0,0.009818646678584217,20.632070096734953,20.877536263699557,10.316035048367477,3.8212904639444676,0.0,0.0,0.0,0,0
geco_matched_plus_actuator_persistence,2_LS_401_AH,sensor,selected_sensor_delta,2.0,25.0,9.0,2_LS_401_AH * (2_FIT_001_PV * ((1_FIT_001_PV * 2_MV_401_STATUS) * -0.024918532)),0.002531028671956,0.0,0.011690146501096944,17.52705172675183,17.81930538927925,8.763525863375914,7.791393179099645,0.0,0.0,0.0,0,0
geco_matched_plus_actuator_persistence,2_LS_401_AL,sensor,selected_sensor_delta,2.0,25.0,9.0,((2_FIC_401_CO * 1_MV_004_STATUS) * 2_FIC_601_CO) * (2_MV_003_STATUS * 4.5439656e-8),-0.0014167605552886,5.777708620498893,0.011701026360304794,3.325833886735245,3.618359545742865,1.6629169433676225,1.414262256890184,0.0,0.0,0.0,0,0
geco_matched_plus_actuator_persistence,2_LS_501_AH,sensor,selected_sensor_delta,2.0,25.0,1.0,9.999286e-5,-9.303286732964544e-05,1.0,0.01057280686784378,7.161374936492502,7.425695108188596,3.580687468246251,1.811289362138813,0.0,0.0,0.0,0,0
geco_matched_plus_actuator_persistence,2_LS_501_AL,sensor,selected_sensor_delta,2.0,25.0,5.0,(2_FQ_401_PV - 2_FQ_101_PV) * 2A_AIT_002_PV,-0.0151335992731873,2.571116455665051e-32,0.011420730252754334,41.679256278520846,41.964774534839705,20.839628139260423,4.153981333017071,0.0,0.0,0.0,0,0
geco_matched_plus_actuator_persistence,2_LS_601_AH,sensor,selected_sensor_delta,2.0,25.0,9.0,2_LS_301_AH * ((2_FIC_501_SP - 0.22000383) * (2_FIT_001_PV * 2_FIC_401_SP)),0.0,0.0,0.01137293638321413,113.01334341980608,113.29766682938643,56.50667170990304,1.6701848448867902,0.0,0.0,0.0,0,0
geco_matched_plus_actuator_persistence,2_LS_601_AL,sensor,selected_sensor_delta,2.0,25.0,5.0,(2B_AIT_003_PV * -0.0038763508) + 0.033448044,-0.0022001244809992,4.797744669484077,0.010188883403531176,3.547335963301358,3.802058048389638,1.773667981650679,1.6563197500556504,0.0,0.0,0.0,0,0
geco_matched_plus_actuator_persistence,2_LT_002_PV,sensor,selected_sensor_delta,2.0,25.0,5.0,(TOTAL_CONS_REQUIRED_FLOW - 2_FIT_001_PV) * -0.03581529,0.0202287766691278,24.794094900339346,0.15304194999487877,9.444744115276226,13.270792865148195,4.722372057638113,13.270792865148195,0.00802662037037037,0.000589325835799089,0.1303777014744496,15,533
geco_matched_plus_actuator_persistence,2_MCV_007_CO,sensor,selected_sensor_delta,2.0,25.0,3.0,3_P_003_STATUS - 2_MV_002_STATUS,,0.0,1e-06,1e-06,2.6e-05,0.0,2.6e-05,0.003269675925925926,0.0004604108092180383,0.04948495253484145,16,121
geco_matched_plus_actuator_persistence,2_P_003_SPEED,sensor,selected_sensor_delta,2.0,25.0,1.0,2_P_004_SPEED,0.000302468603613,1.2555573934924376,1.1749209730634267,152.62620321259823,181.9992275391839,76.31310160629911,74.90048855516326,0.0,0.0,0.0,0,0
geco_matched_plus_actuator_persistence,2_PIC_003_CO,sensor,selected_sensor_delta,2.0,25.0,7.0,((2_PIC_003_PV - 2_MV_006_STATUS) + 0.92499703) * 0.515833,0.0239900981892037,32.36284519360931,0.624249617240662,1678.707140944193,1694.3133813752097,839.3535704720965,68.28561631553673,0.0,0.0,0.0,0,0
geco_matched_plus_actuator_persistence,2_PIC_003_PV,sensor,selected_sensor_delta,2.0,25.0,7.0,(2_PIC_003_PV + (0.9200428 - 2_MV_006_STATUS)) * -0.06421421,0.0198915417593883,26.39547806641177,0.06264419974295483,320.0069491154441,321.57305410901796,160.00347455772206,7.018815523038089,0.0,0.0,0.0,0,0
geco_matched_plus_actuator_persistence,2_PIT_001_PV,sensor,selected_sensor_delta,2.0,25.0,5.0,1.1427776 - (2_DPIT_001_PV * 0.0004586949),0.006621193393292,10.36563242243466,0.3894949934835992,135.317611361069,145.05498619815899,67.6588056805345,76.04932049113552,0.0,0.0,0.0,0,0
geco_matched_plus_actuator_persistence,2_PIT_002_PV,sensor,selected_sensor_delta,2.0,25.0,5.0,(2_DPIT_001_PV * -0.003075006) + 7.663425,0.0050784784743534,9.060265717850797,2.2764557660727176,832.2489749272788,889.1603690790968,416.1244874636394,494.70586953373856,0.0,0.0,0.0,0,0
geco_matched_plus_actuator_persistence,2_PIT_003_PV,sensor,selected_sensor_delta,2.0,25.0,7.0,((2_MV_006_STATUS - 2_PIC_003_PV) + -0.9245177) * 0.057637595,0.0175529740100325,29.471299638718875,0.062284469291722,238.7897914216019,240.34690315389494,119.39489571080095,7.435230275214128,0.0,0.0,0.0,0,0
geco_matched_plus_actuator_persistence,2A_AIT_001_PV,sensor,selected_sensor_delta,2.0,25.0,1.0,1.9560876e-7,-8.863622583454855e-06,1.0,0.00016305843894173642,0.5061777344733223,0.5102541954468657,0.25308886723666113,0.0021141292319017545,0.0,0.0,0.0,0,0
geco_matched_plus_actuator_persistence,2A_AIT_002_PV,sensor,selected_sensor_delta,2.0,25.0,7.0,((2_MCV_101_CO * -0.023470242) * 2A_AIT_002_PV) * 2A_AIT_002_PV,-0.0475475253455481,1.101981112345036e-32,0.16387552169973232,1157.4893445419564,1161.5862325844496,578.7446722709782,4.068106360617694,0.0,0.0,0.0,0,0
geco_matched_plus_actuator_persistence,2A_AIT_003_PV,sensor,selected_sensor_delta,2.0,25.0,7.0,2_FIC_201_PV * (2A_AIT_002_PV * (-0.33989054 * 2_FIT_002_PV)),-0.0012282912975181,0.0,0.003720484015034855,2.1787323438736483,2.27174444424952,1.0893661719368242,0.686988340776312,0.0,0.0,0.0,0,0
geco_matched_plus_actuator_persistence,2B_AIT_001_PV,sensor,selected_sensor_delta,2.0,25.0,5.0,2_LS_201_AH * (2_MCV_501_CO * 4.5408036e-5),-0.0044911897181842,0.0,7.71827333816407e-05,0.03087473673383098,0.032804305068371994,0.01543736836691549,0.012964592355746929,0.0,0.0,0.0,0,0
geco_matched_plus_actuator_persistence,3_AIT_001_PV,sensor,selected_sensor_delta,2.0,25.0,1.0,0.0,0.0,0.0,0.00020841843969419892,0.3334209309505961,0.33863139194295105,0.16671046547529805,0.0,0.0,0.0,0.0,0,0
geco_matched_plus_actuator_persistence,3_AIT_003_PV,sensor,selected_sensor_delta,2.0,25.0,3.0,3_AIT_003_PV * -0.09685825,0.036160234996091,32.561618656036444,6.3235121918570645,109.4282129577618,267.5160177541884,54.7141064788809,48.5708259273197,0.0,0.0,0.0,0,0
geco_matched_plus_actuator_persistence,3_AIT_004_PV,sensor,selected_sensor_delta,2.0,25.0,5.0,(3_AIT_004_PV * -0.22340244) + 2_PIT_001_PV,0.0705906221904001,19.22637520277597,455.9909960478907,13528.377046040183,24928.15194723745,6764.188523020091,4527.302069542882,0.0,0.0,0.0,0,0
geco_matched_plus_actuator_persistence,3_AIT_005_PV,sensor,selected_sensor_delta,2.0,25.0,1.0,1.665455e-5,-0.0001843146077267,17.391272839636848,0.0015296999915492212,2.458014065829991,2.496256565618722,1.2290070329149956,0.31388459112275385,0.0,0.0,0.0,0,0
geco_matched_plus_actuator_persistence,3_LS_001_AL,sensor,selected_sensor_delta,2.0,25.0,3.0,1_LS_001_AL - 1_LS_001_AL,,0.0,1e-06,1e-06,2.6e-05,0.0,0.0,0.0,0.0,0.0,0,0
geco_matched_plus_actuator_persistence,LEAK_DIFF_PRESSURE,sensor,selected_sensor_delta,2.0,25.0,7.0,2_FIT_003_PV + ((LEAK_DIFF_PRESSURE * -0.11256748) + 6.922297),0.0315872021934814,16.788538020673613,1.911347078561208,510.4311076706613,558.2147846346915,255.21555383533064,235.61947492026877,0.0,0.0,0.0,0,0
geco_matched_plus_actuator_persistence,PLANT_START_STOP_LOG,sensor,selected_sensor_delta,2.0,25.0,3.0,2_MCV_007_CO * 2_MCV_007_CO,,0.0,1e-06,1e-06,2.6e-05,0.0,2.6e-05,0.009351851851851853,0.0004604108092180383,0.15562512623712382,3,649
geco_matched_plus_actuator_persistence,1_MV_001_STATUS,actuator,actuator_persistence,2.0,25.0,1.0,1_MV_001_STATUS,,,0.04056415846780728,22.130553257245353,23.144657218940534,11.065276628622676,23.144657218940534,0.002511574074074074,0.00015960908052891994,0.04120379721268431,10,103
geco_matched_plus_actuator_persistence,1_MV_004_STATUS,actuator,actuator_persistence,2.0,25.0,1.0,1_MV_004_STATUS,,,0.04067319042827918,22.10940105691381,23.12623081762079,11.054700528456905,2.755960857430325,0.0,0.0,0.0,0,0
geco_matched_plus_actuator_persistence,1_P_001_STATUS,actuator,actuator_persistence,2.0,25.0,1.0,1_P_001_STATUS,,,0.01803574328798211,6.681423235011298,7.132316817210851,3.340711617505649,7.132316817210851,0.0022222222222222222,1.2277621579147688e-05,0.03857806503736619,10,108
geco_matched_plus_actuator_persistence,1_P_002_STATUS,actuator,actuator_persistence,2.0,25.0,1.0,1_P_002_STATUS,,,1e-06,1e-06,2.6e-05,0.0,0.0,0.0,0.0,0.0,0,0
geco_matched_plus_actuator_persistence,1_P_003_STATUS,actuator,actuator_persistence,2.0,25.0,1.0,1_P_003_STATUS,,,0.01803574328798211,6.681423235011298,7.132316817210851,3.340711617505649,7.132316817210851,0.0022222222222222222,1.2277621579147688e-05,0.03857806503736619,10,108
geco_matched_plus_actuator_persistence,1_P_004_STATUS,actuator,actuator_persistence,2.0,25.0,1.0,1_P_004_STATUS,,,1e-06,1e-06,2.6e-05,0.0,0.0,0.0,0.0,0.0,0,0
geco_matched_plus_actuator_persistence,1_P_005_STATUS,actuator,actuator_persistence,2.0,25.0,1.0,1_P_005_STATUS,,,0.040709690311655826,4.254708491327668,5.272450749119064,2.127354245663834,5.272450749119064,0.0003125,0.0,0.005453443748737629,2,43
geco_matched_plus_actuator_persistence,1_P_006_STATUS,actuator,actuator_persistence,2.0,25.0,1.0,1_P_006_STATUS,,,1e-06,1e-06,2.6e-05,0.0,2.6e-05,0.00028935185185185184,0.0001534702697393461,0.002524742476267421,2,25
geco_matched_plus_actuator_persistence,2_MV_001_STATUS,actuator,actuator_persistence,2.0,25.0,1.0,2_MV_001_STATUS,,,1e-06,1e-06,2.6e-05,0.0,0.0,0.0,0.0,0.0,0,0
geco_matched_plus_actuator_persistence,2_MV_002_STATUS,actuator,actuator_persistence,2.0,25.0,1.0,2_MV_002_STATUS,,,1e-06,1e-06,2.6e-05,0.0,0.0,0.0,0.0,0.0,0,0
geco_matched_plus_actuator_persistence,2_MV_003_STATUS,actuator,actuator_persistence,2.0,25.0,1.0,2_MV_003_STATUS,,,0.09216863911203314,15.52048520169293,17.824701179493758,7.760242600846465,17.824701179493758,0.0006539351851851851,0.00015960908052891994,0.008786103817410624,5,54
geco_matched_plus_actuator_persistence,2_MV_004_STATUS,actuator,actuator_persistence,2.0,25.0,1.0,2_MV_004_STATUS,,,1e-06,1e-06,2.6e-05,0.0,0.0,0.0,0.0,0.0,0,0
geco_matched_plus_actuator_persistence,2_MV_005_STATUS,actuator,actuator_persistence,2.0,25.0,1.0,2_MV_005_STATUS,,,1e-06,1e-06,2.6e-05,0.0,0.0,0.0,0.0,0.0,0,0
geco_matched_plus_actuator_persistence,2_MV_006_STATUS,actuator,actuator_persistence,2.0,25.0,1.0,2_MV_006_STATUS,,,0.08828073019980047,8.99845517320679,11.2054734282018,4.499227586603395,4.410946856403594,0.0,0.0,0.0,0,0
geco_matched_plus_actuator_persistence,2_MV_009_STATUS,actuator,actuator_persistence,2.0,25.0,1.0,2_MV_009_STATUS,,,1e-06,1e-06,2.6e-05,0.0,0.0,0.0,0.0,0.0,0,0
geco_matched_plus_actuator_persistence,2_MV_101_STATUS,actuator,actuator_persistence,2.0,25.0,1.0,2_MV_101_STATUS,,,0.02492577904561714,5.700890651452595,6.3240351275930236,2.8504453257262976,2.8504453257262976,0.0,0.0,0.0,0,0
geco_matched_plus_actuator_persistence,2_MV_201_STATUS,actuator,actuator_persistence,2.0,25.0,1.0,2_MV_201_STATUS,,,0.023317454840228517,5.720190541917257,6.30312691292297,2.8600952709586287,2.8600952709586287,0.0,0.0,0.0,0,0
geco_matched_plus_actuator_persistence,2_MV_301_STATUS,actuator,actuator_persistence,2.0,25.0,1.0,2_MV_301_STATUS,,,0.02189085756575435,5.7373097092109475,6.284581148354806,2.8686548546054738,2.8686548546054738,0.0,0.0,0.0,0,0
geco_matched_plus_actuator_persistence,2_MV_401_STATUS,actuator,actuator_persistence,2.0,25.0,1.0,2_MV_401_STATUS,,,0.04256249555772995,9.57350046199608,10.637562850939329,4.78675023099804,3.2338750799608595,0.0,0.0,0.0,0,0
geco_matched_plus_actuator_persistence,2_MV_501_STATUS,actuator,actuator_persistence,2.0,25.0,1.0,2_MV_501_STATUS,,,0.03629246408107271,10.661093304541314,11.568404906568132,5.330546652270657,2.782245215513564,0.0,0.0,0.0,0,0
geco_matched_plus_actuator_persistence,2_MV_601_STATUS,actuator,actuator_persistence,2.0,25.0,1.0,2_MV_601_STATUS,,,0.022086190873586854,5.734965709516958,6.287120481356629,2.867482854758479,2.867482854758479,0.0,0.0,0.0,0,0
geco_matched_plus_actuator_persistence,2_P_003_STATUS,actuator,actuator_persistence,2.0,25.0,1.0,2_P_003_STATUS,,,0.03892715311945345,3.532874162566558,4.506052990552894,1.766437081283279,1.766437081283279,0.0,0.0,0.0,0,0
geco_matched_plus_actuator_persistence,2_P_004_STATUS,actuator,actuator_persistence,2.0,25.0,1.0,2_P_004_STATUS,,,1e-06,1e-06,2.6e-05,0.0,0.0,0.0,0.0,0.0,0,0
geco_matched_plus_actuator_persistence,2_SV_101_STATUS,actuator,actuator_persistence,2.0,25.0,1.0,2_SV_101_STATUS,,,1e-06,1e-06,2.6e-05,0.0,0.0,0.0,0.0,0.0,0,0
geco_matched_plus_actuator_persistence,2_SV_201_STATUS,actuator,actuator_persistence,2.0,25.0,1.0,2_SV_201_STATUS,,,1e-06,1e-06,2.6e-05,0.0,0.0,0.0,0.0,0.0,0,0
geco_matched_plus_actuator_persistence,2_SV_301_STATUS,actuator,actuator_persistence,2.0,25.0,1.0,2_SV_301_STATUS,,,1e-06,1e-06,2.6e-05,0.0,0.0,0.0,0.0,0.0,0,0
geco_matched_plus_actuator_persistence,2_SV_401_STATUS,actuator,actuator_persistence,2.0,25.0,1.0,2_SV_401_STATUS,,,1e-06,1e-06,2.6e-05,0.0,0.0,0.0,0.0,0.0,0,0
geco_matched_plus_actuator_persistence,2_SV_501_STATUS,actuator,actuator_persistence,2.0,25.0,1.0,2_SV_501_STATUS,,,1e-06,1e-06,2.6e-05,0.0,0.0,0.0,0.0,0.0,0,0
geco_matched_plus_actuator_persistence,2_SV_601_STATUS,actuator,actuator_persistence,2.0,25.0,1.0,2_SV_601_STATUS,,,1e-06,1e-06,2.6e-05,0.0,0.0,0.0,0.0,0.0,0,0
geco_matched_plus_actuator_persistence,3_MV_001_STATUS,actuator,actuator_persistence,2.0,25.0,1.0,3_MV_001_STATUS,,,1e-06,1e-06,2.6e-05,0.0,0.0,0.0,0.0,0.0,0,0
geco_matched_plus_actuator_persistence,3_MV_002_STATUS,actuator,actuator_persistence,2.0,25.0,1.0,3_MV_002_STATUS,,,1e-06,1e-06,2.6e-05,0.0,0.0,0.0,0.0,0.0,0,0
geco_matched_plus_actuator_persistence,3_MV_003_STATUS,actuator,actuator_persistence,2.0,25.0,1.0,3_MV_003_STATUS,,,1e-06,1e-06,2.6e-05,0.0,0.0,0.0,0.0,0.0,0,0
geco_matched_plus_actuator_persistence,3_P_001_STATUS,actuator,actuator_persistence,2.0,25.0,1.0,3_P_001_STATUS,,,1e-06,1e-06,2.6e-05,0.0,0.0,0.0,0.0,0.0,0,0
geco_matched_plus_actuator_persistence,3_P_002_STATUS,actuator,actuator_persistence,2.0,25.0,1.0,3_P_002_STATUS,,,1e-06,1e-06,2.6e-05,0.0,0.0,0.0,0.0,0.0,0,0
geco_matched_plus_actuator_persistence,3_P_003_STATUS,actuator,actuator_persistence,2.0,25.0,1.0,3_P_003_STATUS,,,1e-06,1e-06,2.6e-05,0.0,0.0,0.0,0.0,0.0,0,0
geco_matched_plus_actuator_persistence,3_P_004_STATUS,actuator,actuator_persistence,2.0,25.0,1.0,3_P_004_STATUS,,,1e-06,1e-06,2.6e-05,0.0,0.0,0.0,0.0,0.0,0,0
geco_matched_plus_actuator_persistence,1_AIT_002_PV,sensor,selected_sensor_delta,3.0,2.0,5.0,0.015316334 - (1_AIT_002_PV * 0.024466293),0.0119052665651211,41.73000224731814,0.016198173266754025,13.758896996571675,13.791293343105183,4.586298998857225,13.791293343105183,0.0039004629629629628,1.8416432368721532e-05,0.06776408806301758,1,674
geco_matched_plus_actuator_persistence,1_AIT_004_PV,sensor,selected_sensor_delta,3.0,2.0,3.0,3_AIT_004_PV * -5.4525193e-5,-0.0001992524296718,4.910153218946012,2.8444196394286245,3060.3950542017183,3066.0838934805756,1020.1316847339061,933.8179709712217,0.0,0.0,0.0,0,0
geco_matched_plus_actuator_persistence,1_AIT_005_PV,sensor,selected_sensor_delta,3.0,2.0,5.0,(1_FIT_001_PV - 1_AIT_002_PV) * -3.9571616e-5,0.0023463384738832,12.40172474664917,0.0005404796966590669,0.20248841149642555,0.20356937088974367,0.06749613716547519,0.040270004949606274,0.0,0.0,0.0,0,0
geco_matched_plus_actuator_persistence,1_FIT_001_PV,sensor,selected_sensor_delta,3.0,2.0,7.0,((1_LT_001_PV * 1_P_001_STATUS) * -0.0001994969) + 0.014458983,-0.0179323441933463,11.85813818130814,0.03840313085817598,20.817849339775155,20.894655601491507,6.9392831132583845,20.894655601491507,0.0003298611111111111,1.8416432368721532e-05,0.005453443748737629,19,3
geco_matched_plus_actuator_persistence,1_LS_001_AL,sensor,selected_sensor_delta,3.0,2.0,3.0,0.030378316 - 0.030378316,,0.0,1e-06,1e-06,3e-06,0.0,0.0,0.0,0.0,0.0,0,0
geco_matched_plus_actuator_persistence,1_LS_002_AL,sensor,selected_sensor_delta,3.0,2.0,3.0,-0.021763658 - -0.021763658,,0.0,1e-06,1e-06,3e-06,0.0,0.0,0.0,0.0,0.0,0,0
geco_matched_plus_actuator_persistence,2_DPIT_001_PV,sensor,selected_sensor_delta,3.0,2.0,3.0,88.35751 - 2_PIT_002_PV,0.008482119469839,9.66778276190117,43.256756319788046,19480.584097540675,19567.09761018025,6493.528032513559,7067.644661908868,0.0,0.0,0.0,0,0
geco_matched_plus_actuator_persistence,2_FIC_101_CO,sensor,selected_sensor_delta,3.0,2.0,3.0,2_FQ_101_PV * -0.3397043,0.0150389194041339,34.150938108826395,0.5275863868982411,295.18924464090225,296.2444174146987,98.39641488030075,80.61268401614372,0.0,0.0,0.0,0,0
geco_matched_plus_actuator_persistence,2_FIC_101_PV,sensor,selected_sensor_delta,3.0,2.0,3.0,2_FIC_101_PV * -0.016046675,0.002252916125048,18.49348773225588,0.02979673568732669,16.81604385564224,16.875637327016893,5.605347951880746,3.974709597218389,0.0,0.0,0.0,0,0
geco_matched_plus_actuator_persistence,2_FIC_101_SP,sensor,selected_sensor_delta,3.0,2.0,15.0,((2_MV_003_STATUS - 1_MV_001_STATUS) * (2_FIC_201_PV * (3_AIT_001_PV * 2_P_004_SPEED))) * (2.3499095 * (2_MV_009_STATUS - 2_MV_003_STATUS)),-9.112138177336249e-08,0.0,0.0017891865730764527,2.509543662137424,2.5131220352835766,0.836514554045808,0.28821081253285386,0.0,0.0,0.0,0,0
geco_matched_plus_actuator_persistence,2_FIC_201_CO,sensor,selected_sensor_delta,3.0,2.0,3.0,2_FQ_201_PV * -0.25967506,0.0115003398980684,41.3791240636834,0.37493504907663644,282.72819147514144,283.4780615732947,94.24273049171381,109.98883320035127,0.0,0.0,0.0,0,0
geco_matched_plus_actuator_persistence,2_FIC_201_PV,sensor,selected_sensor_delta,3.0,2.0,7.0,(2_FQ_201_PV * 2_FIC_401_PV) * (-0.04007296 - 2_LS_201_AH),0.0034190508627743,39.845894609586814,0.020632148889052914,24.692827379096077,24.734091676874183,8.230942459698692,4.876911715521573,0.0,0.0,0.0,0,0
geco_matched_plus_actuator_persistence,2_FIC_201_SP,sensor,selected_sensor_delta,3.0,2.0,11.0,((2_MV_003_STATUS - 1_P_005_STATUS) * ((2_P_004_SPEED * 3_AIT_001_PV) * 1_FIT_001_PV)) * 2_MV_101_STATUS,-2.3749495703384582e-09,0.0,0.0016237224631009655,0.9551287888012833,0.9583762337274851,0.3183762629337611,0.2383762870736422,0.0,0.0,0.0,0,0
geco_matched_plus_actuator_persistence,2_FIC_301_PV,sensor,selected_sensor_delta,3.0,2.0,3.0,2_FIC_601_PV * -0.009515096,-0.0036792547368171,17.746108309561812,0.020480065128239675,14.911148473358875,14.952108603615354,4.970382824452958,5.163894476575684,0.0,0.0,0.0,0,0
geco_matched_plus_actuator_persistence,2_FIC_301_SP,sensor,selected_sensor_delta,3.0,2.0,13.0,1_FIT_001_PV * ((((4.6891226e-5 * 2_FIC_301_CO) * 2_LS_201_AH) * 4.6891226e-5) * (2_FIC_501_CO * 3_AIT_004_PV)),-0.0308985748156576,0.0,0.002078101798552482,2.885857921200616,2.890014124797721,0.9619526404002053,0.25792190356586553,0.0,0.0,0.0,0,0
geco_matched_plus_actuator_persistence,2_FIC_401_CO,sensor,selected_sensor_delta,3.0,2.0,3.0,2_FQ_401_PV * -0.28900453,0.0068262290096441,31.49156173004372,0.5152049430767641,248.12879335204315,249.15920323819668,82.70959778401438,89.62904282109717,0.0,0.0,0.0,0,0
geco_matched_plus_actuator_persistence,2_FIC_401_PV,sensor,selected_sensor_delta,3.0,2.0,9.0,2_FQ_401_PV * (((2B_AIT_001_PV * 2_FIC_501_SP) + -0.073952936) * 2_FIC_401_PV),-0.0136811757617747,42.44627371380358,0.030358977164082257,21.82736257721787,21.888080531546034,7.27578752573929,5.517591368486072,0.0,0.0,0.0,0,0
geco_matched_plus_actuator_persistence,2_FIC_401_SP,sensor,selected_sensor_delta,3.0,2.0,11.0,(3_AIT_001_PV * ((3_FIT_001_PV + -0.5745507) * (1_P_005_STATUS - 2_MV_003_STATUS))) * 1_FIT_001_PV,-2.5924091762163926e-09,0.0,0.001662038620217033,1.581484127205285,1.5848082044457192,0.527161375735095,0.24833797628094417,0.0,0.0,0.0,0,0
geco_matched_plus_actuator_persistence,2_FIC_501_PV,sensor,selected_sensor_delta,3.0,2.0,3.0,2_FIC_501_PV * -0.019195596,-0.0080578702045512,13.110728544786658,0.023499944593588378,16.96619372254374,17.013193611730916,5.65539790751458,6.0730825129994725,0.0,0.0,0.0,0,0
geco_matched_plus_actuator_persistence,2_FIC_601_CO,sensor,selected_sensor_delta,3.0,2.0,3.0,2_FQ_601_PV * -0.33139205,-0.0036177276086308,38.05090530847815,0.3690366250044411,315.14488588640586,315.88295913641474,105.04829529546862,100.55624201774286,0.0,0.0,0.0,0,0
geco_matched_plus_actuator_persistence,2_FIC_601_PV,sensor,selected_sensor_delta,3.0,2.0,3.0,2_FIC_601_PV * -0.01591041,-0.0054832129042694,19.98884073391906,0.020960186568226402,16.89519955798965,16.9371199311261,5.631733185996549,4.815475964362502,0.0,0.0,0.0,0,0
geco_matched_plus_actuator_persistence,2_FIC_601_SP,sensor,selected_sensor_delta,3.0,2.0,13.0,(2_MCV_201_CO * ((1_MV_001_STATUS - 2_MV_003_STATUS) * 3_AIT_001_PV)) * (-0.00017899254 * (1_MV_001_STATUS - 2_MV_003_STATUS)),-6.513451999978771e-09,0.0,0.0020184410255506147,0.9839446715589302,0.9879815536100314,0.32798155718631006,0.31798154437131143,0.0,0.0,0.0,0,0
geco_matched_plus_actuator_persistence,2_FIT_001_PV,sensor,selected_sensor_delta,3.0,2.0,5.0,(2_MV_003_STATUS - 2_FIT_001_PV) * 0.021082245,-0.0272732956464449,1.6244499683380147,0.08943224896033541,13.33990118328012,13.51876568120079,4.44663372776004,11.845878519953315,0.0,0.0,0.0,0,0
geco_matched_plus_actuator_persistence,2_FIT_002_PV,sensor,selected_sensor_delta,3.0,2.0,3.0,2_FQ_101_PV * -0.010027352,-0.001361467372912,19.48504475212655,0.013844316925125643,4.135428233256037,4.163116867106288,1.3784760777520122,1.66992812094682,0.0,0.0,0.0,0,0
geco_matched_plus_actuator_persistence,2_FIT_003_PV,sensor,selected_sensor_delta,3.0,2.0,3.0,2_FIT_002_PV * 2_PIC_003_PV,0.0553370128865967,4.825827196131465,0.08662036534491208,22.122032569986892,22.295273300676715,7.374010856662298,22.295273300676715,0.0019270833333333334,8.594335105403381e-05,0.03221571399717229,1,333
geco_matched_plus_actuator_persistence,2_FQ_101_PV,sensor,selected_sensor_delta,3.0,2.0,3.0,2_FIC_101_PV * -0.014559889,0.0034545247127396,19.51039912430314,0.029518715120822655,16.424552411676103,16.48358984191775,5.474850803892035,3.7794473133155058,0.0,0.0,0.0,0,0
geco_matched_plus_actuator_persistence,2_FQ_201_PV,sensor,selected_sensor_delta,3.0,2.0,1.0,0.00017188098,-7.82947853235072e-05,42.419670621221854,0.019914913082316514,13.331471310922922,13.371301137087555,4.443823770307641,4.932179232407571,0.0,0.0,0.0,0,0
geco_matched_plus_actuator_persistence,2_FQ_301_PV,sensor,selected_sensor_delta,3.0,2.0,3.0,2_FIC_301_PV * -0.009666798,0.0030450564846143,17.380916905003005,0.020423243574404518,15.708612271701442,15.74945875885025,5.236204090567147,5.170309152234473,0.0,0.0,0.0,0,0
geco_matched_plus_actuator_persistence,2_FQ_401_PV,sensor,selected_sensor_delta,3.0,2.0,3.0,2_FQ_401_PV * -0.016482946,0.0072349124829306,9.838222623484665,0.03102988210774329,15.986054321154494,16.04811408536998,5.328684773718165,5.046962987887681,0.0,0.0,0.0,0,0
geco_matched_plus_actuator_persistence,2_FQ_501_PV,sensor,selected_sensor_delta,3.0,2.0,3.0,2_FIC_501_PV * -0.014651568,-0.0011197778128997,14.59205286561609,0.02297279909369978,16.803406076383997,16.849351674571395,5.601135358794665,5.420083135880075,0.0,0.0,0.0,0,0
geco_matched_plus_actuator_persistence,2_FQ_601_PV,sensor,selected_sensor_delta,3.0,2.0,3.0,2_FIC_601_PV * -0.021256251,-0.0140299318532872,15.7930218718151,0.021655684862108213,17.357242833651114,17.40055420337533,5.7857476112170385,4.870014111900411,0.0,0.0,0.0,0,0
geco_matched_plus_actuator_persistence,2_LS_101_AH,sensor,selected_sensor_delta,3.0,2.0,9.0,((2_FQ_301_PV * 2_MV_101_STATUS) * (2_LS_101_AH - 1_MV_004_STATUS)) * 2_LS_101_AH,-0.1183975229998723,0.0,0.011789963000637876,35.60858074281532,35.632160668816596,11.869526914271773,2.5279678696062966,0.0,0.0,0.0,0,0
geco_matched_plus_actuator_persistence,2_LS_101_AL,sensor,selected_sensor_delta,3.0,2.0,7.0,(2_LS_101_AL * (3_AIT_001_PV * 2_FIC_101_PV)) * -20.992853,0.0,0.0,0.013714954292528232,139.55796315051649,139.58539305910153,46.51932105017216,1.1496728338632498,0.0,0.0,0.0,0,0
geco_matched_plus_actuator_persistence,2_LS_201_AH,sensor,selected_sensor_delta,3.0,2.0,7.0,(2_LS_501_AH * 2_LS_201_AH) * (1_MV_001_STATUS - 1.9999987),0.0,0.0,0.010755052489398766,32.48371848050885,32.50522858548764,10.827906160169617,1.8171641076802207,0.0,0.0,0.0,0,0
geco_matched_plus_actuator_persistence,2_LS_201_AL,sensor,selected_sensor_delta,3.0,2.0,5.0,(3_FIT_001_PV + -0.5867106) * 2_LS_201_AL,-0.0394394750394426,0.0,0.010531012041083483,20.637272509804518,20.658334533886684,6.879090836601506,3.5182206593404732,0.0,0.0,0.0,0,0
geco_matched_plus_actuator_persistence,2_LS_301_AH,sensor,selected_sensor_delta,3.0,2.0,11.0,(3_AIT_003_PV * ((2_FIC_201_PV * (2_FIC_301_SP * 2_LS_301_AH)) * -0.28339157)) * 2_FIT_001_PV,0.0,0.0,0.010381215458828894,45.12416597823129,45.144928409148946,15.04138865941043,1.8131381217410805,0.0,0.0,0.0,0,0
geco_matched_plus_actuator_persistence,2_LS_301_AL,sensor,selected_sensor_delta,3.0,2.0,9.0,(0.72565746 - 3_AIT_005_PV) * (2_LS_301_AL * (3_FIT_001_PV + -0.57262355)),0.0065613225673001,0.0,0.009818646678584217,30.94810514510243,30.9677424384596,10.316035048367477,3.8212904639444676,0.0,0.0,0.0,0,0
geco_matched_plus_actuator_persistence,2_LS_401_AH,sensor,selected_sensor_delta,3.0,2.0,9.0,2_LS_401_AH * (2_FIT_001_PV * ((1_FIT_001_PV * 2_MV_401_STATUS) * -0.024918532)),0.002531028671956,0.0,0.011690146501096944,26.290577590127743,26.313957883129937,8.763525863375914,7.791393179099645,0.0,0.0,0.0,0,0
geco_matched_plus_actuator_persistence,2_LS_401_AL,sensor,selected_sensor_delta,3.0,2.0,9.0,((2_FIC_401_CO * 1_MV_004_STATUS) * 2_FIC_601_CO) * (2_MV_003_STATUS * 4.5439656e-8),-0.0014167605552886,5.777708620498893,0.011701026360304794,4.988750830102868,5.012152882823478,1.6629169433676225,1.414262256890184,0.0,0.0,0.0,0,0
geco_matched_plus_actuator_persistence,2_LS_501_AH,sensor,selected_sensor_delta,3.0,2.0,1.0,9.999286e-5,-9.303286732964544e-05,1.0,0.01057280686784378,10.742062404738753,10.76320801847444,3.580687468246251,1.811289362138813,0.0,0.0,0.0,0,0
geco_matched_plus_actuator_persistence,2_LS_501_AL,sensor,selected_sensor_delta,3.0,2.0,5.0,(2_FQ_401_PV - 2_FQ_101_PV) * 2A_AIT_002_PV,-0.0151335992731873,2.571116455665051e-32,0.011420730252754334,62.518884417781265,62.541725878286776,20.839628139260423,4.153981333017071,0.0,0.0,0.0,0,0
geco_matched_plus_actuator_persistence,2_LS_601_AH,sensor,selected_sensor_delta,3.0,2.0,9.0,2_LS_301_AH * ((2_FIC_501_SP - 0.22000383) * (2_FIT_001_PV * 2_FIC_401_SP)),0.0,0.0,0.01137293638321413,169.52001512970912,169.54276100247554,56.50667170990304,1.6701848448867902,0.0,0.0,0.0,0,0
geco_matched_plus_actuator_persistence,2_LS_601_AL,sensor,selected_sensor_delta,3.0,2.0,5.0,(2B_AIT_003_PV * -0.0038763508) + 0.033448044,-0.0022001244809992,4.797744669484077,0.010188883403531176,5.321003944952038,5.3413817117591,1.773667981650679,1.6563197500556504,0.0,0.0,0.0,0,0
geco_matched_plus_actuator_persistence,2_LT_002_PV,sensor,selected_sensor_delta,3.0,2.0,5.0,(TOTAL_CONS_REQUIRED_FLOW - 2_FIT_001_PV) * -0.03581529,0.0202287766691278,24.794094900339346,0.15304194999487877,14.167116172914339,14.473200072904097,4.722372057638113,14.473200072904097,0.002181712962962963,0.00015960908052891994,0.035447384366794586,47,45
geco_matched_plus_actuator_persistence,2_MCV_007_CO,sensor,selected_sensor_delta,3.0,2.0,3.0,3_P_003_STATUS - 2_MV_002_STATUS,,0.0,1e-06,1e-06,3e-06,0.0,3e-06,0.0005208333333333333,5.5249297106164594e-05,0.008180165623106443,30,3
geco_matched_plus_actuator_persistence,2_P_003_SPEED,sensor,selected_sensor_delta,3.0,2.0,1.0,2_P_004_SPEED,0.000302468603613,1.2555573934924376,1.1749209730634267,228.93930481889734,231.28914676502419,76.31310160629911,74.90048855516326,0.0,0.0,0.0,0,0
geco_matched_plus_actuator_persistence,2_PIC_003_CO,sensor,selected_sensor_delta,3.0,2.0,7.0,((2_PIC_003_PV - 2_MV_006_STATUS) + 0.92499703) * 0.515833,0.0239900981892037,32.36284519360931,0.624249617240662,2518.0607114162895,2519.3092106507706,839.3535704720965,68.28561631553673,0.0,0.0,0.0,0,0
geco_matched_plus_actuator_persistence,2_PIC_003_PV,sensor,selected_sensor_delta,3.0,2.0,7.0,(2_PIC_003_PV + (0.9200428 - 2_MV_006_STATUS)) * -0.06421421,0.0198915417593883,26.39547806641177,0.06264419974295483,480.0104236731662,480.1357120726521,160.00347455772206,7.018815523038089,0.0,0.0,0.0,0,0
geco_matched_plus_actuator_persistence,2_PIT_001_PV,sensor,selected_sensor_delta,3.0,2.0,5.0,1.1427776 - (2_DPIT_001_PV * 0.0004586949),0.006621193393292,10.36563242243466,0.3894949934835992,202.9764170416035,203.7554070285707,67.6588056805345,76.04932049113552,0.0,0.0,0.0,0,0
geco_matched_plus_actuator_persistence,2_PIT_002_PV,sensor,selected_sensor_delta,3.0,2.0,5.0,(2_DPIT_001_PV * -0.003075006) + 7.663425,0.0050784784743534,9.060265717850797,2.2764557660727176,1248.3734623909181,1252.9263739230635,416.1244874636394,494.70586953373856,0.0,0.0,0.0,0,0
geco_matched_plus_actuator_persistence,2_PIT_003_PV,sensor,selected_sensor_delta,3.0,2.0,7.0,((2_MV_006_STATUS - 2_PIC_003_PV) + -0.9245177) * 0.057637595,0.0175529740100325,29.471299638718875,0.062284469291722,358.18468713240287,358.3092560709863,119.39489571080095,7.435230275214128,0.0,0.0,0.0,0,0
geco_matched_plus_actuator_persistence,2A_AIT_001_PV,sensor,selected_sensor_delta,3.0,2.0,1.0,1.9560876e-7,-8.863622583454855e-06,1.0,0.00016305843894173642,0.7592666017099834,0.7595927185878668,0.25308886723666113,0.0021141292319017545,0.0,0.0,0.0,0,0
geco_matched_plus_actuator_persistence,2A_AIT_002_PV,sensor,selected_sensor_delta,3.0,2.0,7.0,((2_MCV_101_CO * -0.023470242) * 2A_AIT_002_PV) * 2A_AIT_002_PV,-0.0475475253455481,1.101981112345036e-32,0.16387552169973232,1736.2340168129344,1736.561767856334,578.7446722709782,4.068106360617694,0.0,0.0,0.0,0,0
geco_matched_plus_actuator_persistence,2A_AIT_003_PV,sensor,selected_sensor_delta,3.0,2.0,7.0,2_FIC_201_PV * (2A_AIT_002_PV * (-0.33989054 * 2_FIT_002_PV)),-0.0012282912975181,0.0,0.003720484015034855,3.2680985158104727,3.2755394838405425,1.0893661719368242,0.686988340776312,0.0,0.0,0.0,0,0
geco_matched_plus_actuator_persistence,2B_AIT_001_PV,sensor,selected_sensor_delta,3.0,2.0,5.0,2_LS_201_AH * (2_MCV_501_CO * 4.5408036e-5),-0.0044911897181842,0.0,7.71827333816407e-05,0.046312105100746466,0.04646647056750975,0.01543736836691549,0.012964592355746929,0.0,0.0,0.0,0,0
geco_matched_plus_actuator_persistence,3_AIT_001_PV,sensor,selected_sensor_delta,3.0,2.0,1.0,0.0,0.0,0.0,0.00020841843969419892,0.5001313964258942,0.5005482333052826,0.16671046547529805,0.0,0.0,0.0,0.0,0,0
geco_matched_plus_actuator_persistence,3_AIT_003_PV,sensor,selected_sensor_delta,3.0,2.0,3.0,3_AIT_003_PV * -0.09685825,0.036160234996091,32.561618656036444,6.3235121918570645,164.1423194366427,176.78934382035683,54.7141064788809,48.5708259273197,0.0,0.0,0.0,0,0
geco_matched_plus_actuator_persistence,3_AIT_004_PV,sensor,selected_sensor_delta,3.0,2.0,5.0,(3_AIT_004_PV * -0.22340244) + 2_PIT_001_PV,0.0705906221904001,19.22637520277597,455.9909960478907,20292.565569060273,21204.547561156054,6764.188523020091,4527.302069542882,0.0,0.0,0.0,0,0
geco_matched_plus_actuator_persistence,3_AIT_005_PV,sensor,selected_sensor_delta,3.0,2.0,1.0,1.665455e-5,-0.0001843146077267,17.391272839636848,0.0015296999915492212,3.687021098744987,3.6900804987280855,1.2290070329149956,0.31388459112275385,0.0,0.0,0.0,0,0
geco_matched_plus_actuator_persistence,3_LS_001_AL,sensor,selected_sensor_delta,3.0,2.0,3.0,1_LS_001_AL - 1_LS_001_AL,,0.0,1e-06,1e-06,3e-06,0.0,0.0,0.0,0.0,0.0,0,0
geco_matched_plus_actuator_persistence,LEAK_DIFF_PRESSURE,sensor,selected_sensor_delta,3.0,2.0,7.0,2_FIT_003_PV + ((LEAK_DIFF_PRESSURE * -0.11256748) + 6.922297),0.0315872021934814,16.788538020673613,1.911347078561208,765.6466615059919,769.4693556631144,255.21555383533064,235.61947492026877,0.0,0.0,0.0,0,0
geco_matched_plus_actuator_persistence,PLANT_START_STOP_LOG,sensor,selected_sensor_delta,3.0,2.0,3.0,2_MCV_007_CO * 2_MCV_007_CO,,0.0,1e-06,1e-06,3e-06,0.0,3e-06,0.008969907407407407,5.5249297106164594e-05,0.15562512623712382,3,627
geco_matched_plus_actuator_persistence,1_MV_001_STATUS,actuator,actuator_persistence,3.0,2.0,1.0,1_MV_001_STATUS,,,0.04056415846780728,33.19582988586803,33.27695820280364,11.065276628622676,33.27695820280364,0.0002199074074074074,1.2277621579147688e-05,0.003635629165825086,19,2
geco_matched_plus_actuator_persistence,1_MV_004_STATUS,actuator,actuator_persistence,3.0,2.0,1.0,1_MV_004_STATUS,,,0.04067319042827918,33.164101585370716,33.245447966227275,11.054700528456905,2.755960857430325,0.0,0.0,0.0,0,0
geco_matched_plus_actuator_persistence,1_P_001_STATUS,actuator,actuator_persistence,3.0,2.0,1.0,1_P_001_STATUS,,,0.01803574328798211,10.022134852516947,10.058206339092912,3.340711617505649,10.058206339092912,0.00020833333333333335,0.0,0.003635629165825086,12,3
geco_matched_plus_actuator_persistence,1_P_002_STATUS,actuator,actuator_persistence,3.0,2.0,1.0,1_P_002_STATUS,,,1e-06,1e-06,3e-06,0.0,0.0,0.0,0.0,0.0,0,0
geco_matched_plus_actuator_persistence,1_P_003_STATUS,actuator,actuator_persistence,3.0,2.0,1.0,1_P_003_STATUS,,,0.01803574328798211,10.022134852516947,10.058206339092912,3.340711617505649,10.058206339092912,0.00020833333333333335,0.0,0.003635629165825086,12,3
geco_matched_plus_actuator_persistence,1_P_004_STATUS,actuator,actuator_persistence,3.0,2.0,1.0,1_P_004_STATUS,,,1e-06,1e-06,3e-06,0.0,0.0,0.0,0.0,0.0,0,0
geco_matched_plus_actuator_persistence,1_P_005_STATUS,actuator,actuator_persistence,3.0,2.0,1.0,1_P_005_STATUS,,,0.040709690311655826,6.382062736991502,6.463482117614814,2.127354245663834,5.336127871950981,0.0,0.0,0.0,0,0
geco_matched_plus_actuator_persistence,1_P_006_STATUS,actuator,actuator_persistence,3.0,2.0,1.0,1_P_006_STATUS,,,1e-06,1e-06,3e-06,0.0,3e-06,3.472222222222222e-05,1.8416432368721532e-05,0.0003029690971520905,2,3
geco_matched_plus_actuator_persistence,2_MV_001_STATUS,actuator,actuator_persistence,3.0,2.0,1.0,2_MV_001_STATUS,,,1e-06,1e-06,3e-06,0.0,0.0,0.0,0.0,0.0,0,0
geco_matched_plus_actuator_persistence,2_MV_002_STATUS,actuator,actuator_persistence,3.0,2.0,1.0,2_MV_002_STATUS,,,1e-06,1e-06,3e-06,0.0,0.0,0.0,0.0,0.0,0,0
geco_matched_plus_actuator_persistence,2_MV_003_STATUS,actuator,actuator_persistence,3.0,2.0,1.0,2_MV_003_STATUS,,,0.09216863911203314,23.280727802539396,23.465065080763463,7.760242600846465,19.671701159626604,0.0,0.0,0.0,0,0
geco_matched_plus_actuator_persistence,2_MV_004_STATUS,actuator,actuator_persistence,3.0,2.0,1.0,2_MV_004_STATUS,,,1e-06,1e-06,3e-06,0.0,0.0,0.0,0.0,0.0,0,0
geco_matched_plus_actuator_persistence,2_MV_005_STATUS,actuator,actuator_persistence,3.0,2.0,1.0,2_MV_005_STATUS,,,1e-06,1e-06,3e-06,0.0,0.0,0.0,0.0,0.0,0,0
geco_matched_plus_actuator_persistence,2_MV_006_STATUS,actuator,actuator_persistence,3.0,2.0,1.0,2_MV_006_STATUS,,,0.08828073019980047,13.497682759810184,13.674244220209784,4.499227586603395,4.410946856403594,0.0,0.0,0.0,0,0
geco_matched_plus_actuator_persistence,2_MV_009_STATUS,actuator,actuator_persistence,3.0,2.0,1.0,2_MV_009_STATUS,,,1e-06,1e-06,3e-06,0.0,0.0,0.0,0.0,0.0,0,0
geco_matched_plus_actuator_persistence,2_MV_101_STATUS,actuator,actuator_persistence,3.0,2.0,1.0,2_MV_101_STATUS,,,0.02492577904561714,8.551335977178892,8.601187535270126,2.8504453257262976,2.8504453257262976,0.0,0.0,0.0,0,0
geco_matched_plus_actuator_persistence,2_MV_201_STATUS,actuator,actuator_persistence,3.0,2.0,1.0,2_MV_201_STATUS,,,0.023317454840228517,8.580285812875886,8.626920722556342,2.8600952709586287,2.8600952709586287,0.0,0.0,0.0,0,0
geco_matched_plus_actuator_persistence,2_MV_301_STATUS,actuator,actuator_persistence,3.0,2.0,1.0,2_MV_301_STATUS,,,0.02189085756575435,8.605964563816421,8.64974627894793,2.8686548546054738,2.8686548546054738,0.0,0.0,0.0,0,0
geco_matched_plus_actuator_persistence,2_MV_401_STATUS,actuator,actuator_persistence,3.0,2.0,1.0,2_MV_401_STATUS,,,0.04256249555772995,14.36025069299412,14.44537568410958,4.78675023099804,3.2338750799608595,0.0,0.0,0.0,0,0
geco_matched_plus_actuator_persistence,2_MV_501_STATUS,actuator,actuator_persistence,3.0,2.0,1.0,2_MV_501_STATUS,,,0.03629246408107271,15.991639956811971,16.064224884974116,5.330546652270657,2.782245215513564,0.0,0.0,0.0,0,0
geco_matched_plus_actuator_persistence,2_MV_601_STATUS,actuator,actuator_persistence,3.0,2.0,1.0,2_MV_601_STATUS,,,0.022086190873586854,8.602448564275438,8.646620946022612,2.867482854758479,2.867482854758479,0.0,0.0,0.0,0,0
geco_matched_plus_actuator_persistence,2_P_003_STATUS,actuator,actuator_persistence,3.0,2.0,1.0,2_P_003_STATUS,,,0.03892715311945345,5.2993112438498375,5.377165550088744,1.766437081283279,1.766437081283279,0.0,0.0,0.0,0,0
geco_matched_plus_actuator_persistence,2_P_004_STATUS,actuator,actuator_persistence,3.0,2.0,1.0,2_P_004_STATUS,,,1e-06,1e-06,3e-06,0.0,0.0,0.0,0.0,0.0,0,0
geco_matched_plus_actuator_persistence,2_SV_101_STATUS,actuator,actuator_persistence,3.0,2.0,1.0,2_SV_101_STATUS,,,1e-06,1e-06,3e-06,0.0,0.0,0.0,0.0,0.0,0,0
geco_matched_plus_actuator_persistence,2_SV_201_STATUS,actuator,actuator_persistence,3.0,2.0,1.0,2_SV_201_STATUS,,,1e-06,1e-06,3e-06,0.0,0.0,0.0,0.0,0.0,0,0
geco_matched_plus_actuator_persistence,2_SV_301_STATUS,actuator,actuator_persistence,3.0,2.0,1.0,2_SV_301_STATUS,,,1e-06,1e-06,3e-06,0.0,0.0,0.0,0.0,0.0,0,0
geco_matched_plus_actuator_persistence,2_SV_401_STATUS,actuator,actuator_persistence,3.0,2.0,1.0,2_SV_401_STATUS,,,1e-06,1e-06,3e-06,0.0,0.0,0.0,0.0,0.0,0,0
geco_matched_plus_actuator_persistence,2_SV_501_STATUS,actuator,actuator_persistence,3.0,2.0,1.0,2_SV_501_STATUS,,,1e-06,1e-06,3e-06,0.0,0.0,0.0,0.0,0.0,0,0
geco_matched_plus_actuator_persistence,2_SV_601_STATUS,actuator,actuator_persistence,3.0,2.0,1.0,2_SV_601_STATUS,,,1e-06,1e-06,3e-06,0.0,0.0,0.0,0.0,0.0,0,0
geco_matched_plus_actuator_persistence,3_MV_001_STATUS,actuator,actuator_persistence,3.0,2.0,1.0,3_MV_001_STATUS,,,1e-06,1e-06,3e-06,0.0,0.0,0.0,0.0,0.0,0,0
geco_matched_plus_actuator_persistence,3_MV_002_STATUS,actuator,actuator_persistence,3.0,2.0,1.0,3_MV_002_STATUS,,,1e-06,1e-06,3e-06,0.0,0.0,0.0,0.0,0.0,0,0
geco_matched_plus_actuator_persistence,3_MV_003_STATUS,actuator,actuator_persistence,3.0,2.0,1.0,3_MV_003_STATUS,,,1e-06,1e-06,3e-06,0.0,0.0,0.0,0.0,0.0,0,0
geco_matched_plus_actuator_persistence,3_P_001_STATUS,actuator,actuator_persistence,3.0,2.0,1.0,3_P_001_STATUS,,,1e-06,1e-06,3e-06,0.0,0.0,0.0,0.0,0.0,0,0
geco_matched_plus_actuator_persistence,3_P_002_STATUS,actuator,actuator_persistence,3.0,2.0,1.0,3_P_002_STATUS,,,1e-06,1e-06,3e-06,0.0,0.0,0.0,0.0,0.0,0,0
geco_matched_plus_actuator_persistence,3_P_003_STATUS,actuator,actuator_persistence,3.0,2.0,1.0,3_P_003_STATUS,,,1e-06,1e-06,3e-06,0.0,0.0,0.0,0.0,0.0,0,0
geco_matched_plus_actuator_persistence,3_P_004_STATUS,actuator,actuator_persistence,3.0,2.0,1.0,3_P_004_STATUS,,,1e-06,1e-06,3e-06,0.0,0.0,0.0,0.0,0.0,0,0
geco_matched_plus_actuator_persistence,1_AIT_002_PV,sensor,selected_sensor_delta,3.0,5.98,5.0,0.015316334 - (1_AIT_002_PV * 0.024466293),0.0119052665651211,41.73000224731814,0.016198173266754025,13.758896996571675,13.855762072706865,4.586298998857225,13.855762072706865,0.003929398148148148,4.911048631659075e-05,0.06776408806301758,1,679
geco_matched_plus_actuator_persistence,1_AIT_004_PV,sensor,selected_sensor_delta,3.0,5.98,3.0,3_AIT_004_PV * -5.4525193e-5,-0.0001992524296718,4.910153218946012,2.8444196394286245,3060.3950542017183,3077.4046836455013,1020.1316847339061,933.8179709712217,0.0,0.0,0.0,0,0
geco_matched_plus_actuator_persistence,1_AIT_005_PV,sensor,selected_sensor_delta,3.0,5.98,5.0,(1_FIT_001_PV - 1_AIT_002_PV) * -3.9571616e-5,0.0023463384738832,12.40172474664917,0.0005404796966590669,0.20248841149642555,0.20572048008244675,0.06749613716547519,0.040270004949606274,0.0,0.0,0.0,0,0
geco_matched_plus_actuator_persistence,1_FIT_001_PV,sensor,selected_sensor_delta,3.0,5.98,7.0,((1_LT_001_PV * 1_P_001_STATUS) * -0.0001994969) + 0.014458983,-0.0179323441933463,11.85813818130814,0.03840313085817598,20.817849339775155,21.047500062307048,6.9392831132583845,21.047500062307048,0.0007986111111111112,4.911048631659075e-05,0.013128660876590587,13,19
geco_matched_plus_actuator_persistence,1_LS_001_AL,sensor,selected_sensor_delta,3.0,5.98,3.0,0.030378316 - 0.030378316,,0.0,1e-06,1e-06,6.98e-06,0.0,0.0,0.0,0.0,0.0,0,0
geco_matched_plus_actuator_persistence,1_LS_002_AL,sensor,selected_sensor_delta,3.0,5.98,3.0,-0.021763658 - -0.021763658,,0.0,1e-06,1e-06,6.98e-06,0.0,0.0,0.0,0.0,0.0,0,0
geco_matched_plus_actuator_persistence,2_DPIT_001_PV,sensor,selected_sensor_delta,3.0,5.98,3.0,88.35751 - 2_PIT_002_PV,0.008482119469839,9.66778276190117,43.256756319788046,19480.584097540675,19739.259500333006,6493.528032513559,7067.644661908868,0.0,0.0,0.0,0,0
geco_matched_plus_actuator_persistence,2_FIC_101_CO,sensor,selected_sensor_delta,3.0,5.98,3.0,2_FQ_101_PV * -0.3397043,0.0150389194041339,34.150938108826395,0.5275863868982411,295.18924464090225,298.3442112345537,98.39641488030075,80.61268401614372,0.0,0.0,0.0,0,0
geco_matched_plus_actuator_persistence,2_FIC_101_PV,sensor,selected_sensor_delta,3.0,5.98,3.0,2_FIC_101_PV * -0.016046675,0.002252916125048,18.49348773225588,0.02979673568732669,16.81604385564224,16.99422833505245,5.605347951880746,3.974709597218389,0.0,0.0,0.0,0,0
geco_matched_plus_actuator_persistence,2_FIC_101_SP,sensor,selected_sensor_delta,3.0,5.98,15.0,((2_MV_003_STATUS - 1_MV_001_STATUS) * (2_FIC_201_PV * (3_AIT_001_PV * 2_P_004_SPEED))) * (2.3499095 * (2_MV_009_STATUS - 2_MV_003_STATUS)),-9.112138177336249e-08,0.0,0.0017891865730764527,2.509543662137424,2.520242997844421,0.836514554045808,0.28821081253285386,0.0,0.0,0.0,0,0
geco_matched_plus_actuator_persistence,2_FIC_201_CO,sensor,selected_sensor_delta,3.0,5.98,3.0,2_FQ_201_PV * -0.25967506,0.0115003398980684,41.3791240636834,0.37493504907663644,282.72819147514144,284.9703030686197,94.24273049171381,109.98883320035127,0.0,0.0,0.0,0,0
geco_matched_plus_actuator_persistence,2_FIC_201_PV,sensor,selected_sensor_delta,3.0,5.98,7.0,(2_FQ_201_PV * 2_FIC_401_PV) * (-0.04007296 - 2_LS_201_AH),0.0034190508627743,39.845894609586814,0.020632148889052914,24.692827379096077,24.816207629452613,8.230942459698692,4.876911715521573,0.0,0.0,0.0,0,0
geco_matched_plus_actuator_persistence,2_FIC_201_SP,sensor,selected_sensor_delta,3.0,5.98,11.0,((2_MV_003_STATUS - 1_P_005_STATUS) * ((2_P_004_SPEED * 3_AIT_001_PV) * 1_FIT_001_PV)) * 2_MV_101_STATUS,-2.3749495703384582e-09,0.0,0.0016237224631009655,0.9551287888012833,0.964838649130627,0.3183762629337611,0.2383762870736422,0.0,0.0,0.0,0,0
geco_matched_plus_actuator_persistence,2_FIC_301_PV,sensor,selected_sensor_delta,3.0,5.98,3.0,2_FIC_601_PV * -0.009515096,-0.0036792547368171,17.746108309561812,0.020480065128239675,14.911148473358875,15.033619262825749,4.970382824452958,5.163894476575684,0.0,0.0,0.0,0,0
geco_matched_plus_actuator_persistence,2_FIC_301_SP,sensor,selected_sensor_delta,3.0,5.98,13.0,1_FIT_001_PV * ((((4.6891226e-5 * 2_FIC_301_CO) * 2_LS_201_AH) * 4.6891226e-5) * (2_FIC_501_CO * 3_AIT_004_PV)),-0.0308985748156576,0.0,0.002078101798552482,2.885857921200616,2.89828496995596,0.9619526404002053,0.25792190356586553,0.0,0.0,0.0,0,0
geco_matched_plus_actuator_persistence,2_FIC_401_CO,sensor,selected_sensor_delta,3.0,5.98,3.0,2_FQ_401_PV * -0.28900453,0.0068262290096441,31.49156173004372,0.5152049430767641,248.12879335204315,251.2097189116422,82.70959778401438,89.62904282109717,0.0,0.0,0.0,0,0
geco_matched_plus_actuator_persistence,2_FIC_401_PV,sensor,selected_sensor_delta,3.0,5.98,9.0,2_FQ_401_PV * (((2B_AIT_001_PV * 2_FIC_501_SP) + -0.073952936) * 2_FIC_401_PV),-0.0136811757617747,42.44627371380358,0.030358977164082257,21.82736257721787,22.00890926065908,7.27578752573929,5.517591368486072,0.0,0.0,0.0,0,0
geco_matched_plus_actuator_persistence,2_FIC_401_SP,sensor,selected_sensor_delta,3.0,5.98,11.0,(3_AIT_001_PV * ((3_FIT_001_PV + -0.5745507) * (1_P_005_STATUS - 2_MV_003_STATUS))) * 1_FIT_001_PV,-2.5924091762163926e-09,0.0,0.001662038620217033,1.581484127205285,1.591423118154183,0.527161375735095,0.24833797628094417,0.0,0.0,0.0,0,0
geco_matched_plus_actuator_persistence,2_FIC_501_PV,sensor,selected_sensor_delta,3.0,5.98,3.0,2_FIC_501_PV * -0.019195596,-0.0080578702045512,13.110728544786658,0.023499944593588378,16.96619372254374,17.106723391213396,5.65539790751458,6.0730825129994725,0.0,0.0,0.0,0,0
geco_matched_plus_actuator_persistence,2_FIC_601_CO,sensor,selected_sensor_delta,3.0,5.98,3.0,2_FQ_601_PV * -0.33139205,-0.0036177276086308,38.05090530847815,0.3690366250044411,315.14488588640586,317.3517249039324,105.04829529546862,100.55624201774286,0.0,0.0,0.0,0,0
geco_matched_plus_actuator_persistence,2_FIC_601_PV,sensor,selected_sensor_delta,3.0,5.98,3.0,2_FIC_601_PV * -0.01591041,-0.0054832129042694,19.98884073391906,0.020960186568226402,16.89519955798965,17.02054147366764,5.631733185996549,4.815475964362502,0.0,0.0,0.0,0,0
geco_matched_plus_actuator_persistence,2_FIC_601_SP,sensor,selected_sensor_delta,3.0,5.98,13.0,(2_MCV_201_CO * ((1_MV_001_STATUS - 2_MV_003_STATUS) * 3_AIT_001_PV)) * (-0.00017899254 * (1_MV_001_STATUS - 2_MV_003_STATUS)),-6.513451999978771e-09,0.0,0.0020184410255506147,0.9839446715589302,0.9960149488917228,0.32798155718631006,0.31798154437131143,0.0,0.0,0.0,0,0
geco_matched_plus_actuator_persistence,2_FIT_001_PV,sensor,selected_sensor_delta,3.0,5.98,5.0,(2_MV_003_STATUS - 2_FIT_001_PV) * 0.021082245,-0.0272732956464449,1.6244499683380147,0.08943224896033541,13.33990118328012,13.874706032062925,4.44663372776004,11.845878519953315,0.0,0.0,0.0,0,0
geco_matched_plus_actuator_persistence,2_FIT_002_PV,sensor,selected_sensor_delta,3.0,5.98,3.0,2_FQ_101_PV * -0.010027352,-0.001361467372912,19.48504475212655,0.013844316925125643,4.135428233256037,4.218217248468288,1.3784760777520122,1.66992812094682,0.0,0.0,0.0,0,0
geco_matched_plus_actuator_persistence,2_FIT_003_PV,sensor,selected_sensor_delta,3.0,5.98,3.0,2_FIT_002_PV * 2_PIC_003_PV,0.0553370128865967,4.825827196131465,0.08662036534491208,22.122032569986892,22.640022354749465,7.374010856662298,22.640022354749465,0.0019502314814814814,0.00011049859421232919,0.03221571399717229,1,337
geco_matched_plus_actuator_persistence,2_FQ_101_PV,sensor,selected_sensor_delta,3.0,5.98,3.0,2_FIC_101_PV * -0.014559889,0.0034545247127396,19.51039912430314,0.029518715120822655,16.424552411676103,16.601074328098623,5.474850803892035,3.7794473133155058,0.0,0.0,0.0,0,0
geco_matched_plus_actuator_persistence,2_FQ_201_PV,sensor,selected_sensor_delta,3.0,5.98,1.0,0.00017188098,-7.82947853235072e-05,42.419670621221854,0.019914913082316514,13.331471310922922,13.450562491155175,4.443823770307641,4.932179232407571,0.0,0.0,0.0,0,0
geco_matched_plus_actuator_persistence,2_FQ_301_PV,sensor,selected_sensor_delta,3.0,5.98,3.0,2_FIC_301_PV * -0.009666798,0.0030450564846143,17.380916905003005,0.020423243574404518,15.708612271701442,15.83074326827638,5.236204090567147,5.170309152234473,0.0,0.0,0.0,0,0
geco_matched_plus_actuator_persistence,2_FQ_401_PV,sensor,selected_sensor_delta,3.0,5.98,3.0,2_FQ_401_PV * -0.016482946,0.0072349124829306,9.838222623484665,0.03102988210774329,15.986054321154494,16.171613016158798,5.328684773718165,5.046962987887681,0.0,0.0,0.0,0,0
geco_matched_plus_actuator_persistence,2_FQ_501_PV,sensor,selected_sensor_delta,3.0,5.98,3.0,2_FIC_501_PV * -0.014651568,-0.0011197778128997,14.59205286561609,0.02297279909369978,16.803406076383997,16.940783414964322,5.601135358794665,5.420083135880075,0.0,0.0,0.0,0,0
geco_matched_plus_actuator_persistence,2_FQ_601_PV,sensor,selected_sensor_delta,3.0,5.98,3.0,2_FIC_601_PV * -0.021256251,-0.0140299318532872,15.7930218718151,0.021655684862108213,17.357242833651114,17.48674382912652,5.7857476112170385,4.870014111900411,0.0,0.0,0.0,0,0
geco_matched_plus_actuator_persistence,2_LS_101_AH,sensor,selected_sensor_delta,3.0,5.98,9.0,((2_FQ_301_PV * 2_MV_101_STATUS) * (2_LS_101_AH - 1_MV_004_STATUS)) * 2_LS_101_AH,-0.1183975229998723,0.0,0.011789963000637876,35.60858074281532,35.679084721559136,11.869526914271773,2.5279678696062966,0.0,0.0,0.0,0,0
geco_matched_plus_actuator_persistence,2_LS_101_AL,sensor,selected_sensor_delta,3.0,5.98,7.0,(2_LS_101_AL * (3_AIT_001_PV * 2_FIC_101_PV)) * -20.992853,0.0,0.0,0.013714954292528232,139.55796315051649,139.63997857718581,46.51932105017216,1.1496728338632498,0.0,0.0,0.0,0,0
geco_matched_plus_actuator_persistence,2_LS_201_AH,sensor,selected_sensor_delta,3.0,5.98,7.0,(2_LS_501_AH * 2_LS_201_AH) * (1_MV_001_STATUS - 1.9999987),0.0,0.0,0.010755052489398766,32.48371848050885,32.54803369439545,10.827906160169617,1.8171641076802207,0.0,0.0,0.0,0,0
geco_matched_plus_actuator_persistence,2_LS_201_AL,sensor,selected_sensor_delta,3.0,5.98,5.0,(3_FIT_001_PV + -0.5867106) * 2_LS_201_AL,-0.0394394750394426,0.0,0.010531012041083483,20.637272509804518,20.7002479618102,6.879090836601506,3.5182206593404732,0.0,0.0,0.0,0,0
geco_matched_plus_actuator_persistence,2_LS_301_AH,sensor,selected_sensor_delta,3.0,5.98,11.0,(3_AIT_003_PV * ((2_FIC_201_PV * (2_FIC_301_SP * 2_LS_301_AH)) * -0.28339157)) * 2_FIT_001_PV,0.0,0.0,0.010381215458828894,45.12416597823129,45.18624564667508,15.04138865941043,1.8131381217410805,0.0,0.0,0.0,0,0
geco_matched_plus_actuator_persistence,2_LS_301_AL,sensor,selected_sensor_delta,3.0,5.98,9.0,(0.72565746 - 3_AIT_005_PV) * (2_LS_301_AL * (3_FIT_001_PV + -0.57262355)),0.0065613225673001,0.0,0.009818646678584217,30.94810514510243,31.006820652240364,10.316035048367477,3.8212904639444676,0.0,0.0,0.0,0,0
geco_matched_plus_actuator_persistence,2_LS_401_AH,sensor,selected_sensor_delta,3.0,5.98,9.0,2_LS_401_AH * (2_FIT_001_PV * ((1_FIT_001_PV * 2_MV_401_STATUS) * -0.024918532)),0.002531028671956,0.0,0.011690146501096944,26.290577590127743,26.360484666204304,8.763525863375914,7.791393179099645,0.0,0.0,0.0,0,0
geco_matched_plus_actuator_persistence,2_LS_401_AL,sensor,selected_sensor_delta,3.0,5.98,9.0,((2_FIC_401_CO * 1_MV_004_STATUS) * 2_FIC_601_CO) * (2_MV_003_STATUS * 4.5439656e-8),-0.0014167605552886,5.777708620498893,0.011701026360304794,4.988750830102868,5.0587229677374905,1.6629169433676225,1.414262256890184,0.0,0.0,0.0,0,0
geco_matched_plus_actuator_persistence,2_LS_501_AH,sensor,selected_sensor_delta,3.0,5.98,1.0,9.999286e-5,-9.303286732964544e-05,1.0,0.01057280686784378,10.742062404738753,10.805287789808458,3.580687468246251,1.811289362138813,0.0,0.0,0.0,0,0
geco_matched_plus_actuator_persistence,2_LS_501_AL,sensor,selected_sensor_delta,3.0,5.98,5.0,(2_FQ_401_PV - 2_FQ_101_PV) * 2A_AIT_002_PV,-0.0151335992731873,2.571116455665051e-32,0.011420730252754334,62.518884417781265,62.587180384692736,20.839628139260423,4.153981333017071,0.0,0.0,0.0,0,0
geco_matched_plus_actuator_persistence,2_LS_601_AH,sensor,selected_sensor_delta,3.0,5.98,9.0,2_LS_301_AH * ((2_FIC_501_SP - 0.22000383) * (2_FIT_001_PV * 2_FIC_401_SP)),0.0,0.0,0.01137293638321413,169.52001512970912,169.58802528928075,56.50667170990304,1.6701848448867902,0.0,0.0,0.0,0,0
geco_matched_plus_actuator_persistence,2_LS_601_AL,sensor,selected_sensor_delta,3.0,5.98,5.0,(2B_AIT_003_PV * -0.0038763508) + 0.033448044,-0.0022001244809992,4.797744669484077,0.010188883403531176,5.321003944952038,5.381933467705154,1.773667981650679,1.6563197500556504,0.0,0.0,0.0,0,0
geco_matched_plus_actuator_persistence,2_LT_002_PV,sensor,selected_sensor_delta,3.0,5.98,5.0,(TOTAL_CONS_REQUIRED_FLOW - 2_FIT_001_PV) * -0.03581529,0.0202287766691278,24.794094900339346,0.15304194999487877,14.167116172914339,15.082307033883714,4.722372057638113,15.082307033883714,0.0035185185185185185,0.00028852410710997065,0.05665522116744092,20,193
geco_matched_plus_actuator_persistence,2_MCV_007_CO,sensor,selected_sensor_delta,3.0,5.98,3.0,3_P_003_STATUS - 2_MV_002_STATUS,,0.0,1e-06,1e-06,6.98e-06,0.0,6.98e-06,0.0010416666666666667,0.00011049859421232919,0.016360331246212886,29,12
geco_matched_plus_actuator_persistence,2_P_003_SPEED,sensor,selected_sensor_delta,3.0,5.98,1.0,2_P_004_SPEED,0.000302468603613,1.2555573934924376,1.1749209730634267,228.93930481889734,235.96533223781663,76.31310160629911,74.90048855516326,0.0,0.0,0.0,0,0
geco_matched_plus_actuator_persistence,2_PIC_003_CO,sensor,selected_sensor_delta,3.0,5.98,7.0,((2_PIC_003_PV - 2_MV_006_STATUS) + 0.92499703) * 0.515833,0.0239900981892037,32.36284519360931,0.624249617240662,2518.0607114162895,2521.7937241273885,839.3535704720965,68.28561631553673,0.0,0.0,0.0,0,0
geco_matched_plus_actuator_persistence,2_PIC_003_PV,sensor,selected_sensor_delta,3.0,5.98,7.0,(2_PIC_003_PV + (0.9200428 - 2_MV_006_STATUS)) * -0.06421421,0.0198915417593883,26.39547806641177,0.06264419974295483,480.0104236731662,480.38503598762907,160.00347455772206,7.018815523038089,0.0,0.0,0.0,0,0
geco_matched_plus_actuator_persistence,2_PIT_001_PV,sensor,selected_sensor_delta,3.0,5.98,5.0,1.1427776 - (2_DPIT_001_PV * 0.0004586949),0.006621193393292,10.36563242243466,0.3894949934835992,202.9764170416035,205.30559710263543,67.6588056805345,76.04932049113552,0.0,0.0,0.0,0,0
geco_matched_plus_actuator_persistence,2_PIT_002_PV,sensor,selected_sensor_delta,3.0,5.98,5.0,(2_DPIT_001_PV * -0.003075006) + 7.663425,0.0050784784743534,9.060265717850797,2.2764557660727176,1248.3734623909181,1261.986667872033,416.1244874636394,494.70586953373856,0.0,0.0,0.0,0,0
geco_matched_plus_actuator_persistence,2_PIT_003_PV,sensor,selected_sensor_delta,3.0,5.98,7.0,((2_MV_006_STATUS - 2_PIC_003_PV) + -0.9245177) * 0.057637595,0.0175529740100325,29.471299638718875,0.062284469291722,358.18468713240287,358.55714825876737,119.39489571080095,7.435230275214128,0.0,0.0,0.0,0,0
geco_matched_plus_actuator_persistence,2A_AIT_001_PV,sensor,selected_sensor_delta,3.0,5.98,1.0,1.9560876e-7,-8.863622583454855e-06,1.0,0.00016305843894173642,0.7592666017099834,0.760241691174855,0.25308886723666113,0.0021141292319017545,0.0,0.0,0.0,0,0
geco_matched_plus_actuator_persistence,2A_AIT_002_PV,sensor,selected_sensor_delta,3.0,5.98,7.0,((2_MCV_101_CO * -0.023470242) * 2A_AIT_002_PV) * 2A_AIT_002_PV,-0.0475475253455481,1.101981112345036e-32,0.16387552169973232,1736.2340168129344,1737.213992432699,578.7446722709782,4.068106360617694,0.0,0.0,0.0,0,0
geco_matched_plus_actuator_persistence,2A_AIT_003_PV,sensor,selected_sensor_delta,3.0,5.98,7.0,2_FIC_201_PV * (2A_AIT_002_PV * (-0.33989054 * 2_FIT_002_PV)),-0.0012282912975181,0.0,0.003720484015034855,3.2680985158104727,3.290347010220381,1.0893661719368242,0.686988340776312,0.0,0.0,0.0,0,0
geco_matched_plus_actuator_persistence,2B_AIT_001_PV,sensor,selected_sensor_delta,3.0,5.98,5.0,2_LS_201_AH * (2_MCV_501_CO * 4.5408036e-5),-0.0044911897181842,0.0,7.71827333816407e-05,0.046312105100746466,0.04677365784636868,0.01543736836691549,0.012964592355746929,0.0,0.0,0.0,0,0
geco_matched_plus_actuator_persistence,3_AIT_001_PV,sensor,selected_sensor_delta,3.0,5.98,1.0,0.0,0.0,0.0,0.00020841843969419892,0.5001313964258942,0.5013777386952655,0.16671046547529805,0.0,0.0,0.0,0.0,0,0
geco_matched_plus_actuator_persistence,3_AIT_003_PV,sensor,selected_sensor_delta,3.0,5.98,3.0,3_AIT_003_PV * -0.09685825,0.036160234996091,32.561618656036444,6.3235121918570645,164.1423194366427,201.95692234394795,54.7141064788809,48.5708259273197,0.0,0.0,0.0,0,0
geco_matched_plus_actuator_persistence,3_AIT_004_PV,sensor,selected_sensor_delta,3.0,5.98,5.0,(3_AIT_004_PV * -0.22340244) + 2_PIT_001_PV,0.0705906221904001,19.22637520277597,455.9909960478907,20292.565569060273,23019.39172542666,6764.188523020091,4527.302069542882,0.0,0.0,0.0,0,0
geco_matched_plus_actuator_persistence,3_AIT_005_PV,sensor,selected_sensor_delta,3.0,5.98,1.0,1.665455e-5,-0.0001843146077267,17.391272839636848,0.0015296999915492212,3.687021098744987,3.6961687046944514,1.2290070329149956,0.31388459112275385,0.0,0.0,0.0,0,0
geco_matched_plus_actuator_persistence,3_LS_001_AL,sensor,selected_sensor_delta,3.0,5.98,3.0,1_LS_001_AL - 1_LS_001_AL,,0.0,1e-06,1e-06,6.98e-06,0.0,0.0,0.0,0.0,0.0,0,0
geco_matched_plus_actuator_persistence,LEAK_DIFF_PRESSURE,sensor,selected_sensor_delta,3.0,5.98,7.0,2_FIT_003_PV + ((LEAK_DIFF_PRESSURE * -0.11256748) + 6.922297),0.0315872021934814,16.788538020673613,1.911347078561208,765.6466615059919,777.0765170357879,255.21555383533064,235.61947492026877,0.0,0.0,0.0,0,0
geco_matched_plus_actuator_persistence,PLANT_START_STOP_LOG,sensor,selected_sensor_delta,3.0,5.98,3.0,2_MCV_007_CO * 2_MCV_007_CO,,0.0,1e-06,1e-06,6.98e-06,0.0,6.98e-06,0.00902199074074074,0.00011049859421232919,0.15562512623712382,3,630
geco_matched_plus_actuator_persistence,1_MV_001_STATUS,actuator,actuator_persistence,3.0,5.98,1.0,1_MV_001_STATUS,,,0.04056415846780728,33.19582988586803,33.438403553505516,11.065276628622676,33.438403553505516,0.0006423611111111111,3.6832864737443065e-05,0.010603918400323167,13,17
geco_matched_plus_actuator_persistence,1_MV_004_STATUS,actuator,actuator_persistence,3.0,5.98,1.0,1_MV_004_STATUS,,,0.04067319042827918,33.164101585370716,33.40732726413182,11.054700528456905,2.755960857430325,0.0,0.0,0.0,0,0
geco_matched_plus_actuator_persistence,1_P_001_STATUS,actuator,actuator_persistence,3.0,5.98,1.0,1_P_001_STATUS,,,0.01803574328798211,10.022134852516947,10.12998859737908,3.340711617505649,10.12998859737908,0.0004166666666666667,0.0,0.007271258331650172,12,6
geco_matched_plus_actuator_persistence,1_P_002_STATUS,actuator,actuator_persistence,3.0,5.98,1.0,1_P_002_STATUS,,,1e-06,1e-06,6.98e-06,0.0,0.0,0.0,0.0,0.0,0,0
geco_matched_plus_actuator_persistence,1_P_003_STATUS,actuator,actuator_persistence,3.0,5.98,1.0,1_P_003_STATUS,,,0.01803574328798211,10.022134852516947,10.12998859737908,3.340711617505649,10.12998859737908,0.0004166666666666667,0.0,0.007271258331650172,12,6
geco_matched_plus_actuator_persistence,1_P_004_STATUS,actuator,actuator_persistence,3.0,5.98,1.0,1_P_004_STATUS,,,1e-06,1e-06,6.98e-06,0.0,0.0,0.0,0.0,0.0,0,0
geco_matched_plus_actuator_persistence,1_P_005_STATUS,actuator,actuator_persistence,3.0,5.98,1.0,1_P_005_STATUS,,,0.040709690311655826,6.382062736991502,6.625506685055203,2.127354245663834,5.336127871950981,0.0,0.0,0.0,0,0
geco_matched_plus_actuator_persistence,1_P_006_STATUS,actuator,actuator_persistence,3.0,5.98,1.0,1_P_006_STATUS,,,1e-06,1e-06,6.98e-06,0.0,6.98e-06,6.944444444444444e-05,3.6832864737443065e-05,0.000605938194304181,2,6
geco_matched_plus_actuator_persistence,2_MV_001_STATUS,actuator,actuator_persistence,3.0,5.98,1.0,2_MV_001_STATUS,,,1e-06,1e-06,6.98e-06,0.0,0.0,0.0,0.0,0.0,0,0
geco_matched_plus_actuator_persistence,2_MV_002_STATUS,actuator,actuator_persistence,3.0,5.98,1.0,2_MV_002_STATUS,,,1e-06,1e-06,6.98e-06,0.0,0.0,0.0,0.0,0.0,0,0
geco_matched_plus_actuator_persistence,2_MV_003_STATUS,actuator,actuator_persistence,3.0,5.98,1.0,2_MV_003_STATUS,,,0.09216863911203314,23.280727802539396,23.831896264429353,7.760242600846465,19.671701159626604,0.0,0.0,0.0,0,0
geco_matched_plus_actuator_persistence,2_MV_004_STATUS,actuator,actuator_persistence,3.0,5.98,1.0,2_MV_004_STATUS,,,1e-06,1e-06,6.98e-06,0.0,0.0,0.0,0.0,0.0,0,0
geco_matched_plus_actuator_persistence,2_MV_005_STATUS,actuator,actuator_persistence,3.0,5.98,1.0,2_MV_005_STATUS,,,1e-06,1e-06,6.98e-06,0.0,0.0,0.0,0.0,0.0,0,0
geco_matched_plus_actuator_persistence,2_MV_006_STATUS,actuator,actuator_persistence,3.0,5.98,1.0,2_MV_006_STATUS,,,0.08828073019980047,13.497682759810184,14.02560152640499,4.499227586603395,4.410946856403594,0.0,0.0,0.0,0,0
geco_matched_plus_actuator_persistence,2_MV_009_STATUS,actuator,actuator_persistence,3.0,5.98,1.0,2_MV_009_STATUS,,,1e-06,1e-06,6.98e-06,0.0,0.0,0.0,0.0,0.0,0,0
geco_matched_plus_actuator_persistence,2_MV_101_STATUS,actuator,actuator_persistence,3.0,5.98,1.0,2_MV_101_STATUS,,,0.02492577904561714,8.551335977178892,8.700392135871683,2.8504453257262976,2.8504453257262976,0.0,0.0,0.0,0,0
geco_matched_plus_actuator_persistence,2_MV_201_STATUS,actuator,actuator_persistence,3.0,5.98,1.0,2_MV_201_STATUS,,,0.023317454840228517,8.580285812875886,8.719724192820452,2.8600952709586287,2.8600952709586287,0.0,0.0,0.0,0,0
geco_matched_plus_actuator_persistence,2_MV_301_STATUS,actuator,actuator_persistence,3.0,5.98,1.0,2_MV_301_STATUS,,,0.02189085756575435,8.605964563816421,8.736871892059632,2.8686548546054738,2.8686548546054738,0.0,0.0,0.0,0,0
geco_matched_plus_actuator_persistence,2_MV_401_STATUS,actuator,actuator_persistence,3.0,5.98,1.0,2_MV_401_STATUS,,,0.04256249555772995,14.36025069299412,14.614774416429345,4.78675023099804,3.2338750799608595,0.0,0.0,0.0,0,0
geco_matched_plus_actuator_persistence,2_MV_501_STATUS,actuator,actuator_persistence,3.0,5.98,1.0,2_MV_501_STATUS,,,0.03629246408107271,15.991639956811971,16.208668892016785,5.330546652270657,2.782245215513564,0.0,0.0,0.0,0,0
geco_matched_plus_actuator_persistence,2_MV_601_STATUS,actuator,actuator_persistence,3.0,5.98,1.0,2_MV_601_STATUS,,,0.022086190873586854,8.602448564275438,8.734523985699488,2.867482854758479,2.867482854758479,0.0,0.0,0.0,0,0
geco_matched_plus_actuator_persistence,2_P_003_STATUS,actuator,actuator_persistence,3.0,5.98,1.0,2_P_003_STATUS,,,0.03892715311945345,5.2993112438498375,5.532095619504169,1.766437081283279,1.766437081283279,0.0,0.0,0.0,0,0
geco_matched_plus_actuator_persistence,2_P_004_STATUS,actuator,actuator_persistence,3.0,5.98,1.0,2_P_004_STATUS,,,1e-06,1e-06,6.98e-06,0.0,0.0,0.0,0.0,0.0,0,0
geco_matched_plus_actuator_persistence,2_SV_101_STATUS,actuator,actuator_persistence,3.0,5.98,1.0,2_SV_101_STATUS,,,1e-06,1e-06,6.98e-06,0.0,0.0,0.0,0.0,0.0,0,0
geco_matched_plus_actuator_persistence,2_SV_201_STATUS,actuator,actuator_persistence,3.0,5.98,1.0,2_SV_201_STATUS,,,1e-06,1e-06,6.98e-06,0.0,0.0,0.0,0.0,0.0,0,0
geco_matched_plus_actuator_persistence,2_SV_301_STATUS,actuator,actuator_persistence,3.0,5.98,1.0,2_SV_301_STATUS,,,1e-06,1e-06,6.98e-06,0.0,0.0,0.0,0.0,0.0,0,0
geco_matched_plus_actuator_persistence,2_SV_401_STATUS,actuator,actuator_persistence,3.0,5.98,1.0,2_SV_401_STATUS,,,1e-06,1e-06,6.98e-06,0.0,0.0,0.0,0.0,0.0,0,0
geco_matched_plus_actuator_persistence,2_SV_501_STATUS,actuator,actuator_persistence,3.0,5.98,1.0,2_SV_501_STATUS,,,1e-06,1e-06,6.98e-06,0.0,0.0,0.0,0.0,0.0,0,0
geco_matched_plus_actuator_persistence,2_SV_601_STATUS,actuator,actuator_persistence,3.0,5.98,1.0,2_SV_601_STATUS,,,1e-06,1e-06,6.98e-06,0.0,0.0,0.0,0.0,0.0,0,0
geco_matched_plus_actuator_persistence,3_MV_001_STATUS,actuator,actuator_persistence,3.0,5.98,1.0,3_MV_001_STATUS,,,1e-06,1e-06,6.98e-06,0.0,0.0,0.0,0.0,0.0,0,0
geco_matched_plus_actuator_persistence,3_MV_002_STATUS,actuator,actuator_persistence,3.0,5.98,1.0,3_MV_002_STATUS,,,1e-06,1e-06,6.98e-06,0.0,0.0,0.0,0.0,0.0,0,0
geco_matched_plus_actuator_persistence,3_MV_003_STATUS,actuator,actuator_persistence,3.0,5.98,1.0,3_MV_003_STATUS,,,1e-06,1e-06,6.98e-06,0.0,0.0,0.0,0.0,0.0,0,0
geco_matched_plus_actuator_persistence,3_P_001_STATUS,actuator,actuator_persistence,3.0,5.98,1.0,3_P_001_STATUS,,,1e-06,1e-06,6.98e-06,0.0,0.0,0.0,0.0,0.0,0,0
geco_matched_plus_actuator_persistence,3_P_002_STATUS,actuator,actuator_persistence,3.0,5.98,1.0,3_P_002_STATUS,,,1e-06,1e-06,6.98e-06,0.0,0.0,0.0,0.0,0.0,0,0
geco_matched_plus_actuator_persistence,3_P_003_STATUS,actuator,actuator_persistence,3.0,5.98,1.0,3_P_003_STATUS,,,1e-06,1e-06,6.98e-06,0.0,0.0,0.0,0.0,0.0,0,0
geco_matched_plus_actuator_persistence,3_P_004_STATUS,actuator,actuator_persistence,3.0,5.98,1.0,3_P_004_STATUS,,,1e-06,1e-06,6.98e-06,0.0,0.0,0.0,0.0,0.0,0,0
geco_matched_plus_actuator_persistence,1_AIT_002_PV,sensor,selected_sensor_delta,3.0,9.74,5.0,0.015316334 - (1_AIT_002_PV * 0.024466293),0.0119052665651211,41.73000224731814,0.016198173266754025,13.758896996571675,13.91666720418986,4.586298998857225,13.91666720418986,0.003952546296296296,7.366572947488613e-05,0.06776408806301758,1,683
geco_matched_plus_actuator_persistence,1_AIT_004_PV,sensor,selected_sensor_delta,3.0,9.74,3.0,3_AIT_004_PV * -5.4525193e-5,-0.0001992524296718,4.910153218946012,2.8444196394286245,3060.3950542017183,3088.099701489753,1020.1316847339061,933.8179709712217,0.0,0.0,0.0,0,0
geco_matched_plus_actuator_persistence,1_AIT_005_PV,sensor,selected_sensor_delta,3.0,9.74,5.0,(1_FIT_001_PV - 1_AIT_002_PV) * -3.9571616e-5,0.0023463384738832,12.40172474664917,0.0005404796966590669,0.20248841149642555,0.20775268374188485,0.06749613716547519,0.040270004949606274,0.0,0.0,0.0,0,0
geco_matched_plus_actuator_persistence,1_FIT_001_PV,sensor,selected_sensor_delta,3.0,9.74,7.0,((1_LT_001_PV * 1_P_001_STATUS) * -0.0001994969) + 0.014458983,-0.0179323441933463,11.85813818130814,0.03840313085817598,20.817849339775155,21.19189583433379,6.9392831132583845,21.19189583433379,0.0010706018518518519,7.980454026445997e-05,0.017370228236719853,8,56
geco_matched_plus_actuator_persistence,1_LS_001_AL,sensor,selected_sensor_delta,3.0,9.74,3.0,0.030378316 - 0.030378316,,0.0,1e-06,1e-06,1.074e-05,0.0,0.0,0.0,0.0,0.0,0,0
geco_matched_plus_actuator_persistence,1_LS_002_AL,sensor,selected_sensor_delta,3.0,9.74,3.0,-0.021763658 - -0.021763658,,0.0,1e-06,1e-06,1.074e-05,0.0,0.0,0.0,0.0,0.0,0,0
geco_matched_plus_actuator_persistence,2_DPIT_001_PV,sensor,selected_sensor_delta,3.0,9.74,3.0,88.35751 - 2_PIT_002_PV,0.008482119469839,9.66778276190117,43.256756319788046,19480.584097540675,19901.904904095412,6493.528032513559,7067.644661908868,0.0,0.0,0.0,0,0
geco_matched_plus_actuator_persistence,2_FIC_101_CO,sensor,selected_sensor_delta,3.0,9.74,3.0,2_FQ_101_PV * -0.3397043,0.0150389194041339,34.150938108826395,0.5275863868982411,295.18924464090225,300.3279360492911,98.39641488030075,80.61268401614372,0.0,0.0,0.0,0,0
geco_matched_plus_actuator_persistence,2_FIC_101_PV,sensor,selected_sensor_delta,3.0,9.74,3.0,2_FIC_101_PV * -0.016046675,0.002252916125048,18.49348773225588,0.02979673568732669,16.81604385564224,17.1062640612368,5.605347951880746,3.974709597218389,0.0,0.0,0.0,0,0
geco_matched_plus_actuator_persistence,2_FIC_101_SP,sensor,selected_sensor_delta,3.0,9.74,15.0,((2_MV_003_STATUS - 1_MV_001_STATUS) * (2_FIC_201_PV * (3_AIT_001_PV * 2_P_004_SPEED))) * (2.3499095 * (2_MV_009_STATUS - 2_MV_003_STATUS)),-9.112138177336249e-08,0.0,0.0017891865730764527,2.509543662137424,2.5269703393591887,0.836514554045808,0.28821081253285386,0.0,0.0,0.0,0,0
geco_matched_plus_actuator_persistence,2_FIC_201_CO,sensor,selected_sensor_delta,3.0,9.74,3.0,2_FQ_201_PV * -0.25967506,0.0115003398980684,41.3791240636834,0.37493504907663644,282.72819147514144,286.3800588531479,94.24273049171381,109.98883320035127,0.0,0.0,0.0,0,0
geco_matched_plus_actuator_persistence,2_FIC_201_PV,sensor,selected_sensor_delta,3.0,9.74,7.0,(2_FQ_201_PV * 2_FIC_401_PV) * (-0.04007296 - 2_LS_201_AH),0.0034190508627743,39.845894609586814,0.020632148889052914,24.692827379096077,24.893784509275452,8.230942459698692,4.876911715521573,0.0,0.0,0.0,0,0
geco_matched_plus_actuator_persistence,2_FIC_201_SP,sensor,selected_sensor_delta,3.0,9.74,11.0,((2_MV_003_STATUS - 1_P_005_STATUS) * ((2_P_004_SPEED * 3_AIT_001_PV) * 1_FIT_001_PV)) * 2_MV_101_STATUS,-2.3749495703384582e-09,0.0,0.0016237224631009655,0.9551287888012833,0.9709438455918866,0.3183762629337611,0.2383762870736422,0.0,0.0,0.0,0,0
geco_matched_plus_actuator_persistence,2_FIC_301_PV,sensor,selected_sensor_delta,3.0,9.74,3.0,2_FIC_601_PV * -0.009515096,-0.0036792547368171,17.746108309561812,0.020480065128239675,14.911148473358875,15.11062430770793,4.970382824452958,5.163894476575684,0.0,0.0,0.0,0,0
geco_matched_plus_actuator_persistence,2_FIC_301_SP,sensor,selected_sensor_delta,3.0,9.74,13.0,1_FIT_001_PV * ((((4.6891226e-5 * 2_FIC_301_CO) * 2_LS_201_AH) * 4.6891226e-5) * (2_FIC_501_CO * 3_AIT_004_PV)),-0.0308985748156576,0.0,0.002078101798552482,2.885857921200616,2.906098632718517,0.9619526404002053,0.25792190356586553,0.0,0.0,0.0,0,0
geco_matched_plus_actuator_persistence,2_FIC_401_CO,sensor,selected_sensor_delta,3.0,9.74,3.0,2_FQ_401_PV * -0.28900453,0.0068262290096441,31.49156173004372,0.5152049430767641,248.12879335204315,253.14688949761083,82.70959778401438,89.62904282109717,0.0,0.0,0.0,0,0
geco_matched_plus_actuator_persistence,2_FIC_401_PV,sensor,selected_sensor_delta,3.0,9.74,9.0,2_FQ_401_PV * (((2B_AIT_001_PV * 2_FIC_501_SP) + -0.073952936) * 2_FIC_401_PV),-0.0136811757617747,42.44627371380358,0.030358977164082257,21.82736257721787,22.12305901479603,7.27578752573929,5.517591368486072,0.0,0.0,0.0,0,0
geco_matched_plus_actuator_persistence,2_FIC_401_SP,sensor,selected_sensor_delta,3.0,9.74,11.0,(3_AIT_001_PV * ((3_FIT_001_PV + -0.5745507) * (1_P_005_STATUS - 2_MV_003_STATUS))) * 1_FIT_001_PV,-2.5924091762163926e-09,0.0,0.001662038620217033,1.581484127205285,1.597672383366199,0.527161375735095,0.24833797628094417,0.0,0.0,0.0,0,0
geco_matched_plus_actuator_persistence,2_FIC_501_PV,sensor,selected_sensor_delta,3.0,9.74,3.0,2_FIC_501_PV * -0.019195596,-0.0080578702045512,13.110728544786658,0.023499944593588378,16.96619372254374,17.19508318288529,5.65539790751458,6.0730825129994725,0.0,0.0,0.0,0,0
geco_matched_plus_actuator_persistence,2_FIC_601_CO,sensor,selected_sensor_delta,3.0,9.74,3.0,2_FQ_601_PV * -0.33139205,-0.0036177276086308,38.05090530847815,0.3690366250044411,315.14488588640586,318.7393026139491,105.04829529546862,100.55624201774286,0.0,0.0,0.0,0,0
geco_matched_plus_actuator_persistence,2_FIC_601_PV,sensor,selected_sensor_delta,3.0,9.74,3.0,2_FIC_601_PV * -0.01591041,-0.0054832129042694,19.98884073391906,0.020960186568226402,16.89519955798965,17.099351775164173,5.631733185996549,4.815475964362502,0.0,0.0,0.0,0,0
geco_matched_plus_actuator_persistence,2_FIC_601_SP,sensor,selected_sensor_delta,3.0,9.74,13.0,(2_MCV_201_CO * ((1_MV_001_STATUS - 2_MV_003_STATUS) * 3_AIT_001_PV)) * (-0.00017899254 * (1_MV_001_STATUS - 2_MV_003_STATUS)),-6.513451999978771e-09,0.0,0.0020184410255506147,0.9839446715589302,1.0036042871477933,0.32798155718631006,0.31798154437131143,0.0,0.0,0.0,0,0
geco_matched_plus_actuator_persistence,2_FIT_001_PV,sensor,selected_sensor_delta,3.0,9.74,5.0,(2_MV_003_STATUS - 2_FIT_001_PV) * 0.021082245,-0.0272732956464449,1.6244499683380147,0.08943224896033541,13.33990118328012,14.210971288153786,4.44663372776004,11.845878519953315,0.0,0.0,0.0,0,0
geco_matched_plus_actuator_persistence,2_FIT_002_PV,sensor,selected_sensor_delta,3.0,9.74,3.0,2_FQ_101_PV * -0.010027352,-0.001361467372912,19.48504475212655,0.013844316925125643,4.135428233256037,4.270271880106761,1.3784760777520122,1.66992812094682,0.0,0.0,0.0,0,0
geco_matched_plus_actuator_persistence,2_FIT_003_PV,sensor,selected_sensor_delta,3.0,9.74,3.0,2_FIT_002_PV * 2_PIC_003_PV,0.0553370128865967,4.825827196131465,0.08662036534491208,22.122032569986892,22.965714928446335,7.374010856662298,22.965714928446335,0.0019675925925925924,0.0001289150265810507,0.03221571399717229,1,340
geco_matched_plus_actuator_persistence,2_FQ_101_PV,sensor,selected_sensor_delta,3.0,9.74,3.0,2_FIC_101_PV * -0.014559889,0.0034545247127396,19.51039912430314,0.029518715120822655,16.424552411676103,16.712064696952915,5.474850803892035,3.7794473133155058,0.0,0.0,0.0,0,0
geco_matched_plus_actuator_persistence,2_FQ_201_PV,sensor,selected_sensor_delta,3.0,9.74,1.0,0.00017188098,-7.82947853235072e-05,42.419670621221854,0.019914913082316514,13.331471310922922,13.525442564344685,4.443823770307641,4.932179232407571,0.0,0.0,0.0,0,0
geco_matched_plus_actuator_persistence,2_FQ_301_PV,sensor,selected_sensor_delta,3.0,9.74,3.0,2_FIC_301_PV * -0.009666798,0.0030450564846143,17.380916905003005,0.020423243574404518,15.708612271701442,15.907534664116142,5.236204090567147,5.170309152234473,0.0,0.0,0.0,0,0
geco_matched_plus_actuator_persistence,2_FQ_401_PV,sensor,selected_sensor_delta,3.0,9.74,3.0,2_FQ_401_PV * -0.016482946,0.0072349124829306,9.838222623484665,0.03102988210774329,15.986054321154494,16.288285372883912,5.328684773718165,5.046962987887681,0.0,0.0,0.0,0,0
geco_matched_plus_actuator_persistence,2_FQ_501_PV,sensor,selected_sensor_delta,3.0,9.74,3.0,2_FIC_501_PV * -0.014651568,-0.0011197778128997,14.59205286561609,0.02297279909369978,16.803406076383997,17.027161139556632,5.601135358794665,5.420083135880075,0.0,0.0,0.0,0,0
geco_matched_plus_actuator_persistence,2_FQ_601_PV,sensor,selected_sensor_delta,3.0,9.74,3.0,2_FIC_601_PV * -0.021256251,-0.0140299318532872,15.7930218718151,0.021655684862108213,17.357242833651114,17.568169204208047,5.7857476112170385,4.870014111900411,0.0,0.0,0.0,0,0
geco_matched_plus_actuator_persistence,2_LS_101_AH,sensor,selected_sensor_delta,3.0,9.74,9.0,((2_FQ_301_PV * 2_MV_101_STATUS) * (2_LS_101_AH - 1_MV_004_STATUS)) * 2_LS_101_AH,-0.1183975229998723,0.0,0.011789963000637876,35.60858074281532,35.72341498244153,11.869526914271773,2.5279678696062966,0.0,0.0,0.0,0,0
geco_matched_plus_actuator_persistence,2_LS_101_AL,sensor,selected_sensor_delta,3.0,9.74,7.0,(2_LS_101_AL * (3_AIT_001_PV * 2_FIC_101_PV)) * -20.992853,0.0,0.0,0.013714954292528232,139.55796315051649,139.69154680532571,46.51932105017216,1.1496728338632498,0.0,0.0,0.0,0,0
geco_matched_plus_actuator_persistence,2_LS_201_AH,sensor,selected_sensor_delta,3.0,9.74,7.0,(2_LS_501_AH * 2_LS_201_AH) * (1_MV_001_STATUS - 1.9999987),0.0,0.0,0.010755052489398766,32.48371848050885,32.58847269175559,10.827906160169617,1.8171641076802207,0.0,0.0,0.0,0,0
geco_matched_plus_actuator_persistence,2_LS_201_AL,sensor,selected_sensor_delta,3.0,9.74,5.0,(3_FIT_001_PV + -0.5867106) * 2_LS_201_AL,-0.0394394750394426,0.0,0.010531012041083483,20.637272509804518,20.73984456708467,6.879090836601506,3.5182206593404732,0.0,0.0,0.0,0,0
geco_matched_plus_actuator_persistence,2_LS_301_AH,sensor,selected_sensor_delta,3.0,9.74,11.0,(3_AIT_003_PV * ((2_FIC_201_PV * (2_FIC_301_SP * 2_LS_301_AH)) * -0.28339157)) * 2_FIT_001_PV,0.0,0.0,0.010381215458828894,45.12416597823129,45.225279016800286,15.04138865941043,1.8131381217410805,0.0,0.0,0.0,0,0
geco_matched_plus_actuator_persistence,2_LS_301_AL,sensor,selected_sensor_delta,3.0,9.74,9.0,(0.72565746 - 3_AIT_005_PV) * (2_LS_301_AL * (3_FIT_001_PV + -0.57262355)),0.0065613225673001,0.0,0.009818646678584217,30.94810514510243,31.043738763751843,10.316035048367477,3.8212904639444676,0.0,0.0,0.0,0,0
geco_matched_plus_actuator_persistence,2_LS_401_AH,sensor,selected_sensor_delta,3.0,9.74,9.0,2_LS_401_AH * (2_FIT_001_PV * ((1_FIT_001_PV * 2_MV_401_STATUS) * -0.024918532)),0.002531028671956,0.0,0.011690146501096944,26.290577590127743,26.40443961704843,8.763525863375914,7.791393179099645,0.0,0.0,0.0,0,0
geco_matched_plus_actuator_persistence,2_LS_401_AL,sensor,selected_sensor_delta,3.0,9.74,9.0,((2_FIC_401_CO * 1_MV_004_STATUS) * 2_FIC_601_CO) * (2_MV_003_STATUS * 4.5439656e-8),-0.0014167605552886,5.777708620498893,0.011701026360304794,4.988750830102868,5.102718826852237,1.6629169433676225,1.414262256890184,0.0,0.0,0.0,0,0
geco_matched_plus_actuator_persistence,2_LS_501_AH,sensor,selected_sensor_delta,3.0,9.74,1.0,9.999286e-5,-9.303286732964544e-05,1.0,0.01057280686784378,10.742062404738753,10.845041543631552,3.580687468246251,1.811289362138813,0.0,0.0,0.0,0,0
geco_matched_plus_actuator_persistence,2_LS_501_AL,sensor,selected_sensor_delta,3.0,9.74,5.0,(2_FQ_401_PV - 2_FQ_101_PV) * 2A_AIT_002_PV,-0.0151335992731873,2.571116455665051e-32,0.011420730252754334,62.518884417781265,62.63012233044309,20.839628139260423,4.153981333017071,0.0,0.0,0.0,0,0
geco_matched_plus_actuator_persistence,2_LS_601_AH,sensor,selected_sensor_delta,3.0,9.74,9.0,2_LS_301_AH * ((2_FIC_501_SP - 0.22000383) * (2_FIT_001_PV * 2_FIC_401_SP)),0.0,0.0,0.01137293638321413,169.52001512970912,169.63078753008162,56.50667170990304,1.6701848448867902,0.0,0.0,0.0,0,0
geco_matched_plus_actuator_persistence,2_LS_601_AL,sensor,selected_sensor_delta,3.0,9.74,5.0,(2B_AIT_003_PV * -0.0038763508) + 0.033448044,-0.0022001244809992,4.797744669484077,0.010188883403531176,5.321003944952038,5.420243669302431,1.773667981650679,1.6563197500556504,0.0,0.0,0.0,0,0
geco_matched_plus_actuator_persistence,2_LT_002_PV,sensor,selected_sensor_delta,3.0,9.74,5.0,(TOTAL_CONS_REQUIRED_FLOW - 2_FIT_001_PV) * -0.03581529,0.0202287766691278,24.794094900339346,0.15304194999487877,14.167116172914339,15.657744765864457,4.722372057638113,15.657744765864457,0.004398148148148148,0.0003560510257952829,0.07089476873358917,21,224
geco_matched_plus_actuator_persistence,2_MCV_007_CO,sensor,selected_sensor_delta,3.0,9.74,3.0,3_P_003_STATUS - 2_MV_002_STATUS,,0.0,1e-06,1e-06,1.074e-05,0.0,1.074e-05,0.001712962962962963,0.0001841643236872153,0.026863259947485358,29,16
geco_matched_plus_actuator_persistence,2_P_003_SPEED,sensor,selected_sensor_delta,3.0,9.74,1.0,2_P_004_SPEED,0.000302468603613,1.2555573934924376,1.1749209730634267,228.93930481889734,240.3830350965351,76.31310160629911,74.90048855516326,0.0,0.0,0.0,0,0
geco_matched_plus_actuator_persistence,2_PIC_003_CO,sensor,selected_sensor_delta,3.0,9.74,7.0,((2_PIC_003_PV - 2_MV_006_STATUS) + 0.92499703) * 0.515833,0.0239900981892037,32.36284519360931,0.624249617240662,2518.0607114162895,2524.1409026882134,839.3535704720965,68.28561631553673,0.0,0.0,0.0,0,0
geco_matched_plus_actuator_persistence,2_PIC_003_PV,sensor,selected_sensor_delta,3.0,9.74,7.0,(2_PIC_003_PV + (0.9200428 - 2_MV_006_STATUS)) * -0.06421421,0.0198915417593883,26.39547806641177,0.06264419974295483,480.0104236731662,480.6205781786626,160.00347455772206,7.018815523038089,0.0,0.0,0.0,0,0
geco_matched_plus_actuator_persistence,2_PIT_001_PV,sensor,selected_sensor_delta,3.0,9.74,5.0,1.1427776 - (2_DPIT_001_PV * 0.0004586949),0.006621193393292,10.36563242243466,0.3894949934835992,202.9764170416035,206.77009827813376,67.6588056805345,76.04932049113552,0.0,0.0,0.0,0,0
geco_matched_plus_actuator_persistence,2_PIT_002_PV,sensor,selected_sensor_delta,3.0,9.74,5.0,(2_DPIT_001_PV * -0.003075006) + 7.663425,0.0050784784743534,9.060265717850797,2.2764557660727176,1248.3734623909181,1270.5461415524665,416.1244874636394,494.70586953373856,0.0,0.0,0.0,0,0
geco_matched_plus_actuator_persistence,2_PIT_003_PV,sensor,selected_sensor_delta,3.0,9.74,7.0,((2_MV_006_STATUS - 2_PIC_003_PV) + -0.9245177) * 0.057637595,0.0175529740100325,29.471299638718875,0.062284469291722,358.18468713240287,358.79133786330425,119.39489571080095,7.435230275214128,0.0,0.0,0.0,0,0
geco_matched_plus_actuator_persistence,2A_AIT_001_PV,sensor,selected_sensor_delta,3.0,9.74,1.0,1.9560876e-7,-8.863622583454855e-06,1.0,0.00016305843894173642,0.7592666017099834,0.7608547909052759,0.25308886723666113,0.0021141292319017545,0.0,0.0,0.0,0,0
geco_matched_plus_actuator_persistence,2A_AIT_002_PV,sensor,selected_sensor_delta,3.0,9.74,7.0,((2_MCV_101_CO * -0.023470242) * 2A_AIT_002_PV) * 2A_AIT_002_PV,-0.0475475253455481,1.101981112345036e-32,0.16387552169973232,1736.2340168129344,1737.8301643942898,578.7446722709782,4.068106360617694,0.0,0.0,0.0,0,0
geco_matched_plus_actuator_persistence,2A_AIT_003_PV,sensor,selected_sensor_delta,3.0,9.74,7.0,2_FIC_201_PV * (2A_AIT_002_PV * (-0.33989054 * 2_FIT_002_PV)),-0.0012282912975181,0.0,0.003720484015034855,3.2680985158104727,3.3043360301169122,1.0893661719368242,0.686988340776312,0.0,0.0,0.0,0,0
geco_matched_plus_actuator_persistence,2B_AIT_001_PV,sensor,selected_sensor_delta,3.0,9.74,5.0,2_LS_201_AH * (2_MCV_501_CO * 4.5408036e-5),-0.0044911897181842,0.0,7.71827333816407e-05,0.046312105100746466,0.04706386492388365,0.01543736836691549,0.012964592355746929,0.0,0.0,0.0,0,0
geco_matched_plus_actuator_persistence,3_AIT_001_PV,sensor,selected_sensor_delta,3.0,9.74,1.0,0.0,0.0,0.0,0.00020841843969419892,0.5001313964258942,0.5021613920285157,0.16671046547529805,0.0,0.0,0.0,0.0,0,0
geco_matched_plus_actuator_persistence,3_AIT_003_PV,sensor,selected_sensor_delta,3.0,9.74,3.0,3_AIT_003_PV * -0.09685825,0.036160234996091,32.561618656036444,6.3235121918570645,164.1423194366427,225.73332818533052,54.7141064788809,48.5708259273197,0.0,0.0,0.0,0,0
geco_matched_plus_actuator_persistence,3_AIT_004_PV,sensor,selected_sensor_delta,3.0,9.74,5.0,(3_AIT_004_PV * -0.22340244) + 2_PIT_001_PV,0.0705906221904001,19.22637520277597,455.9909960478907,20292.565569060273,24733.91787056673,6764.188523020091,4527.302069542882,0.0,0.0,0.0,0,0
geco_matched_plus_actuator_persistence,3_AIT_005_PV,sensor,selected_sensor_delta,3.0,9.74,1.0,1.665455e-5,-0.0001843146077267,17.391272839636848,0.0015296999915492212,3.687021098744987,3.7019203766626765,1.2290070329149956,0.31388459112275385,0.0,0.0,0.0,0,0
geco_matched_plus_actuator_persistence,3_LS_001_AL,sensor,selected_sensor_delta,3.0,9.74,3.0,1_LS_001_AL - 1_LS_001_AL,,0.0,1e-06,1e-06,1.074e-05,0.0,0.0,0.0,0.0,0.0,0,0
geco_matched_plus_actuator_persistence,LEAK_DIFF_PRESSURE,sensor,selected_sensor_delta,3.0,9.74,7.0,2_FIT_003_PV + ((LEAK_DIFF_PRESSURE * -0.11256748) + 6.922297),0.0315872021934814,16.788538020673613,1.911347078561208,765.6466615059919,784.2631820511781,255.21555383533064,235.61947492026877,0.0,0.0,0.0,0,0
geco_matched_plus_actuator_persistence,PLANT_START_STOP_LOG,sensor,selected_sensor_delta,3.0,9.74,3.0,2_MCV_007_CO * 2_MCV_007_CO,,0.0,1e-06,1e-06,1.074e-05,0.0,1.074e-05,0.009091435185185185,0.0001841643236872153,0.15562512623712382,3,634
geco_matched_plus_actuator_persistence,1_MV_001_STATUS,actuator,actuator_persistence,3.0,9.74,1.0,1_MV_001_STATUS,,,0.04056415846780728,33.19582988586803,33.59092478934447,11.065276628622676,33.59092478934447,0.0009606481481481482,6.138810789573843e-05,0.015754393051908705,15,21
geco_matched_plus_actuator_persistence,1_MV_004_STATUS,actuator,actuator_persistence,3.0,9.74,1.0,1_MV_004_STATUS,,,0.04067319042827918,33.164101585370716,33.56025846014216,11.054700528456905,2.755960857430325,0.0,0.0,0.0,0,0
geco_matched_plus_actuator_persistence,1_P_001_STATUS,actuator,actuator_persistence,3.0,9.74,1.0,1_P_001_STATUS,,,0.01803574328798211,10.022134852516947,10.197802992141893,3.340711617505649,10.197802992141893,0.0006944444444444445,0.0,0.012118763886083619,12,10
geco_matched_plus_actuator_persistence,1_P_002_STATUS,actuator,actuator_persistence,3.0,9.74,1.0,1_P_002_STATUS,,,1e-06,1e-06,1.074e-05,0.0,0.0,0.0,0.0,0.0,0,0
geco_matched_plus_actuator_persistence,1_P_003_STATUS,actuator,actuator_persistence,3.0,9.74,1.0,1_P_003_STATUS,,,0.01803574328798211,10.022134852516947,10.197802992141893,3.340711617505649,10.197802992141893,0.0006944444444444445,0.0,0.012118763886083619,12,10
geco_matched_plus_actuator_persistence,1_P_004_STATUS,actuator,actuator_persistence,3.0,9.74,1.0,1_P_004_STATUS,,,1e-06,1e-06,1.074e-05,0.0,0.0,0.0,0.0,0.0,0,0
geco_matched_plus_actuator_persistence,1_P_005_STATUS,actuator,actuator_persistence,3.0,9.74,1.0,1_P_005_STATUS,,,0.040709690311655826,6.382062736991502,6.77857512062703,2.127354245663834,5.336127871950981,0.0,0.0,0.0,0,0
geco_matched_plus_actuator_persistence,1_P_006_STATUS,actuator,actuator_persistence,3.0,9.74,1.0,1_P_006_STATUS,,,1e-06,1e-06,1.074e-05,0.0,1.074e-05,0.00011574074074074075,6.138810789573843e-05,0.0010098969905069683,2,10
geco_matched_plus_actuator_persistence,2_MV_001_STATUS,actuator,actuator_persistence,3.0,9.74,1.0,2_MV_001_STATUS,,,1e-06,1e-06,1.074e-05,0.0,0.0,0.0,0.0,0.0,0,0
geco_matched_plus_actuator_persistence,2_MV_002_STATUS,actuator,actuator_persistence,3.0,9.74,1.0,2_MV_002_STATUS,,,1e-06,1e-06,1.074e-05,0.0,0.0,0.0,0.0,0.0,0,0
geco_matched_plus_actuator_persistence,2_MV_003_STATUS,actuator,actuator_persistence,3.0,9.74,1.0,2_MV_003_STATUS,,,0.09216863911203314,23.280727802539396,24.1784503474906,7.760242600846465,19.671701159626604,0.0,0.0,0.0,0,0
geco_matched_plus_actuator_persistence,2_MV_004_STATUS,actuator,actuator_persistence,3.0,9.74,1.0,2_MV_004_STATUS,,,1e-06,1e-06,1.074e-05,0.0,0.0,0.0,0.0,0.0,0,0
geco_matched_plus_actuator_persistence,2_MV_005_STATUS,actuator,actuator_persistence,3.0,9.74,1.0,2_MV_005_STATUS,,,1e-06,1e-06,1.074e-05,0.0,0.0,0.0,0.0,0.0,0,0
geco_matched_plus_actuator_persistence,2_MV_006_STATUS,actuator,actuator_persistence,3.0,9.74,1.0,2_MV_006_STATUS,,,0.08828073019980047,13.497682759810184,14.35753707195624,4.499227586603395,4.410946856403594,0.0,0.0,0.0,0,0
geco_matched_plus_actuator_persistence,2_MV_009_STATUS,actuator,actuator_persistence,3.0,9.74,1.0,2_MV_009_STATUS,,,1e-06,1e-06,1.074e-05,0.0,0.0,0.0,0.0,0.0,0,0
geco_matched_plus_actuator_persistence,2_MV_101_STATUS,actuator,actuator_persistence,3.0,9.74,1.0,2_MV_101_STATUS,,,0.02492577904561714,8.551335977178892,8.794113065083204,2.8504453257262976,2.8504453257262976,0.0,0.0,0.0,0,0
geco_matched_plus_actuator_persistence,2_MV_201_STATUS,actuator,actuator_persistence,3.0,9.74,1.0,2_MV_201_STATUS,,,0.023317454840228517,8.580285812875886,8.807397823019711,2.8600952709586287,2.8600952709586287,0.0,0.0,0.0,0,0
geco_matched_plus_actuator_persistence,2_MV_301_STATUS,actuator,actuator_persistence,3.0,9.74,1.0,2_MV_301_STATUS,,,0.02189085756575435,8.605964563816421,8.819181516506868,2.8686548546054738,2.8686548546054738,0.0,0.0,0.0,0,0
geco_matched_plus_actuator_persistence,2_MV_401_STATUS,actuator,actuator_persistence,3.0,9.74,1.0,2_MV_401_STATUS,,,0.04256249555772995,14.36025069299412,14.77480939972641,4.78675023099804,3.2338750799608595,0.0,0.0,0.0,0,0
geco_matched_plus_actuator_persistence,2_MV_501_STATUS,actuator,actuator_persistence,3.0,9.74,1.0,2_MV_501_STATUS,,,0.03629246408107271,15.991639956811971,16.34512855696162,5.330546652270657,2.782245215513564,0.0,0.0,0.0,0,0
geco_matched_plus_actuator_persistence,2_MV_601_STATUS,actuator,actuator_persistence,3.0,9.74,1.0,2_MV_601_STATUS,,,0.022086190873586854,8.602448564275438,8.817568063384174,2.867482854758479,2.867482854758479,0.0,0.0,0.0,0,0
geco_matched_plus_actuator_persistence,2_P_003_STATUS,actuator,actuator_persistence,3.0,9.74,1.0,2_P_003_STATUS,,,0.03892715311945345,5.2993112438498375,5.678461715233314,1.766437081283279,1.766437081283279,0.0,0.0,0.0,0,0
geco_matched_plus_actuator_persistence,2_P_004_STATUS,actuator,actuator_persistence,3.0,9.74,1.0,2_P_004_STATUS,,,1e-06,1e-06,1.074e-05,0.0,0.0,0.0,0.0,0.0,0,0
geco_matched_plus_actuator_persistence,2_SV_101_STATUS,actuator,actuator_persistence,3.0,9.74,1.0,2_SV_101_STATUS,,,1e-06,1e-06,1.074e-05,0.0,0.0,0.0,0.0,0.0,0,0
geco_matched_plus_actuator_persistence,2_SV_201_STATUS,actuator,actuator_persistence,3.0,9.74,1.0,2_SV_201_STATUS,,,1e-06,1e-06,1.074e-05,0.0,0.0,0.0,0.0,0.0,0,0
geco_matched_plus_actuator_persistence,2_SV_301_STATUS,actuator,actuator_persistence,3.0,9.74,1.0,2_SV_301_STATUS,,,1e-06,1e-06,1.074e-05,0.0,0.0,0.0,0.0,0.0,0,0
geco_matched_plus_actuator_persistence,2_SV_401_STATUS,actuator,actuator_persistence,3.0,9.74,1.0,2_SV_401_STATUS,,,1e-06,1e-06,1.074e-05,0.0,0.0,0.0,0.0,0.0,0,0
geco_matched_plus_actuator_persistence,2_SV_501_STATUS,actuator,actuator_persistence,3.0,9.74,1.0,2_SV_501_STATUS,,,1e-06,1e-06,1.074e-05,0.0,0.0,0.0,0.0,0.0,0,0
geco_matched_plus_actuator_persistence,2_SV_601_STATUS,actuator,actuator_persistence,3.0,9.74,1.0,2_SV_601_STATUS,,,1e-06,1e-06,1.074e-05,0.0,0.0,0.0,0.0,0.0,0,0
geco_matched_plus_actuator_persistence,3_MV_001_STATUS,actuator,actuator_persistence,3.0,9.74,1.0,3_MV_001_STATUS,,,1e-06,1e-06,1.074e-05,0.0,0.0,0.0,0.0,0.0,0,0
geco_matched_plus_actuator_persistence,3_MV_002_STATUS,actuator,actuator_persistence,3.0,9.74,1.0,3_MV_002_STATUS,,,1e-06,1e-06,1.074e-05,0.0,0.0,0.0,0.0,0.0,0,0
geco_matched_plus_actuator_persistence,3_MV_003_STATUS,actuator,actuator_persistence,3.0,9.74,1.0,3_MV_003_STATUS,,,1e-06,1e-06,1.074e-05,0.0,0.0,0.0,0.0,0.0,0,0
geco_matched_plus_actuator_persistence,3_P_001_STATUS,actuator,actuator_persistence,3.0,9.74,1.0,3_P_001_STATUS,,,1e-06,1e-06,1.074e-05,0.0,0.0,0.0,0.0,0.0,0,0
geco_matched_plus_actuator_persistence,3_P_002_STATUS,actuator,actuator_persistence,3.0,9.74,1.0,3_P_002_STATUS,,,1e-06,1e-06,1.074e-05,0.0,0.0,0.0,0.0,0.0,0,0
geco_matched_plus_actuator_persistence,3_P_003_STATUS,actuator,actuator_persistence,3.0,9.74,1.0,3_P_003_STATUS,,,1e-06,1e-06,1.074e-05,0.0,0.0,0.0,0.0,0.0,0,0
geco_matched_plus_actuator_persistence,3_P_004_STATUS,actuator,actuator_persistence,3.0,9.74,1.0,3_P_004_STATUS,,,1e-06,1e-06,1.074e-05,0.0,0.0,0.0,0.0,0.0,0,0
geco_matched_plus_actuator_persistence,1_AIT_002_PV,sensor,selected_sensor_delta,3.0,15.0,5.0,0.015316334 - (1_AIT_002_PV * 0.024466293),0.0119052665651211,41.73000224731814,0.016198173266754025,13.758896996571675,14.001869595572986,4.586298998857225,14.001869595572986,0.0039872685185185185,0.00011049859421232919,0.06776408806301758,1,689
geco_matched_plus_actuator_persistence,1_AIT_004_PV,sensor,selected_sensor_delta,3.0,15.0,3.0,3_AIT_004_PV * -5.4525193e-5,-0.0001992524296718,4.910153218946012,2.8444196394286245,3060.3950542017183,3103.0613487931478,1020.1316847339061,933.8179709712217,0.0,0.0,0.0,0,0
geco_matched_plus_actuator_persistence,1_AIT_005_PV,sensor,selected_sensor_delta,3.0,15.0,5.0,(1_FIT_001_PV - 1_AIT_002_PV) * -3.9571616e-5,0.0023463384738832,12.40172474664917,0.0005404796966590669,0.20248841149642555,0.21059560694631155,0.06749613716547519,0.040270004949606274,0.0,0.0,0.0,0,0
geco_matched_plus_actuator_persistence,1_FIT_001_PV,sensor,selected_sensor_delta,3.0,15.0,7.0,((1_LT_001_PV * 1_P_001_STATUS) * -0.0001994969) + 0.014458983,-0.0179323441933463,11.85813818130814,0.03840313085817598,20.817849339775155,21.393896302647793,6.9392831132583845,21.393896302647793,0.0013599537037037037,0.00011663740500190303,0.021813774994950515,7,63
geco_matched_plus_actuator_persistence,1_LS_001_AL,sensor,selected_sensor_delta,3.0,15.0,3.0,0.030378316 - 0.030378316,,0.0,1e-06,1e-06,1.6e-05,0.0,0.0,0.0,0.0,0.0,0,0
geco_matched_plus_actuator_persistence,1_LS_002_AL,sensor,selected_sensor_delta,3.0,15.0,3.0,-0.021763658 - -0.021763658,,0.0,1e-06,1e-06,1.6e-05,0.0,0.0,0.0,0.0,0.0,0,0
geco_matched_plus_actuator_persistence,2_DPIT_001_PV,sensor,selected_sensor_delta,3.0,15.0,3.0,88.35751 - 2_PIT_002_PV,0.008482119469839,9.66778276190117,43.256756319788046,19480.584097540675,20129.435442337497,6493.528032513559,7067.644661908868,0.0,0.0,0.0,0,0
geco_matched_plus_actuator_persistence,2_FIC_101_CO,sensor,selected_sensor_delta,3.0,15.0,3.0,2_FQ_101_PV * -0.3397043,0.0150389194041339,34.150938108826395,0.5275863868982411,295.18924464090225,303.10304044437584,98.39641488030075,80.61268401614372,0.0,0.0,0.0,0,0
geco_matched_plus_actuator_persistence,2_FIC_101_PV,sensor,selected_sensor_delta,3.0,15.0,3.0,2_FIC_101_PV * -0.016046675,0.002252916125048,18.49348773225588,0.02979673568732669,16.81604385564224,17.26299489095214,5.605347951880746,3.974709597218389,0.0,0.0,0.0,0,0
geco_matched_plus_actuator_persistence,2_FIC_101_SP,sensor,selected_sensor_delta,3.0,15.0,15.0,((2_MV_003_STATUS - 1_MV_001_STATUS) * (2_FIC_201_PV * (3_AIT_001_PV * 2_P_004_SPEED))) * (2.3499095 * (2_MV_009_STATUS - 2_MV_003_STATUS)),-9.112138177336249e-08,0.0,0.0017891865730764527,2.509543662137424,2.536381460733571,0.836514554045808,0.28821081253285386,0.0,0.0,0.0,0,0
geco_matched_plus_actuator_persistence,2_FIC_201_CO,sensor,selected_sensor_delta,3.0,15.0,3.0,2_FQ_201_PV * -0.25967506,0.0115003398980684,41.3791240636834,0.37493504907663644,282.72819147514144,288.35221721129096,94.24273049171381,109.98883320035127,0.0,0.0,0.0,0,0
geco_matched_plus_actuator_persistence,2_FIC_201_PV,sensor,selected_sensor_delta,3.0,15.0,7.0,(2_FQ_201_PV * 2_FIC_401_PV) * (-0.04007296 - 2_LS_201_AH),0.0034190508627743,39.845894609586814,0.020632148889052914,24.692827379096077,25.00230961243187,8.230942459698692,4.876911715521573,0.0,0.0,0.0,0,0
geco_matched_plus_actuator_persistence,2_FIC_201_SP,sensor,selected_sensor_delta,3.0,15.0,11.0,((2_MV_003_STATUS - 1_P_005_STATUS) * ((2_P_004_SPEED * 3_AIT_001_PV) * 1_FIT_001_PV)) * 2_MV_101_STATUS,-2.3749495703384582e-09,0.0,0.0016237224631009655,0.9551287888012833,0.9794846257477977,0.3183762629337611,0.2383762870736422,0.0,0.0,0.0,0,0
geco_matched_plus_actuator_persistence,2_FIC_301_PV,sensor,selected_sensor_delta,3.0,15.0,3.0,2_FIC_601_PV * -0.009515096,-0.0036792547368171,17.746108309561812,0.020480065128239675,14.911148473358875,15.218349450282469,4.970382824452958,5.163894476575684,0.0,0.0,0.0,0,0
geco_matched_plus_actuator_persistence,2_FIC_301_SP,sensor,selected_sensor_delta,3.0,15.0,13.0,1_FIT_001_PV * ((((4.6891226e-5 * 2_FIC_301_CO) * 2_LS_201_AH) * 4.6891226e-5) * (2_FIC_501_CO * 3_AIT_004_PV)),-0.0308985748156576,0.0,0.002078101798552482,2.885857921200616,2.917029448178903,0.9619526404002053,0.25792190356586553,0.0,0.0,0.0,0,0
geco_matched_plus_actuator_persistence,2_FIC_401_CO,sensor,selected_sensor_delta,3.0,15.0,3.0,2_FQ_401_PV * -0.28900453,0.0068262290096441,31.49156173004372,0.5152049430767641,248.12879335204315,255.85686749819462,82.70959778401438,89.62904282109717,0.0,0.0,0.0,0,0
geco_matched_plus_actuator_persistence,2_FIC_401_PV,sensor,selected_sensor_delta,3.0,15.0,9.0,2_FQ_401_PV * (((2B_AIT_001_PV * 2_FIC_501_SP) + -0.073952936) * 2_FIC_401_PV),-0.0136811757617747,42.44627371380358,0.030358977164082257,21.82736257721787,22.282747234679103,7.27578752573929,5.517591368486072,0.0,0.0,0.0,0,0
geco_matched_plus_actuator_persistence,2_FIC_401_SP,sensor,selected_sensor_delta,3.0,15.0,11.0,(3_AIT_001_PV * ((3_FIT_001_PV + -0.5745507) * (1_P_005_STATUS - 2_MV_003_STATUS))) * 1_FIT_001_PV,-2.5924091762163926e-09,0.0,0.001662038620217033,1.581484127205285,1.6064147065085406,0.527161375735095,0.24833797628094417,0.0,0.0,0.0,0,0
geco_matched_plus_actuator_persistence,2_FIC_501_PV,sensor,selected_sensor_delta,3.0,15.0,3.0,2_FIC_501_PV * -0.019195596,-0.0080578702045512,13.110728544786658,0.023499944593588378,16.96619372254374,17.318692891447565,5.65539790751458,6.0730825129994725,0.0,0.0,0.0,0,0
geco_matched_plus_actuator_persistence,2_FIC_601_CO,sensor,selected_sensor_delta,3.0,15.0,3.0,2_FQ_601_PV * -0.33139205,-0.0036177276086308,38.05090530847815,0.3690366250044411,315.14488588640586,320.6804352614725,105.04829529546862,100.55624201774286,0.0,0.0,0.0,0,0
geco_matched_plus_actuator_persistence,2_FIC_601_PV,sensor,selected_sensor_delta,3.0,15.0,3.0,2_FIC_601_PV * -0.01591041,-0.0054832129042694,19.98884073391906,0.020960186568226402,16.89519955798965,17.209602356513045,5.631733185996549,4.815475964362502,0.0,0.0,0.0,0,0
geco_matched_plus_actuator_persistence,2_FIC_601_SP,sensor,selected_sensor_delta,3.0,15.0,13.0,(2_MCV_201_CO * ((1_MV_001_STATUS - 2_MV_003_STATUS) * 3_AIT_001_PV)) * (-0.00017899254 * (1_MV_001_STATUS - 2_MV_003_STATUS)),-6.513451999978771e-09,0.0,0.0020184410255506147,0.9839446715589302,1.0142212869421894,0.32798155718631006,0.31798154437131143,0.0,0.0,0.0,0,0
geco_matched_plus_actuator_persistence,2_FIT_001_PV,sensor,selected_sensor_delta,3.0,15.0,5.0,(2_MV_003_STATUS - 2_FIT_001_PV) * 0.021082245,-0.0272732956464449,1.6244499683380147,0.08943224896033541,13.33990118328012,14.68138491768515,4.44663372776004,11.845878519953315,0.0,0.0,0.0,0,0
geco_matched_plus_actuator_persistence,2_FIT_002_PV,sensor,selected_sensor_delta,3.0,15.0,3.0,2_FQ_101_PV * -0.010027352,-0.001361467372912,19.48504475212655,0.013844316925125643,4.135428233256037,4.343092987132922,1.3784760777520122,1.66992812094682,0.0,0.0,0.0,0,0
geco_matched_plus_actuator_persistence,2_FIT_003_PV,sensor,selected_sensor_delta,3.0,15.0,3.0,2_FIT_002_PV * 2_PIC_003_PV,0.0553370128865967,4.825827196131465,0.08662036534491208,22.122032569986892,23.421338050160575,7.374010856662298,23.421338050160575,0.002002314814814815,0.00016574789131849378,0.03221571399717229,1,346
geco_matched_plus_actuator_persistence,2_FQ_101_PV,sensor,selected_sensor_delta,3.0,15.0,3.0,2_FIC_101_PV * -0.014559889,0.0034545247127396,19.51039912430314,0.029518715120822655,16.424552411676103,16.867333138488444,5.474850803892035,3.7794473133155058,0.0,0.0,0.0,0,0
geco_matched_plus_actuator_persistence,2_FQ_201_PV,sensor,selected_sensor_delta,3.0,15.0,1.0,0.00017188098,-7.82947853235072e-05,42.419670621221854,0.019914913082316514,13.331471310922922,13.630195007157669,4.443823770307641,4.932179232407571,0.0,0.0,0.0,0,0
geco_matched_plus_actuator_persistence,2_FQ_301_PV,sensor,selected_sensor_delta,3.0,15.0,3.0,2_FIC_301_PV * -0.009666798,0.0030450564846143,17.380916905003005,0.020423243574404518,15.708612271701442,16.01496092531751,5.236204090567147,5.170309152234473,0.0,0.0,0.0,0,0
geco_matched_plus_actuator_persistence,2_FQ_401_PV,sensor,selected_sensor_delta,3.0,15.0,3.0,2_FQ_401_PV * -0.016482946,0.0072349124829306,9.838222623484665,0.03102988210774329,15.986054321154494,16.451502552770645,5.328684773718165,5.046962987887681,0.0,0.0,0.0,0,0
geco_matched_plus_actuator_persistence,2_FQ_501_PV,sensor,selected_sensor_delta,3.0,15.0,3.0,2_FIC_501_PV * -0.014651568,-0.0011197778128997,14.59205286561609,0.02297279909369978,16.803406076383997,17.147998062789494,5.601135358794665,5.420083135880075,0.0,0.0,0.0,0,0
geco_matched_plus_actuator_persistence,2_FQ_601_PV,sensor,selected_sensor_delta,3.0,15.0,3.0,2_FIC_601_PV * -0.021256251,-0.0140299318532872,15.7930218718151,0.021655684862108213,17.357242833651114,17.682078106582736,5.7857476112170385,4.870014111900411,0.0,0.0,0.0,0,0
geco_matched_plus_actuator_persistence,2_LS_101_AH,sensor,selected_sensor_delta,3.0,15.0,9.0,((2_FQ_301_PV * 2_MV_101_STATUS) * (2_LS_101_AH - 1_MV_004_STATUS)) * 2_LS_101_AH,-0.1183975229998723,0.0,0.011789963000637876,35.60858074281532,35.785430187824886,11.869526914271773,2.5279678696062966,0.0,0.0,0.0,0,0
geco_matched_plus_actuator_persistence,2_LS_101_AL,sensor,selected_sensor_delta,3.0,15.0,7.0,(2_LS_101_AL * (3_AIT_001_PV * 2_FIC_101_PV)) * -20.992853,0.0,0.0,0.013714954292528232,139.55796315051649,139.76368746490442,46.51932105017216,1.1496728338632498,0.0,0.0,0.0,0,0
geco_matched_plus_actuator_persistence,2_LS_201_AH,sensor,selected_sensor_delta,3.0,15.0,7.0,(2_LS_501_AH * 2_LS_201_AH) * (1_MV_001_STATUS - 1.9999987),0.0,0.0,0.010755052489398766,32.48371848050885,32.64504426784983,10.827906160169617,1.8171641076802207,0.0,0.0,0.0,0,0
geco_matched_plus_actuator_persistence,2_LS_201_AL,sensor,selected_sensor_delta,3.0,15.0,5.0,(3_FIT_001_PV + -0.5867106) * 2_LS_201_AL,-0.0394394750394426,0.0,0.010531012041083483,20.637272509804518,20.79523769042077,6.879090836601506,3.5182206593404732,0.0,0.0,0.0,0,0
geco_matched_plus_actuator_persistence,2_LS_301_AH,sensor,selected_sensor_delta,3.0,15.0,11.0,(3_AIT_003_PV * ((2_FIC_201_PV * (2_FIC_301_SP * 2_LS_301_AH)) * -0.28339157)) * 2_FIT_001_PV,0.0,0.0,0.010381215458828894,45.12416597823129,45.27988421011372,15.04138865941043,1.8131381217410805,0.0,0.0,0.0,0,0
geco_matched_plus_actuator_persistence,2_LS_301_AL,sensor,selected_sensor_delta,3.0,15.0,9.0,(0.72565746 - 3_AIT_005_PV) * (2_LS_301_AL * (3_FIT_001_PV + -0.57262355)),0.0065613225673001,0.0,0.009818646678584217,30.94810514510243,31.095384845281195,10.316035048367477,3.8212904639444676,0.0,0.0,0.0,0,0
geco_matched_plus_actuator_persistence,2_LS_401_AH,sensor,selected_sensor_delta,3.0,15.0,9.0,2_LS_401_AH * (2_FIT_001_PV * ((1_FIT_001_PV * 2_MV_401_STATUS) * -0.024918532)),0.002531028671956,0.0,0.011690146501096944,26.290577590127743,26.465929787644196,8.763525863375914,7.791393179099645,0.0,0.0,0.0,0,0
geco_matched_plus_actuator_persistence,2_LS_401_AL,sensor,selected_sensor_delta,3.0,15.0,9.0,((2_FIC_401_CO * 1_MV_004_STATUS) * 2_FIC_601_CO) * (2_MV_003_STATUS * 4.5439656e-8),-0.0014167605552886,5.777708620498893,0.011701026360304794,4.988750830102868,5.16426622550744,1.6629169433676225,1.414262256890184,0.0,0.0,0.0,0,0
geco_matched_plus_actuator_persistence,2_LS_501_AH,sensor,selected_sensor_delta,3.0,15.0,1.0,9.999286e-5,-9.303286732964544e-05,1.0,0.01057280686784378,10.742062404738753,10.90065450775641,3.580687468246251,1.811289362138813,0.0,0.0,0.0,0,0
geco_matched_plus_actuator_persistence,2_LS_501_AL,sensor,selected_sensor_delta,3.0,15.0,5.0,(2_FQ_401_PV - 2_FQ_101_PV) * 2A_AIT_002_PV,-0.0151335992731873,2.571116455665051e-32,0.011420730252754334,62.518884417781265,62.69019537157258,20.839628139260423,4.153981333017071,0.0,0.0,0.0,0,0
geco_matched_plus_actuator_persistence,2_LS_601_AH,sensor,selected_sensor_delta,3.0,15.0,9.0,2_LS_301_AH * ((2_FIC_501_SP - 0.22000383) * (2_FIT_001_PV * 2_FIC_401_SP)),0.0,0.0,0.01137293638321413,169.52001512970912,169.69060917545733,56.50667170990304,1.6701848448867902,0.0,0.0,0.0,0,0
geco_matched_plus_actuator_persistence,2_LS_601_AL,sensor,selected_sensor_delta,3.0,15.0,5.0,(2B_AIT_003_PV * -0.0038763508) + 0.033448044,-0.0022001244809992,4.797744669484077,0.010188883403531176,5.321003944952038,5.473837196005006,1.773667981650679,1.6563197500556504,0.0,0.0,0.0,0,0
geco_matched_plus_actuator_persistence,2_LT_002_PV,sensor,selected_sensor_delta,3.0,15.0,5.0,(TOTAL_CONS_REQUIRED_FLOW - 2_FIT_001_PV) * -0.03581529,0.0202287766691278,24.794094900339346,0.15304194999487877,14.167116172914339,16.46274542283752,4.722372057638113,16.46274542283752,0.005052083333333333,0.0004481331876388906,0.08079175924055747,18,405
geco_matched_plus_actuator_persistence,2_MCV_007_CO,sensor,selected_sensor_delta,3.0,15.0,3.0,3_P_003_STATUS - 2_MV_002_STATUS,,0.0,1e-06,1e-06,1.6e-05,0.0,1.6e-05,0.002297453703703704,0.00027624648553082297,0.03554837406584528,17,111
geco_matched_plus_actuator_persistence,2_P_003_SPEED,sensor,selected_sensor_delta,3.0,15.0,1.0,2_P_004_SPEED,0.000302468603613,1.2555573934924376,1.1749209730634267,228.93930481889734,246.56311941484876,76.31310160629911,74.90048855516326,0.0,0.0,0.0,0,0
geco_matched_plus_actuator_persistence,2_PIC_003_CO,sensor,selected_sensor_delta,3.0,15.0,7.0,((2_PIC_003_PV - 2_MV_006_STATUS) + 0.92499703) * 0.515833,0.0239900981892037,32.36284519360931,0.624249617240662,2518.0607114162895,2527.4244556748995,839.3535704720965,68.28561631553673,0.0,0.0,0.0,0,0
geco_matched_plus_actuator_persistence,2_PIC_003_PV,sensor,selected_sensor_delta,3.0,15.0,7.0,(2_PIC_003_PV + (0.9200428 - 2_MV_006_STATUS)) * -0.06421421,0.0198915417593883,26.39547806641177,0.06264419974295483,480.0104236731662,480.9500866693105,160.00347455772206,7.018815523038089,0.0,0.0,0.0,0,0
geco_matched_plus_actuator_persistence,2_PIT_001_PV,sensor,selected_sensor_delta,3.0,15.0,5.0,1.1427776 - (2_DPIT_001_PV * 0.0004586949),0.006621193393292,10.36563242243466,0.3894949934835992,202.9764170416035,208.81884194385748,67.6588056805345,76.04932049113552,0.0,0.0,0.0,0,0
geco_matched_plus_actuator_persistence,2_PIT_002_PV,sensor,selected_sensor_delta,3.0,15.0,5.0,(2_DPIT_001_PV * -0.003075006) + 7.663425,0.0050784784743534,9.060265717850797,2.2764557660727176,1248.3734623909181,1282.5202988820088,416.1244874636394,494.70586953373856,0.0,0.0,0.0,0,0
geco_matched_plus_actuator_persistence,2_PIT_003_PV,sensor,selected_sensor_delta,3.0,15.0,7.0,((2_MV_006_STATUS - 2_PIC_003_PV) + -0.9245177) * 0.057637595,0.0175529740100325,29.471299638718875,0.062284469291722,358.18468713240287,359.1189541717787,119.39489571080095,7.435230275214128,0.0,0.0,0.0,0,0
geco_matched_plus_actuator_persistence,2A_AIT_001_PV,sensor,selected_sensor_delta,3.0,15.0,1.0,1.9560876e-7,-8.863622583454855e-06,1.0,0.00016305843894173642,0.7592666017099834,0.7617124782941095,0.25308886723666113,0.0021141292319017545,0.0,0.0,0.0,0,0
geco_matched_plus_actuator_persistence,2A_AIT_002_PV,sensor,selected_sensor_delta,3.0,15.0,7.0,((2_MCV_101_CO * -0.023470242) * 2A_AIT_002_PV) * 2A_AIT_002_PV,-0.0475475253455481,1.101981112345036e-32,0.16387552169973232,1736.2340168129344,1738.6921496384305,578.7446722709782,4.068106360617694,0.0,0.0,0.0,0,0
geco_matched_plus_actuator_persistence,2A_AIT_003_PV,sensor,selected_sensor_delta,3.0,15.0,7.0,2_FIC_201_PV * (2A_AIT_002_PV * (-0.33989054 * 2_FIT_002_PV)),-0.0012282912975181,0.0,0.003720484015034855,3.2680985158104727,3.3239057760359954,1.0893661719368242,0.686988340776312,0.0,0.0,0.0,0,0
geco_matched_plus_actuator_persistence,2B_AIT_001_PV,sensor,selected_sensor_delta,3.0,15.0,5.0,2_LS_201_AH * (2_MCV_501_CO * 4.5408036e-5),-0.0044911897181842,0.0,7.71827333816407e-05,0.046312105100746466,0.04746984610147108,0.01543736836691549,0.012964592355746929,0.0,0.0,0.0,0,0
geco_matched_plus_actuator_persistence,3_AIT_001_PV,sensor,selected_sensor_delta,3.0,15.0,1.0,0.0,0.0,0.0,0.00020841843969419892,0.5001313964258942,0.5032576730213072,0.16671046547529805,0.0,0.0,0.0,0.0,0,0
geco_matched_plus_actuator_persistence,3_AIT_003_PV,sensor,selected_sensor_delta,3.0,15.0,3.0,3_AIT_003_PV * -0.09685825,0.036160234996091,32.561618656036444,6.3235121918570645,164.1423194366427,258.99500231449866,54.7141064788809,48.5708259273197,0.0,0.0,0.0,0,0
geco_matched_plus_actuator_persistence,3_AIT_004_PV,sensor,selected_sensor_delta,3.0,15.0,5.0,(3_AIT_004_PV * -0.22340244) + 2_PIT_001_PV,0.0705906221904001,19.22637520277597,455.9909960478907,20292.565569060273,27132.430509778635,6764.188523020091,4527.302069542882,0.0,0.0,0.0,0,0
geco_matched_plus_actuator_persistence,3_AIT_005_PV,sensor,selected_sensor_delta,3.0,15.0,1.0,1.665455e-5,-0.0001843146077267,17.391272839636848,0.0015296999915492212,3.687021098744987,3.7099665986182253,1.2290070329149956,0.31388459112275385,0.0,0.0,0.0,0,0
geco_matched_plus_actuator_persistence,3_LS_001_AL,sensor,selected_sensor_delta,3.0,15.0,3.0,1_LS_001_AL - 1_LS_001_AL,,0.0,1e-06,1e-06,1.6e-05,0.0,0.0,0.0,0.0,0.0,0,0
geco_matched_plus_actuator_persistence,LEAK_DIFF_PRESSURE,sensor,selected_sensor_delta,3.0,15.0,7.0,2_FIT_003_PV + ((LEAK_DIFF_PRESSURE * -0.11256748) + 6.922297),0.0315872021934814,16.788538020673613,1.911347078561208,765.6466615059919,794.31686768441,255.21555383533064,235.61947492026877,0.0,0.0,0.0,0,0
geco_matched_plus_actuator_persistence,PLANT_START_STOP_LOG,sensor,selected_sensor_delta,3.0,15.0,3.0,2_MCV_007_CO * 2_MCV_007_CO,,0.0,1e-06,1e-06,1.6e-05,0.0,1.6e-05,0.00917824074074074,0.00027624648553082297,0.15562512623712382,3,639
geco_matched_plus_actuator_persistence,1_MV_001_STATUS,actuator,actuator_persistence,3.0,15.0,1.0,1_MV_001_STATUS,,,0.04056415846780728,33.19582988586803,33.80429226288514,11.065276628622676,33.80429226288514,0.0012789351851851853,9.208216184360765e-05,0.020803878004443548,8,60
geco_matched_plus_actuator_persistence,1_MV_004_STATUS,actuator,actuator_persistence,3.0,15.0,1.0,1_MV_004_STATUS,,,0.04067319042827918,33.164101585370716,33.774199441794906,11.054700528456905,2.755960857430325,0.0,0.0,0.0,0,0
geco_matched_plus_actuator_persistence,1_P_001_STATUS,actuator,actuator_persistence,3.0,15.0,1.0,1_P_001_STATUS,,,0.01803574328798211,10.022134852516947,10.292671001836679,3.340711617505649,10.292671001836679,0.0010532407407407407,0.0,0.01838012522722682,9,32
geco_matched_plus_actuator_persistence,1_P_002_STATUS,actuator,actuator_persistence,3.0,15.0,1.0,1_P_002_STATUS,,,1e-06,1e-06,1.6e-05,0.0,0.0,0.0,0.0,0.0,0,0
geco_matched_plus_actuator_persistence,1_P_003_STATUS,actuator,actuator_persistence,3.0,15.0,1.0,1_P_003_STATUS,,,0.01803574328798211,10.022134852516947,10.292671001836679,3.340711617505649,10.292671001836679,0.0010532407407407407,0.0,0.01838012522722682,9,32
geco_matched_plus_actuator_persistence,1_P_004_STATUS,actuator,actuator_persistence,3.0,15.0,1.0,1_P_004_STATUS,,,1e-06,1e-06,1.6e-05,0.0,0.0,0.0,0.0,0.0,0,0
geco_matched_plus_actuator_persistence,1_P_005_STATUS,actuator,actuator_persistence,3.0,15.0,1.0,1_P_005_STATUS,,,0.040709690311655826,6.382062736991502,6.992708091666339,2.127354245663834,5.336127871950981,0.0,0.0,0.0,0,0
geco_matched_plus_actuator_persistence,1_P_006_STATUS,actuator,actuator_persistence,3.0,15.0,1.0,1_P_006_STATUS,,,1e-06,1e-06,1.6e-05,0.0,1.6e-05,0.00017361111111111112,9.208216184360765e-05,0.0015148454857604524,2,15
geco_matched_plus_actuator_persistence,2_MV_001_STATUS,actuator,actuator_persistence,3.0,15.0,1.0,2_MV_001_STATUS,,,1e-06,1e-06,1.6e-05,0.0,0.0,0.0,0.0,0.0,0,0
geco_matched_plus_actuator_persistence,2_MV_002_STATUS,actuator,actuator_persistence,3.0,15.0,1.0,2_MV_002_STATUS,,,1e-06,1e-06,1.6e-05,0.0,0.0,0.0,0.0,0.0,0,0
geco_matched_plus_actuator_persistence,2_MV_003_STATUS,actuator,actuator_persistence,3.0,15.0,1.0,2_MV_003_STATUS,,,0.09216863911203314,23.280727802539396,24.663257389219893,7.760242600846465,19.671701159626604,0.0,0.0,0.0,0,0
geco_matched_plus_actuator_persistence,2_MV_004_STATUS,actuator,actuator_persistence,3.0,15.0,1.0,2_MV_004_STATUS,,,1e-06,1e-06,1.6e-05,0.0,0.0,0.0,0.0,0.0,0,0
geco_matched_plus_actuator_persistence,2_MV_005_STATUS,actuator,actuator_persistence,3.0,15.0,1.0,2_MV_005_STATUS,,,1e-06,1e-06,1.6e-05,0.0,0.0,0.0,0.0,0.0,0,0
geco_matched_plus_actuator_persistence,2_MV_006_STATUS,actuator,actuator_persistence,3.0,15.0,1.0,2_MV_006_STATUS,,,0.08828073019980047,13.497682759810184,14.82189371280719,4.499227586603395,4.410946856403594,0.0,0.0,0.0,0,0
geco_matched_plus_actuator_persistence,2_MV_009_STATUS,actuator,actuator_persistence,3.0,15.0,1.0,2_MV_009_STATUS,,,1e-06,1e-06,1.6e-05,0.0,0.0,0.0,0.0,0.0,0,0
geco_matched_plus_actuator_persistence,2_MV_101_STATUS,actuator,actuator_persistence,3.0,15.0,1.0,2_MV_101_STATUS,,,0.02492577904561714,8.551335977178892,8.925222662863149,2.8504453257262976,2.8504453257262976,0.0,0.0,0.0,0,0
geco_matched_plus_actuator_persistence,2_MV_201_STATUS,actuator,actuator_persistence,3.0,15.0,1.0,2_MV_201_STATUS,,,0.023317454840228517,8.580285812875886,8.930047635479314,2.8600952709586287,2.8600952709586287,0.0,0.0,0.0,0,0
geco_matched_plus_actuator_persistence,2_MV_301_STATUS,actuator,actuator_persistence,3.0,15.0,1.0,2_MV_301_STATUS,,,0.02189085756575435,8.605964563816421,8.934327427302737,2.8686548546054738,2.8686548546054738,0.0,0.0,0.0,0,0
geco_matched_plus_actuator_persistence,2_MV_401_STATUS,actuator,actuator_persistence,3.0,15.0,1.0,2_MV_401_STATUS,,,0.04256249555772995,14.36025069299412,14.998688126360069,4.78675023099804,3.2338750799608595,0.0,0.0,0.0,0,0
geco_matched_plus_actuator_persistence,2_MV_501_STATUS,actuator,actuator_persistence,3.0,15.0,1.0,2_MV_501_STATUS,,,0.03629246408107271,15.991639956811971,16.53602691802806,5.330546652270657,2.782245215513564,0.0,0.0,0.0,0,0
geco_matched_plus_actuator_persistence,2_MV_601_STATUS,actuator,actuator_persistence,3.0,15.0,1.0,2_MV_601_STATUS,,,0.022086190873586854,8.602448564275438,8.93374142737924,2.867482854758479,2.867482854758479,0.0,0.0,0.0,0,0
geco_matched_plus_actuator_persistence,2_P_003_STATUS,actuator,actuator_persistence,3.0,15.0,1.0,2_P_003_STATUS,,,0.03892715311945345,5.2993112438498375,5.883218540641639,1.766437081283279,1.766437081283279,0.0,0.0,0.0,0,0
geco_matched_plus_actuator_persistence,2_P_004_STATUS,actuator,actuator_persistence,3.0,15.0,1.0,2_P_004_STATUS,,,1e-06,1e-06,1.6e-05,0.0,0.0,0.0,0.0,0.0,0,0
geco_matched_plus_actuator_persistence,2_SV_101_STATUS,actuator,actuator_persistence,3.0,15.0,1.0,2_SV_101_STATUS,,,1e-06,1e-06,1.6e-05,0.0,0.0,0.0,0.0,0.0,0,0
geco_matched_plus_actuator_persistence,2_SV_201_STATUS,actuator,actuator_persistence,3.0,15.0,1.0,2_SV_201_STATUS,,,1e-06,1e-06,1.6e-05,0.0,0.0,0.0,0.0,0.0,0,0
geco_matched_plus_actuator_persistence,2_SV_301_STATUS,actuator,actuator_persistence,3.0,15.0,1.0,2_SV_301_STATUS,,,1e-06,1e-06,1.6e-05,0.0,0.0,0.0,0.0,0.0,0,0
geco_matched_plus_actuator_persistence,2_SV_401_STATUS,actuator,actuator_persistence,3.0,15.0,1.0,2_SV_401_STATUS,,,1e-06,1e-06,1.6e-05,0.0,0.0,0.0,0.0,0.0,0,0
geco_matched_plus_actuator_persistence,2_SV_501_STATUS,actuator,actuator_persistence,3.0,15.0,1.0,2_SV_501_STATUS,,,1e-06,1e-06,1.6e-05,0.0,0.0,0.0,0.0,0.0,0,0
geco_matched_plus_actuator_persistence,2_SV_601_STATUS,actuator,actuator_persistence,3.0,15.0,1.0,2_SV_601_STATUS,,,1e-06,1e-06,1.6e-05,0.0,0.0,0.0,0.0,0.0,0,0
geco_matched_plus_actuator_persistence,3_MV_001_STATUS,actuator,actuator_persistence,3.0,15.0,1.0,3_MV_001_STATUS,,,1e-06,1e-06,1.6e-05,0.0,0.0,0.0,0.0,0.0,0,0
geco_matched_plus_actuator_persistence,3_MV_002_STATUS,actuator,actuator_persistence,3.0,15.0,1.0,3_MV_002_STATUS,,,1e-06,1e-06,1.6e-05,0.0,0.0,0.0,0.0,0.0,0,0
geco_matched_plus_actuator_persistence,3_MV_003_STATUS,actuator,actuator_persistence,3.0,15.0,1.0,3_MV_003_STATUS,,,1e-06,1e-06,1.6e-05,0.0,0.0,0.0,0.0,0.0,0,0
geco_matched_plus_actuator_persistence,3_P_001_STATUS,actuator,actuator_persistence,3.0,15.0,1.0,3_P_001_STATUS,,,1e-06,1e-06,1.6e-05,0.0,0.0,0.0,0.0,0.0,0,0
geco_matched_plus_actuator_persistence,3_P_002_STATUS,actuator,actuator_persistence,3.0,15.0,1.0,3_P_002_STATUS,,,1e-06,1e-06,1.6e-05,0.0,0.0,0.0,0.0,0.0,0,0
geco_matched_plus_actuator_persistence,3_P_003_STATUS,actuator,actuator_persistence,3.0,15.0,1.0,3_P_003_STATUS,,,1e-06,1e-06,1.6e-05,0.0,0.0,0.0,0.0,0.0,0,0
geco_matched_plus_actuator_persistence,3_P_004_STATUS,actuator,actuator_persistence,3.0,15.0,1.0,3_P_004_STATUS,,,1e-06,1e-06,1.6e-05,0.0,0.0,0.0,0.0,0.0,0,0
geco_matched_plus_actuator_persistence,1_AIT_002_PV,sensor,selected_sensor_delta,3.0,25.0,5.0,0.015316334 - (1_AIT_002_PV * 0.024466293),0.0119052665651211,41.73000224731814,0.016198173266754025,13.758896996571675,14.163851328240526,4.586298998857225,14.163851328240526,0.004045138888888889,0.00017188670210806762,0.06776408806301758,1,699
geco_matched_plus_actuator_persistence,1_AIT_004_PV,sensor,selected_sensor_delta,3.0,25.0,3.0,3_AIT_004_PV * -5.4525193e-5,-0.0001992524296718,4.910153218946012,2.8444196394286245,3060.3950542017183,3131.505545187434,1020.1316847339061,933.8179709712217,0.0,0.0,0.0,0,0
geco_matched_plus_actuator_persistence,1_AIT_005_PV,sensor,selected_sensor_delta,3.0,25.0,5.0,(1_FIT_001_PV - 1_AIT_002_PV) * -3.9571616e-5,0.0023463384738832,12.40172474664917,0.0005404796966590669,0.20248841149642555,0.2160004039129022,0.06749613716547519,0.040270004949606274,0.0,0.0,0.0,0,0
geco_matched_plus_actuator_persistence,1_FIT_001_PV,sensor,selected_sensor_delta,3.0,25.0,7.0,((1_LT_001_PV * 1_P_001_STATUS) * -0.0001994969) + 0.014458983,-0.0179323441933463,11.85813818130814,0.03840313085817598,20.817849339775155,21.777927611229554,6.9392831132583845,21.777927611229554,0.001736111111111111,0.000196441945266363,0.02706523934558675,5,147
geco_matched_plus_actuator_persistence,1_LS_001_AL,sensor,selected_sensor_delta,3.0,25.0,3.0,0.030378316 - 0.030378316,,0.0,1e-06,1e-06,2.6e-05,0.0,0.0,0.0,0.0,0.0,0,0
geco_matched_plus_actuator_persistence,1_LS_002_AL,sensor,selected_sensor_delta,3.0,25.0,3.0,-0.021763658 - -0.021763658,,0.0,1e-06,1e-06,2.6e-05,0.0,0.0,0.0,0.0,0.0,0,0
geco_matched_plus_actuator_persistence,2_DPIT_001_PV,sensor,selected_sensor_delta,3.0,25.0,3.0,88.35751 - 2_PIT_002_PV,0.008482119469839,9.66778276190117,43.256756319788046,19480.584097540675,20562.003005535378,6493.528032513559,7067.644661908868,0.0,0.0,0.0,0,0
geco_matched_plus_actuator_persistence,2_FIC_101_CO,sensor,selected_sensor_delta,3.0,25.0,3.0,2_FQ_101_PV * -0.3397043,0.0150389194041339,34.150938108826395,0.5275863868982411,295.18924464090225,308.37890431335825,98.39641488030075,80.61268401614372,0.0,0.0,0.0,0,0
geco_matched_plus_actuator_persistence,2_FIC_101_PV,sensor,selected_sensor_delta,3.0,25.0,3.0,2_FIC_101_PV * -0.016046675,0.002252916125048,18.49348773225588,0.02979673568732669,16.81604385564224,17.560962247825405,5.605347951880746,3.974709597218389,0.0,0.0,0.0,0,0
geco_matched_plus_actuator_persistence,2_FIC_101_SP,sensor,selected_sensor_delta,3.0,25.0,15.0,((2_MV_003_STATUS - 1_MV_001_STATUS) * (2_FIC_201_PV * (3_AIT_001_PV * 2_P_004_SPEED))) * (2.3499095 * (2_MV_009_STATUS - 2_MV_003_STATUS)),-9.112138177336249e-08,0.0,0.0017891865730764527,2.509543662137424,2.5542733264643354,0.836514554045808,0.28821081253285386,0.0,0.0,0.0,0,0
geco_matched_plus_actuator_persistence,2_FIC_201_CO,sensor,selected_sensor_delta,3.0,25.0,3.0,2_FQ_201_PV * -0.25967506,0.0115003398980684,41.3791240636834,0.37493504907663644,282.72819147514144,292.10156770205737,94.24273049171381,109.98883320035127,0.0,0.0,0.0,0,0
geco_matched_plus_actuator_persistence,2_FIC_201_PV,sensor,selected_sensor_delta,3.0,25.0,7.0,(2_FQ_201_PV * 2_FIC_401_PV) * (-0.04007296 - 2_LS_201_AH),0.0034190508627743,39.845894609586814,0.020632148889052914,24.692827379096077,25.2086311013224,8.230942459698692,4.876911715521573,0.0,0.0,0.0,0,0
geco_matched_plus_actuator_persistence,2_FIC_201_SP,sensor,selected_sensor_delta,3.0,25.0,11.0,((2_MV_003_STATUS - 1_P_005_STATUS) * ((2_P_004_SPEED * 3_AIT_001_PV) * 1_FIT_001_PV)) * 2_MV_101_STATUS,-2.3749495703384582e-09,0.0,0.0016237224631009655,0.9551287888012833,0.9957218503788074,0.3183762629337611,0.2383762870736422,0.0,0.0,0.0,0,0
geco_matched_plus_actuator_persistence,2_FIC_301_PV,sensor,selected_sensor_delta,3.0,25.0,3.0,2_FIC_601_PV * -0.009515096,-0.0036792547368171,17.746108309561812,0.020480065128239675,14.911148473358875,15.423150101564866,4.970382824452958,5.163894476575684,0.0,0.0,0.0,0,0
geco_matched_plus_actuator_persistence,2_FIC_301_SP,sensor,selected_sensor_delta,3.0,25.0,13.0,1_FIT_001_PV * ((((4.6891226e-5 * 2_FIC_301_CO) * 2_LS_201_AH) * 4.6891226e-5) * (2_FIC_501_CO * 3_AIT_004_PV)),-0.0308985748156576,0.0,0.002078101798552482,2.885857921200616,2.9378104661644278,0.9619526404002053,0.25792190356586553,0.0,0.0,0.0,0,0
geco_matched_plus_actuator_persistence,2_FIC_401_CO,sensor,selected_sensor_delta,3.0,25.0,3.0,2_FQ_401_PV * -0.28900453,0.0068262290096441,31.49156173004372,0.5152049430767641,248.12879335204315,261.00891692896226,82.70959778401438,89.62904282109717,0.0,0.0,0.0,0,0
geco_matched_plus_actuator_persistence,2_FIC_401_PV,sensor,selected_sensor_delta,3.0,25.0,9.0,2_FQ_401_PV * (((2B_AIT_001_PV * 2_FIC_501_SP) + -0.073952936) * 2_FIC_401_PV),-0.0136811757617747,42.44627371380358,0.030358977164082257,21.82736257721787,22.586337006319926,7.27578752573929,5.517591368486072,0.0,0.0,0.0,0,0
geco_matched_plus_actuator_persistence,2_FIC_401_SP,sensor,selected_sensor_delta,3.0,25.0,11.0,(3_AIT_001_PV * ((3_FIT_001_PV + -0.5745507) * (1_P_005_STATUS - 2_MV_003_STATUS))) * 1_FIT_001_PV,-2.5924091762163926e-09,0.0,0.001662038620217033,1.581484127205285,1.623035092710711,0.527161375735095,0.24833797628094417,0.0,0.0,0.0,0,0
geco_matched_plus_actuator_persistence,2_FIC_501_PV,sensor,selected_sensor_delta,3.0,25.0,3.0,2_FIC_501_PV * -0.019195596,-0.0080578702045512,13.110728544786658,0.023499944593588378,16.96619372254374,17.55369233738345,5.65539790751458,6.0730825129994725,0.0,0.0,0.0,0,0
geco_matched_plus_actuator_persistence,2_FIC_601_CO,sensor,selected_sensor_delta,3.0,25.0,3.0,2_FQ_601_PV * -0.33139205,-0.0036177276086308,38.05090530847815,0.3690366250044411,315.14488588640586,324.3708015115169,105.04829529546862,100.55624201774286,0.0,0.0,0.0,0,0
geco_matched_plus_actuator_persistence,2_FIC_601_PV,sensor,selected_sensor_delta,3.0,25.0,3.0,2_FIC_601_PV * -0.01591041,-0.0054832129042694,19.98884073391906,0.020960186568226402,16.89519955798965,17.419204222195308,5.631733185996549,4.815475964362502,0.0,0.0,0.0,0,0
geco_matched_plus_actuator_persistence,2_FIC_601_SP,sensor,selected_sensor_delta,3.0,25.0,13.0,(2_MCV_201_CO * ((1_MV_001_STATUS - 2_MV_003_STATUS) * 3_AIT_001_PV)) * (-0.00017899254 * (1_MV_001_STATUS - 2_MV_003_STATUS)),-6.513451999978771e-09,0.0,0.0020184410255506147,0.9839446715589302,1.0344056971976956,0.32798155718631006,0.31798154437131143,0.0,0.0,0.0,0,0
geco_matched_plus_actuator_persistence,2_FIT_001_PV,sensor,selected_sensor_delta,3.0,25.0,5.0,(2_MV_003_STATUS - 2_FIT_001_PV) * 0.021082245,-0.0272732956464449,1.6244499683380147,0.08943224896033541,13.33990118328012,15.575707407288505,4.44663372776004,11.845878519953315,0.0,0.0,0.0,0,0
geco_matched_plus_actuator_persistence,2_FIT_002_PV,sensor,selected_sensor_delta,3.0,25.0,3.0,2_FQ_101_PV * -0.010027352,-0.001361467372912,19.48504475212655,0.013844316925125643,4.135428233256037,4.481536156384178,1.3784760777520122,1.66992812094682,0.0,0.0,0.0,0,0
geco_matched_plus_actuator_persistence,2_FIT_003_PV,sensor,selected_sensor_delta,3.0,25.0,3.0,2_FIT_002_PV * 2_PIC_003_PV,0.0553370128865967,4.825827196131465,0.08662036534491208,22.122032569986892,24.287541703609694,7.374010856662298,24.287541703609694,0.0020601851851851853,0.00022713599921423222,0.03221571399717229,1,356
geco_matched_plus_actuator_persistence,2_FQ_101_PV,sensor,selected_sensor_delta,3.0,25.0,3.0,2_FIC_101_PV * -0.014559889,0.0034545247127396,19.51039912430314,0.029518715120822655,16.424552411676103,17.16252028969667,5.474850803892035,3.7794473133155058,0.0,0.0,0.0,0,0
geco_matched_plus_actuator_persistence,2_FQ_201_PV,sensor,selected_sensor_delta,3.0,25.0,1.0,0.00017188098,-7.82947853235072e-05,42.419670621221854,0.019914913082316514,13.331471310922922,13.829344137980835,4.443823770307641,4.932179232407571,0.0,0.0,0.0,0,0
geco_matched_plus_actuator_persistence,2_FQ_301_PV,sensor,selected_sensor_delta,3.0,25.0,3.0,2_FIC_301_PV * -0.009666798,0.0030450564846143,17.380916905003005,0.020423243574404518,15.708612271701442,16.219193361061556,5.236204090567147,5.170309152234473,0.0,0.0,0.0,0,0
geco_matched_plus_actuator_persistence,2_FQ_401_PV,sensor,selected_sensor_delta,3.0,25.0,3.0,2_FQ_401_PV * -0.016482946,0.0072349124829306,9.838222623484665,0.03102988210774329,15.986054321154494,16.761801373848076,5.328684773718165,5.046962987887681,0.0,0.0,0.0,0,0
geco_matched_plus_actuator_persistence,2_FQ_501_PV,sensor,selected_sensor_delta,3.0,25.0,3.0,2_FIC_501_PV * -0.014651568,-0.0011197778128997,14.59205286561609,0.02297279909369978,16.803406076383997,17.37772605372649,5.601135358794665,5.420083135880075,0.0,0.0,0.0,0,0
geco_matched_plus_actuator_persistence,2_FQ_601_PV,sensor,selected_sensor_delta,3.0,25.0,3.0,2_FIC_601_PV * -0.021256251,-0.0140299318532872,15.7930218718151,0.021655684862108213,17.357242833651114,17.898634955203818,5.7857476112170385,4.870014111900411,0.0,0.0,0.0,0,0
geco_matched_plus_actuator_persistence,2_LS_101_AH,sensor,selected_sensor_delta,3.0,25.0,9.0,((2_FQ_301_PV * 2_MV_101_STATUS) * (2_LS_101_AH - 1_MV_004_STATUS)) * 2_LS_101_AH,-0.1183975229998723,0.0,0.011789963000637876,35.60858074281532,35.90332981783127,11.869526914271773,2.5279678696062966,0.0,0.0,0.0,0,0
geco_matched_plus_actuator_persistence,2_LS_101_AL,sensor,selected_sensor_delta,3.0,25.0,7.0,(2_LS_101_AL * (3_AIT_001_PV * 2_FIC_101_PV)) * -20.992853,0.0,0.0,0.013714954292528232,139.55796315051649,139.9008370078297,46.51932105017216,1.1496728338632498,0.0,0.0,0.0,0,0
geco_matched_plus_actuator_persistence,2_LS_201_AH,sensor,selected_sensor_delta,3.0,25.0,7.0,(2_LS_501_AH * 2_LS_201_AH) * (1_MV_001_STATUS - 1.9999987),0.0,0.0,0.010755052489398766,32.48371848050885,32.75259479274382,10.827906160169617,1.8171641076802207,0.0,0.0,0.0,0,0
geco_matched_plus_actuator_persistence,2_LS_201_AL,sensor,selected_sensor_delta,3.0,25.0,5.0,(3_FIT_001_PV + -0.5867106) * 2_LS_201_AL,-0.0394394750394426,0.0,0.010531012041083483,20.637272509804518,20.900547810831604,6.879090836601506,3.5182206593404732,0.0,0.0,0.0,0,0
geco_matched_plus_actuator_persistence,2_LS_301_AH,sensor,selected_sensor_delta,3.0,25.0,11.0,(3_AIT_003_PV * ((2_FIC_201_PV * (2_FIC_301_SP * 2_LS_301_AH)) * -0.28339157)) * 2_FIT_001_PV,0.0,0.0,0.010381215458828894,45.12416597823129,45.38369636470201,15.04138865941043,1.8131381217410805,0.0,0.0,0.0,0,0
geco_matched_plus_actuator_persistence,2_LS_301_AL,sensor,selected_sensor_delta,3.0,25.0,9.0,(0.72565746 - 3_AIT_005_PV) * (2_LS_301_AL * (3_FIT_001_PV + -0.57262355)),0.0065613225673001,0.0,0.009818646678584217,30.94810514510243,31.193571312067036,10.316035048367477,3.8212904639444676,0.0,0.0,0.0,0,0
geco_matched_plus_actuator_persistence,2_LS_401_AH,sensor,selected_sensor_delta,3.0,25.0,9.0,2_LS_401_AH * (2_FIT_001_PV * ((1_FIT_001_PV * 2_MV_401_STATUS) * -0.024918532)),0.002531028671956,0.0,0.011690146501096944,26.290577590127743,26.582831252655165,8.763525863375914,7.791393179099645,0.0,0.0,0.0,0,0
geco_matched_plus_actuator_persistence,2_LS_401_AL,sensor,selected_sensor_delta,3.0,25.0,9.0,((2_FIC_401_CO * 1_MV_004_STATUS) * 2_FIC_601_CO) * (2_MV_003_STATUS * 4.5439656e-8),-0.0014167605552886,5.777708620498893,0.011701026360304794,4.988750830102868,5.281276489110487,1.6629169433676225,1.414262256890184,0.0,0.0,0.0,0,0
geco_matched_plus_actuator_persistence,2_LS_501_AH,sensor,selected_sensor_delta,3.0,25.0,1.0,9.999286e-5,-9.303286732964544e-05,1.0,0.01057280686784378,10.742062404738753,11.006382576434849,3.580687468246251,1.811289362138813,0.0,0.0,0.0,0,0
geco_matched_plus_actuator_persistence,2_LS_501_AL,sensor,selected_sensor_delta,3.0,25.0,5.0,(2_FQ_401_PV - 2_FQ_101_PV) * 2A_AIT_002_PV,-0.0151335992731873,2.571116455665051e-32,0.011420730252754334,62.518884417781265,62.804402674100125,20.839628139260423,4.153981333017071,0.0,0.0,0.0,0,0
geco_matched_plus_actuator_persistence,2_LS_601_AH,sensor,selected_sensor_delta,3.0,25.0,9.0,2_LS_301_AH * ((2_FIC_501_SP - 0.22000383) * (2_FIT_001_PV * 2_FIC_401_SP)),0.0,0.0,0.01137293638321413,169.52001512970912,169.8043385392895,56.50667170990304,1.6701848448867902,0.0,0.0,0.0,0,0
geco_matched_plus_actuator_persistence,2_LS_601_AL,sensor,selected_sensor_delta,3.0,25.0,5.0,(2B_AIT_003_PV * -0.0038763508) + 0.033448044,-0.0022001244809992,4.797744669484077,0.010188883403531176,5.321003944952038,5.575726030040317,1.773667981650679,1.6563197500556504,0.0,0.0,0.0,0,0
geco_matched_plus_actuator_persistence,2_LT_002_PV,sensor,selected_sensor_delta,3.0,25.0,5.0,(TOTAL_CONS_REQUIRED_FLOW - 2_FIT_001_PV) * -0.03581529,0.0202287766691278,24.794094900339346,0.15304194999487877,14.167116172914339,17.99316492278631,4.722372057638113,17.99316492278631,0.006313657407407408,0.000589325835799089,0.10048475055544334,12,417
geco_matched_plus_actuator_persistence,2_MCV_007_CO,sensor,selected_sensor_delta,3.0,25.0,3.0,3_P_003_STATUS - 2_MV_002_STATUS,,0.0,1e-06,1e-06,2.6e-05,0.0,2.6e-05,0.003269675925925926,0.0004604108092180383,0.04948495253484145,16,121
geco_matched_plus_actuator_persistence,2_P_003_SPEED,sensor,selected_sensor_delta,3.0,25.0,1.0,2_P_004_SPEED,0.000302468603613,1.2555573934924376,1.1749209730634267,228.93930481889734,258.31232914548303,76.31310160629911,74.90048855516326,0.0,0.0,0.0,0,0
geco_matched_plus_actuator_persistence,2_PIC_003_CO,sensor,selected_sensor_delta,3.0,25.0,7.0,((2_PIC_003_PV - 2_MV_006_STATUS) + 0.92499703) * 0.515833,0.0239900981892037,32.36284519360931,0.624249617240662,2518.0607114162895,2533.666951847306,839.3535704720965,68.28561631553673,0.0,0.0,0.0,0,0
geco_matched_plus_actuator_persistence,2_PIC_003_PV,sensor,selected_sensor_delta,3.0,25.0,7.0,(2_PIC_003_PV + (0.9200428 - 2_MV_006_STATUS)) * -0.06421421,0.0198915417593883,26.39547806641177,0.06264419974295483,480.0104236731662,481.57652866674005,160.00347455772206,7.018815523038089,0.0,0.0,0.0,0,0
geco_matched_plus_actuator_persistence,2_PIT_001_PV,sensor,selected_sensor_delta,3.0,25.0,5.0,1.1427776 - (2_DPIT_001_PV * 0.0004586949),0.006621193393292,10.36563242243466,0.3894949934835992,202.9764170416035,212.71379187869348,67.6588056805345,76.04932049113552,0.0,0.0,0.0,0,0
geco_matched_plus_actuator_persistence,2_PIT_002_PV,sensor,selected_sensor_delta,3.0,25.0,5.0,(2_DPIT_001_PV * -0.003075006) + 7.663425,0.0050784784743534,9.060265717850797,2.2764557660727176,1248.3734623909181,1305.284856542736,416.1244874636394,494.70586953373856,0.0,0.0,0.0,0,0
geco_matched_plus_actuator_persistence,2_PIT_003_PV,sensor,selected_sensor_delta,3.0,25.0,7.0,((2_MV_006_STATUS - 2_PIC_003_PV) + -0.9245177) * 0.057637595,0.0175529740100325,29.471299638718875,0.062284469291722,358.18468713240287,359.7417988646959,119.39489571080095,7.435230275214128,0.0,0.0,0.0,0,0
geco_matched_plus_actuator_persistence,2A_AIT_001_PV,sensor,selected_sensor_delta,3.0,25.0,1.0,1.9560876e-7,-8.863622583454855e-06,1.0,0.00016305843894173642,0.7592666017099834,0.7633430626835268,0.25308886723666113,0.0021141292319017545,0.0,0.0,0.0,0,0
geco_matched_plus_actuator_persistence,2A_AIT_002_PV,sensor,selected_sensor_delta,3.0,25.0,7.0,((2_MCV_101_CO * -0.023470242) * 2A_AIT_002_PV) * 2A_AIT_002_PV,-0.0475475253455481,1.101981112345036e-32,0.16387552169973232,1736.2340168129344,1740.3309048554277,578.7446722709782,4.068106360617694,0.0,0.0,0.0,0,0
geco_matched_plus_actuator_persistence,2A_AIT_003_PV,sensor,selected_sensor_delta,3.0,25.0,7.0,2_FIC_201_PV * (2A_AIT_002_PV * (-0.33989054 * 2_FIT_002_PV)),-0.0012282912975181,0.0,0.003720484015034855,3.2680985158104727,3.361110616186344,1.0893661719368242,0.686988340776312,0.0,0.0,0.0,0,0
geco_matched_plus_actuator_persistence,2B_AIT_001_PV,sensor,selected_sensor_delta,3.0,25.0,5.0,2_LS_201_AH * (2_MCV_501_CO * 4.5408036e-5),-0.0044911897181842,0.0,7.71827333816407e-05,0.046312105100746466,0.048241673435287485,0.01543736836691549,0.012964592355746929,0.0,0.0,0.0,0,0
geco_matched_plus_actuator_persistence,3_AIT_001_PV,sensor,selected_sensor_delta,3.0,25.0,1.0,0.0,0.0,0.0,0.00020841843969419892,0.5001313964258942,0.5053418574182492,0.16671046547529805,0.0,0.0,0.0,0.0,0,0
geco_matched_plus_actuator_persistence,3_AIT_003_PV,sensor,selected_sensor_delta,3.0,25.0,3.0,3_AIT_003_PV * -0.09685825,0.036160234996091,32.561618656036444,6.3235121918570645,164.1423194366427,322.2301242330693,54.7141064788809,48.5708259273197,0.0,0.0,0.0,0,0
geco_matched_plus_actuator_persistence,3_AIT_004_PV,sensor,selected_sensor_delta,3.0,25.0,5.0,(3_AIT_004_PV * -0.22340244) + 2_PIT_001_PV,0.0705906221904001,19.22637520277597,455.9909960478907,20292.565569060273,31692.34047025754,6764.188523020091,4527.302069542882,0.0,0.0,0.0,0,0
geco_matched_plus_actuator_persistence,3_AIT_005_PV,sensor,selected_sensor_delta,3.0,25.0,1.0,1.665455e-5,-0.0001843146077267,17.391272839636848,0.0015296999915492212,3.687021098744987,3.7252635985337177,1.2290070329149956,0.31388459112275385,0.0,0.0,0.0,0,0
geco_matched_plus_actuator_persistence,3_LS_001_AL,sensor,selected_sensor_delta,3.0,25.0,3.0,1_LS_001_AL - 1_LS_001_AL,,0.0,1e-06,1e-06,2.6e-05,0.0,0.0,0.0,0.0,0.0,0,0
geco_matched_plus_actuator_persistence,LEAK_DIFF_PRESSURE,sensor,selected_sensor_delta,3.0,25.0,7.0,2_FIT_003_PV + ((LEAK_DIFF_PRESSURE * -0.11256748) + 6.922297),0.0315872021934814,16.788538020673613,1.911347078561208,765.6466615059919,813.4303384700221,255.21555383533064,235.61947492026877,0.0,0.0,0.0,0,0
geco_matched_plus_actuator_persistence,PLANT_START_STOP_LOG,sensor,selected_sensor_delta,3.0,25.0,3.0,2_MCV_007_CO * 2_MCV_007_CO,,0.0,1e-06,1e-06,2.6e-05,0.0,2.6e-05,0.009351851851851853,0.0004604108092180383,0.15562512623712382,3,649
geco_matched_plus_actuator_persistence,1_MV_001_STATUS,actuator,actuator_persistence,3.0,25.0,1.0,1_MV_001_STATUS,,,0.04056415846780728,33.19582988586803,34.209933847563214,11.065276628622676,34.209933847563214,0.001707175925925926,0.0001534702697393461,0.027267218743688145,6,102
geco_matched_plus_actuator_persistence,1_MV_004_STATUS,actuator,actuator_persistence,3.0,25.0,1.0,1_MV_004_STATUS,,,0.04067319042827918,33.164101585370716,34.1809313460777,11.054700528456905,2.755960857430325,0.0,0.0,0.0,0,0
geco_matched_plus_actuator_persistence,1_P_001_STATUS,actuator,actuator_persistence,3.0,25.0,1.0,1_P_001_STATUS,,,0.01803574328798211,10.022134852516947,10.4730284347165,3.340711617505649,10.4730284347165,0.0014467592592592592,1.8416432368721532e-05,0.024944455665522117,6,109
geco_matched_plus_actuator_persistence,1_P_002_STATUS,actuator,actuator_persistence,3.0,25.0,1.0,1_P_002_STATUS,,,1e-06,1e-06,2.6e-05,0.0,0.0,0.0,0.0,0.0,0,0
geco_matched_plus_actuator_persistence,1_P_003_STATUS,actuator,actuator_persistence,3.0,25.0,1.0,1_P_003_STATUS,,,0.01803574328798211,10.022134852516947,10.4730284347165,3.340711617505649,10.4730284347165,0.0014467592592592592,1.8416432368721532e-05,0.024944455665522117,6,109
geco_matched_plus_actuator_persistence,1_P_004_STATUS,actuator,actuator_persistence,3.0,25.0,1.0,1_P_004_STATUS,,,1e-06,1e-06,2.6e-05,0.0,0.0,0.0,0.0,0.0,0,0
geco_matched_plus_actuator_persistence,1_P_005_STATUS,actuator,actuator_persistence,3.0,25.0,1.0,1_P_005_STATUS,,,0.040709690311655826,6.382062736991502,7.399804994782897,2.127354245663834,5.336127871950981,0.0,0.0,0.0,0,0
geco_matched_plus_actuator_persistence,1_P_006_STATUS,actuator,actuator_persistence,3.0,25.0,1.0,1_P_006_STATUS,,,1e-06,1e-06,2.6e-05,0.0,2.6e-05,0.00028935185185185184,0.0001534702697393461,0.002524742476267421,2,25
geco_matched_plus_actuator_persistence,2_MV_001_STATUS,actuator,actuator_persistence,3.0,25.0,1.0,2_MV_001_STATUS,,,1e-06,1e-06,2.6e-05,0.0,0.0,0.0,0.0,0.0,0,0
geco_matched_plus_actuator_persistence,2_MV_002_STATUS,actuator,actuator_persistence,3.0,25.0,1.0,2_MV_002_STATUS,,,1e-06,1e-06,2.6e-05,0.0,0.0,0.0,0.0,0.0,0,0
geco_matched_plus_actuator_persistence,2_MV_003_STATUS,actuator,actuator_persistence,3.0,25.0,1.0,2_MV_003_STATUS,,,0.09216863911203314,23.280727802539396,25.584943780340225,7.760242600846465,19.671701159626604,0.0,0.0,0.0,0,0
geco_matched_plus_actuator_persistence,2_MV_004_STATUS,actuator,actuator_persistence,3.0,25.0,1.0,2_MV_004_STATUS,,,1e-06,1e-06,2.6e-05,0.0,0.0,0.0,0.0,0.0,0,0
geco_matched_plus_actuator_persistence,2_MV_005_STATUS,actuator,actuator_persistence,3.0,25.0,1.0,2_MV_005_STATUS,,,1e-06,1e-06,2.6e-05,0.0,0.0,0.0,0.0,0.0,0,0
geco_matched_plus_actuator_persistence,2_MV_006_STATUS,actuator,actuator_persistence,3.0,25.0,1.0,2_MV_006_STATUS,,,0.08828073019980047,13.497682759810184,15.704701014805195,4.499227586603395,4.410946856403594,0.0,0.0,0.0,0,0
geco_matched_plus_actuator_persistence,2_MV_009_STATUS,actuator,actuator_persistence,3.0,25.0,1.0,2_MV_009_STATUS,,,1e-06,1e-06,2.6e-05,0.0,0.0,0.0,0.0,0.0,0,0
geco_matched_plus_actuator_persistence,2_MV_101_STATUS,actuator,actuator_persistence,3.0,25.0,1.0,2_MV_101_STATUS,,,0.02492577904561714,8.551335977178892,9.17448045331932,2.8504453257262976,2.8504453257262976,0.0,0.0,0.0,0,0
geco_matched_plus_actuator_persistence,2_MV_201_STATUS,actuator,actuator_persistence,3.0,25.0,1.0,2_MV_201_STATUS,,,0.023317454840228517,8.580285812875886,9.163222183881599,2.8600952709586287,2.8600952709586287,0.0,0.0,0.0,0,0
geco_matched_plus_actuator_persistence,2_MV_301_STATUS,actuator,actuator_persistence,3.0,25.0,1.0,2_MV_301_STATUS,,,0.02189085756575435,8.605964563816421,9.15323600296028,2.8686548546054738,2.8686548546054738,0.0,0.0,0.0,0,0
geco_matched_plus_actuator_persistence,2_MV_401_STATUS,actuator,actuator_persistence,3.0,25.0,1.0,2_MV_401_STATUS,,,0.04256249555772995,14.36025069299412,15.424313081937369,4.78675023099804,3.2338750799608595,0.0,0.0,0.0,0,0
geco_matched_plus_actuator_persistence,2_MV_501_STATUS,actuator,actuator_persistence,3.0,25.0,1.0,2_MV_501_STATUS,,,0.03629246408107271,15.991639956811971,16.89895155883879,5.330546652270657,2.782245215513564,0.0,0.0,0.0,0,0
geco_matched_plus_actuator_persistence,2_MV_601_STATUS,actuator,actuator_persistence,3.0,25.0,1.0,2_MV_601_STATUS,,,0.022086190873586854,8.602448564275438,9.154603336115109,2.867482854758479,2.867482854758479,0.0,0.0,0.0,0,0
geco_matched_plus_actuator_persistence,2_P_003_STATUS,actuator,actuator_persistence,3.0,25.0,1.0,2_P_003_STATUS,,,0.03892715311945345,5.2993112438498375,6.272490071836174,1.766437081283279,1.766437081283279,0.0,0.0,0.0,0,0
geco_matched_plus_actuator_persistence,2_P_004_STATUS,actuator,actuator_persistence,3.0,25.0,1.0,2_P_004_STATUS,,,1e-06,1e-06,2.6e-05,0.0,0.0,0.0,0.0,0.0,0,0
geco_matched_plus_actuator_persistence,2_SV_101_STATUS,actuator,actuator_persistence,3.0,25.0,1.0,2_SV_101_STATUS,,,1e-06,1e-06,2.6e-05,0.0,0.0,0.0,0.0,0.0,0,0
geco_matched_plus_actuator_persistence,2_SV_201_STATUS,actuator,actuator_persistence,3.0,25.0,1.0,2_SV_201_STATUS,,,1e-06,1e-06,2.6e-05,0.0,0.0,0.0,0.0,0.0,0,0
geco_matched_plus_actuator_persistence,2_SV_301_STATUS,actuator,actuator_persistence,3.0,25.0,1.0,2_SV_301_STATUS,,,1e-06,1e-06,2.6e-05,0.0,0.0,0.0,0.0,0.0,0,0
geco_matched_plus_actuator_persistence,2_SV_401_STATUS,actuator,actuator_persistence,3.0,25.0,1.0,2_SV_401_STATUS,,,1e-06,1e-06,2.6e-05,0.0,0.0,0.0,0.0,0.0,0,0
geco_matched_plus_actuator_persistence,2_SV_501_STATUS,actuator,actuator_persistence,3.0,25.0,1.0,2_SV_501_STATUS,,,1e-06,1e-06,2.6e-05,0.0,0.0,0.0,0.0,0.0,0,0
geco_matched_plus_actuator_persistence,2_SV_601_STATUS,actuator,actuator_persistence,3.0,25.0,1.0,2_SV_601_STATUS,,,1e-06,1e-06,2.6e-05,0.0,0.0,0.0,0.0,0.0,0,0
geco_matched_plus_actuator_persistence,3_MV_001_STATUS,actuator,actuator_persistence,3.0,25.0,1.0,3_MV_001_STATUS,,,1e-06,1e-06,2.6e-05,0.0,0.0,0.0,0.0,0.0,0,0
geco_matched_plus_actuator_persistence,3_MV_002_STATUS,actuator,actuator_persistence,3.0,25.0,1.0,3_MV_002_STATUS,,,1e-06,1e-06,2.6e-05,0.0,0.0,0.0,0.0,0.0,0,0
geco_matched_plus_actuator_persistence,3_MV_003_STATUS,actuator,actuator_persistence,3.0,25.0,1.0,3_MV_003_STATUS,,,1e-06,1e-06,2.6e-05,0.0,0.0,0.0,0.0,0.0,0,0
geco_matched_plus_actuator_persistence,3_P_001_STATUS,actuator,actuator_persistence,3.0,25.0,1.0,3_P_001_STATUS,,,1e-06,1e-06,2.6e-05,0.0,0.0,0.0,0.0,0.0,0,0
geco_matched_plus_actuator_persistence,3_P_002_STATUS,actuator,actuator_persistence,3.0,25.0,1.0,3_P_002_STATUS,,,1e-06,1e-06,2.6e-05,0.0,0.0,0.0,0.0,0.0,0,0
geco_matched_plus_actuator_persistence,3_P_003_STATUS,actuator,actuator_persistence,3.0,25.0,1.0,3_P_003_STATUS,,,1e-06,1e-06,2.6e-05,0.0,0.0,0.0,0.0,0.0,0,0
geco_matched_plus_actuator_persistence,3_P_004_STATUS,actuator,actuator_persistence,3.0,25.0,1.0,3_P_004_STATUS,,,1e-06,1e-06,2.6e-05,0.0,0.0,0.0,0.0,0.0,0,0
geco_matched_plus_actuator_persistence,1_AIT_002_PV,sensor,selected_sensor_delta,5.0,2.0,5.0,0.015316334 - (1_AIT_002_PV * 0.024466293),0.0119052665651211,41.73000224731814,0.016198173266754025,22.931494994286123,22.963891340819632,4.586298998857225,22.963891340819632,0.0034432870370370372,1.8416432368721532e-05,0.05978590183801252,1,595
geco_matched_plus_actuator_persistence,1_AIT_004_PV,sensor,selected_sensor_delta,5.0,2.0,3.0,3_AIT_004_PV * -5.4525193e-5,-0.0001992524296718,4.910153218946012,2.8444196394286245,5100.658423669531,5106.347262948388,1020.1316847339061,933.8179709712217,0.0,0.0,0.0,0,0
geco_matched_plus_actuator_persistence,1_AIT_005_PV,sensor,selected_sensor_delta,5.0,2.0,5.0,(1_FIT_001_PV - 1_AIT_002_PV) * -3.9571616e-5,0.0023463384738832,12.40172474664917,0.0005404796966590669,0.33748068582737595,0.3385616452206941,0.06749613716547519,0.040270004949606274,0.0,0.0,0.0,0,0
geco_matched_plus_actuator_persistence,1_FIT_001_PV,sensor,selected_sensor_delta,5.0,2.0,7.0,((1_LT_001_PV * 1_P_001_STATUS) * -0.0001994969) + 0.014458983,-0.0179323441933463,11.85813818130814,0.03840313085817598,34.696415566291925,34.773221828008275,6.9392831132583845,34.07407751951275,0.0,0.0,0.0,0,0
geco_matched_plus_actuator_persistence,1_LS_001_AL,sensor,selected_sensor_delta,5.0,2.0,3.0,0.030378316 - 0.030378316,,0.0,1e-06,1e-06,3e-06,0.0,0.0,0.0,0.0,0.0,0,0
geco_matched_plus_actuator_persistence,1_LS_002_AL,sensor,selected_sensor_delta,5.0,2.0,3.0,-0.021763658 - -0.021763658,,0.0,1e-06,1e-06,3e-06,0.0,0.0,0.0,0.0,0.0,0,0
geco_matched_plus_actuator_persistence,2_DPIT_001_PV,sensor,selected_sensor_delta,5.0,2.0,3.0,88.35751 - 2_PIT_002_PV,0.008482119469839,9.66778276190117,43.256756319788046,32467.640162567797,32554.153675207373,6493.528032513559,7067.644661908868,0.0,0.0,0.0,0,0
geco_matched_plus_actuator_persistence,2_FIC_101_CO,sensor,selected_sensor_delta,5.0,2.0,3.0,2_FQ_101_PV * -0.3397043,0.0150389194041339,34.150938108826395,0.5275863868982411,491.9820744015038,493.03724717530025,98.39641488030075,80.61268401614372,0.0,0.0,0.0,0,0
geco_matched_plus_actuator_persistence,2_FIC_101_PV,sensor,selected_sensor_delta,5.0,2.0,3.0,2_FIC_101_PV * -0.016046675,0.002252916125048,18.49348773225588,0.02979673568732669,28.02673975940373,28.086333230778383,5.605347951880746,3.974709597218389,0.0,0.0,0.0,0,0
geco_matched_plus_actuator_persistence,2_FIC_101_SP,sensor,selected_sensor_delta,5.0,2.0,15.0,((2_MV_003_STATUS - 1_MV_001_STATUS) * (2_FIC_201_PV * (3_AIT_001_PV * 2_P_004_SPEED))) * (2.3499095 * (2_MV_009_STATUS - 2_MV_003_STATUS)),-9.112138177336249e-08,0.0,0.0017891865730764527,4.18257277022904,4.186151143375193,0.836514554045808,0.28821081253285386,0.0,0.0,0.0,0,0
geco_matched_plus_actuator_persistence,2_FIC_201_CO,sensor,selected_sensor_delta,5.0,2.0,3.0,2_FQ_201_PV * -0.25967506,0.0115003398980684,41.3791240636834,0.37493504907663644,471.2136524585691,471.96352255672235,94.24273049171381,109.98883320035127,0.0,0.0,0.0,0,0
geco_matched_plus_actuator_persistence,2_FIC_201_PV,sensor,selected_sensor_delta,5.0,2.0,7.0,(2_FQ_201_PV * 2_FIC_401_PV) * (-0.04007296 - 2_LS_201_AH),0.0034190508627743,39.845894609586814,0.020632148889052914,41.154712298493465,41.19597659627157,8.230942459698692,4.876911715521573,0.0,0.0,0.0,0,0
geco_matched_plus_actuator_persistence,2_FIC_201_SP,sensor,selected_sensor_delta,5.0,2.0,11.0,((2_MV_003_STATUS - 1_P_005_STATUS) * ((2_P_004_SPEED * 3_AIT_001_PV) * 1_FIT_001_PV)) * 2_MV_101_STATUS,-2.3749495703384582e-09,0.0,0.0016237224631009655,1.5918813146688056,1.5951287595950074,0.3183762629337611,0.2383762870736422,0.0,0.0,0.0,0,0
geco_matched_plus_actuator_persistence,2_FIC_301_PV,sensor,selected_sensor_delta,5.0,2.0,3.0,2_FIC_601_PV * -0.009515096,-0.0036792547368171,17.746108309561812,0.020480065128239675,24.85191412226479,24.89287425252127,4.970382824452958,5.163894476575684,0.0,0.0,0.0,0,0
geco_matched_plus_actuator_persistence,2_FIC_301_SP,sensor,selected_sensor_delta,5.0,2.0,13.0,1_FIT_001_PV * ((((4.6891226e-5 * 2_FIC_301_CO) * 2_LS_201_AH) * 4.6891226e-5) * (2_FIC_501_CO * 3_AIT_004_PV)),-0.0308985748156576,0.0,0.002078101798552482,4.809763202001027,4.813919405598131,0.9619526404002053,0.25792190356586553,0.0,0.0,0.0,0,0
geco_matched_plus_actuator_persistence,2_FIC_401_CO,sensor,selected_sensor_delta,5.0,2.0,3.0,2_FQ_401_PV * -0.28900453,0.0068262290096441,31.49156173004372,0.5152049430767641,413.5479889200719,414.5783988062254,82.70959778401438,89.62904282109717,0.0,0.0,0.0,0,0
geco_matched_plus_actuator_persistence,2_FIC_401_PV,sensor,selected_sensor_delta,5.0,2.0,9.0,2_FQ_401_PV * (((2B_AIT_001_PV * 2_FIC_501_SP) + -0.073952936) * 2_FIC_401_PV),-0.0136811757617747,42.44627371380358,0.030358977164082257,36.37893762869645,36.43965558302461,7.27578752573929,5.517591368486072,0.0,0.0,0.0,0,0
geco_matched_plus_actuator_persistence,2_FIC_401_SP,sensor,selected_sensor_delta,5.0,2.0,11.0,(3_AIT_001_PV * ((3_FIT_001_PV + -0.5745507) * (1_P_005_STATUS - 2_MV_003_STATUS))) * 1_FIT_001_PV,-2.5924091762163926e-09,0.0,0.001662038620217033,2.635806878675475,2.6391309559159093,0.527161375735095,0.24833797628094417,0.0,0.0,0.0,0,0
geco_matched_plus_actuator_persistence,2_FIC_501_PV,sensor,selected_sensor_delta,5.0,2.0,3.0,2_FIC_501_PV * -0.019195596,-0.0080578702045512,13.110728544786658,0.023499944593588378,28.2769895375729,28.323989426760075,5.65539790751458,6.0730825129994725,0.0,0.0,0.0,0,0
geco_matched_plus_actuator_persistence,2_FIC_601_CO,sensor,selected_sensor_delta,5.0,2.0,3.0,2_FQ_601_PV * -0.33139205,-0.0036177276086308,38.05090530847815,0.3690366250044411,525.2414764773431,525.979549727352,105.04829529546862,100.55624201774286,0.0,0.0,0.0,0,0
geco_matched_plus_actuator_persistence,2_FIC_601_PV,sensor,selected_sensor_delta,5.0,2.0,3.0,2_FIC_601_PV * -0.01591041,-0.0054832129042694,19.98884073391906,0.020960186568226402,28.158665929982746,28.2005863031192,5.631733185996549,4.815475964362502,0.0,0.0,0.0,0,0
geco_matched_plus_actuator_persistence,2_FIC_601_SP,sensor,selected_sensor_delta,5.0,2.0,13.0,(2_MCV_201_CO * ((1_MV_001_STATUS - 2_MV_003_STATUS) * 3_AIT_001_PV)) * (-0.00017899254 * (1_MV_001_STATUS - 2_MV_003_STATUS)),-6.513451999978771e-09,0.0,0.0020184410255506147,1.6399077859315503,1.6439446679826515,0.32798155718631006,0.31798154437131143,0.0,0.0,0.0,0,0
geco_matched_plus_actuator_persistence,2_FIT_001_PV,sensor,selected_sensor_delta,5.0,2.0,5.0,(2_MV_003_STATUS - 2_FIT_001_PV) * 0.021082245,-0.0272732956464449,1.6244499683380147,0.08943224896033541,22.2331686388002,22.412033136720872,4.44663372776004,11.845878519953315,0.0,0.0,0.0,0,0
geco_matched_plus_actuator_persistence,2_FIT_002_PV,sensor,selected_sensor_delta,5.0,2.0,3.0,2_FQ_101_PV * -0.010027352,-0.001361467372912,19.48504475212655,0.013844316925125643,6.892380388760061,6.920069022610312,1.3784760777520122,1.66992812094682,0.0,0.0,0.0,0,0
geco_matched_plus_actuator_persistence,2_FIT_003_PV,sensor,selected_sensor_delta,5.0,2.0,3.0,2_FIT_002_PV * 2_PIC_003_PV,0.0553370128865967,4.825827196131465,0.08662036534491208,36.87005428331149,37.043295014001316,7.374010856662298,37.043295014001316,0.001869212962962963,8.594335105403381e-05,0.03120581700666532,1,323
geco_matched_plus_actuator_persistence,2_FQ_101_PV,sensor,selected_sensor_delta,5.0,2.0,3.0,2_FIC_101_PV * -0.014559889,0.0034545247127396,19.51039912430314,0.029518715120822655,27.374254019460174,27.43329144970182,5.474850803892035,3.7794473133155058,0.0,0.0,0.0,0,0
geco_matched_plus_actuator_persistence,2_FQ_201_PV,sensor,selected_sensor_delta,5.0,2.0,1.0,0.00017188098,-7.82947853235072e-05,42.419670621221854,0.019914913082316514,22.219118851538205,22.25894867770284,4.443823770307641,4.932179232407571,0.0,0.0,0.0,0,0
geco_matched_plus_actuator_persistence,2_FQ_301_PV,sensor,selected_sensor_delta,5.0,2.0,3.0,2_FIC_301_PV * -0.009666798,0.0030450564846143,17.380916905003005,0.020423243574404518,26.18102045283574,26.221866939984547,5.236204090567147,5.170309152234473,0.0,0.0,0.0,0,0
geco_matched_plus_actuator_persistence,2_FQ_401_PV,sensor,selected_sensor_delta,5.0,2.0,3.0,2_FQ_401_PV * -0.016482946,0.0072349124829306,9.838222623484665,0.03102988210774329,26.643423868590826,26.705483632806313,5.328684773718165,5.046962987887681,0.0,0.0,0.0,0,0
geco_matched_plus_actuator_persistence,2_FQ_501_PV,sensor,selected_sensor_delta,5.0,2.0,3.0,2_FIC_501_PV * -0.014651568,-0.0011197778128997,14.59205286561609,0.02297279909369978,28.005676793973326,28.051622392160724,5.601135358794665,5.420083135880075,0.0,0.0,0.0,0,0
geco_matched_plus_actuator_persistence,2_FQ_601_PV,sensor,selected_sensor_delta,5.0,2.0,3.0,2_FIC_601_PV * -0.021256251,-0.0140299318532872,15.7930218718151,0.021655684862108213,28.928738056085194,28.97204942580941,5.7857476112170385,4.870014111900411,0.0,0.0,0.0,0,0
geco_matched_plus_actuator_persistence,2_LS_101_AH,sensor,selected_sensor_delta,5.0,2.0,9.0,((2_FQ_301_PV * 2_MV_101_STATUS) * (2_LS_101_AH - 1_MV_004_STATUS)) * 2_LS_101_AH,-0.1183975229998723,0.0,0.011789963000637876,59.34763457135887,59.37121449736014,11.869526914271773,2.5279678696062966,0.0,0.0,0.0,0,0
geco_matched_plus_actuator_persistence,2_LS_101_AL,sensor,selected_sensor_delta,5.0,2.0,7.0,(2_LS_101_AL * (3_AIT_001_PV * 2_FIC_101_PV)) * -20.992853,0.0,0.0,0.013714954292528232,232.5966052508608,232.62403515944584,46.51932105017216,1.1496728338632498,0.0,0.0,0.0,0,0
geco_matched_plus_actuator_persistence,2_LS_201_AH,sensor,selected_sensor_delta,5.0,2.0,7.0,(2_LS_501_AH * 2_LS_201_AH) * (1_MV_001_STATUS - 1.9999987),0.0,0.0,0.010755052489398766,54.139530800848085,54.16104090582688,10.827906160169617,1.8171641076802207,0.0,0.0,0.0,0,0
geco_matched_plus_actuator_persistence,2_LS_201_AL,sensor,selected_sensor_delta,5.0,2.0,5.0,(3_FIT_001_PV + -0.5867106) * 2_LS_201_AL,-0.0394394750394426,0.0,0.010531012041083483,34.39545418300753,34.4165162070897,6.879090836601506,3.5182206593404732,0.0,0.0,0.0,0,0
geco_matched_plus_actuator_persistence,2_LS_301_AH,sensor,selected_sensor_delta,5.0,2.0,11.0,(3_AIT_003_PV * ((2_FIC_201_PV * (2_FIC_301_SP * 2_LS_301_AH)) * -0.28339157)) * 2_FIT_001_PV,0.0,0.0,0.010381215458828894,75.20694329705215,75.2277057279698,15.04138865941043,1.8131381217410805,0.0,0.0,0.0,0,0
geco_matched_plus_actuator_persistence,2_LS_301_AL,sensor,selected_sensor_delta,5.0,2.0,9.0,(0.72565746 - 3_AIT_005_PV) * (2_LS_301_AL * (3_FIT_001_PV + -0.57262355)),0.0065613225673001,0.0,0.009818646678584217,51.58017524183738,51.59981253519455,10.316035048367477,3.8212904639444676,0.0,0.0,0.0,0,0
geco_matched_plus_actuator_persistence,2_LS_401_AH,sensor,selected_sensor_delta,5.0,2.0,9.0,2_LS_401_AH * (2_FIT_001_PV * ((1_FIT_001_PV * 2_MV_401_STATUS) * -0.024918532)),0.002531028671956,0.0,0.011690146501096944,43.817629316879575,43.841009609881766,8.763525863375914,7.791393179099645,0.0,0.0,0.0,0,0
geco_matched_plus_actuator_persistence,2_LS_401_AL,sensor,selected_sensor_delta,5.0,2.0,9.0,((2_FIC_401_CO * 1_MV_004_STATUS) * 2_FIC_601_CO) * (2_MV_003_STATUS * 4.5439656e-8),-0.0014167605552886,5.777708620498893,0.011701026360304794,8.314584716838112,8.337986769558722,1.6629169433676225,1.414262256890184,0.0,0.0,0.0,0,0
geco_matched_plus_actuator_persistence,2_LS_501_AH,sensor,selected_sensor_delta,5.0,2.0,1.0,9.999286e-5,-9.303286732964544e-05,1.0,0.01057280686784378,17.903437341231253,17.92458295496694,3.580687468246251,1.811289362138813,0.0,0.0,0.0,0,0
geco_matched_plus_actuator_persistence,2_LS_501_AL,sensor,selected_sensor_delta,5.0,2.0,5.0,(2_FQ_401_PV - 2_FQ_101_PV) * 2A_AIT_002_PV,-0.0151335992731873,2.571116455665051e-32,0.011420730252754334,104.19814069630212,104.22098215680762,20.839628139260423,4.153981333017071,0.0,0.0,0.0,0,0
geco_matched_plus_actuator_persistence,2_LS_601_AH,sensor,selected_sensor_delta,5.0,2.0,9.0,2_LS_301_AH * ((2_FIC_501_SP - 0.22000383) * (2_FIT_001_PV * 2_FIC_401_SP)),0.0,0.0,0.01137293638321413,282.5333585495152,282.55610442228163,56.50667170990304,1.6701848448867902,0.0,0.0,0.0,0,0
geco_matched_plus_actuator_persistence,2_LS_601_AL,sensor,selected_sensor_delta,5.0,2.0,5.0,(2B_AIT_003_PV * -0.0038763508) + 0.033448044,-0.0022001244809992,4.797744669484077,0.010188883403531176,8.868339908253395,8.888717675060457,1.773667981650679,1.6563197500556504,0.0,0.0,0.0,0,0
geco_matched_plus_actuator_persistence,2_LT_002_PV,sensor,selected_sensor_delta,5.0,2.0,5.0,(TOTAL_CONS_REQUIRED_FLOW - 2_FIT_001_PV) * -0.03581529,0.0202287766691278,24.794094900339346,0.15304194999487877,23.611860288190563,23.91794418818032,4.722372057638113,23.91794418818032,0.00044560185185185187,0.00015960908052891994,0.0051504746515855385,9,45
geco_matched_plus_actuator_persistence,2_MCV_007_CO,sensor,selected_sensor_delta,5.0,2.0,3.0,3_P_003_STATUS - 2_MV_002_STATUS,,0.0,1e-06,1e-06,3e-06,0.0,3e-06,0.0005208333333333333,5.5249297106164594e-05,0.008180165623106443,30,3
geco_matched_plus_actuator_persistence,2_P_003_SPEED,sensor,selected_sensor_delta,5.0,2.0,1.0,2_P_004_SPEED,0.000302468603613,1.2555573934924376,1.1749209730634267,381.5655080314956,383.91534997762244,76.31310160629911,74.90048855516326,0.0,0.0,0.0,0,0
geco_matched_plus_actuator_persistence,2_PIC_003_CO,sensor,selected_sensor_delta,5.0,2.0,7.0,((2_PIC_003_PV - 2_MV_006_STATUS) + 0.92499703) * 0.515833,0.0239900981892037,32.36284519360931,0.624249617240662,4196.767852360483,4198.016351594964,839.3535704720965,68.28561631553673,0.0,0.0,0.0,0,0
geco_matched_plus_actuator_persistence,2_PIC_003_PV,sensor,selected_sensor_delta,5.0,2.0,7.0,(2_PIC_003_PV + (0.9200428 - 2_MV_006_STATUS)) * -0.06421421,0.0198915417593883,26.39547806641177,0.06264419974295483,800.0173727886103,800.1426611880962,160.00347455772206,7.018815523038089,0.0,0.0,0.0,0,0
geco_matched_plus_actuator_persistence,2_PIT_001_PV,sensor,selected_sensor_delta,5.0,2.0,5.0,1.1427776 - (2_DPIT_001_PV * 0.0004586949),0.006621193393292,10.36563242243466,0.3894949934835992,338.2940284026725,339.0730183896397,67.6588056805345,76.04932049113552,0.0,0.0,0.0,0,0
geco_matched_plus_actuator_persistence,2_PIT_002_PV,sensor,selected_sensor_delta,5.0,2.0,5.0,(2_DPIT_001_PV * -0.003075006) + 7.663425,0.0050784784743534,9.060265717850797,2.2764557660727176,2080.622437318197,2085.1753488503427,416.1244874636394,494.70586953373856,0.0,0.0,0.0,0,0
geco_matched_plus_actuator_persistence,2_PIT_003_PV,sensor,selected_sensor_delta,5.0,2.0,7.0,((2_MV_006_STATUS - 2_PIC_003_PV) + -0.9245177) * 0.057637595,0.0175529740100325,29.471299638718875,0.062284469291722,596.9744785540048,597.0990474925883,119.39489571080095,7.435230275214128,0.0,0.0,0.0,0,0
geco_matched_plus_actuator_persistence,2A_AIT_001_PV,sensor,selected_sensor_delta,5.0,2.0,1.0,1.9560876e-7,-8.863622583454855e-06,1.0,0.00016305843894173642,1.2654443361833057,1.265770453061189,0.25308886723666113,0.0021141292319017545,0.0,0.0,0.0,0,0
geco_matched_plus_actuator_persistence,2A_AIT_002_PV,sensor,selected_sensor_delta,5.0,2.0,7.0,((2_MCV_101_CO * -0.023470242) * 2A_AIT_002_PV) * 2A_AIT_002_PV,-0.0475475253455481,1.101981112345036e-32,0.16387552169973232,2893.723361354891,2894.0511123982906,578.7446722709782,4.068106360617694,0.0,0.0,0.0,0,0
geco_matched_plus_actuator_persistence,2A_AIT_003_PV,sensor,selected_sensor_delta,5.0,2.0,7.0,2_FIC_201_PV * (2A_AIT_002_PV * (-0.33989054 * 2_FIT_002_PV)),-0.0012282912975181,0.0,0.003720484015034855,5.446830859684121,5.45427182771419,1.0893661719368242,0.686988340776312,0.0,0.0,0.0,0,0
geco_matched_plus_actuator_persistence,2B_AIT_001_PV,sensor,selected_sensor_delta,5.0,2.0,5.0,2_LS_201_AH * (2_MCV_501_CO * 4.5408036e-5),-0.0044911897181842,0.0,7.71827333816407e-05,0.07718684183457744,0.07734120730134073,0.01543736836691549,0.012964592355746929,0.0,0.0,0.0,0,0
geco_matched_plus_actuator_persistence,3_AIT_001_PV,sensor,selected_sensor_delta,5.0,2.0,1.0,0.0,0.0,0.0,0.00020841843969419892,0.8335523273764902,0.8339691642558786,0.16671046547529805,0.0,0.0,0.0,0.0,0,0
geco_matched_plus_actuator_persistence,3_AIT_003_PV,sensor,selected_sensor_delta,5.0,2.0,3.0,3_AIT_003_PV * -0.09685825,0.036160234996091,32.561618656036444,6.3235121918570645,273.5705323944045,286.21755677811865,54.7141064788809,48.5708259273197,0.0,0.0,0.0,0,0
geco_matched_plus_actuator_persistence,3_AIT_004_PV,sensor,selected_sensor_delta,5.0,2.0,5.0,(3_AIT_004_PV * -0.22340244) + 2_PIT_001_PV,0.0705906221904001,19.22637520277597,455.9909960478907,33820.94261510046,34732.92460719624,6764.188523020091,4527.302069542882,0.0,0.0,0.0,0,0
geco_matched_plus_actuator_persistence,3_AIT_005_PV,sensor,selected_sensor_delta,5.0,2.0,1.0,1.665455e-5,-0.0001843146077267,17.391272839636848,0.0015296999915492212,6.145035164574978,6.148094564558076,1.2290070329149956,0.31388459112275385,0.0,0.0,0.0,0,0
geco_matched_plus_actuator_persistence,3_LS_001_AL,sensor,selected_sensor_delta,5.0,2.0,3.0,1_LS_001_AL - 1_LS_001_AL,,0.0,1e-06,1e-06,3e-06,0.0,0.0,0.0,0.0,0.0,0,0
geco_matched_plus_actuator_persistence,LEAK_DIFF_PRESSURE,sensor,selected_sensor_delta,5.0,2.0,7.0,2_FIT_003_PV + ((LEAK_DIFF_PRESSURE * -0.11256748) + 6.922297),0.0315872021934814,16.788538020673613,1.911347078561208,1276.0777691766532,1279.9004633337756,255.21555383533064,235.61947492026877,0.0,0.0,0.0,0,0
geco_matched_plus_actuator_persistence,PLANT_START_STOP_LOG,sensor,selected_sensor_delta,5.0,2.0,3.0,2_MCV_007_CO * 2_MCV_007_CO,,0.0,1e-06,1e-06,3e-06,0.0,3e-06,0.008969907407407407,5.5249297106164594e-05,0.15562512623712382,3,627
geco_matched_plus_actuator_persistence,1_MV_001_STATUS,actuator,actuator_persistence,5.0,2.0,1.0,1_MV_001_STATUS,,,0.04056415846780728,55.32638314311338,55.407511460048994,11.065276628622676,49.12892767938048,0.0,0.0,0.0,0,0
geco_matched_plus_actuator_persistence,1_MV_004_STATUS,actuator,actuator_persistence,5.0,2.0,1.0,1_MV_004_STATUS,,,0.04067319042827918,55.27350264228453,55.354849023141085,11.054700528456905,2.755960857430325,0.0,0.0,0.0,0,0
geco_matched_plus_actuator_persistence,1_P_001_STATUS,actuator,actuator_persistence,5.0,2.0,1.0,1_P_001_STATUS,,,0.01803574328798211,16.703558087528243,16.739629574104207,3.340711617505649,16.445155166598525,0.0,0.0,0.0,0,0
geco_matched_plus_actuator_persistence,1_P_002_STATUS,actuator,actuator_persistence,5.0,2.0,1.0,1_P_002_STATUS,,,1e-06,1e-06,3e-06,0.0,0.0,0.0,0.0,0.0,0,0
geco_matched_plus_actuator_persistence,1_P_003_STATUS,actuator,actuator_persistence,5.0,2.0,1.0,1_P_003_STATUS,,,0.01803574328798211,16.703558087528243,16.739629574104207,3.340711617505649,16.445155166598525,0.0,0.0,0.0,0,0
geco_matched_plus_actuator_persistence,1_P_004_STATUS,actuator,actuator_persistence,5.0,2.0,1.0,1_P_004_STATUS,,,1e-06,1e-06,3e-06,0.0,0.0,0.0,0.0,0.0,0,0
geco_matched_plus_actuator_persistence,1_P_005_STATUS,actuator,actuator_persistence,5.0,2.0,1.0,1_P_005_STATUS,,,0.040709690311655826,10.636771228319171,10.718190608942482,2.127354245663834,5.336127871950981,0.0,0.0,0.0,0,0
geco_matched_plus_actuator_persistence,1_P_006_STATUS,actuator,actuator_persistence,5.0,2.0,1.0,1_P_006_STATUS,,,1e-06,1e-06,3e-06,0.0,3e-06,3.472222222222222e-05,1.8416432368721532e-05,0.0003029690971520905,2,3
geco_matched_plus_actuator_persistence,2_MV_001_STATUS,actuator,actuator_persistence,5.0,2.0,1.0,2_MV_001_STATUS,,,1e-06,1e-06,3e-06,0.0,0.0,0.0,0.0,0.0,0,0
geco_matched_plus_actuator_persistence,2_MV_002_STATUS,actuator,actuator_persistence,5.0,2.0,1.0,2_MV_002_STATUS,,,1e-06,1e-06,3e-06,0.0,0.0,0.0,0.0,0.0,0,0
geco_matched_plus_actuator_persistence,2_MV_003_STATUS,actuator,actuator_persistence,5.0,2.0,1.0,2_MV_003_STATUS,,,0.09216863911203314,38.801213004232324,38.98555028245639,7.760242600846465,19.671701159626604,0.0,0.0,0.0,0,0
geco_matched_plus_actuator_persistence,2_MV_004_STATUS,actuator,actuator_persistence,5.0,2.0,1.0,2_MV_004_STATUS,,,1e-06,1e-06,3e-06,0.0,0.0,0.0,0.0,0.0,0,0
geco_matched_plus_actuator_persistence,2_MV_005_STATUS,actuator,actuator_persistence,5.0,2.0,1.0,2_MV_005_STATUS,,,1e-06,1e-06,3e-06,0.0,0.0,0.0,0.0,0.0,0,0
geco_matched_plus_actuator_persistence,2_MV_006_STATUS,actuator,actuator_persistence,5.0,2.0,1.0,2_MV_006_STATUS,,,0.08828073019980047,22.496137933016975,22.672699393416575,4.499227586603395,4.410946856403594,0.0,0.0,0.0,0,0
geco_matched_plus_actuator_persistence,2_MV_009_STATUS,actuator,actuator_persistence,5.0,2.0,1.0,2_MV_009_STATUS,,,1e-06,1e-06,3e-06,0.0,0.0,0.0,0.0,0.0,0,0
geco_matched_plus_actuator_persistence,2_MV_101_STATUS,actuator,actuator_persistence,5.0,2.0,1.0,2_MV_101_STATUS,,,0.02492577904561714,14.252226628631488,14.302078186722722,2.8504453257262976,2.8504453257262976,0.0,0.0,0.0,0,0
geco_matched_plus_actuator_persistence,2_MV_201_STATUS,actuator,actuator_persistence,5.0,2.0,1.0,2_MV_201_STATUS,,,0.023317454840228517,14.300476354793144,14.3471112644736,2.8600952709586287,2.8600952709586287,0.0,0.0,0.0,0,0
geco_matched_plus_actuator_persistence,2_MV_301_STATUS,actuator,actuator_persistence,5.0,2.0,1.0,2_MV_301_STATUS,,,0.02189085756575435,14.343274273027369,14.387055988158878,2.8686548546054738,2.8686548546054738,0.0,0.0,0.0,0,0
geco_matched_plus_actuator_persistence,2_MV_401_STATUS,actuator,actuator_persistence,5.0,2.0,1.0,2_MV_401_STATUS,,,0.04256249555772995,23.933751154990198,24.018876146105658,4.78675023099804,3.2338750799608595,0.0,0.0,0.0,0,0
geco_matched_plus_actuator_persistence,2_MV_501_STATUS,actuator,actuator_persistence,5.0,2.0,1.0,2_MV_501_STATUS,,,0.03629246408107271,26.652733261353283,26.72531818951543,5.330546652270657,2.782245215513564,0.0,0.0,0.0,0,0
geco_matched_plus_actuator_persistence,2_MV_601_STATUS,actuator,actuator_persistence,5.0,2.0,1.0,2_MV_601_STATUS,,,0.022086190873586854,14.337414273792394,14.381586655539568,2.867482854758479,2.867482854758479,0.0,0.0,0.0,0,0
geco_matched_plus_actuator_persistence,2_P_003_STATUS,actuator,actuator_persistence,5.0,2.0,1.0,2_P_003_STATUS,,,0.03892715311945345,8.832185406416395,8.910039712655301,1.766437081283279,1.766437081283279,0.0,0.0,0.0,0,0
geco_matched_plus_actuator_persistence,2_P_004_STATUS,actuator,actuator_persistence,5.0,2.0,1.0,2_P_004_STATUS,,,1e-06,1e-06,3e-06,0.0,0.0,0.0,0.0,0.0,0,0
geco_matched_plus_actuator_persistence,2_SV_101_STATUS,actuator,actuator_persistence,5.0,2.0,1.0,2_SV_101_STATUS,,,1e-06,1e-06,3e-06,0.0,0.0,0.0,0.0,0.0,0,0
geco_matched_plus_actuator_persistence,2_SV_201_STATUS,actuator,actuator_persistence,5.0,2.0,1.0,2_SV_201_STATUS,,,1e-06,1e-06,3e-06,0.0,0.0,0.0,0.0,0.0,0,0
geco_matched_plus_actuator_persistence,2_SV_301_STATUS,actuator,actuator_persistence,5.0,2.0,1.0,2_SV_301_STATUS,,,1e-06,1e-06,3e-06,0.0,0.0,0.0,0.0,0.0,0,0
geco_matched_plus_actuator_persistence,2_SV_401_STATUS,actuator,actuator_persistence,5.0,2.0,1.0,2_SV_401_STATUS,,,1e-06,1e-06,3e-06,0.0,0.0,0.0,0.0,0.0,0,0
geco_matched_plus_actuator_persistence,2_SV_501_STATUS,actuator,actuator_persistence,5.0,2.0,1.0,2_SV_501_STATUS,,,1e-06,1e-06,3e-06,0.0,0.0,0.0,0.0,0.0,0,0
geco_matched_plus_actuator_persistence,2_SV_601_STATUS,actuator,actuator_persistence,5.0,2.0,1.0,2_SV_601_STATUS,,,1e-06,1e-06,3e-06,0.0,0.0,0.0,0.0,0.0,0,0
geco_matched_plus_actuator_persistence,3_MV_001_STATUS,actuator,actuator_persistence,5.0,2.0,1.0,3_MV_001_STATUS,,,1e-06,1e-06,3e-06,0.0,0.0,0.0,0.0,0.0,0,0
geco_matched_plus_actuator_persistence,3_MV_002_STATUS,actuator,actuator_persistence,5.0,2.0,1.0,3_MV_002_STATUS,,,1e-06,1e-06,3e-06,0.0,0.0,0.0,0.0,0.0,0,0
geco_matched_plus_actuator_persistence,3_MV_003_STATUS,actuator,actuator_persistence,5.0,2.0,1.0,3_MV_003_STATUS,,,1e-06,1e-06,3e-06,0.0,0.0,0.0,0.0,0.0,0,0
geco_matched_plus_actuator_persistence,3_P_001_STATUS,actuator,actuator_persistence,5.0,2.0,1.0,3_P_001_STATUS,,,1e-06,1e-06,3e-06,0.0,0.0,0.0,0.0,0.0,0,0
geco_matched_plus_actuator_persistence,3_P_002_STATUS,actuator,actuator_persistence,5.0,2.0,1.0,3_P_002_STATUS,,,1e-06,1e-06,3e-06,0.0,0.0,0.0,0.0,0.0,0,0
geco_matched_plus_actuator_persistence,3_P_003_STATUS,actuator,actuator_persistence,5.0,2.0,1.0,3_P_003_STATUS,,,1e-06,1e-06,3e-06,0.0,0.0,0.0,0.0,0.0,0,0
geco_matched_plus_actuator_persistence,3_P_004_STATUS,actuator,actuator_persistence,5.0,2.0,1.0,3_P_004_STATUS,,,1e-06,1e-06,3e-06,0.0,0.0,0.0,0.0,0.0,0,0
geco_matched_plus_actuator_persistence,1_AIT_002_PV,sensor,selected_sensor_delta,5.0,5.98,5.0,0.015316334 - (1_AIT_002_PV * 0.024466293),0.0119052665651211,41.73000224731814,0.016198173266754025,22.931494994286123,23.02836007042131,4.586298998857225,23.02836007042131,0.003472222222222222,4.911048631659075e-05,0.05978590183801252,1,600
geco_matched_plus_actuator_persistence,1_AIT_004_PV,sensor,selected_sensor_delta,5.0,5.98,3.0,3_AIT_004_PV * -5.4525193e-5,-0.0001992524296718,4.910153218946012,2.8444196394286245,5100.658423669531,5117.668053113314,1020.1316847339061,933.8179709712217,0.0,0.0,0.0,0,0
geco_matched_plus_actuator_persistence,1_AIT_005_PV,sensor,selected_sensor_delta,5.0,5.98,5.0,(1_FIT_001_PV - 1_AIT_002_PV) * -3.9571616e-5,0.0023463384738832,12.40172474664917,0.0005404796966590669,0.33748068582737595,0.34071275441339716,0.06749613716547519,0.040270004949606274,0.0,0.0,0.0,0,0
geco_matched_plus_actuator_persistence,1_FIT_001_PV,sensor,selected_sensor_delta,5.0,5.98,7.0,((1_LT_001_PV * 1_P_001_STATUS) * -0.0001994969) + 0.014458983,-0.0179323441933463,11.85813818130814,0.03840313085817598,34.696415566291925,34.92606628882382,6.9392831132583845,34.07407751951275,0.0,0.0,0.0,0,0
geco_matched_plus_actuator_persistence,1_LS_001_AL,sensor,selected_sensor_delta,5.0,5.98,3.0,0.030378316 - 0.030378316,,0.0,1e-06,1e-06,6.98e-06,0.0,0.0,0.0,0.0,0.0,0,0
geco_matched_plus_actuator_persistence,1_LS_002_AL,sensor,selected_sensor_delta,5.0,5.98,3.0,-0.021763658 - -0.021763658,,0.0,1e-06,1e-06,6.98e-06,0.0,0.0,0.0,0.0,0.0,0,0
geco_matched_plus_actuator_persistence,2_DPIT_001_PV,sensor,selected_sensor_delta,5.0,5.98,3.0,88.35751 - 2_PIT_002_PV,0.008482119469839,9.66778276190117,43.256756319788046,32467.640162567797,32726.315565360128,6493.528032513559,7067.644661908868,0.0,0.0,0.0,0,0
geco_matched_plus_actuator_persistence,2_FIC_101_CO,sensor,selected_sensor_delta,5.0,5.98,3.0,2_FQ_101_PV * -0.3397043,0.0150389194041339,34.150938108826395,0.5275863868982411,491.9820744015038,495.13704099515525,98.39641488030075,80.61268401614372,0.0,0.0,0.0,0,0
geco_matched_plus_actuator_persistence,2_FIC_101_PV,sensor,selected_sensor_delta,5.0,5.98,3.0,2_FIC_101_PV * -0.016046675,0.002252916125048,18.49348773225588,0.02979673568732669,28.02673975940373,28.20492423881394,5.605347951880746,3.974709597218389,0.0,0.0,0.0,0,0
geco_matched_plus_actuator_persistence,2_FIC_101_SP,sensor,selected_sensor_delta,5.0,5.98,15.0,((2_MV_003_STATUS - 1_MV_001_STATUS) * (2_FIC_201_PV * (3_AIT_001_PV * 2_P_004_SPEED))) * (2.3499095 * (2_MV_009_STATUS - 2_MV_003_STATUS)),-9.112138177336249e-08,0.0,0.0017891865730764527,4.18257277022904,4.193272105936037,0.836514554045808,0.28821081253285386,0.0,0.0,0.0,0,0
geco_matched_plus_actuator_persistence,2_FIC_201_CO,sensor,selected_sensor_delta,5.0,5.98,3.0,2_FQ_201_PV * -0.25967506,0.0115003398980684,41.3791240636834,0.37493504907663644,471.2136524585691,473.45576405204736,94.24273049171381,109.98883320035127,0.0,0.0,0.0,0,0
geco_matched_plus_actuator_persistence,2_FIC_201_PV,sensor,selected_sensor_delta,5.0,5.98,7.0,(2_FQ_201_PV * 2_FIC_401_PV) * (-0.04007296 - 2_LS_201_AH),0.0034190508627743,39.845894609586814,0.020632148889052914,41.154712298493465,41.27809254885,8.230942459698692,4.876911715521573,0.0,0.0,0.0,0,0
geco_matched_plus_actuator_persistence,2_FIC_201_SP,sensor,selected_sensor_delta,5.0,5.98,11.0,((2_MV_003_STATUS - 1_P_005_STATUS) * ((2_P_004_SPEED * 3_AIT_001_PV) * 1_FIT_001_PV)) * 2_MV_101_STATUS,-2.3749495703384582e-09,0.0,0.0016237224631009655,1.5918813146688056,1.6015911749981493,0.3183762629337611,0.2383762870736422,0.0,0.0,0.0,0,0
geco_matched_plus_actuator_persistence,2_FIC_301_PV,sensor,selected_sensor_delta,5.0,5.98,3.0,2_FIC_601_PV * -0.009515096,-0.0036792547368171,17.746108309561812,0.020480065128239675,24.85191412226479,24.974384911731665,4.970382824452958,5.163894476575684,0.0,0.0,0.0,0,0
geco_matched_plus_actuator_persistence,2_FIC_301_SP,sensor,selected_sensor_delta,5.0,5.98,13.0,1_FIT_001_PV * ((((4.6891226e-5 * 2_FIC_301_CO) * 2_LS_201_AH) * 4.6891226e-5) * (2_FIC_501_CO * 3_AIT_004_PV)),-0.0308985748156576,0.0,0.002078101798552482,4.809763202001027,4.82219025075637,0.9619526404002053,0.25792190356586553,0.0,0.0,0.0,0,0
geco_matched_plus_actuator_persistence,2_FIC_401_CO,sensor,selected_sensor_delta,5.0,5.98,3.0,2_FQ_401_PV * -0.28900453,0.0068262290096441,31.49156173004372,0.5152049430767641,413.5479889200719,416.6289144796709,82.70959778401438,89.62904282109717,0.0,0.0,0.0,0,0
geco_matched_plus_actuator_persistence,2_FIC_401_PV,sensor,selected_sensor_delta,5.0,5.98,9.0,2_FQ_401_PV * (((2B_AIT_001_PV * 2_FIC_501_SP) + -0.073952936) * 2_FIC_401_PV),-0.0136811757617747,42.44627371380358,0.030358977164082257,36.37893762869645,36.56048431213766,7.27578752573929,5.517591368486072,0.0,0.0,0.0,0,0
geco_matched_plus_actuator_persistence,2_FIC_401_SP,sensor,selected_sensor_delta,5.0,5.98,11.0,(3_AIT_001_PV * ((3_FIT_001_PV + -0.5745507) * (1_P_005_STATUS - 2_MV_003_STATUS))) * 1_FIT_001_PV,-2.5924091762163926e-09,0.0,0.001662038620217033,2.635806878675475,2.645745869624373,0.527161375735095,0.24833797628094417,0.0,0.0,0.0,0,0
geco_matched_plus_actuator_persistence,2_FIC_501_PV,sensor,selected_sensor_delta,5.0,5.98,3.0,2_FIC_501_PV * -0.019195596,-0.0080578702045512,13.110728544786658,0.023499944593588378,28.2769895375729,28.417519206242556,5.65539790751458,6.0730825129994725,0.0,0.0,0.0,0,0
geco_matched_plus_actuator_persistence,2_FIC_601_CO,sensor,selected_sensor_delta,5.0,5.98,3.0,2_FQ_601_PV * -0.33139205,-0.0036177276086308,38.05090530847815,0.3690366250044411,525.2414764773431,527.4483154948697,105.04829529546862,100.55624201774286,0.0,0.0,0.0,0,0
geco_matched_plus_actuator_persistence,2_FIC_601_PV,sensor,selected_sensor_delta,5.0,5.98,3.0,2_FIC_601_PV * -0.01591041,-0.0054832129042694,19.98884073391906,0.020960186568226402,28.158665929982746,28.28400784566074,5.631733185996549,4.815475964362502,0.0,0.0,0.0,0,0
geco_matched_plus_actuator_persistence,2_FIC_601_SP,sensor,selected_sensor_delta,5.0,5.98,13.0,(2_MCV_201_CO * ((1_MV_001_STATUS - 2_MV_003_STATUS) * 3_AIT_001_PV)) * (-0.00017899254 * (1_MV_001_STATUS - 2_MV_003_STATUS)),-6.513451999978771e-09,0.0,0.0020184410255506147,1.6399077859315503,1.651978063264343,0.32798155718631006,0.31798154437131143,0.0,0.0,0.0,0,0
geco_matched_plus_actuator_persistence,2_FIT_001_PV,sensor,selected_sensor_delta,5.0,5.98,5.0,(2_MV_003_STATUS - 2_FIT_001_PV) * 0.021082245,-0.0272732956464449,1.6244499683380147,0.08943224896033541,22.2331686388002,22.767973487583006,4.44663372776004,11.845878519953315,0.0,0.0,0.0,0,0
geco_matched_plus_actuator_persistence,2_FIT_002_PV,sensor,selected_sensor_delta,5.0,5.98,3.0,2_FQ_101_PV * -0.010027352,-0.001361467372912,19.48504475212655,0.013844316925125643,6.892380388760061,6.975169403972312,1.3784760777520122,1.66992812094682,0.0,0.0,0.0,0,0
geco_matched_plus_actuator_persistence,2_FIT_003_PV,sensor,selected_sensor_delta,5.0,5.98,3.0,2_FIT_002_PV * 2_PIC_003_PV,0.0553370128865967,4.825827196131465,0.08662036534491208,36.87005428331149,37.388044068074066,7.374010856662298,37.388044068074066,0.0018923611111111112,0.00011049859421232919,0.03120581700666532,1,327
geco_matched_plus_actuator_persistence,2_FQ_101_PV,sensor,selected_sensor_delta,5.0,5.98,3.0,2_FIC_101_PV * -0.014559889,0.0034545247127396,19.51039912430314,0.029518715120822655,27.374254019460174,27.550775935882694,5.474850803892035,3.7794473133155058,0.0,0.0,0.0,0,0
geco_matched_plus_actuator_persistence,2_FQ_201_PV,sensor,selected_sensor_delta,5.0,5.98,1.0,0.00017188098,-7.82947853235072e-05,42.419670621221854,0.019914913082316514,22.219118851538205,22.33821003177046,4.443823770307641,4.932179232407571,0.0,0.0,0.0,0,0
geco_matched_plus_actuator_persistence,2_FQ_301_PV,sensor,selected_sensor_delta,5.0,5.98,3.0,2_FIC_301_PV * -0.009666798,0.0030450564846143,17.380916905003005,0.020423243574404518,26.18102045283574,26.303151449410677,5.236204090567147,5.170309152234473,0.0,0.0,0.0,0,0
geco_matched_plus_actuator_persistence,2_FQ_401_PV,sensor,selected_sensor_delta,5.0,5.98,3.0,2_FQ_401_PV * -0.016482946,0.0072349124829306,9.838222623484665,0.03102988210774329,26.643423868590826,26.82898256359513,5.328684773718165,5.046962987887681,0.0,0.0,0.0,0,0
geco_matched_plus_actuator_persistence,2_FQ_501_PV,sensor,selected_sensor_delta,5.0,5.98,3.0,2_FIC_501_PV * -0.014651568,-0.0011197778128997,14.59205286561609,0.02297279909369978,28.005676793973326,28.14305413255365,5.601135358794665,5.420083135880075,0.0,0.0,0.0,0,0
geco_matched_plus_actuator_persistence,2_FQ_601_PV,sensor,selected_sensor_delta,5.0,5.98,3.0,2_FIC_601_PV * -0.021256251,-0.0140299318532872,15.7930218718151,0.021655684862108213,28.928738056085194,29.0582390515606,5.7857476112170385,4.870014111900411,0.0,0.0,0.0,0,0
geco_matched_plus_actuator_persistence,2_LS_101_AH,sensor,selected_sensor_delta,5.0,5.98,9.0,((2_FQ_301_PV * 2_MV_101_STATUS) * (2_LS_101_AH - 1_MV_004_STATUS)) * 2_LS_101_AH,-0.1183975229998723,0.0,0.011789963000637876,59.34763457135887,59.41813855010268,11.869526914271773,2.5279678696062966,0.0,0.0,0.0,0,0
geco_matched_plus_actuator_persistence,2_LS_101_AL,sensor,selected_sensor_delta,5.0,5.98,7.0,(2_LS_101_AL * (3_AIT_001_PV * 2_FIC_101_PV)) * -20.992853,0.0,0.0,0.013714954292528232,232.5966052508608,232.67862067753012,46.51932105017216,1.1496728338632498,0.0,0.0,0.0,0,0
geco_matched_plus_actuator_persistence,2_LS_201_AH,sensor,selected_sensor_delta,5.0,5.98,7.0,(2_LS_501_AH * 2_LS_201_AH) * (1_MV_001_STATUS - 1.9999987),0.0,0.0,0.010755052489398766,54.139530800848085,54.20384601473469,10.827906160169617,1.8171641076802207,0.0,0.0,0.0,0,0
geco_matched_plus_actuator_persistence,2_LS_201_AL,sensor,selected_sensor_delta,5.0,5.98,5.0,(3_FIT_001_PV + -0.5867106) * 2_LS_201_AL,-0.0394394750394426,0.0,0.010531012041083483,34.39545418300753,34.45842963501321,6.879090836601506,3.5182206593404732,0.0,0.0,0.0,0,0
geco_matched_plus_actuator_persistence,2_LS_301_AH,sensor,selected_sensor_delta,5.0,5.98,11.0,(3_AIT_003_PV * ((2_FIC_201_PV * (2_FIC_301_SP * 2_LS_301_AH)) * -0.28339157)) * 2_FIT_001_PV,0.0,0.0,0.010381215458828894,75.20694329705215,75.26902296549595,15.04138865941043,1.8131381217410805,0.0,0.0,0.0,0,0
geco_matched_plus_actuator_persistence,2_LS_301_AL,sensor,selected_sensor_delta,5.0,5.98,9.0,(0.72565746 - 3_AIT_005_PV) * (2_LS_301_AL * (3_FIT_001_PV + -0.57262355)),0.0065613225673001,0.0,0.009818646678584217,51.58017524183738,51.638890748975314,10.316035048367477,3.8212904639444676,0.0,0.0,0.0,0,0
geco_matched_plus_actuator_persistence,2_LS_401_AH,sensor,selected_sensor_delta,5.0,5.98,9.0,2_LS_401_AH * (2_FIT_001_PV * ((1_FIT_001_PV * 2_MV_401_STATUS) * -0.024918532)),0.002531028671956,0.0,0.011690146501096944,43.817629316879575,43.887536392956136,8.763525863375914,7.791393179099645,0.0,0.0,0.0,0,0
geco_matched_plus_actuator_persistence,2_LS_401_AL,sensor,selected_sensor_delta,5.0,5.98,9.0,((2_FIC_401_CO * 1_MV_004_STATUS) * 2_FIC_601_CO) * (2_MV_003_STATUS * 4.5439656e-8),-0.0014167605552886,5.777708620498893,0.011701026360304794,8.314584716838112,8.384556854472734,1.6629169433676225,1.414262256890184,0.0,0.0,0.0,0,0
geco_matched_plus_actuator_persistence,2_LS_501_AH,sensor,selected_sensor_delta,5.0,5.98,1.0,9.999286e-5,-9.303286732964544e-05,1.0,0.01057280686784378,17.903437341231253,17.96666272630096,3.580687468246251,1.811289362138813,0.0,0.0,0.0,0,0
geco_matched_plus_actuator_persistence,2_LS_501_AL,sensor,selected_sensor_delta,5.0,5.98,5.0,(2_FQ_401_PV - 2_FQ_101_PV) * 2A_AIT_002_PV,-0.0151335992731873,2.571116455665051e-32,0.011420730252754334,104.19814069630212,104.2664366632136,20.839628139260423,4.153981333017071,0.0,0.0,0.0,0,0
geco_matched_plus_actuator_persistence,2_LS_601_AH,sensor,selected_sensor_delta,5.0,5.98,9.0,2_LS_301_AH * ((2_FIC_501_SP - 0.22000383) * (2_FIT_001_PV * 2_FIC_401_SP)),0.0,0.0,0.01137293638321413,282.5333585495152,282.6013687090868,56.50667170990304,1.6701848448867902,0.0,0.0,0.0,0,0
geco_matched_plus_actuator_persistence,2_LS_601_AL,sensor,selected_sensor_delta,5.0,5.98,5.0,(2B_AIT_003_PV * -0.0038763508) + 0.033448044,-0.0022001244809992,4.797744669484077,0.010188883403531176,8.868339908253395,8.929269431006512,1.773667981650679,1.6563197500556504,0.0,0.0,0.0,0,0
geco_matched_plus_actuator_persistence,2_LT_002_PV,sensor,selected_sensor_delta,5.0,5.98,5.0,(TOTAL_CONS_REQUIRED_FLOW - 2_FIT_001_PV) * -0.03581529,0.0202287766691278,24.794094900339346,0.15304194999487877,23.611860288190563,24.527051149159938,4.722372057638113,24.527051149159938,0.0005787037037037037,0.0002639688639516753,0.005756412845889719,3,81
geco_matched_plus_actuator_persistence,2_MCV_007_CO,sensor,selected_sensor_delta,5.0,5.98,3.0,3_P_003_STATUS - 2_MV_002_STATUS,,0.0,1e-06,1e-06,6.98e-06,0.0,6.98e-06,0.0010416666666666667,0.00011049859421232919,0.016360331246212886,29,12
geco_matched_plus_actuator_persistence,2_P_003_SPEED,sensor,selected_sensor_delta,5.0,5.98,1.0,2_P_004_SPEED,0.000302468603613,1.2555573934924376,1.1749209730634267,381.5655080314956,388.5915354504149,76.31310160629911,74.90048855516326,0.0,0.0,0.0,0,0
geco_matched_plus_actuator_persistence,2_PIC_003_CO,sensor,selected_sensor_delta,5.0,5.98,7.0,((2_PIC_003_PV - 2_MV_006_STATUS) + 0.92499703) * 0.515833,0.0239900981892037,32.36284519360931,0.624249617240662,4196.767852360483,4200.500865071582,839.3535704720965,68.28561631553673,0.0,0.0,0.0,0,0
geco_matched_plus_actuator_persistence,2_PIC_003_PV,sensor,selected_sensor_delta,5.0,5.98,7.0,(2_PIC_003_PV + (0.9200428 - 2_MV_006_STATUS)) * -0.06421421,0.0198915417593883,26.39547806641177,0.06264419974295483,800.0173727886103,800.3919851030731,160.00347455772206,7.018815523038089,0.0,0.0,0.0,0,0
geco_matched_plus_actuator_persistence,2_PIT_001_PV,sensor,selected_sensor_delta,5.0,5.98,5.0,1.1427776 - (2_DPIT_001_PV * 0.0004586949),0.006621193393292,10.36563242243466,0.3894949934835992,338.2940284026725,340.62320846370443,67.6588056805345,76.04932049113552,0.0,0.0,0.0,0,0
geco_matched_plus_actuator_persistence,2_PIT_002_PV,sensor,selected_sensor_delta,5.0,5.98,5.0,(2_DPIT_001_PV * -0.003075006) + 7.663425,0.0050784784743534,9.060265717850797,2.2764557660727176,2080.622437318197,2094.2356427993122,416.1244874636394,494.70586953373856,0.0,0.0,0.0,0,0
geco_matched_plus_actuator_persistence,2_PIT_003_PV,sensor,selected_sensor_delta,5.0,5.98,7.0,((2_MV_006_STATUS - 2_PIC_003_PV) + -0.9245177) * 0.057637595,0.0175529740100325,29.471299638718875,0.062284469291722,596.9744785540048,597.3469396803692,119.39489571080095,7.435230275214128,0.0,0.0,0.0,0,0
geco_matched_plus_actuator_persistence,2A_AIT_001_PV,sensor,selected_sensor_delta,5.0,5.98,1.0,1.9560876e-7,-8.863622583454855e-06,1.0,0.00016305843894173642,1.2654443361833057,1.2664194256481773,0.25308886723666113,0.0021141292319017545,0.0,0.0,0.0,0,0
geco_matched_plus_actuator_persistence,2A_AIT_002_PV,sensor,selected_sensor_delta,5.0,5.98,7.0,((2_MCV_101_CO * -0.023470242) * 2A_AIT_002_PV) * 2A_AIT_002_PV,-0.0475475253455481,1.101981112345036e-32,0.16387552169973232,2893.723361354891,2894.7033369746555,578.7446722709782,4.068106360617694,0.0,0.0,0.0,0,0
geco_matched_plus_actuator_persistence,2A_AIT_003_PV,sensor,selected_sensor_delta,5.0,5.98,7.0,2_FIC_201_PV * (2A_AIT_002_PV * (-0.33989054 * 2_FIT_002_PV)),-0.0012282912975181,0.0,0.003720484015034855,5.446830859684121,5.4690793540940295,1.0893661719368242,0.686988340776312,0.0,0.0,0.0,0,0
geco_matched_plus_actuator_persistence,2B_AIT_001_PV,sensor,selected_sensor_delta,5.0,5.98,5.0,2_LS_201_AH * (2_MCV_501_CO * 4.5408036e-5),-0.0044911897181842,0.0,7.71827333816407e-05,0.07718684183457744,0.07764839458019965,0.01543736836691549,0.012964592355746929,0.0,0.0,0.0,0,0
geco_matched_plus_actuator_persistence,3_AIT_001_PV,sensor,selected_sensor_delta,5.0,5.98,1.0,0.0,0.0,0.0,0.00020841843969419892,0.8335523273764902,0.8347986696458615,0.16671046547529805,0.0,0.0,0.0,0.0,0,0
geco_matched_plus_actuator_persistence,3_AIT_003_PV,sensor,selected_sensor_delta,5.0,5.98,3.0,3_AIT_003_PV * -0.09685825,0.036160234996091,32.561618656036444,6.3235121918570645,273.5705323944045,311.38513530170974,54.7141064788809,48.5708259273197,0.0,0.0,0.0,0,0
geco_matched_plus_actuator_persistence,3_AIT_004_PV,sensor,selected_sensor_delta,5.0,5.98,5.0,(3_AIT_004_PV * -0.22340244) + 2_PIT_001_PV,0.0705906221904001,19.22637520277597,455.9909960478907,33820.94261510046,36547.76877146684,6764.188523020091,4527.302069542882,0.0,0.0,0.0,0,0
geco_matched_plus_actuator_persistence,3_AIT_005_PV,sensor,selected_sensor_delta,5.0,5.98,1.0,1.665455e-5,-0.0001843146077267,17.391272839636848,0.0015296999915492212,6.145035164574978,6.154182770524442,1.2290070329149956,0.31388459112275385,0.0,0.0,0.0,0,0
geco_matched_plus_actuator_persistence,3_LS_001_AL,sensor,selected_sensor_delta,5.0,5.98,3.0,1_LS_001_AL - 1_LS_001_AL,,0.0,1e-06,1e-06,6.98e-06,0.0,0.0,0.0,0.0,0.0,0,0
geco_matched_plus_actuator_persistence,LEAK_DIFF_PRESSURE,sensor,selected_sensor_delta,5.0,5.98,7.0,2_FIT_003_PV + ((LEAK_DIFF_PRESSURE * -0.11256748) + 6.922297),0.0315872021934814,16.788538020673613,1.911347078561208,1276.0777691766532,1287.5076247064492,255.21555383533064,235.61947492026877,0.0,0.0,0.0,0,0
geco_matched_plus_actuator_persistence,PLANT_START_STOP_LOG,sensor,selected_sensor_delta,5.0,5.98,3.0,2_MCV_007_CO * 2_MCV_007_CO,,0.0,1e-06,1e-06,6.98e-06,0.0,6.98e-06,0.00902199074074074,0.00011049859421232919,0.15562512623712382,3,630
geco_matched_plus_actuator_persistence,1_MV_001_STATUS,actuator,actuator_persistence,5.0,5.98,1.0,1_MV_001_STATUS,,,0.04056415846780728,55.32638314311338,55.56895681075087,11.065276628622676,49.12892767938048,0.0,0.0,0.0,0,0
geco_matched_plus_actuator_persistence,1_MV_004_STATUS,actuator,actuator_persistence,5.0,5.98,1.0,1_MV_004_STATUS,,,0.04067319042827918,55.27350264228453,55.51672832104563,11.054700528456905,2.755960857430325,0.0,0.0,0.0,0,0
geco_matched_plus_actuator_persistence,1_P_001_STATUS,actuator,actuator_persistence,5.0,5.98,1.0,1_P_001_STATUS,,,0.01803574328798211,16.703558087528243,16.811411832390377,3.340711617505649,16.445155166598525,0.0,0.0,0.0,0,0
geco_matched_plus_actuator_persistence,1_P_002_STATUS,actuator,actuator_persistence,5.0,5.98,1.0,1_P_002_STATUS,,,1e-06,1e-06,6.98e-06,0.0,0.0,0.0,0.0,0.0,0,0
geco_matched_plus_actuator_persistence,1_P_003_STATUS,actuator,actuator_persistence,5.0,5.98,1.0,1_P_003_STATUS,,,0.01803574328798211,16.703558087528243,16.811411832390377,3.340711617505649,16.445155166598525,0.0,0.0,0.0,0,0
geco_matched_plus_actuator_persistence,1_P_004_STATUS,actuator,actuator_persistence,5.0,5.98,1.0,1_P_004_STATUS,,,1e-06,1e-06,6.98e-06,0.0,0.0,0.0,0.0,0.0,0,0
geco_matched_plus_actuator_persistence,1_P_005_STATUS,actuator,actuator_persistence,5.0,5.98,1.0,1_P_005_STATUS,,,0.040709690311655826,10.636771228319171,10.880215176382872,2.127354245663834,5.336127871950981,0.0,0.0,0.0,0,0
geco_matched_plus_actuator_persistence,1_P_006_STATUS,actuator,actuator_persistence,5.0,5.98,1.0,1_P_006_STATUS,,,1e-06,1e-06,6.98e-06,0.0,6.98e-06,6.944444444444444e-05,3.6832864737443065e-05,0.000605938194304181,2,6
geco_matched_plus_actuator_persistence,2_MV_001_STATUS,actuator,actuator_persistence,5.0,5.98,1.0,2_MV_001_STATUS,,,1e-06,1e-06,6.98e-06,0.0,0.0,0.0,0.0,0.0,0,0
geco_matched_plus_actuator_persistence,2_MV_002_STATUS,actuator,actuator_persistence,5.0,5.98,1.0,2_MV_002_STATUS,,,1e-06,1e-06,6.98e-06,0.0,0.0,0.0,0.0,0.0,0,0
geco_matched_plus_actuator_persistence,2_MV_003_STATUS,actuator,actuator_persistence,5.0,5.98,1.0,2_MV_003_STATUS,,,0.09216863911203314,38.801213004232324,39.35238146612228,7.760242600846465,19.671701159626604,0.0,0.0,0.0,0,0
geco_matched_plus_actuator_persistence,2_MV_004_STATUS,actuator,actuator_persistence,5.0,5.98,1.0,2_MV_004_STATUS,,,1e-06,1e-06,6.98e-06,0.0,0.0,0.0,0.0,0.0,0,0
geco_matched_plus_actuator_persistence,2_MV_005_STATUS,actuator,actuator_persistence,5.0,5.98,1.0,2_MV_005_STATUS,,,1e-06,1e-06,6.98e-06,0.0,0.0,0.0,0.0,0.0,0,0
geco_matched_plus_actuator_persistence,2_MV_006_STATUS,actuator,actuator_persistence,5.0,5.98,1.0,2_MV_006_STATUS,,,0.08828073019980047,22.496137933016975,23.024056699611783,4.499227586603395,4.410946856403594,0.0,0.0,0.0,0,0
geco_matched_plus_actuator_persistence,2_MV_009_STATUS,actuator,actuator_persistence,5.0,5.98,1.0,2_MV_009_STATUS,,,1e-06,1e-06,6.98e-06,0.0,0.0,0.0,0.0,0.0,0,0
geco_matched_plus_actuator_persistence,2_MV_101_STATUS,actuator,actuator_persistence,5.0,5.98,1.0,2_MV_101_STATUS,,,0.02492577904561714,14.252226628631488,14.401282787324279,2.8504453257262976,2.8504453257262976,0.0,0.0,0.0,0,0
geco_matched_plus_actuator_persistence,2_MV_201_STATUS,actuator,actuator_persistence,5.0,5.98,1.0,2_MV_201_STATUS,,,0.023317454840228517,14.300476354793144,14.43991473473771,2.8600952709586287,2.8600952709586287,0.0,0.0,0.0,0,0
geco_matched_plus_actuator_persistence,2_MV_301_STATUS,actuator,actuator_persistence,5.0,5.98,1.0,2_MV_301_STATUS,,,0.02189085756575435,14.343274273027369,14.47418160127058,2.8686548546054738,2.8686548546054738,0.0,0.0,0.0,0,0
geco_matched_plus_actuator_persistence,2_MV_401_STATUS,actuator,actuator_persistence,5.0,5.98,1.0,2_MV_401_STATUS,,,0.04256249555772995,23.933751154990198,24.18827487842542,4.78675023099804,3.2338750799608595,0.0,0.0,0.0,0,0
geco_matched_plus_actuator_persistence,2_MV_501_STATUS,actuator,actuator_persistence,5.0,5.98,1.0,2_MV_501_STATUS,,,0.03629246408107271,26.652733261353283,26.8697621965581,5.330546652270657,2.782245215513564,0.0,0.0,0.0,0,0
geco_matched_plus_actuator_persistence,2_MV_601_STATUS,actuator,actuator_persistence,5.0,5.98,1.0,2_MV_601_STATUS,,,0.022086190873586854,14.337414273792394,14.469489695216444,2.867482854758479,2.867482854758479,0.0,0.0,0.0,0,0
geco_matched_plus_actuator_persistence,2_P_003_STATUS,actuator,actuator_persistence,5.0,5.98,1.0,2_P_003_STATUS,,,0.03892715311945345,8.832185406416395,9.064969782070726,1.766437081283279,1.766437081283279,0.0,0.0,0.0,0,0
geco_matched_plus_actuator_persistence,2_P_004_STATUS,actuator,actuator_persistence,5.0,5.98,1.0,2_P_004_STATUS,,,1e-06,1e-06,6.98e-06,0.0,0.0,0.0,0.0,0.0,0,0
geco_matched_plus_actuator_persistence,2_SV_101_STATUS,actuator,actuator_persistence,5.0,5.98,1.0,2_SV_101_STATUS,,,1e-06,1e-06,6.98e-06,0.0,0.0,0.0,0.0,0.0,0,0
geco_matched_plus_actuator_persistence,2_SV_201_STATUS,actuator,actuator_persistence,5.0,5.98,1.0,2_SV_201_STATUS,,,1e-06,1e-06,6.98e-06,0.0,0.0,0.0,0.0,0.0,0,0
geco_matched_plus_actuator_persistence,2_SV_301_STATUS,actuator,actuator_persistence,5.0,5.98,1.0,2_SV_301_STATUS,,,1e-06,1e-06,6.98e-06,0.0,0.0,0.0,0.0,0.0,0,0
geco_matched_plus_actuator_persistence,2_SV_401_STATUS,actuator,actuator_persistence,5.0,5.98,1.0,2_SV_401_STATUS,,,1e-06,1e-06,6.98e-06,0.0,0.0,0.0,0.0,0.0,0,0
geco_matched_plus_actuator_persistence,2_SV_501_STATUS,actuator,actuator_persistence,5.0,5.98,1.0,2_SV_501_STATUS,,,1e-06,1e-06,6.98e-06,0.0,0.0,0.0,0.0,0.0,0,0
geco_matched_plus_actuator_persistence,2_SV_601_STATUS,actuator,actuator_persistence,5.0,5.98,1.0,2_SV_601_STATUS,,,1e-06,1e-06,6.98e-06,0.0,0.0,0.0,0.0,0.0,0,0
geco_matched_plus_actuator_persistence,3_MV_001_STATUS,actuator,actuator_persistence,5.0,5.98,1.0,3_MV_001_STATUS,,,1e-06,1e-06,6.98e-06,0.0,0.0,0.0,0.0,0.0,0,0
geco_matched_plus_actuator_persistence,3_MV_002_STATUS,actuator,actuator_persistence,5.0,5.98,1.0,3_MV_002_STATUS,,,1e-06,1e-06,6.98e-06,0.0,0.0,0.0,0.0,0.0,0,0
geco_matched_plus_actuator_persistence,3_MV_003_STATUS,actuator,actuator_persistence,5.0,5.98,1.0,3_MV_003_STATUS,,,1e-06,1e-06,6.98e-06,0.0,0.0,0.0,0.0,0.0,0,0
geco_matched_plus_actuator_persistence,3_P_001_STATUS,actuator,actuator_persistence,5.0,5.98,1.0,3_P_001_STATUS,,,1e-06,1e-06,6.98e-06,0.0,0.0,0.0,0.0,0.0,0,0
geco_matched_plus_actuator_persistence,3_P_002_STATUS,actuator,actuator_persistence,5.0,5.98,1.0,3_P_002_STATUS,,,1e-06,1e-06,6.98e-06,0.0,0.0,0.0,0.0,0.0,0,0
geco_matched_plus_actuator_persistence,3_P_003_STATUS,actuator,actuator_persistence,5.0,5.98,1.0,3_P_003_STATUS,,,1e-06,1e-06,6.98e-06,0.0,0.0,0.0,0.0,0.0,0,0
geco_matched_plus_actuator_persistence,3_P_004_STATUS,actuator,actuator_persistence,5.0,5.98,1.0,3_P_004_STATUS,,,1e-06,1e-06,6.98e-06,0.0,0.0,0.0,0.0,0.0,0,0
geco_matched_plus_actuator_persistence,1_AIT_002_PV,sensor,selected_sensor_delta,5.0,9.74,5.0,0.015316334 - (1_AIT_002_PV * 0.024466293),0.0119052665651211,41.73000224731814,0.016198173266754025,22.931494994286123,23.089265201904308,4.586298998857225,23.089265201904308,0.0034953703703703705,7.366572947488613e-05,0.05978590183801252,1,604
geco_matched_plus_actuator_persistence,1_AIT_004_PV,sensor,selected_sensor_delta,5.0,9.74,3.0,3_AIT_004_PV * -5.4525193e-5,-0.0001992524296718,4.910153218946012,2.8444196394286245,5100.658423669531,5128.3630709575655,1020.1316847339061,933.8179709712217,0.0,0.0,0.0,0,0
geco_matched_plus_actuator_persistence,1_AIT_005_PV,sensor,selected_sensor_delta,5.0,9.74,5.0,(1_FIT_001_PV - 1_AIT_002_PV) * -3.9571616e-5,0.0023463384738832,12.40172474664917,0.0005404796966590669,0.33748068582737595,0.3427449580728353,0.06749613716547519,0.040270004949606274,0.0,0.0,0.0,0,0
geco_matched_plus_actuator_persistence,1_FIT_001_PV,sensor,selected_sensor_delta,5.0,9.74,7.0,((1_LT_001_PV * 1_P_001_STATUS) * -0.0001994969) + 0.014458983,-0.0179323441933463,11.85813818130814,0.03840313085817598,34.696415566291925,35.07046206085056,6.9392831132583845,34.07407751951275,0.0,0.0,0.0,0,0
geco_matched_plus_actuator_persistence,1_LS_001_AL,sensor,selected_sensor_delta,5.0,9.74,3.0,0.030378316 - 0.030378316,,0.0,1e-06,1e-06,1.074e-05,0.0,0.0,0.0,0.0,0.0,0,0
geco_matched_plus_actuator_persistence,1_LS_002_AL,sensor,selected_sensor_delta,5.0,9.74,3.0,-0.021763658 - -0.021763658,,0.0,1e-06,1e-06,1.074e-05,0.0,0.0,0.0,0.0,0.0,0,0
geco_matched_plus_actuator_persistence,2_DPIT_001_PV,sensor,selected_sensor_delta,5.0,9.74,3.0,88.35751 - 2_PIT_002_PV,0.008482119469839,9.66778276190117,43.256756319788046,32467.640162567797,32888.960969122534,6493.528032513559,7067.644661908868,0.0,0.0,0.0,0,0
geco_matched_plus_actuator_persistence,2_FIC_101_CO,sensor,selected_sensor_delta,5.0,9.74,3.0,2_FQ_101_PV * -0.3397043,0.0150389194041339,34.150938108826395,0.5275863868982411,491.9820744015038,497.12076580989265,98.39641488030075,80.61268401614372,0.0,0.0,0.0,0,0
geco_matched_plus_actuator_persistence,2_FIC_101_PV,sensor,selected_sensor_delta,5.0,9.74,3.0,2_FIC_101_PV * -0.016046675,0.002252916125048,18.49348773225588,0.02979673568732669,28.02673975940373,28.31695996499829,5.605347951880746,3.974709597218389,0.0,0.0,0.0,0,0
geco_matched_plus_actuator_persistence,2_FIC_101_SP,sensor,selected_sensor_delta,5.0,9.74,15.0,((2_MV_003_STATUS - 1_MV_001_STATUS) * (2_FIC_201_PV * (3_AIT_001_PV * 2_P_004_SPEED))) * (2.3499095 * (2_MV_009_STATUS - 2_MV_003_STATUS)),-9.112138177336249e-08,0.0,0.0017891865730764527,4.18257277022904,4.1999994474508044,0.836514554045808,0.28821081253285386,0.0,0.0,0.0,0,0
geco_matched_plus_actuator_persistence,2_FIC_201_CO,sensor,selected_sensor_delta,5.0,9.74,3.0,2_FQ_201_PV * -0.25967506,0.0115003398980684,41.3791240636834,0.37493504907663644,471.2136524585691,474.8655198365755,94.24273049171381,109.98883320035127,0.0,0.0,0.0,0,0
geco_matched_plus_actuator_persistence,2_FIC_201_PV,sensor,selected_sensor_delta,5.0,9.74,7.0,(2_FQ_201_PV * 2_FIC_401_PV) * (-0.04007296 - 2_LS_201_AH),0.0034190508627743,39.845894609586814,0.020632148889052914,41.154712298493465,41.35566942867284,8.230942459698692,4.876911715521573,0.0,0.0,0.0,0,0
geco_matched_plus_actuator_persistence,2_FIC_201_SP,sensor,selected_sensor_delta,5.0,9.74,11.0,((2_MV_003_STATUS - 1_P_005_STATUS) * ((2_P_004_SPEED * 3_AIT_001_PV) * 1_FIT_001_PV)) * 2_MV_101_STATUS,-2.3749495703384582e-09,0.0,0.0016237224631009655,1.5918813146688056,1.607696371459409,0.3183762629337611,0.2383762870736422,0.0,0.0,0.0,0,0
geco_matched_plus_actuator_persistence,2_FIC_301_PV,sensor,selected_sensor_delta,5.0,9.74,3.0,2_FIC_601_PV * -0.009515096,-0.0036792547368171,17.746108309561812,0.020480065128239675,24.85191412226479,25.051389956613846,4.970382824452958,5.163894476575684,0.0,0.0,0.0,0,0
geco_matched_plus_actuator_persistence,2_FIC_301_SP,sensor,selected_sensor_delta,5.0,9.74,13.0,1_FIT_001_PV * ((((4.6891226e-5 * 2_FIC_301_CO) * 2_LS_201_AH) * 4.6891226e-5) * (2_FIC_501_CO * 3_AIT_004_PV)),-0.0308985748156576,0.0,0.002078101798552482,4.809763202001027,4.830003913518928,0.9619526404002053,0.25792190356586553,0.0,0.0,0.0,0,0
geco_matched_plus_actuator_persistence,2_FIC_401_CO,sensor,selected_sensor_delta,5.0,9.74,3.0,2_FQ_401_PV * -0.28900453,0.0068262290096441,31.49156173004372,0.5152049430767641,413.5479889200719,418.5660850656395,82.70959778401438,89.62904282109717,0.0,0.0,0.0,0,0
geco_matched_plus_actuator_persistence,2_FIC_401_PV,sensor,selected_sensor_delta,5.0,9.74,9.0,2_FQ_401_PV * (((2B_AIT_001_PV * 2_FIC_501_SP) + -0.073952936) * 2_FIC_401_PV),-0.0136811757617747,42.44627371380358,0.030358977164082257,36.37893762869645,36.674634066274606,7.27578752573929,5.517591368486072,0.0,0.0,0.0,0,0
geco_matched_plus_actuator_persistence,2_FIC_401_SP,sensor,selected_sensor_delta,5.0,9.74,11.0,(3_AIT_001_PV * ((3_FIT_001_PV + -0.5745507) * (1_P_005_STATUS - 2_MV_003_STATUS))) * 1_FIT_001_PV,-2.5924091762163926e-09,0.0,0.001662038620217033,2.635806878675475,2.651995134836389,0.527161375735095,0.24833797628094417,0.0,0.0,0.0,0,0
geco_matched_plus_actuator_persistence,2_FIC_501_PV,sensor,selected_sensor_delta,5.0,9.74,3.0,2_FIC_501_PV * -0.019195596,-0.0080578702045512,13.110728544786658,0.023499944593588378,28.2769895375729,28.50587899791445,5.65539790751458,6.0730825129994725,0.0,0.0,0.0,0,0
geco_matched_plus_actuator_persistence,2_FIC_601_CO,sensor,selected_sensor_delta,5.0,9.74,3.0,2_FQ_601_PV * -0.33139205,-0.0036177276086308,38.05090530847815,0.3690366250044411,525.2414764773431,528.8358932048864,105.04829529546862,100.55624201774286,0.0,0.0,0.0,0,0
geco_matched_plus_actuator_persistence,2_FIC_601_PV,sensor,selected_sensor_delta,5.0,9.74,3.0,2_FIC_601_PV * -0.01591041,-0.0054832129042694,19.98884073391906,0.020960186568226402,28.158665929982746,28.36281814715727,5.631733185996549,4.815475964362502,0.0,0.0,0.0,0,0
geco_matched_plus_actuator_persistence,2_FIC_601_SP,sensor,selected_sensor_delta,5.0,9.74,13.0,(2_MCV_201_CO * ((1_MV_001_STATUS - 2_MV_003_STATUS) * 3_AIT_001_PV)) * (-0.00017899254 * (1_MV_001_STATUS - 2_MV_003_STATUS)),-6.513451999978771e-09,0.0,0.0020184410255506147,1.6399077859315503,1.6595674015204134,0.32798155718631006,0.31798154437131143,0.0,0.0,0.0,0,0
geco_matched_plus_actuator_persistence,2_FIT_001_PV,sensor,selected_sensor_delta,5.0,9.74,5.0,(2_MV_003_STATUS - 2_FIT_001_PV) * 0.021082245,-0.0272732956464449,1.6244499683380147,0.08943224896033541,22.2331686388002,23.104238743673868,4.44663372776004,11.845878519953315,0.0,0.0,0.0,0,0
geco_matched_plus_actuator_persistence,2_FIT_002_PV,sensor,selected_sensor_delta,5.0,9.74,3.0,2_FQ_101_PV * -0.010027352,-0.001361467372912,19.48504475212655,0.013844316925125643,6.892380388760061,7.027224035610785,1.3784760777520122,1.66992812094682,0.0,0.0,0.0,0,0
geco_matched_plus_actuator_persistence,2_FIT_003_PV,sensor,selected_sensor_delta,5.0,9.74,3.0,2_FIT_002_PV * 2_PIC_003_PV,0.0553370128865967,4.825827196131465,0.08662036534491208,36.87005428331149,37.713736641770936,7.374010856662298,37.713736641770936,0.0019097222222222222,0.0001289150265810507,0.03120581700666532,1,330
geco_matched_plus_actuator_persistence,2_FQ_101_PV,sensor,selected_sensor_delta,5.0,9.74,3.0,2_FIC_101_PV * -0.014559889,0.0034545247127396,19.51039912430314,0.029518715120822655,27.374254019460174,27.661766304736986,5.474850803892035,3.7794473133155058,0.0,0.0,0.0,0,0
geco_matched_plus_actuator_persistence,2_FQ_201_PV,sensor,selected_sensor_delta,5.0,9.74,1.0,0.00017188098,-7.82947853235072e-05,42.419670621221854,0.019914913082316514,22.219118851538205,22.413090104959966,4.443823770307641,4.932179232407571,0.0,0.0,0.0,0,0
geco_matched_plus_actuator_persistence,2_FQ_301_PV,sensor,selected_sensor_delta,5.0,9.74,3.0,2_FIC_301_PV * -0.009666798,0.0030450564846143,17.380916905003005,0.020423243574404518,26.18102045283574,26.37994284525044,5.236204090567147,5.170309152234473,0.0,0.0,0.0,0,0
geco_matched_plus_actuator_persistence,2_FQ_401_PV,sensor,selected_sensor_delta,5.0,9.74,3.0,2_FQ_401_PV * -0.016482946,0.0072349124829306,9.838222623484665,0.03102988210774329,26.643423868590826,26.945654920320244,5.328684773718165,5.046962987887681,0.0,0.0,0.0,0,0
geco_matched_plus_actuator_persistence,2_FQ_501_PV,sensor,selected_sensor_delta,5.0,9.74,3.0,2_FIC_501_PV * -0.014651568,-0.0011197778128997,14.59205286561609,0.02297279909369978,28.005676793973326,28.22943185714596,5.601135358794665,5.420083135880075,0.0,0.0,0.0,0,0
geco_matched_plus_actuator_persistence,2_FQ_601_PV,sensor,selected_sensor_delta,5.0,9.74,3.0,2_FIC_601_PV * -0.021256251,-0.0140299318532872,15.7930218718151,0.021655684862108213,28.928738056085194,29.139664426642128,5.7857476112170385,4.870014111900411,0.0,0.0,0.0,0,0
geco_matched_plus_actuator_persistence,2_LS_101_AH,sensor,selected_sensor_delta,5.0,9.74,9.0,((2_FQ_301_PV * 2_MV_101_STATUS) * (2_LS_101_AH - 1_MV_004_STATUS)) * 2_LS_101_AH,-0.1183975229998723,0.0,0.011789963000637876,59.34763457135887,59.46246881098508,11.869526914271773,2.5279678696062966,0.0,0.0,0.0,0,0
geco_matched_plus_actuator_persistence,2_LS_101_AL,sensor,selected_sensor_delta,5.0,9.74,7.0,(2_LS_101_AL * (3_AIT_001_PV * 2_FIC_101_PV)) * -20.992853,0.0,0.0,0.013714954292528232,232.5966052508608,232.73018890567002,46.51932105017216,1.1496728338632498,0.0,0.0,0.0,0,0
geco_matched_plus_actuator_persistence,2_LS_201_AH,sensor,selected_sensor_delta,5.0,9.74,7.0,(2_LS_501_AH * 2_LS_201_AH) * (1_MV_001_STATUS - 1.9999987),0.0,0.0,0.010755052489398766,54.139530800848085,54.24428501209483,10.827906160169617,1.8171641076802207,0.0,0.0,0.0,0,0
geco_matched_plus_actuator_persistence,2_LS_201_AL,sensor,selected_sensor_delta,5.0,9.74,5.0,(3_FIT_001_PV + -0.5867106) * 2_LS_201_AL,-0.0394394750394426,0.0,0.010531012041083483,34.39545418300753,34.498026240287686,6.879090836601506,3.5182206593404732,0.0,0.0,0.0,0,0
geco_matched_plus_actuator_persistence,2_LS_301_AH,sensor,selected_sensor_delta,5.0,9.74,11.0,(3_AIT_003_PV * ((2_FIC_201_PV * (2_FIC_301_SP * 2_LS_301_AH)) * -0.28339157)) * 2_FIT_001_PV,0.0,0.0,0.010381215458828894,75.20694329705215,75.30805633562115,15.04138865941043,1.8131381217410805,0.0,0.0,0.0,0,0
geco_matched_plus_actuator_persistence,2_LS_301_AL,sensor,selected_sensor_delta,5.0,9.74,9.0,(0.72565746 - 3_AIT_005_PV) * (2_LS_301_AL * (3_FIT_001_PV + -0.57262355)),0.0065613225673001,0.0,0.009818646678584217,51.58017524183738,51.67580886048679,10.316035048367477,3.8212904639444676,0.0,0.0,0.0,0,0
geco_matched_plus_actuator_persistence,2_LS_401_AH,sensor,selected_sensor_delta,5.0,9.74,9.0,2_LS_401_AH * (2_FIT_001_PV * ((1_FIT_001_PV * 2_MV_401_STATUS) * -0.024918532)),0.002531028671956,0.0,0.011690146501096944,43.817629316879575,43.93149134380026,8.763525863375914,7.791393179099645,0.0,0.0,0.0,0,0
geco_matched_plus_actuator_persistence,2_LS_401_AL,sensor,selected_sensor_delta,5.0,9.74,9.0,((2_FIC_401_CO * 1_MV_004_STATUS) * 2_FIC_601_CO) * (2_MV_003_STATUS * 4.5439656e-8),-0.0014167605552886,5.777708620498893,0.011701026360304794,8.314584716838112,8.42855271358748,1.6629169433676225,1.414262256890184,0.0,0.0,0.0,0,0
geco_matched_plus_actuator_persistence,2_LS_501_AH,sensor,selected_sensor_delta,5.0,9.74,1.0,9.999286e-5,-9.303286732964544e-05,1.0,0.01057280686784378,17.903437341231253,18.006416480124052,3.580687468246251,1.811289362138813,0.0,0.0,0.0,0,0
geco_matched_plus_actuator_persistence,2_LS_501_AL,sensor,selected_sensor_delta,5.0,9.74,5.0,(2_FQ_401_PV - 2_FQ_101_PV) * 2A_AIT_002_PV,-0.0151335992731873,2.571116455665051e-32,0.011420730252754334,104.19814069630212,104.30937860896394,20.839628139260423,4.153981333017071,0.0,0.0,0.0,0,0
geco_matched_plus_actuator_persistence,2_LS_601_AH,sensor,selected_sensor_delta,5.0,9.74,9.0,2_LS_301_AH * ((2_FIC_501_SP - 0.22000383) * (2_FIT_001_PV * 2_FIC_401_SP)),0.0,0.0,0.01137293638321413,282.5333585495152,282.6441309498877,56.50667170990304,1.6701848448867902,0.0,0.0,0.0,0,0
geco_matched_plus_actuator_persistence,2_LS_601_AL,sensor,selected_sensor_delta,5.0,9.74,5.0,(2B_AIT_003_PV * -0.0038763508) + 0.033448044,-0.0022001244809992,4.797744669484077,0.010188883403531176,8.868339908253395,8.967579632603789,1.773667981650679,1.6563197500556504,0.0,0.0,0.0,0,0
geco_matched_plus_actuator_persistence,2_LT_002_PV,sensor,selected_sensor_delta,5.0,9.74,5.0,(TOTAL_CONS_REQUIRED_FLOW - 2_FIT_001_PV) * -0.03581529,0.0202287766691278,24.794094900339346,0.15304194999487877,23.611860288190563,25.102488881140683,4.722372057638113,25.102488881140683,0.0006423611111111111,0.00033149578263698756,0.005756412845889719,3,86
geco_matched_plus_actuator_persistence,2_MCV_007_CO,sensor,selected_sensor_delta,5.0,9.74,3.0,3_P_003_STATUS - 2_MV_002_STATUS,,0.0,1e-06,1e-06,1.074e-05,0.0,1.074e-05,0.001712962962962963,0.0001841643236872153,0.026863259947485358,29,16
geco_matched_plus_actuator_persistence,2_P_003_SPEED,sensor,selected_sensor_delta,5.0,9.74,1.0,2_P_004_SPEED,0.000302468603613,1.2555573934924376,1.1749209730634267,381.5655080314956,393.00923830913337,76.31310160629911,74.90048855516326,0.0,0.0,0.0,0,0
geco_matched_plus_actuator_persistence,2_PIC_003_CO,sensor,selected_sensor_delta,5.0,9.74,7.0,((2_PIC_003_PV - 2_MV_006_STATUS) + 0.92499703) * 0.515833,0.0239900981892037,32.36284519360931,0.624249617240662,4196.767852360483,4202.848043632407,839.3535704720965,68.28561631553673,0.0,0.0,0.0,0,0
geco_matched_plus_actuator_persistence,2_PIC_003_PV,sensor,selected_sensor_delta,5.0,9.74,7.0,(2_PIC_003_PV + (0.9200428 - 2_MV_006_STATUS)) * -0.06421421,0.0198915417593883,26.39547806641177,0.06264419974295483,800.0173727886103,800.6275272941066,160.00347455772206,7.018815523038089,0.0,0.0,0.0,0,0
geco_matched_plus_actuator_persistence,2_PIT_001_PV,sensor,selected_sensor_delta,5.0,9.74,5.0,1.1427776 - (2_DPIT_001_PV * 0.0004586949),0.006621193393292,10.36563242243466,0.3894949934835992,338.2940284026725,342.0877096392027,67.6588056805345,76.04932049113552,0.0,0.0,0.0,0,0
geco_matched_plus_actuator_persistence,2_PIT_002_PV,sensor,selected_sensor_delta,5.0,9.74,5.0,(2_DPIT_001_PV * -0.003075006) + 7.663425,0.0050784784743534,9.060265717850797,2.2764557660727176,2080.622437318197,2102.7951164797455,416.1244874636394,494.70586953373856,0.0,0.0,0.0,0,0
geco_matched_plus_actuator_persistence,2_PIT_003_PV,sensor,selected_sensor_delta,5.0,9.74,7.0,((2_MV_006_STATUS - 2_PIC_003_PV) + -0.9245177) * 0.057637595,0.0175529740100325,29.471299638718875,0.062284469291722,596.9744785540048,597.5811292849062,119.39489571080095,7.435230275214128,0.0,0.0,0.0,0,0
geco_matched_plus_actuator_persistence,2A_AIT_001_PV,sensor,selected_sensor_delta,5.0,9.74,1.0,1.9560876e-7,-8.863622583454855e-06,1.0,0.00016305843894173642,1.2654443361833057,1.2670325253785981,0.25308886723666113,0.0021141292319017545,0.0,0.0,0.0,0,0
geco_matched_plus_actuator_persistence,2A_AIT_002_PV,sensor,selected_sensor_delta,5.0,9.74,7.0,((2_MCV_101_CO * -0.023470242) * 2A_AIT_002_PV) * 2A_AIT_002_PV,-0.0475475253455481,1.101981112345036e-32,0.16387552169973232,2893.723361354891,2895.3195089362466,578.7446722709782,4.068106360617694,0.0,0.0,0.0,0,0
geco_matched_plus_actuator_persistence,2A_AIT_003_PV,sensor,selected_sensor_delta,5.0,9.74,7.0,2_FIC_201_PV * (2A_AIT_002_PV * (-0.33989054 * 2_FIT_002_PV)),-0.0012282912975181,0.0,0.003720484015034855,5.446830859684121,5.48306837399056,1.0893661719368242,0.686988340776312,0.0,0.0,0.0,0,0
geco_matched_plus_actuator_persistence,2B_AIT_001_PV,sensor,selected_sensor_delta,5.0,9.74,5.0,2_LS_201_AH * (2_MCV_501_CO * 4.5408036e-5),-0.0044911897181842,0.0,7.71827333816407e-05,0.07718684183457744,0.07793860165771462,0.01543736836691549,0.012964592355746929,0.0,0.0,0.0,0,0
geco_matched_plus_actuator_persistence,3_AIT_001_PV,sensor,selected_sensor_delta,5.0,9.74,1.0,0.0,0.0,0.0,0.00020841843969419892,0.8335523273764902,0.8355823229791117,0.16671046547529805,0.0,0.0,0.0,0.0,0,0
geco_matched_plus_actuator_persistence,3_AIT_003_PV,sensor,selected_sensor_delta,5.0,9.74,3.0,3_AIT_003_PV * -0.09685825,0.036160234996091,32.561618656036444,6.3235121918570645,273.5705323944045,335.16154114309234,54.7141064788809,48.5708259273197,0.0,0.0,0.0,0,0
geco_matched_plus_actuator_persistence,3_AIT_004_PV,sensor,selected_sensor_delta,5.0,9.74,5.0,(3_AIT_004_PV * -0.22340244) + 2_PIT_001_PV,0.0705906221904001,19.22637520277597,455.9909960478907,33820.94261510046,38262.294916606916,6764.188523020091,4527.302069542882,0.0,0.0,0.0,0,0
geco_matched_plus_actuator_persistence,3_AIT_005_PV,sensor,selected_sensor_delta,5.0,9.74,1.0,1.665455e-5,-0.0001843146077267,17.391272839636848,0.0015296999915492212,6.145035164574978,6.159934442492667,1.2290070329149956,0.31388459112275385,0.0,0.0,0.0,0,0
geco_matched_plus_actuator_persistence,3_LS_001_AL,sensor,selected_sensor_delta,5.0,9.74,3.0,1_LS_001_AL - 1_LS_001_AL,,0.0,1e-06,1e-06,1.074e-05,0.0,0.0,0.0,0.0,0.0,0,0
geco_matched_plus_actuator_persistence,LEAK_DIFF_PRESSURE,sensor,selected_sensor_delta,5.0,9.74,7.0,2_FIT_003_PV + ((LEAK_DIFF_PRESSURE * -0.11256748) + 6.922297),0.0315872021934814,16.788538020673613,1.911347078561208,1276.0777691766532,1294.6942897218394,255.21555383533064,235.61947492026877,0.0,0.0,0.0,0,0
geco_matched_plus_actuator_persistence,PLANT_START_STOP_LOG,sensor,selected_sensor_delta,5.0,9.74,3.0,2_MCV_007_CO * 2_MCV_007_CO,,0.0,1e-06,1e-06,1.074e-05,0.0,1.074e-05,0.009091435185185185,0.0001841643236872153,0.15562512623712382,3,634
geco_matched_plus_actuator_persistence,1_MV_001_STATUS,actuator,actuator_persistence,5.0,9.74,1.0,1_MV_001_STATUS,,,0.04056415846780728,55.32638314311338,55.72147804658982,11.065276628622676,49.12892767938048,0.0,0.0,0.0,0,0
geco_matched_plus_actuator_persistence,1_MV_004_STATUS,actuator,actuator_persistence,5.0,9.74,1.0,1_MV_004_STATUS,,,0.04067319042827918,55.27350264228453,55.66965951705597,11.054700528456905,2.755960857430325,0.0,0.0,0.0,0,0
geco_matched_plus_actuator_persistence,1_P_001_STATUS,actuator,actuator_persistence,5.0,9.74,1.0,1_P_001_STATUS,,,0.01803574328798211,16.703558087528243,16.87922622715319,3.340711617505649,16.445155166598525,0.0,0.0,0.0,0,0
geco_matched_plus_actuator_persistence,1_P_002_STATUS,actuator,actuator_persistence,5.0,9.74,1.0,1_P_002_STATUS,,,1e-06,1e-06,1.074e-05,0.0,0.0,0.0,0.0,0.0,0,0
geco_matched_plus_actuator_persistence,1_P_003_STATUS,actuator,actuator_persistence,5.0,9.74,1.0,1_P_003_STATUS,,,0.01803574328798211,16.703558087528243,16.87922622715319,3.340711617505649,16.445155166598525,0.0,0.0,0.0,0,0
geco_matched_plus_actuator_persistence,1_P_004_STATUS,actuator,actuator_persistence,5.0,9.74,1.0,1_P_004_STATUS,,,1e-06,1e-06,1.074e-05,0.0,0.0,0.0,0.0,0.0,0,0
geco_matched_plus_actuator_persistence,1_P_005_STATUS,actuator,actuator_persistence,5.0,9.74,1.0,1_P_005_STATUS,,,0.040709690311655826,10.636771228319171,11.0332836119547,2.127354245663834,5.336127871950981,0.0,0.0,0.0,0,0
geco_matched_plus_actuator_persistence,1_P_006_STATUS,actuator,actuator_persistence,5.0,9.74,1.0,1_P_006_STATUS,,,1e-06,1e-06,1.074e-05,0.0,1.074e-05,0.00011574074074074075,6.138810789573843e-05,0.0010098969905069683,2,10
geco_matched_plus_actuator_persistence,2_MV_001_STATUS,actuator,actuator_persistence,5.0,9.74,1.0,2_MV_001_STATUS,,,1e-06,1e-06,1.074e-05,0.0,0.0,0.0,0.0,0.0,0,0
geco_matched_plus_actuator_persistence,2_MV_002_STATUS,actuator,actuator_persistence,5.0,9.74,1.0,2_MV_002_STATUS,,,1e-06,1e-06,1.074e-05,0.0,0.0,0.0,0.0,0.0,0,0
geco_matched_plus_actuator_persistence,2_MV_003_STATUS,actuator,actuator_persistence,5.0,9.74,1.0,2_MV_003_STATUS,,,0.09216863911203314,38.801213004232324,39.698935549183524,7.760242600846465,19.671701159626604,0.0,0.0,0.0,0,0
geco_matched_plus_actuator_persistence,2_MV_004_STATUS,actuator,actuator_persistence,5.0,9.74,1.0,2_MV_004_STATUS,,,1e-06,1e-06,1.074e-05,0.0,0.0,0.0,0.0,0.0,0,0
geco_matched_plus_actuator_persistence,2_MV_005_STATUS,actuator,actuator_persistence,5.0,9.74,1.0,2_MV_005_STATUS,,,1e-06,1e-06,1.074e-05,0.0,0.0,0.0,0.0,0.0,0,0
geco_matched_plus_actuator_persistence,2_MV_006_STATUS,actuator,actuator_persistence,5.0,9.74,1.0,2_MV_006_STATUS,,,0.08828073019980047,22.496137933016975,23.35599224516303,4.499227586603395,4.410946856403594,0.0,0.0,0.0,0,0
geco_matched_plus_actuator_persistence,2_MV_009_STATUS,actuator,actuator_persistence,5.0,9.74,1.0,2_MV_009_STATUS,,,1e-06,1e-06,1.074e-05,0.0,0.0,0.0,0.0,0.0,0,0
geco_matched_plus_actuator_persistence,2_MV_101_STATUS,actuator,actuator_persistence,5.0,9.74,1.0,2_MV_101_STATUS,,,0.02492577904561714,14.252226628631488,14.4950037165358,2.8504453257262976,2.8504453257262976,0.0,0.0,0.0,0,0
geco_matched_plus_actuator_persistence,2_MV_201_STATUS,actuator,actuator_persistence,5.0,9.74,1.0,2_MV_201_STATUS,,,0.023317454840228517,14.300476354793144,14.52758836493697,2.8600952709586287,2.8600952709586287,0.0,0.0,0.0,0,0
geco_matched_plus_actuator_persistence,2_MV_301_STATUS,actuator,actuator_persistence,5.0,9.74,1.0,2_MV_301_STATUS,,,0.02189085756575435,14.343274273027369,14.556491225717815,2.8686548546054738,2.8686548546054738,0.0,0.0,0.0,0,0
geco_matched_plus_actuator_persistence,2_MV_401_STATUS,actuator,actuator_persistence,5.0,9.74,1.0,2_MV_401_STATUS,,,0.04256249555772995,23.933751154990198,24.348309861722488,4.78675023099804,3.2338750799608595,0.0,0.0,0.0,0,0
geco_matched_plus_actuator_persistence,2_MV_501_STATUS,actuator,actuator_persistence,5.0,9.74,1.0,2_MV_501_STATUS,,,0.03629246408107271,26.652733261353283,27.006221861502933,5.330546652270657,2.782245215513564,0.0,0.0,0.0,0,0
geco_matched_plus_actuator_persistence,2_MV_601_STATUS,actuator,actuator_persistence,5.0,9.74,1.0,2_MV_601_STATUS,,,0.022086190873586854,14.337414273792394,14.55253377290113,2.867482854758479,2.867482854758479,0.0,0.0,0.0,0,0
geco_matched_plus_actuator_persistence,2_P_003_STATUS,actuator,actuator_persistence,5.0,9.74,1.0,2_P_003_STATUS,,,0.03892715311945345,8.832185406416395,9.211335877799872,1.766437081283279,1.766437081283279,0.0,0.0,0.0,0,0
geco_matched_plus_actuator_persistence,2_P_004_STATUS,actuator,actuator_persistence,5.0,9.74,1.0,2_P_004_STATUS,,,1e-06,1e-06,1.074e-05,0.0,0.0,0.0,0.0,0.0,0,0
geco_matched_plus_actuator_persistence,2_SV_101_STATUS,actuator,actuator_persistence,5.0,9.74,1.0,2_SV_101_STATUS,,,1e-06,1e-06,1.074e-05,0.0,0.0,0.0,0.0,0.0,0,0
geco_matched_plus_actuator_persistence,2_SV_201_STATUS,actuator,actuator_persistence,5.0,9.74,1.0,2_SV_201_STATUS,,,1e-06,1e-06,1.074e-05,0.0,0.0,0.0,0.0,0.0,0,0
geco_matched_plus_actuator_persistence,2_SV_301_STATUS,actuator,actuator_persistence,5.0,9.74,1.0,2_SV_301_STATUS,,,1e-06,1e-06,1.074e-05,0.0,0.0,0.0,0.0,0.0,0,0
geco_matched_plus_actuator_persistence,2_SV_401_STATUS,actuator,actuator_persistence,5.0,9.74,1.0,2_SV_401_STATUS,,,1e-06,1e-06,1.074e-05,0.0,0.0,0.0,0.0,0.0,0,0
geco_matched_plus_actuator_persistence,2_SV_501_STATUS,actuator,actuator_persistence,5.0,9.74,1.0,2_SV_501_STATUS,,,1e-06,1e-06,1.074e-05,0.0,0.0,0.0,0.0,0.0,0,0
geco_matched_plus_actuator_persistence,2_SV_601_STATUS,actuator,actuator_persistence,5.0,9.74,1.0,2_SV_601_STATUS,,,1e-06,1e-06,1.074e-05,0.0,0.0,0.0,0.0,0.0,0,0
geco_matched_plus_actuator_persistence,3_MV_001_STATUS,actuator,actuator_persistence,5.0,9.74,1.0,3_MV_001_STATUS,,,1e-06,1e-06,1.074e-05,0.0,0.0,0.0,0.0,0.0,0,0
geco_matched_plus_actuator_persistence,3_MV_002_STATUS,actuator,actuator_persistence,5.0,9.74,1.0,3_MV_002_STATUS,,,1e-06,1e-06,1.074e-05,0.0,0.0,0.0,0.0,0.0,0,0
geco_matched_plus_actuator_persistence,3_MV_003_STATUS,actuator,actuator_persistence,5.0,9.74,1.0,3_MV_003_STATUS,,,1e-06,1e-06,1.074e-05,0.0,0.0,0.0,0.0,0.0,0,0
geco_matched_plus_actuator_persistence,3_P_001_STATUS,actuator,actuator_persistence,5.0,9.74,1.0,3_P_001_STATUS,,,1e-06,1e-06,1.074e-05,0.0,0.0,0.0,0.0,0.0,0,0
geco_matched_plus_actuator_persistence,3_P_002_STATUS,actuator,actuator_persistence,5.0,9.74,1.0,3_P_002_STATUS,,,1e-06,1e-06,1.074e-05,0.0,0.0,0.0,0.0,0.0,0,0
geco_matched_plus_actuator_persistence,3_P_003_STATUS,actuator,actuator_persistence,5.0,9.74,1.0,3_P_003_STATUS,,,1e-06,1e-06,1.074e-05,0.0,0.0,0.0,0.0,0.0,0,0
geco_matched_plus_actuator_persistence,3_P_004_STATUS,actuator,actuator_persistence,5.0,9.74,1.0,3_P_004_STATUS,,,1e-06,1e-06,1.074e-05,0.0,0.0,0.0,0.0,0.0,0,0
geco_matched_plus_actuator_persistence,1_AIT_002_PV,sensor,selected_sensor_delta,5.0,15.0,5.0,0.015316334 - (1_AIT_002_PV * 0.024466293),0.0119052665651211,41.73000224731814,0.016198173266754025,22.931494994286123,23.17446759328743,4.586298998857225,23.17446759328743,0.0035300925925925925,0.00011049859421232919,0.05978590183801252,1,610
geco_matched_plus_actuator_persistence,1_AIT_004_PV,sensor,selected_sensor_delta,5.0,15.0,3.0,3_AIT_004_PV * -5.4525193e-5,-0.0001992524296718,4.910153218946012,2.8444196394286245,5100.658423669531,5143.32471826096,1020.1316847339061,933.8179709712217,0.0,0.0,0.0,0,0
geco_matched_plus_actuator_persistence,1_AIT_005_PV,sensor,selected_sensor_delta,5.0,15.0,5.0,(1_FIT_001_PV - 1_AIT_002_PV) * -3.9571616e-5,0.0023463384738832,12.40172474664917,0.0005404796966590669,0.33748068582737595,0.345587881277262,0.06749613716547519,0.040270004949606274,0.0,0.0,0.0,0,0
geco_matched_plus_actuator_persistence,1_FIT_001_PV,sensor,selected_sensor_delta,5.0,15.0,7.0,((1_LT_001_PV * 1_P_001_STATUS) * -0.0001994969) + 0.014458983,-0.0179323441933463,11.85813818130814,0.03840313085817598,34.696415566291925,35.272462529164564,6.9392831132583845,34.07407751951275,0.0,0.0,0.0,0,0
geco_matched_plus_actuator_persistence,1_LS_001_AL,sensor,selected_sensor_delta,5.0,15.0,3.0,0.030378316 - 0.030378316,,0.0,1e-06,1e-06,1.6e-05,0.0,0.0,0.0,0.0,0.0,0,0
geco_matched_plus_actuator_persistence,1_LS_002_AL,sensor,selected_sensor_delta,5.0,15.0,3.0,-0.021763658 - -0.021763658,,0.0,1e-06,1e-06,1.6e-05,0.0,0.0,0.0,0.0,0.0,0,0
geco_matched_plus_actuator_persistence,2_DPIT_001_PV,sensor,selected_sensor_delta,5.0,15.0,3.0,88.35751 - 2_PIT_002_PV,0.008482119469839,9.66778276190117,43.256756319788046,32467.640162567797,33116.49150736462,6493.528032513559,7067.644661908868,0.0,0.0,0.0,0,0
geco_matched_plus_actuator_persistence,2_FIC_101_CO,sensor,selected_sensor_delta,5.0,15.0,3.0,2_FQ_101_PV * -0.3397043,0.0150389194041339,34.150938108826395,0.5275863868982411,491.9820744015038,499.89587020497737,98.39641488030075,80.61268401614372,0.0,0.0,0.0,0,0
geco_matched_plus_actuator_persistence,2_FIC_101_PV,sensor,selected_sensor_delta,5.0,15.0,3.0,2_FIC_101_PV * -0.016046675,0.002252916125048,18.49348773225588,0.02979673568732669,28.02673975940373,28.47369079471363,5.605347951880746,3.974709597218389,0.0,0.0,0.0,0,0
geco_matched_plus_actuator_persistence,2_FIC_101_SP,sensor,selected_sensor_delta,5.0,15.0,15.0,((2_MV_003_STATUS - 1_MV_001_STATUS) * (2_FIC_201_PV * (3_AIT_001_PV * 2_P_004_SPEED))) * (2.3499095 * (2_MV_009_STATUS - 2_MV_003_STATUS)),-9.112138177336249e-08,0.0,0.0017891865730764527,4.18257277022904,4.209410568825187,0.836514554045808,0.28821081253285386,0.0,0.0,0.0,0,0
geco_matched_plus_actuator_persistence,2_FIC_201_CO,sensor,selected_sensor_delta,5.0,15.0,3.0,2_FQ_201_PV * -0.25967506,0.0115003398980684,41.3791240636834,0.37493504907663644,471.2136524585691,476.8376781947186,94.24273049171381,109.98883320035127,0.0,0.0,0.0,0,0
geco_matched_plus_actuator_persistence,2_FIC_201_PV,sensor,selected_sensor_delta,5.0,15.0,7.0,(2_FQ_201_PV * 2_FIC_401_PV) * (-0.04007296 - 2_LS_201_AH),0.0034190508627743,39.845894609586814,0.020632148889052914,41.154712298493465,41.46419453182926,8.230942459698692,4.876911715521573,0.0,0.0,0.0,0,0
geco_matched_plus_actuator_persistence,2_FIC_201_SP,sensor,selected_sensor_delta,5.0,15.0,11.0,((2_MV_003_STATUS - 1_P_005_STATUS) * ((2_P_004_SPEED * 3_AIT_001_PV) * 1_FIT_001_PV)) * 2_MV_101_STATUS,-2.3749495703384582e-09,0.0,0.0016237224631009655,1.5918813146688056,1.61623715161532,0.3183762629337611,0.2383762870736422,0.0,0.0,0.0,0,0
geco_matched_plus_actuator_persistence,2_FIC_301_PV,sensor,selected_sensor_delta,5.0,15.0,3.0,2_FIC_601_PV * -0.009515096,-0.0036792547368171,17.746108309561812,0.020480065128239675,24.85191412226479,25.159115099188387,4.970382824452958,5.163894476575684,0.0,0.0,0.0,0,0
geco_matched_plus_actuator_persistence,2_FIC_301_SP,sensor,selected_sensor_delta,5.0,15.0,13.0,1_FIT_001_PV * ((((4.6891226e-5 * 2_FIC_301_CO) * 2_LS_201_AH) * 4.6891226e-5) * (2_FIC_501_CO * 3_AIT_004_PV)),-0.0308985748156576,0.0,0.002078101798552482,4.809763202001027,4.840934728979314,0.9619526404002053,0.25792190356586553,0.0,0.0,0.0,0,0
geco_matched_plus_actuator_persistence,2_FIC_401_CO,sensor,selected_sensor_delta,5.0,15.0,3.0,2_FQ_401_PV * -0.28900453,0.0068262290096441,31.49156173004372,0.5152049430767641,413.5479889200719,421.27606306622334,82.70959778401438,89.62904282109717,0.0,0.0,0.0,0,0
geco_matched_plus_actuator_persistence,2_FIC_401_PV,sensor,selected_sensor_delta,5.0,15.0,9.0,2_FQ_401_PV * (((2B_AIT_001_PV * 2_FIC_501_SP) + -0.073952936) * 2_FIC_401_PV),-0.0136811757617747,42.44627371380358,0.030358977164082257,36.37893762869645,36.83432228615768,7.27578752573929,5.517591368486072,0.0,0.0,0.0,0,0
geco_matched_plus_actuator_persistence,2_FIC_401_SP,sensor,selected_sensor_delta,5.0,15.0,11.0,(3_AIT_001_PV * ((3_FIT_001_PV + -0.5745507) * (1_P_005_STATUS - 2_MV_003_STATUS))) * 1_FIT_001_PV,-2.5924091762163926e-09,0.0,0.001662038620217033,2.635806878675475,2.6607374579787306,0.527161375735095,0.24833797628094417,0.0,0.0,0.0,0,0
geco_matched_plus_actuator_persistence,2_FIC_501_PV,sensor,selected_sensor_delta,5.0,15.0,3.0,2_FIC_501_PV * -0.019195596,-0.0080578702045512,13.110728544786658,0.023499944593588378,28.2769895375729,28.629488706476725,5.65539790751458,6.0730825129994725,0.0,0.0,0.0,0,0
geco_matched_plus_actuator_persistence,2_FIC_601_CO,sensor,selected_sensor_delta,5.0,15.0,3.0,2_FQ_601_PV * -0.33139205,-0.0036177276086308,38.05090530847815,0.3690366250044411,525.2414764773431,530.7770258524097,105.04829529546862,100.55624201774286,0.0,0.0,0.0,0,0
geco_matched_plus_actuator_persistence,2_FIC_601_PV,sensor,selected_sensor_delta,5.0,15.0,3.0,2_FIC_601_PV * -0.01591041,-0.0054832129042694,19.98884073391906,0.020960186568226402,28.158665929982746,28.473068728506142,5.631733185996549,4.815475964362502,0.0,0.0,0.0,0,0
geco_matched_plus_actuator_persistence,2_FIC_601_SP,sensor,selected_sensor_delta,5.0,15.0,13.0,(2_MCV_201_CO * ((1_MV_001_STATUS - 2_MV_003_STATUS) * 3_AIT_001_PV)) * (-0.00017899254 * (1_MV_001_STATUS - 2_MV_003_STATUS)),-6.513451999978771e-09,0.0,0.0020184410255506147,1.6399077859315503,1.6701844013148095,0.32798155718631006,0.31798154437131143,0.0,0.0,0.0,0,0
geco_matched_plus_actuator_persistence,2_FIT_001_PV,sensor,selected_sensor_delta,5.0,15.0,5.0,(2_MV_003_STATUS - 2_FIT_001_PV) * 0.021082245,-0.0272732956464449,1.6244499683380147,0.08943224896033541,22.2331686388002,23.574652373205232,4.44663372776004,11.845878519953315,0.0,0.0,0.0,0,0
geco_matched_plus_actuator_persistence,2_FIT_002_PV,sensor,selected_sensor_delta,5.0,15.0,3.0,2_FQ_101_PV * -0.010027352,-0.001361467372912,19.48504475212655,0.013844316925125643,6.892380388760061,7.1000451426369455,1.3784760777520122,1.66992812094682,0.0,0.0,0.0,0,0
geco_matched_plus_actuator_persistence,2_FIT_003_PV,sensor,selected_sensor_delta,5.0,15.0,3.0,2_FIT_002_PV * 2_PIC_003_PV,0.0553370128865967,4.825827196131465,0.08662036534491208,36.87005428331149,38.16935976348517,7.374010856662298,38.16935976348517,0.0019444444444444444,0.00016574789131849378,0.03120581700666532,1,336
geco_matched_plus_actuator_persistence,2_FQ_101_PV,sensor,selected_sensor_delta,5.0,15.0,3.0,2_FIC_101_PV * -0.014559889,0.0034545247127396,19.51039912430314,0.029518715120822655,27.374254019460174,27.817034746272515,5.474850803892035,3.7794473133155058,0.0,0.0,0.0,0,0
geco_matched_plus_actuator_persistence,2_FQ_201_PV,sensor,selected_sensor_delta,5.0,15.0,1.0,0.00017188098,-7.82947853235072e-05,42.419670621221854,0.019914913082316514,22.219118851538205,22.517842547772954,4.443823770307641,4.932179232407571,0.0,0.0,0.0,0,0
geco_matched_plus_actuator_persistence,2_FQ_301_PV,sensor,selected_sensor_delta,5.0,15.0,3.0,2_FIC_301_PV * -0.009666798,0.0030450564846143,17.380916905003005,0.020423243574404518,26.18102045283574,26.48736910645181,5.236204090567147,5.170309152234473,0.0,0.0,0.0,0,0
geco_matched_plus_actuator_persistence,2_FQ_401_PV,sensor,selected_sensor_delta,5.0,15.0,3.0,2_FQ_401_PV * -0.016482946,0.0072349124829306,9.838222623484665,0.03102988210774329,26.643423868590826,27.108872100206977,5.328684773718165,5.046962987887681,0.0,0.0,0.0,0,0
geco_matched_plus_actuator_persistence,2_FQ_501_PV,sensor,selected_sensor_delta,5.0,15.0,3.0,2_FIC_501_PV * -0.014651568,-0.0011197778128997,14.59205286561609,0.02297279909369978,28.005676793973326,28.350268780378823,5.601135358794665,5.420083135880075,0.0,0.0,0.0,0,0
geco_matched_plus_actuator_persistence,2_FQ_601_PV,sensor,selected_sensor_delta,5.0,15.0,3.0,2_FIC_601_PV * -0.021256251,-0.0140299318532872,15.7930218718151,0.021655684862108213,28.928738056085194,29.253573329016817,5.7857476112170385,4.870014111900411,0.0,0.0,0.0,0,0
geco_matched_plus_actuator_persistence,2_LS_101_AH,sensor,selected_sensor_delta,5.0,15.0,9.0,((2_FQ_301_PV * 2_MV_101_STATUS) * (2_LS_101_AH - 1_MV_004_STATUS)) * 2_LS_101_AH,-0.1183975229998723,0.0,0.011789963000637876,59.34763457135887,59.52448401636843,11.869526914271773,2.5279678696062966,0.0,0.0,0.0,0,0
geco_matched_plus_actuator_persistence,2_LS_101_AL,sensor,selected_sensor_delta,5.0,15.0,7.0,(2_LS_101_AL * (3_AIT_001_PV * 2_FIC_101_PV)) * -20.992853,0.0,0.0,0.013714954292528232,232.5966052508608,232.80232956524873,46.51932105017216,1.1496728338632498,0.0,0.0,0.0,0,0
geco_matched_plus_actuator_persistence,2_LS_201_AH,sensor,selected_sensor_delta,5.0,15.0,7.0,(2_LS_501_AH * 2_LS_201_AH) * (1_MV_001_STATUS - 1.9999987),0.0,0.0,0.010755052489398766,54.139530800848085,54.30085658818907,10.827906160169617,1.8171641076802207,0.0,0.0,0.0,0,0
geco_matched_plus_actuator_persistence,2_LS_201_AL,sensor,selected_sensor_delta,5.0,15.0,5.0,(3_FIT_001_PV + -0.5867106) * 2_LS_201_AL,-0.0394394750394426,0.0,0.010531012041083483,34.39545418300753,34.55341936362378,6.879090836601506,3.5182206593404732,0.0,0.0,0.0,0,0
geco_matched_plus_actuator_persistence,2_LS_301_AH,sensor,selected_sensor_delta,5.0,15.0,11.0,(3_AIT_003_PV * ((2_FIC_201_PV * (2_FIC_301_SP * 2_LS_301_AH)) * -0.28339157)) * 2_FIT_001_PV,0.0,0.0,0.010381215458828894,75.20694329705215,75.36266152893458,15.04138865941043,1.8131381217410805,0.0,0.0,0.0,0,0
geco_matched_plus_actuator_persistence,2_LS_301_AL,sensor,selected_sensor_delta,5.0,15.0,9.0,(0.72565746 - 3_AIT_005_PV) * (2_LS_301_AL * (3_FIT_001_PV + -0.57262355)),0.0065613225673001,0.0,0.009818646678584217,51.58017524183738,51.727454942016145,10.316035048367477,3.8212904639444676,0.0,0.0,0.0,0,0
geco_matched_plus_actuator_persistence,2_LS_401_AH,sensor,selected_sensor_delta,5.0,15.0,9.0,2_LS_401_AH * (2_FIT_001_PV * ((1_FIT_001_PV * 2_MV_401_STATUS) * -0.024918532)),0.002531028671956,0.0,0.011690146501096944,43.817629316879575,43.99298151439603,8.763525863375914,7.791393179099645,0.0,0.0,0.0,0,0
geco_matched_plus_actuator_persistence,2_LS_401_AL,sensor,selected_sensor_delta,5.0,15.0,9.0,((2_FIC_401_CO * 1_MV_004_STATUS) * 2_FIC_601_CO) * (2_MV_003_STATUS * 4.5439656e-8),-0.0014167605552886,5.777708620498893,0.011701026360304794,8.314584716838112,8.490100112242684,1.6629169433676225,1.414262256890184,0.0,0.0,0.0,0,0
geco_matched_plus_actuator_persistence,2_LS_501_AH,sensor,selected_sensor_delta,5.0,15.0,1.0,9.999286e-5,-9.303286732964544e-05,1.0,0.01057280686784378,17.903437341231253,18.06202944424891,3.580687468246251,1.811289362138813,0.0,0.0,0.0,0,0
geco_matched_plus_actuator_persistence,2_LS_501_AL,sensor,selected_sensor_delta,5.0,15.0,5.0,(2_FQ_401_PV - 2_FQ_101_PV) * 2A_AIT_002_PV,-0.0151335992731873,2.571116455665051e-32,0.011420730252754334,104.19814069630212,104.36945165009344,20.839628139260423,4.153981333017071,0.0,0.0,0.0,0,0
geco_matched_plus_actuator_persistence,2_LS_601_AH,sensor,selected_sensor_delta,5.0,15.0,9.0,2_LS_301_AH * ((2_FIC_501_SP - 0.22000383) * (2_FIT_001_PV * 2_FIC_401_SP)),0.0,0.0,0.01137293638321413,282.5333585495152,282.7039525952634,56.50667170990304,1.6701848448867902,0.0,0.0,0.0,0,0
geco_matched_plus_actuator_persistence,2_LS_601_AL,sensor,selected_sensor_delta,5.0,15.0,5.0,(2B_AIT_003_PV * -0.0038763508) + 0.033448044,-0.0022001244809992,4.797744669484077,0.010188883403531176,8.868339908253395,9.021173159306363,1.773667981650679,1.6563197500556504,0.0,0.0,0.0,0,0
geco_matched_plus_actuator_persistence,2_LT_002_PV,sensor,selected_sensor_delta,5.0,15.0,5.0,(TOTAL_CONS_REQUIRED_FLOW - 2_FIT_001_PV) * -0.03581529,0.0202287766691278,24.794094900339346,0.15304194999487877,23.611860288190563,25.907489538113744,4.722372057638113,25.907489538113744,0.0007291666666666667,0.0004235779444805952,0.005756412845889719,3,92
geco_matched_plus_actuator_persistence,2_MCV_007_CO,sensor,selected_sensor_delta,5.0,15.0,3.0,3_P_003_STATUS - 2_MV_002_STATUS,,0.0,1e-06,1e-06,1.6e-05,0.0,1.6e-05,0.002297453703703704,0.00027624648553082297,0.03554837406584528,17,111
geco_matched_plus_actuator_persistence,2_P_003_SPEED,sensor,selected_sensor_delta,5.0,15.0,1.0,2_P_004_SPEED,0.000302468603613,1.2555573934924376,1.1749209730634267,381.5655080314956,399.189322627447,76.31310160629911,74.90048855516326,0.0,0.0,0.0,0,0
geco_matched_plus_actuator_persistence,2_PIC_003_CO,sensor,selected_sensor_delta,5.0,15.0,7.0,((2_PIC_003_PV - 2_MV_006_STATUS) + 0.92499703) * 0.515833,0.0239900981892037,32.36284519360931,0.624249617240662,4196.767852360483,4206.131596619092,839.3535704720965,68.28561631553673,0.0,0.0,0.0,0,0
geco_matched_plus_actuator_persistence,2_PIC_003_PV,sensor,selected_sensor_delta,5.0,15.0,7.0,(2_PIC_003_PV + (0.9200428 - 2_MV_006_STATUS)) * -0.06421421,0.0198915417593883,26.39547806641177,0.06264419974295483,800.0173727886103,800.9570357847546,160.00347455772206,7.018815523038089,0.0,0.0,0.0,0,0
geco_matched_plus_actuator_persistence,2_PIT_001_PV,sensor,selected_sensor_delta,5.0,15.0,5.0,1.1427776 - (2_DPIT_001_PV * 0.0004586949),0.006621193393292,10.36563242243466,0.3894949934835992,338.2940284026725,344.1364533049265,67.6588056805345,76.04932049113552,0.0,0.0,0.0,0,0
geco_matched_plus_actuator_persistence,2_PIT_002_PV,sensor,selected_sensor_delta,5.0,15.0,5.0,(2_DPIT_001_PV * -0.003075006) + 7.663425,0.0050784784743534,9.060265717850797,2.2764557660727176,2080.622437318197,2114.769273809288,416.1244874636394,494.70586953373856,0.0,0.0,0.0,0,0
geco_matched_plus_actuator_persistence,2_PIT_003_PV,sensor,selected_sensor_delta,5.0,15.0,7.0,((2_MV_006_STATUS - 2_PIC_003_PV) + -0.9245177) * 0.057637595,0.0175529740100325,29.471299638718875,0.062284469291722,596.9744785540048,597.9087455933807,119.39489571080095,7.435230275214128,0.0,0.0,0.0,0,0
geco_matched_plus_actuator_persistence,2A_AIT_001_PV,sensor,selected_sensor_delta,5.0,15.0,1.0,1.9560876e-7,-8.863622583454855e-06,1.0,0.00016305843894173642,1.2654443361833057,1.2678902127674316,0.25308886723666113,0.0021141292319017545,0.0,0.0,0.0,0,0
geco_matched_plus_actuator_persistence,2A_AIT_002_PV,sensor,selected_sensor_delta,5.0,15.0,7.0,((2_MCV_101_CO * -0.023470242) * 2A_AIT_002_PV) * 2A_AIT_002_PV,-0.0475475253455481,1.101981112345036e-32,0.16387552169973232,2893.723361354891,2896.181494180387,578.7446722709782,4.068106360617694,0.0,0.0,0.0,0,0
geco_matched_plus_actuator_persistence,2A_AIT_003_PV,sensor,selected_sensor_delta,5.0,15.0,7.0,2_FIC_201_PV * (2A_AIT_002_PV * (-0.33989054 * 2_FIT_002_PV)),-0.0012282912975181,0.0,0.003720484015034855,5.446830859684121,5.502638119909643,1.0893661719368242,0.686988340776312,0.0,0.0,0.0,0,0
geco_matched_plus_actuator_persistence,2B_AIT_001_PV,sensor,selected_sensor_delta,5.0,15.0,5.0,2_LS_201_AH * (2_MCV_501_CO * 4.5408036e-5),-0.0044911897181842,0.0,7.71827333816407e-05,0.07718684183457744,0.07834458283530205,0.01543736836691549,0.012964592355746929,0.0,0.0,0.0,0,0
geco_matched_plus_actuator_persistence,3_AIT_001_PV,sensor,selected_sensor_delta,5.0,15.0,1.0,0.0,0.0,0.0,0.00020841843969419892,0.8335523273764902,0.8366786039719032,0.16671046547529805,0.0,0.0,0.0,0.0,0,0
geco_matched_plus_actuator_persistence,3_AIT_003_PV,sensor,selected_sensor_delta,5.0,15.0,3.0,3_AIT_003_PV * -0.09685825,0.036160234996091,32.561618656036444,6.3235121918570645,273.5705323944045,368.42321527226045,54.7141064788809,48.5708259273197,0.0,0.0,0.0,0,0
geco_matched_plus_actuator_persistence,3_AIT_004_PV,sensor,selected_sensor_delta,5.0,15.0,5.0,(3_AIT_004_PV * -0.22340244) + 2_PIT_001_PV,0.0705906221904001,19.22637520277597,455.9909960478907,33820.94261510046,40660.80755581882,6764.188523020091,4527.302069542882,0.0,0.0,0.0,0,0
geco_matched_plus_actuator_persistence,3_AIT_005_PV,sensor,selected_sensor_delta,5.0,15.0,1.0,1.665455e-5,-0.0001843146077267,17.391272839636848,0.0015296999915492212,6.145035164574978,6.167980664448216,1.2290070329149956,0.31388459112275385,0.0,0.0,0.0,0,0
geco_matched_plus_actuator_persistence,3_LS_001_AL,sensor,selected_sensor_delta,5.0,15.0,3.0,1_LS_001_AL - 1_LS_001_AL,,0.0,1e-06,1e-06,1.6e-05,0.0,0.0,0.0,0.0,0.0,0,0
geco_matched_plus_actuator_persistence,LEAK_DIFF_PRESSURE,sensor,selected_sensor_delta,5.0,15.0,7.0,2_FIT_003_PV + ((LEAK_DIFF_PRESSURE * -0.11256748) + 6.922297),0.0315872021934814,16.788538020673613,1.911347078561208,1276.0777691766532,1304.7479753550713,255.21555383533064,235.61947492026877,0.0,0.0,0.0,0,0
geco_matched_plus_actuator_persistence,PLANT_START_STOP_LOG,sensor,selected_sensor_delta,5.0,15.0,3.0,2_MCV_007_CO * 2_MCV_007_CO,,0.0,1e-06,1e-06,1.6e-05,0.0,1.6e-05,0.00917824074074074,0.00027624648553082297,0.15562512623712382,3,639
geco_matched_plus_actuator_persistence,1_MV_001_STATUS,actuator,actuator_persistence,5.0,15.0,1.0,1_MV_001_STATUS,,,0.04056415846780728,55.32638314311338,55.934845520130494,11.065276628622676,49.12892767938048,0.0,0.0,0.0,0,0
geco_matched_plus_actuator_persistence,1_MV_004_STATUS,actuator,actuator_persistence,5.0,15.0,1.0,1_MV_004_STATUS,,,0.04067319042827918,55.27350264228453,55.88360049870872,11.054700528456905,2.755960857430325,0.0,0.0,0.0,0,0
geco_matched_plus_actuator_persistence,1_P_001_STATUS,actuator,actuator_persistence,5.0,15.0,1.0,1_P_001_STATUS,,,0.01803574328798211,16.703558087528243,16.974094236847975,3.340711617505649,16.445155166598525,0.0,0.0,0.0,0,0
geco_matched_plus_actuator_persistence,1_P_002_STATUS,actuator,actuator_persistence,5.0,15.0,1.0,1_P_002_STATUS,,,1e-06,1e-06,1.6e-05,0.0,0.0,0.0,0.0,0.0,0,0
geco_matched_plus_actuator_persistence,1_P_003_STATUS,actuator,actuator_persistence,5.0,15.0,1.0,1_P_003_STATUS,,,0.01803574328798211,16.703558087528243,16.974094236847975,3.340711617505649,16.445155166598525,0.0,0.0,0.0,0,0
geco_matched_plus_actuator_persistence,1_P_004_STATUS,actuator,actuator_persistence,5.0,15.0,1.0,1_P_004_STATUS,,,1e-06,1e-06,1.6e-05,0.0,0.0,0.0,0.0,0.0,0,0
geco_matched_plus_actuator_persistence,1_P_005_STATUS,actuator,actuator_persistence,5.0,15.0,1.0,1_P_005_STATUS,,,0.040709690311655826,10.636771228319171,11.247416582994008,2.127354245663834,5.336127871950981,0.0,0.0,0.0,0,0
geco_matched_plus_actuator_persistence,1_P_006_STATUS,actuator,actuator_persistence,5.0,15.0,1.0,1_P_006_STATUS,,,1e-06,1e-06,1.6e-05,0.0,1.6e-05,0.00017361111111111112,9.208216184360765e-05,0.0015148454857604524,2,15
geco_matched_plus_actuator_persistence,2_MV_001_STATUS,actuator,actuator_persistence,5.0,15.0,1.0,2_MV_001_STATUS,,,1e-06,1e-06,1.6e-05,0.0,0.0,0.0,0.0,0.0,0,0
geco_matched_plus_actuator_persistence,2_MV_002_STATUS,actuator,actuator_persistence,5.0,15.0,1.0,2_MV_002_STATUS,,,1e-06,1e-06,1.6e-05,0.0,0.0,0.0,0.0,0.0,0,0
geco_matched_plus_actuator_persistence,2_MV_003_STATUS,actuator,actuator_persistence,5.0,15.0,1.0,2_MV_003_STATUS,,,0.09216863911203314,38.801213004232324,40.18374259091282,7.760242600846465,19.671701159626604,0.0,0.0,0.0,0,0
geco_matched_plus_actuator_persistence,2_MV_004_STATUS,actuator,actuator_persistence,5.0,15.0,1.0,2_MV_004_STATUS,,,1e-06,1e-06,1.6e-05,0.0,0.0,0.0,0.0,0.0,0,0
geco_matched_plus_actuator_persistence,2_MV_005_STATUS,actuator,actuator_persistence,5.0,15.0,1.0,2_MV_005_STATUS,,,1e-06,1e-06,1.6e-05,0.0,0.0,0.0,0.0,0.0,0,0
geco_matched_plus_actuator_persistence,2_MV_006_STATUS,actuator,actuator_persistence,5.0,15.0,1.0,2_MV_006_STATUS,,,0.08828073019980047,22.496137933016975,23.82034888601398,4.499227586603395,4.410946856403594,0.0,0.0,0.0,0,0
geco_matched_plus_actuator_persistence,2_MV_009_STATUS,actuator,actuator_persistence,5.0,15.0,1.0,2_MV_009_STATUS,,,1e-06,1e-06,1.6e-05,0.0,0.0,0.0,0.0,0.0,0,0
geco_matched_plus_actuator_persistence,2_MV_101_STATUS,actuator,actuator_persistence,5.0,15.0,1.0,2_MV_101_STATUS,,,0.02492577904561714,14.252226628631488,14.626113314315745,2.8504453257262976,2.8504453257262976,0.0,0.0,0.0,0,0
geco_matched_plus_actuator_persistence,2_MV_201_STATUS,actuator,actuator_persistence,5.0,15.0,1.0,2_MV_201_STATUS,,,0.023317454840228517,14.300476354793144,14.650238177396572,2.8600952709586287,2.8600952709586287,0.0,0.0,0.0,0,0
geco_matched_plus_actuator_persistence,2_MV_301_STATUS,actuator,actuator_persistence,5.0,15.0,1.0,2_MV_301_STATUS,,,0.02189085756575435,14.343274273027369,14.671637136513684,2.8686548546054738,2.8686548546054738,0.0,0.0,0.0,0,0
geco_matched_plus_actuator_persistence,2_MV_401_STATUS,actuator,actuator_persistence,5.0,15.0,1.0,2_MV_401_STATUS,,,0.04256249555772995,23.933751154990198,24.57218858835615,4.78675023099804,3.2338750799608595,0.0,0.0,0.0,0,0
geco_matched_plus_actuator_persistence,2_MV_501_STATUS,actuator,actuator_persistence,5.0,15.0,1.0,2_MV_501_STATUS,,,0.03629246408107271,26.652733261353283,27.197120222569374,5.330546652270657,2.782245215513564,0.0,0.0,0.0,0,0
geco_matched_plus_actuator_persistence,2_MV_601_STATUS,actuator,actuator_persistence,5.0,15.0,1.0,2_MV_601_STATUS,,,0.022086190873586854,14.337414273792394,14.668707136896197,2.867482854758479,2.867482854758479,0.0,0.0,0.0,0,0
geco_matched_plus_actuator_persistence,2_P_003_STATUS,actuator,actuator_persistence,5.0,15.0,1.0,2_P_003_STATUS,,,0.03892715311945345,8.832185406416395,9.416092703208196,1.766437081283279,1.766437081283279,0.0,0.0,0.0,0,0
geco_matched_plus_actuator_persistence,2_P_004_STATUS,actuator,actuator_persistence,5.0,15.0,1.0,2_P_004_STATUS,,,1e-06,1e-06,1.6e-05,0.0,0.0,0.0,0.0,0.0,0,0
geco_matched_plus_actuator_persistence,2_SV_101_STATUS,actuator,actuator_persistence,5.0,15.0,1.0,2_SV_101_STATUS,,,1e-06,1e-06,1.6e-05,0.0,0.0,0.0,0.0,0.0,0,0
geco_matched_plus_actuator_persistence,2_SV_201_STATUS,actuator,actuator_persistence,5.0,15.0,1.0,2_SV_201_STATUS,,,1e-06,1e-06,1.6e-05,0.0,0.0,0.0,0.0,0.0,0,0
geco_matched_plus_actuator_persistence,2_SV_301_STATUS,actuator,actuator_persistence,5.0,15.0,1.0,2_SV_301_STATUS,,,1e-06,1e-06,1.6e-05,0.0,0.0,0.0,0.0,0.0,0,0
geco_matched_plus_actuator_persistence,2_SV_401_STATUS,actuator,actuator_persistence,5.0,15.0,1.0,2_SV_401_STATUS,,,1e-06,1e-06,1.6e-05,0.0,0.0,0.0,0.0,0.0,0,0
geco_matched_plus_actuator_persistence,2_SV_501_STATUS,actuator,actuator_persistence,5.0,15.0,1.0,2_SV_501_STATUS,,,1e-06,1e-06,1.6e-05,0.0,0.0,0.0,0.0,0.0,0,0
geco_matched_plus_actuator_persistence,2_SV_601_STATUS,actuator,actuator_persistence,5.0,15.0,1.0,2_SV_601_STATUS,,,1e-06,1e-06,1.6e-05,0.0,0.0,0.0,0.0,0.0,0,0
geco_matched_plus_actuator_persistence,3_MV_001_STATUS,actuator,actuator_persistence,5.0,15.0,1.0,3_MV_001_STATUS,,,1e-06,1e-06,1.6e-05,0.0,0.0,0.0,0.0,0.0,0,0
geco_matched_plus_actuator_persistence,3_MV_002_STATUS,actuator,actuator_persistence,5.0,15.0,1.0,3_MV_002_STATUS,,,1e-06,1e-06,1.6e-05,0.0,0.0,0.0,0.0,0.0,0,0
geco_matched_plus_actuator_persistence,3_MV_003_STATUS,actuator,actuator_persistence,5.0,15.0,1.0,3_MV_003_STATUS,,,1e-06,1e-06,1.6e-05,0.0,0.0,0.0,0.0,0.0,0,0
geco_matched_plus_actuator_persistence,3_P_001_STATUS,actuator,actuator_persistence,5.0,15.0,1.0,3_P_001_STATUS,,,1e-06,1e-06,1.6e-05,0.0,0.0,0.0,0.0,0.0,0,0
geco_matched_plus_actuator_persistence,3_P_002_STATUS,actuator,actuator_persistence,5.0,15.0,1.0,3_P_002_STATUS,,,1e-06,1e-06,1.6e-05,0.0,0.0,0.0,0.0,0.0,0,0
geco_matched_plus_actuator_persistence,3_P_003_STATUS,actuator,actuator_persistence,5.0,15.0,1.0,3_P_003_STATUS,,,1e-06,1e-06,1.6e-05,0.0,0.0,0.0,0.0,0.0,0,0
geco_matched_plus_actuator_persistence,3_P_004_STATUS,actuator,actuator_persistence,5.0,15.0,1.0,3_P_004_STATUS,,,1e-06,1e-06,1.6e-05,0.0,0.0,0.0,0.0,0.0,0,0
geco_matched_plus_actuator_persistence,1_AIT_002_PV,sensor,selected_sensor_delta,5.0,25.0,5.0,0.015316334 - (1_AIT_002_PV * 0.024466293),0.0119052665651211,41.73000224731814,0.016198173266754025,22.931494994286123,23.336449325954973,4.586298998857225,23.336449325954973,0.003587962962962963,0.00017188670210806762,0.05978590183801252,1,620
geco_matched_plus_actuator_persistence,1_AIT_004_PV,sensor,selected_sensor_delta,5.0,25.0,3.0,3_AIT_004_PV * -5.4525193e-5,-0.0001992524296718,4.910153218946012,2.8444196394286245,5100.658423669531,5171.768914655247,1020.1316847339061,933.8179709712217,0.0,0.0,0.0,0,0
geco_matched_plus_actuator_persistence,1_AIT_005_PV,sensor,selected_sensor_delta,5.0,25.0,5.0,(1_FIT_001_PV - 1_AIT_002_PV) * -3.9571616e-5,0.0023463384738832,12.40172474664917,0.0005404796966590669,0.33748068582737595,0.3509926782438526,0.06749613716547519,0.040270004949606274,0.0,0.0,0.0,0,0
geco_matched_plus_actuator_persistence,1_FIT_001_PV,sensor,selected_sensor_delta,5.0,25.0,7.0,((1_LT_001_PV * 1_P_001_STATUS) * -0.0001994969) + 0.014458983,-0.0179323441933463,11.85813818130814,0.03840313085817598,34.696415566291925,35.656493837746325,6.9392831132583845,34.07407751951275,0.0,0.0,0.0,0,0
geco_matched_plus_actuator_persistence,1_LS_001_AL,sensor,selected_sensor_delta,5.0,25.0,3.0,0.030378316 - 0.030378316,,0.0,1e-06,1e-06,2.6e-05,0.0,0.0,0.0,0.0,0.0,0,0
geco_matched_plus_actuator_persistence,1_LS_002_AL,sensor,selected_sensor_delta,5.0,25.0,3.0,-0.021763658 - -0.021763658,,0.0,1e-06,1e-06,2.6e-05,0.0,0.0,0.0,0.0,0.0,0,0
geco_matched_plus_actuator_persistence,2_DPIT_001_PV,sensor,selected_sensor_delta,5.0,25.0,3.0,88.35751 - 2_PIT_002_PV,0.008482119469839,9.66778276190117,43.256756319788046,32467.640162567797,33549.0590705625,6493.528032513559,7067.644661908868,0.0,0.0,0.0,0,0
geco_matched_plus_actuator_persistence,2_FIC_101_CO,sensor,selected_sensor_delta,5.0,25.0,3.0,2_FQ_101_PV * -0.3397043,0.0150389194041339,34.150938108826395,0.5275863868982411,491.9820744015038,505.1717340739598,98.39641488030075,80.61268401614372,0.0,0.0,0.0,0,0
geco_matched_plus_actuator_persistence,2_FIC_101_PV,sensor,selected_sensor_delta,5.0,25.0,3.0,2_FIC_101_PV * -0.016046675,0.002252916125048,18.49348773225588,0.02979673568732669,28.02673975940373,28.771658151586895,5.605347951880746,3.974709597218389,0.0,0.0,0.0,0,0
geco_matched_plus_actuator_persistence,2_FIC_101_SP,sensor,selected_sensor_delta,5.0,25.0,15.0,((2_MV_003_STATUS - 1_MV_001_STATUS) * (2_FIC_201_PV * (3_AIT_001_PV * 2_P_004_SPEED))) * (2.3499095 * (2_MV_009_STATUS - 2_MV_003_STATUS)),-9.112138177336249e-08,0.0,0.0017891865730764527,4.18257277022904,4.227302434555951,0.836514554045808,0.28821081253285386,0.0,0.0,0.0,0,0
geco_matched_plus_actuator_persistence,2_FIC_201_CO,sensor,selected_sensor_delta,5.0,25.0,3.0,2_FQ_201_PV * -0.25967506,0.0115003398980684,41.3791240636834,0.37493504907663644,471.2136524585691,480.587028685485,94.24273049171381,109.98883320035127,0.0,0.0,0.0,0,0
geco_matched_plus_actuator_persistence,2_FIC_201_PV,sensor,selected_sensor_delta,5.0,25.0,7.0,(2_FQ_201_PV * 2_FIC_401_PV) * (-0.04007296 - 2_LS_201_AH),0.0034190508627743,39.845894609586814,0.020632148889052914,41.154712298493465,41.67051602071979,8.230942459698692,4.876911715521573,0.0,0.0,0.0,0,0
geco_matched_plus_actuator_persistence,2_FIC_201_SP,sensor,selected_sensor_delta,5.0,25.0,11.0,((2_MV_003_STATUS - 1_P_005_STATUS) * ((2_P_004_SPEED * 3_AIT_001_PV) * 1_FIT_001_PV)) * 2_MV_101_STATUS,-2.3749495703384582e-09,0.0,0.0016237224631009655,1.5918813146688056,1.6324743762463296,0.3183762629337611,0.2383762870736422,0.0,0.0,0.0,0,0
geco_matched_plus_actuator_persistence,2_FIC_301_PV,sensor,selected_sensor_delta,5.0,25.0,3.0,2_FIC_601_PV * -0.009515096,-0.0036792547368171,17.746108309561812,0.020480065128239675,24.85191412226479,25.36391575047078,4.970382824452958,5.163894476575684,0.0,0.0,0.0,0,0
geco_matched_plus_actuator_persistence,2_FIC_301_SP,sensor,selected_sensor_delta,5.0,25.0,13.0,1_FIT_001_PV * ((((4.6891226e-5 * 2_FIC_301_CO) * 2_LS_201_AH) * 4.6891226e-5) * (2_FIC_501_CO * 3_AIT_004_PV)),-0.0308985748156576,0.0,0.002078101798552482,4.809763202001027,4.861715746964839,0.9619526404002053,0.25792190356586553,0.0,0.0,0.0,0,0
geco_matched_plus_actuator_persistence,2_FIC_401_CO,sensor,selected_sensor_delta,5.0,25.0,3.0,2_FQ_401_PV * -0.28900453,0.0068262290096441,31.49156173004372,0.5152049430767641,413.5479889200719,426.428112496991,82.70959778401438,89.62904282109717,0.0,0.0,0.0,0,0
geco_matched_plus_actuator_persistence,2_FIC_401_PV,sensor,selected_sensor_delta,5.0,25.0,9.0,2_FQ_401_PV * (((2B_AIT_001_PV * 2_FIC_501_SP) + -0.073952936) * 2_FIC_401_PV),-0.0136811757617747,42.44627371380358,0.030358977164082257,36.37893762869645,37.1379120577985,7.27578752573929,5.517591368486072,0.0,0.0,0.0,0,0
geco_matched_plus_actuator_persistence,2_FIC_401_SP,sensor,selected_sensor_delta,5.0,25.0,11.0,(3_AIT_001_PV * ((3_FIT_001_PV + -0.5745507) * (1_P_005_STATUS - 2_MV_003_STATUS))) * 1_FIT_001_PV,-2.5924091762163926e-09,0.0,0.001662038620217033,2.635806878675475,2.677357844180901,0.527161375735095,0.24833797628094417,0.0,0.0,0.0,0,0
geco_matched_plus_actuator_persistence,2_FIC_501_PV,sensor,selected_sensor_delta,5.0,25.0,3.0,2_FIC_501_PV * -0.019195596,-0.0080578702045512,13.110728544786658,0.023499944593588378,28.2769895375729,28.86448815241261,5.65539790751458,6.0730825129994725,0.0,0.0,0.0,0,0
geco_matched_plus_actuator_persistence,2_FIC_601_CO,sensor,selected_sensor_delta,5.0,25.0,3.0,2_FQ_601_PV * -0.33139205,-0.0036177276086308,38.05090530847815,0.3690366250044411,525.2414764773431,534.4673921024541,105.04829529546862,100.55624201774286,0.0,0.0,0.0,0,0
geco_matched_plus_actuator_persistence,2_FIC_601_PV,sensor,selected_sensor_delta,5.0,25.0,3.0,2_FIC_601_PV * -0.01591041,-0.0054832129042694,19.98884073391906,0.020960186568226402,28.158665929982746,28.682670594188405,5.631733185996549,4.815475964362502,0.0,0.0,0.0,0,0
geco_matched_plus_actuator_persistence,2_FIC_601_SP,sensor,selected_sensor_delta,5.0,25.0,13.0,(2_MCV_201_CO * ((1_MV_001_STATUS - 2_MV_003_STATUS) * 3_AIT_001_PV)) * (-0.00017899254 * (1_MV_001_STATUS - 2_MV_003_STATUS)),-6.513451999978771e-09,0.0,0.0020184410255506147,1.6399077859315503,1.6903688115703157,0.32798155718631006,0.31798154437131143,0.0,0.0,0.0,0,0
geco_matched_plus_actuator_persistence,2_FIT_001_PV,sensor,selected_sensor_delta,5.0,25.0,5.0,(2_MV_003_STATUS - 2_FIT_001_PV) * 0.021082245,-0.0272732956464449,1.6244499683380147,0.08943224896033541,22.2331686388002,24.468974862808587,4.44663372776004,11.845878519953315,0.0,0.0,0.0,0,0
geco_matched_plus_actuator_persistence,2_FIT_002_PV,sensor,selected_sensor_delta,5.0,25.0,3.0,2_FQ_101_PV * -0.010027352,-0.001361467372912,19.48504475212655,0.013844316925125643,6.892380388760061,7.238488311888202,1.3784760777520122,1.66992812094682,0.0,0.0,0.0,0,0
geco_matched_plus_actuator_persistence,2_FIT_003_PV,sensor,selected_sensor_delta,5.0,25.0,3.0,2_FIT_002_PV * 2_PIC_003_PV,0.0553370128865967,4.825827196131465,0.08662036534491208,36.87005428331149,39.035563416934295,7.374010856662298,39.035563416934295,0.002002314814814815,0.00022713599921423222,0.03120581700666532,1,346
geco_matched_plus_actuator_persistence,2_FQ_101_PV,sensor,selected_sensor_delta,5.0,25.0,3.0,2_FIC_101_PV * -0.014559889,0.0034545247127396,19.51039912430314,0.029518715120822655,27.374254019460174,28.11222189748074,5.474850803892035,3.7794473133155058,0.0,0.0,0.0,0,0
geco_matched_plus_actuator_persistence,2_FQ_201_PV,sensor,selected_sensor_delta,5.0,25.0,1.0,0.00017188098,-7.82947853235072e-05,42.419670621221854,0.019914913082316514,22.219118851538205,22.716991678596116,4.443823770307641,4.932179232407571,0.0,0.0,0.0,0,0
geco_matched_plus_actuator_persistence,2_FQ_301_PV,sensor,selected_sensor_delta,5.0,25.0,3.0,2_FIC_301_PV * -0.009666798,0.0030450564846143,17.380916905003005,0.020423243574404518,26.18102045283574,26.69160154219585,5.236204090567147,5.170309152234473,0.0,0.0,0.0,0,0
geco_matched_plus_actuator_persistence,2_FQ_401_PV,sensor,selected_sensor_delta,5.0,25.0,3.0,2_FQ_401_PV * -0.016482946,0.0072349124829306,9.838222623484665,0.03102988210774329,26.643423868590826,27.419170921284408,5.328684773718165,5.046962987887681,0.0,0.0,0.0,0,0
geco_matched_plus_actuator_persistence,2_FQ_501_PV,sensor,selected_sensor_delta,5.0,25.0,3.0,2_FIC_501_PV * -0.014651568,-0.0011197778128997,14.59205286561609,0.02297279909369978,28.005676793973326,28.57999677131582,5.601135358794665,5.420083135880075,0.0,0.0,0.0,0,0
geco_matched_plus_actuator_persistence,2_FQ_601_PV,sensor,selected_sensor_delta,5.0,25.0,3.0,2_FIC_601_PV * -0.021256251,-0.0140299318532872,15.7930218718151,0.021655684862108213,28.928738056085194,29.4701301776379,5.7857476112170385,4.870014111900411,0.0,0.0,0.0,0,0
geco_matched_plus_actuator_persistence,2_LS_101_AH,sensor,selected_sensor_delta,5.0,25.0,9.0,((2_FQ_301_PV * 2_MV_101_STATUS) * (2_LS_101_AH - 1_MV_004_STATUS)) * 2_LS_101_AH,-0.1183975229998723,0.0,0.011789963000637876,59.34763457135887,59.64238364637482,11.869526914271773,2.5279678696062966,0.0,0.0,0.0,0,0
geco_matched_plus_actuator_persistence,2_LS_101_AL,sensor,selected_sensor_delta,5.0,25.0,7.0,(2_LS_101_AL * (3_AIT_001_PV * 2_FIC_101_PV)) * -20.992853,0.0,0.0,0.013714954292528232,232.5966052508608,232.939479108174,46.51932105017216,1.1496728338632498,0.0,0.0,0.0,0,0
geco_matched_plus_actuator_persistence,2_LS_201_AH,sensor,selected_sensor_delta,5.0,25.0,7.0,(2_LS_501_AH * 2_LS_201_AH) * (1_MV_001_STATUS - 1.9999987),0.0,0.0,0.010755052489398766,54.139530800848085,54.40840711308306,10.827906160169617,1.8171641076802207,0.0,0.0,0.0,0,0
geco_matched_plus_actuator_persistence,2_LS_201_AL,sensor,selected_sensor_delta,5.0,25.0,5.0,(3_FIT_001_PV + -0.5867106) * 2_LS_201_AL,-0.0394394750394426,0.0,0.010531012041083483,34.39545418300753,34.658729484034616,6.879090836601506,3.5182206593404732,0.0,0.0,0.0,0,0
geco_matched_plus_actuator_persistence,2_LS_301_AH,sensor,selected_sensor_delta,5.0,25.0,11.0,(3_AIT_003_PV * ((2_FIC_201_PV * (2_FIC_301_SP * 2_LS_301_AH)) * -0.28339157)) * 2_FIT_001_PV,0.0,0.0,0.010381215458828894,75.20694329705215,75.46647368352288,15.04138865941043,1.8131381217410805,0.0,0.0,0.0,0,0
geco_matched_plus_actuator_persistence,2_LS_301_AL,sensor,selected_sensor_delta,5.0,25.0,9.0,(0.72565746 - 3_AIT_005_PV) * (2_LS_301_AL * (3_FIT_001_PV + -0.57262355)),0.0065613225673001,0.0,0.009818646678584217,51.58017524183738,51.825641408801985,10.316035048367477,3.8212904639444676,0.0,0.0,0.0,0,0
geco_matched_plus_actuator_persistence,2_LS_401_AH,sensor,selected_sensor_delta,5.0,25.0,9.0,2_LS_401_AH * (2_FIT_001_PV * ((1_FIT_001_PV * 2_MV_401_STATUS) * -0.024918532)),0.002531028671956,0.0,0.011690146501096944,43.817629316879575,44.109882979407,8.763525863375914,7.791393179099645,0.0,0.0,0.0,0,0
geco_matched_plus_actuator_persistence,2_LS_401_AL,sensor,selected_sensor_delta,5.0,25.0,9.0,((2_FIC_401_CO * 1_MV_004_STATUS) * 2_FIC_601_CO) * (2_MV_003_STATUS * 4.5439656e-8),-0.0014167605552886,5.777708620498893,0.011701026360304794,8.314584716838112,8.607110375845732,1.6629169433676225,1.414262256890184,0.0,0.0,0.0,0,0
geco_matched_plus_actuator_persistence,2_LS_501_AH,sensor,selected_sensor_delta,5.0,25.0,1.0,9.999286e-5,-9.303286732964544e-05,1.0,0.01057280686784378,17.903437341231253,18.16775751292735,3.580687468246251,1.811289362138813,0.0,0.0,0.0,0,0
geco_matched_plus_actuator_persistence,2_LS_501_AL,sensor,selected_sensor_delta,5.0,25.0,5.0,(2_FQ_401_PV - 2_FQ_101_PV) * 2A_AIT_002_PV,-0.0151335992731873,2.571116455665051e-32,0.011420730252754334,104.19814069630212,104.48365895262097,20.839628139260423,4.153981333017071,0.0,0.0,0.0,0,0
geco_matched_plus_actuator_persistence,2_LS_601_AH,sensor,selected_sensor_delta,5.0,25.0,9.0,2_LS_301_AH * ((2_FIC_501_SP - 0.22000383) * (2_FIT_001_PV * 2_FIC_401_SP)),0.0,0.0,0.01137293638321413,282.5333585495152,282.8176819590955,56.50667170990304,1.6701848448867902,0.0,0.0,0.0,0,0
geco_matched_plus_actuator_persistence,2_LS_601_AL,sensor,selected_sensor_delta,5.0,25.0,5.0,(2B_AIT_003_PV * -0.0038763508) + 0.033448044,-0.0022001244809992,4.797744669484077,0.010188883403531176,8.868339908253395,9.123061993341674,1.773667981650679,1.6563197500556504,0.0,0.0,0.0,0,0
geco_matched_plus_actuator_persistence,2_LT_002_PV,sensor,selected_sensor_delta,5.0,25.0,5.0,(TOTAL_CONS_REQUIRED_FLOW - 2_FIT_001_PV) * -0.03581529,0.0202287766691278,24.794094900339346,0.15304194999487877,23.611860288190563,27.437909038062532,4.722372057638113,27.437909038062532,0.0008622685185185185,0.0005647705926407937,0.005756412845889719,3,103
geco_matched_plus_actuator_persistence,2_MCV_007_CO,sensor,selected_sensor_delta,5.0,25.0,3.0,3_P_003_STATUS - 2_MV_002_STATUS,,0.0,1e-06,1e-06,2.6e-05,0.0,2.6e-05,0.003269675925925926,0.0004604108092180383,0.04948495253484145,16,121
geco_matched_plus_actuator_persistence,2_P_003_SPEED,sensor,selected_sensor_delta,5.0,25.0,1.0,2_P_004_SPEED,0.000302468603613,1.2555573934924376,1.1749209730634267,381.5655080314956,410.93853235808126,76.31310160629911,74.90048855516326,0.0,0.0,0.0,0,0
geco_matched_plus_actuator_persistence,2_PIC_003_CO,sensor,selected_sensor_delta,5.0,25.0,7.0,((2_PIC_003_PV - 2_MV_006_STATUS) + 0.92499703) * 0.515833,0.0239900981892037,32.36284519360931,0.624249617240662,4196.767852360483,4212.3740927915,839.3535704720965,68.28561631553673,0.0,0.0,0.0,0,0
geco_matched_plus_actuator_persistence,2_PIC_003_PV,sensor,selected_sensor_delta,5.0,25.0,7.0,(2_PIC_003_PV + (0.9200428 - 2_MV_006_STATUS)) * -0.06421421,0.0198915417593883,26.39547806641177,0.06264419974295483,800.0173727886103,801.5834777821841,160.00347455772206,7.018815523038089,0.0,0.0,0.0,0,0
geco_matched_plus_actuator_persistence,2_PIT_001_PV,sensor,selected_sensor_delta,5.0,25.0,5.0,1.1427776 - (2_DPIT_001_PV * 0.0004586949),0.006621193393292,10.36563242243466,0.3894949934835992,338.2940284026725,348.0314032397625,67.6588056805345,76.04932049113552,0.0,0.0,0.0,0,0
geco_matched_plus_actuator_persistence,2_PIT_002_PV,sensor,selected_sensor_delta,5.0,25.0,5.0,(2_DPIT_001_PV * -0.003075006) + 7.663425,0.0050784784743534,9.060265717850797,2.2764557660727176,2080.622437318197,2137.5338314700152,416.1244874636394,494.70586953373856,0.0,0.0,0.0,0,0
geco_matched_plus_actuator_persistence,2_PIT_003_PV,sensor,selected_sensor_delta,5.0,25.0,7.0,((2_MV_006_STATUS - 2_PIC_003_PV) + -0.9245177) * 0.057637595,0.0175529740100325,29.471299638718875,0.062284469291722,596.9744785540048,598.5315902862978,119.39489571080095,7.435230275214128,0.0,0.0,0.0,0,0
geco_matched_plus_actuator_persistence,2A_AIT_001_PV,sensor,selected_sensor_delta,5.0,25.0,1.0,1.9560876e-7,-8.863622583454855e-06,1.0,0.00016305843894173642,1.2654443361833057,1.269520797156849,0.25308886723666113,0.0021141292319017545,0.0,0.0,0.0,0,0
geco_matched_plus_actuator_persistence,2A_AIT_002_PV,sensor,selected_sensor_delta,5.0,25.0,7.0,((2_MCV_101_CO * -0.023470242) * 2A_AIT_002_PV) * 2A_AIT_002_PV,-0.0475475253455481,1.101981112345036e-32,0.16387552169973232,2893.723361354891,2897.8202493973845,578.7446722709782,4.068106360617694,0.0,0.0,0.0,0,0
geco_matched_plus_actuator_persistence,2A_AIT_003_PV,sensor,selected_sensor_delta,5.0,25.0,7.0,2_FIC_201_PV * (2A_AIT_002_PV * (-0.33989054 * 2_FIT_002_PV)),-0.0012282912975181,0.0,0.003720484015034855,5.446830859684121,5.539842960059992,1.0893661719368242,0.686988340776312,0.0,0.0,0.0,0,0
geco_matched_plus_actuator_persistence,2B_AIT_001_PV,sensor,selected_sensor_delta,5.0,25.0,5.0,2_LS_201_AH * (2_MCV_501_CO * 4.5408036e-5),-0.0044911897181842,0.0,7.71827333816407e-05,0.07718684183457744,0.07911641016911845,0.01543736836691549,0.012964592355746929,0.0,0.0,0.0,0,0
geco_matched_plus_actuator_persistence,3_AIT_001_PV,sensor,selected_sensor_delta,5.0,25.0,1.0,0.0,0.0,0.0,0.00020841843969419892,0.8335523273764902,0.8387627883688452,0.16671046547529805,0.0,0.0,0.0,0.0,0,0
geco_matched_plus_actuator_persistence,3_AIT_003_PV,sensor,selected_sensor_delta,5.0,25.0,3.0,3_AIT_003_PV * -0.09685825,0.036160234996091,32.561618656036444,6.3235121918570645,273.5705323944045,431.6583371908311,54.7141064788809,48.5708259273197,0.0,0.0,0.0,0,0
geco_matched_plus_actuator_persistence,3_AIT_004_PV,sensor,selected_sensor_delta,5.0,25.0,5.0,(3_AIT_004_PV * -0.22340244) + 2_PIT_001_PV,0.0705906221904001,19.22637520277597,455.9909960478907,33820.94261510046,45220.71751629772,6764.188523020091,4527.302069542882,0.0,0.0,0.0,0,0
geco_matched_plus_actuator_persistence,3_AIT_005_PV,sensor,selected_sensor_delta,5.0,25.0,1.0,1.665455e-5,-0.0001843146077267,17.391272839636848,0.0015296999915492212,6.145035164574978,6.183277664363708,1.2290070329149956,0.31388459112275385,0.0,0.0,0.0,0,0
geco_matched_plus_actuator_persistence,3_LS_001_AL,sensor,selected_sensor_delta,5.0,25.0,3.0,1_LS_001_AL - 1_LS_001_AL,,0.0,1e-06,1e-06,2.6e-05,0.0,0.0,0.0,0.0,0.0,0,0
geco_matched_plus_actuator_persistence,LEAK_DIFF_PRESSURE,sensor,selected_sensor_delta,5.0,25.0,7.0,2_FIT_003_PV + ((LEAK_DIFF_PRESSURE * -0.11256748) + 6.922297),0.0315872021934814,16.788538020673613,1.911347078561208,1276.0777691766532,1323.8614461406835,255.21555383533064,235.61947492026877,0.0,0.0,0.0,0,0
geco_matched_plus_actuator_persistence,PLANT_START_STOP_LOG,sensor,selected_sensor_delta,5.0,25.0,3.0,2_MCV_007_CO * 2_MCV_007_CO,,0.0,1e-06,1e-06,2.6e-05,0.0,2.6e-05,0.009351851851851853,0.0004604108092180383,0.15562512623712382,3,649
geco_matched_plus_actuator_persistence,1_MV_001_STATUS,actuator,actuator_persistence,5.0,25.0,1.0,1_MV_001_STATUS,,,0.04056415846780728,55.32638314311338,56.34048710480857,11.065276628622676,49.12892767938048,0.0,0.0,0.0,0,0
geco_matched_plus_actuator_persistence,1_MV_004_STATUS,actuator,actuator_persistence,5.0,25.0,1.0,1_MV_004_STATUS,,,0.04067319042827918,55.27350264228453,56.29033240299151,11.054700528456905,2.755960857430325,0.0,0.0,0.0,0,0
geco_matched_plus_actuator_persistence,1_P_001_STATUS,actuator,actuator_persistence,5.0,25.0,1.0,1_P_001_STATUS,,,0.01803574328798211,16.703558087528243,17.154451669727795,3.340711617505649,16.445155166598525,0.0,0.0,0.0,0,0
geco_matched_plus_actuator_persistence,1_P_002_STATUS,actuator,actuator_persistence,5.0,25.0,1.0,1_P_002_STATUS,,,1e-06,1e-06,2.6e-05,0.0,0.0,0.0,0.0,0.0,0,0
geco_matched_plus_actuator_persistence,1_P_003_STATUS,actuator,actuator_persistence,5.0,25.0,1.0,1_P_003_STATUS,,,0.01803574328798211,16.703558087528243,17.154451669727795,3.340711617505649,16.445155166598525,0.0,0.0,0.0,0,0
geco_matched_plus_actuator_persistence,1_P_004_STATUS,actuator,actuator_persistence,5.0,25.0,1.0,1_P_004_STATUS,,,1e-06,1e-06,2.6e-05,0.0,0.0,0.0,0.0,0.0,0,0
geco_matched_plus_actuator_persistence,1_P_005_STATUS,actuator,actuator_persistence,5.0,25.0,1.0,1_P_005_STATUS,,,0.040709690311655826,10.636771228319171,11.654513486110567,2.127354245663834,5.336127871950981,0.0,0.0,0.0,0,0
geco_matched_plus_actuator_persistence,1_P_006_STATUS,actuator,actuator_persistence,5.0,25.0,1.0,1_P_006_STATUS,,,1e-06,1e-06,2.6e-05,0.0,2.6e-05,0.00028935185185185184,0.0001534702697393461,0.002524742476267421,2,25
geco_matched_plus_actuator_persistence,2_MV_001_STATUS,actuator,actuator_persistence,5.0,25.0,1.0,2_MV_001_STATUS,,,1e-06,1e-06,2.6e-05,0.0,0.0,0.0,0.0,0.0,0,0
geco_matched_plus_actuator_persistence,2_MV_002_STATUS,actuator,actuator_persistence,5.0,25.0,1.0,2_MV_002_STATUS,,,1e-06,1e-06,2.6e-05,0.0,0.0,0.0,0.0,0.0,0,0
geco_matched_plus_actuator_persistence,2_MV_003_STATUS,actuator,actuator_persistence,5.0,25.0,1.0,2_MV_003_STATUS,,,0.09216863911203314,38.801213004232324,41.10542898203315,7.760242600846465,19.671701159626604,0.0,0.0,0.0,0,0
geco_matched_plus_actuator_persistence,2_MV_004_STATUS,actuator,actuator_persistence,5.0,25.0,1.0,2_MV_004_STATUS,,,1e-06,1e-06,2.6e-05,0.0,0.0,0.0,0.0,0.0,0,0
geco_matched_plus_actuator_persistence,2_MV_005_STATUS,actuator,actuator_persistence,5.0,25.0,1.0,2_MV_005_STATUS,,,1e-06,1e-06,2.6e-05,0.0,0.0,0.0,0.0,0.0,0,0
geco_matched_plus_actuator_persistence,2_MV_006_STATUS,actuator,actuator_persistence,5.0,25.0,1.0,2_MV_006_STATUS,,,0.08828073019980047,22.496137933016975,24.703156188011988,4.499227586603395,4.410946856403594,0.0,0.0,0.0,0,0
geco_matched_plus_actuator_persistence,2_MV_009_STATUS,actuator,actuator_persistence,5.0,25.0,1.0,2_MV_009_STATUS,,,1e-06,1e-06,2.6e-05,0.0,0.0,0.0,0.0,0.0,0,0
geco_matched_plus_actuator_persistence,2_MV_101_STATUS,actuator,actuator_persistence,5.0,25.0,1.0,2_MV_101_STATUS,,,0.02492577904561714,14.252226628631488,14.875371104771917,2.8504453257262976,2.8504453257262976,0.0,0.0,0.0,0,0
geco_matched_plus_actuator_persistence,2_MV_201_STATUS,actuator,actuator_persistence,5.0,25.0,1.0,2_MV_201_STATUS,,,0.023317454840228517,14.300476354793144,14.883412725798857,2.8600952709586287,2.8600952709586287,0.0,0.0,0.0,0,0
geco_matched_plus_actuator_persistence,2_MV_301_STATUS,actuator,actuator_persistence,5.0,25.0,1.0,2_MV_301_STATUS,,,0.02189085756575435,14.343274273027369,14.890545712171228,2.8686548546054738,2.8686548546054738,0.0,0.0,0.0,0,0
geco_matched_plus_actuator_persistence,2_MV_401_STATUS,actuator,actuator_persistence,5.0,25.0,1.0,2_MV_401_STATUS,,,0.04256249555772995,23.933751154990198,24.997813543933447,4.78675023099804,3.2338750799608595,0.0,0.0,0.0,0,0
geco_matched_plus_actuator_persistence,2_MV_501_STATUS,actuator,actuator_persistence,5.0,25.0,1.0,2_MV_501_STATUS,,,0.03629246408107271,26.652733261353283,27.5600448633801,5.330546652270657,2.782245215513564,0.0,0.0,0.0,0,0
geco_matched_plus_actuator_persistence,2_MV_601_STATUS,actuator,actuator_persistence,5.0,25.0,1.0,2_MV_601_STATUS,,,0.022086190873586854,14.337414273792394,14.889569045632065,2.867482854758479,2.867482854758479,0.0,0.0,0.0,0,0
geco_matched_plus_actuator_persistence,2_P_003_STATUS,actuator,actuator_persistence,5.0,25.0,1.0,2_P_003_STATUS,,,0.03892715311945345,8.832185406416395,9.805364234402731,1.766437081283279,1.766437081283279,0.0,0.0,0.0,0,0
geco_matched_plus_actuator_persistence,2_P_004_STATUS,actuator,actuator_persistence,5.0,25.0,1.0,2_P_004_STATUS,,,1e-06,1e-06,2.6e-05,0.0,0.0,0.0,0.0,0.0,0,0
geco_matched_plus_actuator_persistence,2_SV_101_STATUS,actuator,actuator_persistence,5.0,25.0,1.0,2_SV_101_STATUS,,,1e-06,1e-06,2.6e-05,0.0,0.0,0.0,0.0,0.0,0,0
geco_matched_plus_actuator_persistence,2_SV_201_STATUS,actuator,actuator_persistence,5.0,25.0,1.0,2_SV_201_STATUS,,,1e-06,1e-06,2.6e-05,0.0,0.0,0.0,0.0,0.0,0,0
geco_matched_plus_actuator_persistence,2_SV_301_STATUS,actuator,actuator_persistence,5.0,25.0,1.0,2_SV_301_STATUS,,,1e-06,1e-06,2.6e-05,0.0,0.0,0.0,0.0,0.0,0,0
geco_matched_plus_actuator_persistence,2_SV_401_STATUS,actuator,actuator_persistence,5.0,25.0,1.0,2_SV_401_STATUS,,,1e-06,1e-06,2.6e-05,0.0,0.0,0.0,0.0,0.0,0,0
geco_matched_plus_actuator_persistence,2_SV_501_STATUS,actuator,actuator_persistence,5.0,25.0,1.0,2_SV_501_STATUS,,,1e-06,1e-06,2.6e-05,0.0,0.0,0.0,0.0,0.0,0,0
geco_matched_plus_actuator_persistence,2_SV_601_STATUS,actuator,actuator_persistence,5.0,25.0,1.0,2_SV_601_STATUS,,,1e-06,1e-06,2.6e-05,0.0,0.0,0.0,0.0,0.0,0,0
geco_matched_plus_actuator_persistence,3_MV_001_STATUS,actuator,actuator_persistence,5.0,25.0,1.0,3_MV_001_STATUS,,,1e-06,1e-06,2.6e-05,0.0,0.0,0.0,0.0,0.0,0,0
geco_matched_plus_actuator_persistence,3_MV_002_STATUS,actuator,actuator_persistence,5.0,25.0,1.0,3_MV_002_STATUS,,,1e-06,1e-06,2.6e-05,0.0,0.0,0.0,0.0,0.0,0,0
geco_matched_plus_actuator_persistence,3_MV_003_STATUS,actuator,actuator_persistence,5.0,25.0,1.0,3_MV_003_STATUS,,,1e-06,1e-06,2.6e-05,0.0,0.0,0.0,0.0,0.0,0,0
geco_matched_plus_actuator_persistence,3_P_001_STATUS,actuator,actuator_persistence,5.0,25.0,1.0,3_P_001_STATUS,,,1e-06,1e-06,2.6e-05,0.0,0.0,0.0,0.0,0.0,0,0
geco_matched_plus_actuator_persistence,3_P_002_STATUS,actuator,actuator_persistence,5.0,25.0,1.0,3_P_002_STATUS,,,1e-06,1e-06,2.6e-05,0.0,0.0,0.0,0.0,0.0,0,0
geco_matched_plus_actuator_persistence,3_P_003_STATUS,actuator,actuator_persistence,5.0,25.0,1.0,3_P_003_STATUS,,,1e-06,1e-06,2.6e-05,0.0,0.0,0.0,0.0,0.0,0,0
geco_matched_plus_actuator_persistence,3_P_004_STATUS,actuator,actuator_persistence,5.0,25.0,1.0,3_P_004_STATUS,,,1e-06,1e-06,2.6e-05,0.0,0.0,0.0,0.0,0.0,0,0
